Assembly,isolation source
GCA_000148745.1,Skin_Soft_Tissue
GCA_000233495.1,Gastrointestinal
GCA_000259025.1,CF_Respiratory
GCA_000295475.1,CF_Respiratory
GCA_000297275.1,Soil
GCA_000297295.1,Air
GCA_000297315.1,Water
GCA_000297335.1,CF_Respiratory
GCA_000297355.1,Crop
GCA_000265035.1,Soil
GCA_000271985.2,Soil
GCA_000283055.1,Soil
GCA_000287875.1,Respiratory
GCA_000290555.2,Bloodstream
GCA_000220025.4,Respiratory
GCA_000359565.1,Bloodstream
GCA_000455705.1,Water
GCA_000480355.1,CF_Respiratory
GCA_000480375.1,CF_Respiratory
GCA_000480645.1,Ocular
GCA_000480685.1,Ocular
GCA_000480705.1,Ocular
GCA_000480745.1,Ocular
GCA_000480765.1,Ocular
GCA_000480785.1,Ocular
GCA_000480805.1,Ocular
GCA_000480825.1,Ocular
GCA_000480845.1,Ocular
GCA_000480865.1,Ocular
GCA_000480885.1,Ocular
GCA_000480905.1,Ocular
GCA_000480925.1,Ocular
GCA_000480945.1,Ocular
GCA_000480965.1,Ocular
GCA_000480985.1,Ocular
GCA_000481005.1,Ocular
GCA_000481025.1,Ocular
GCA_000481045.1,Ocular
GCA_000481065.1,Ocular
GCA_000481085.1,Ocular
GCA_000481105.1,Ocular
GCA_000481125.1,Ocular
GCA_000481145.1,Respiratory
GCA_000481165.1,Respiratory
GCA_000481185.1,Lab_Strain
GCA_000481205.1,Respiratory
GCA_000481225.1,Skin_Soft_Tissue
GCA_000481245.1,Skin_Soft_Tissue
GCA_000481265.1,Respiratory
GCA_000481305.1,Respiratory
GCA_000481325.1,Skin_Soft_Tissue
GCA_000481365.1,Urinary
GCA_000481385.1,Ear_Nose_Throat
GCA_000481405.1,Urinary
GCA_000481425.1,Skin_Soft_Tissue
GCA_000481445.1,Respiratory
GCA_000481465.1,Respiratory
GCA_000481505.1,Medical_Device
GCA_000481525.1,Skin_Soft_Tissue
GCA_000481545.1,Skin_Soft_Tissue
GCA_000481565.1,Skin_Soft_Tissue
GCA_000481585.1,Respiratory
GCA_000481605.1,Urinary
GCA_000481645.1,Respiratory
GCA_000481665.1,Bloodstream
GCA_000481685.1,Urinary
GCA_000481705.1,Bloodstream
GCA_000481725.1,Bloodstream
GCA_000481745.1,Ocular
GCA_000481765.1,Ocular
GCA_000481785.1,Urinary
GCA_000481805.1,Urinary
GCA_000481825.1,Urinary
GCA_000481845.1,Urinary
GCA_000481865.1,Urinary
GCA_000481885.1,CF_Respiratory
GCA_000481905.1,CF_Respiratory
GCA_000481925.1,CF_Respiratory
GCA_000481945.1,CF_Respiratory
GCA_000481965.1,Water
GCA_000481985.1,Water
GCA_000482005.1,Crop
GCA_000482025.1,Soil
GCA_000480665.1,Ocular
GCA_000480725.1,Ocular
GCA_000481345.1,Skin_Soft_Tissue
GCA_000481285.1,Respiratory
GCA_000496455.2,Ear_Nose_Throat
GCA_000503175.1,Ear_Nose_Throat
GCA_000505985.1,Respiratory
GCA_000506025.1,Respiratory
GCA_000506045.1,Respiratory
GCA_000506065.1,Respiratory
GCA_000506125.1,Respiratory
GCA_000506185.1,Respiratory
GCA_000506345.1,Respiratory
GCA_000506365.1,Respiratory
GCA_000504045.1,Soil
GCA_000506805.1,Gastrointestinal
GCA_000506885.1,Urinary
GCA_000510305.1,CF_Respiratory
GCA_000520255.1,Respiratory
GCA_000520275.1,Respiratory
GCA_000520295.1,Respiratory
GCA_000520315.1,Urinary
GCA_000520335.1,Skin_Soft_Tissue
GCA_000520355.1,Respiratory
GCA_000520375.1,Skin_Soft_Tissue
GCA_000520395.1,Respiratory
GCA_000520415.1,Urinary
GCA_000520455.1,Respiratory
GCA_000524595.1,Soil
GCA_000568215.1,Water
GCA_000568235.2,Respiratory
GCA_000590905.1,Marine
GCA_000611995.2,Urinary
GCA_000611975.2,Respiratory
GCA_000629025.1,Reproductive
GCA_000629045.1,Ear_Nose_Throat
GCA_000629065.1,Urinary
GCA_000629085.1,Skin_Soft_Tissue
GCA_000629105.1,Respiratory
GCA_000629125.1,Urinary
GCA_000629145.1,Respiratory
GCA_000632755.1,Water
GCA_000633495.1,Crop
GCA_000647595.2,Marine
GCA_000647615.1,Water
GCA_000647655.1,Water
GCA_000709285.1,Soil
GCA_000710625.1,Skin_Soft_Tissue
GCA_000714515.1,Water
GCA_000737795.1,Bloodstream
GCA_000756575.1,Industrial
GCA_000757505.1,Water
GCA_000763245.3,Medical_Device
GCA_000783275.1,Urinary
GCA_000789485.1,Urinary
GCA_000789495.1,Respiratory
GCA_000789535.1,Urinary
GCA_000789555.1,Urinary
GCA_000789625.1,Urinary
GCA_000789635.1,Urinary
GCA_000789705.1,Respiratory
GCA_000789755.1,Respiratory
GCA_000789745.1,Respiratory
GCA_000789785.1,Urinary
GCA_000789845.1,Respiratory
GCA_000789815.1,Respiratory
GCA_000789885.1,Urinary
GCA_000789905.1,Respiratory
GCA_000789925.1,Respiratory
GCA_000789965.1,Respiratory
GCA_000790035.1,Urinary
GCA_000790105.1,Urinary
GCA_000790155.1,Respiratory
GCA_000790145.1,Respiratory
GCA_000790185.1,Respiratory
GCA_000790215.1,Respiratory
GCA_000790205.1,Respiratory
GCA_000790265.1,Urinary
GCA_000790285.1,Urinary
GCA_000790325.1,Urinary
GCA_000790345.1,Urinary
GCA_000790355.1,Respiratory
GCA_000790385.1,Respiratory
GCA_000790405.1,Respiratory
GCA_000790425.1,Respiratory
GCA_000790485.1,Respiratory
GCA_000790525.1,Respiratory
GCA_000790545.1,Respiratory
GCA_000790605.1,Respiratory
GCA_000790625.1,Urinary
GCA_000790655.1,Respiratory
GCA_000790645.1,Respiratory
GCA_000790705.1,Urinary
GCA_000790735.1,Urinary
GCA_000790825.1,Urinary
GCA_000790835.1,Respiratory
GCA_000790865.1,Respiratory
GCA_000790885.1,Respiratory
GCA_000790905.1,Urinary
GCA_000790985.1,Urinary
GCA_000791005.1,Urinary
GCA_000791035.1,Respiratory
GCA_000791065.1,Urinary
GCA_000791125.1,Respiratory
GCA_000791185.1,Respiratory
GCA_000791205.1,Respiratory
GCA_000791225.1,Respiratory
GCA_000791235.1,Urinary
GCA_000791275.1,Urinary
GCA_000791325.1,Urinary
GCA_000791345.1,Respiratory
GCA_000791365.1,Urinary
GCA_000791385.1,Urinary
GCA_000791405.1,Urinary
GCA_000791445.1,Urinary
GCA_000791465.1,Respiratory
GCA_000791495.1,Respiratory
GCA_000791525.1,Urinary
GCA_000791545.1,Urinary
GCA_000791765.1,Respiratory
GCA_000791785.1,Respiratory
GCA_000791805.1,Respiratory
GCA_000791825.1,Respiratory
GCA_000791835.1,Respiratory
GCA_000791885.1,Respiratory
GCA_000791905.1,Respiratory
GCA_000791915.1,Respiratory
GCA_000792065.1,Respiratory
GCA_000792085.1,Respiratory
GCA_000792095.1,Respiratory
GCA_000792115.1,Respiratory
GCA_000792155.1,Urinary
GCA_000792145.1,Respiratory
GCA_000792165.1,Urinary
GCA_000792205.1,Urinary
GCA_000792245.1,Urinary
GCA_000792265.1,Respiratory
GCA_000792285.1,Respiratory
GCA_000792305.1,Respiratory
GCA_000792325.1,Urinary
GCA_000792345.1,Respiratory
GCA_000792365.1,Respiratory
GCA_000792385.1,Respiratory
GCA_000792425.1,Urinary
GCA_000792515.1,Urinary
GCA_000792605.1,Urinary
GCA_000792625.1,Urinary
GCA_000792665.1,Urinary
GCA_000792725.1,Respiratory
GCA_000792745.1,Respiratory
GCA_000792765.1,Respiratory
GCA_000792785.1,Respiratory
GCA_000792805.1,Urinary
GCA_000792825.1,Urinary
GCA_000792845.1,Respiratory
GCA_000792855.1,Respiratory
GCA_000792945.1,Respiratory
GCA_000792965.1,Urinary
GCA_000792975.1,Urinary
GCA_000793045.1,Respiratory
GCA_000793055.1,Respiratory
GCA_000793105.1,Urinary
GCA_000793135.1,Urinary
GCA_000793165.1,Respiratory
GCA_000793185.1,Urinary
GCA_000793205.1,Respiratory
GCA_000793225.1,Respiratory
GCA_000793255.1,Urinary
GCA_000793245.1,Respiratory
GCA_000793285.1,Urinary
GCA_000793295.1,Urinary
GCA_000793315.1,Respiratory
GCA_000793385.1,Urinary
GCA_000793365.1,Respiratory
GCA_000793395.1,Urinary
GCA_000793445.1,Respiratory
GCA_000793485.1,Urinary
GCA_000793505.1,Respiratory
GCA_000793595.1,Respiratory
GCA_000793615.1,Respiratory
GCA_000793645.1,Respiratory
GCA_000793685.1,Respiratory
GCA_000793745.1,Urinary
GCA_000793765.1,Respiratory
GCA_000793825.1,Respiratory
GCA_000793845.1,Urinary
GCA_000793865.1,Urinary
GCA_000793885.1,Urinary
GCA_000793915.1,Respiratory
GCA_000793945.1,Urinary
GCA_000793955.1,Respiratory
GCA_000794005.1,Respiratory
GCA_000794045.1,Urinary
GCA_000794055.1,Respiratory
GCA_000794085.1,Urinary
GCA_000794095.1,Respiratory
GCA_000794165.1,Respiratory
GCA_000794175.1,Respiratory
GCA_000794195.1,Respiratory
GCA_000794245.1,Urinary
GCA_000794265.1,Urinary
GCA_000794285.1,Respiratory
GCA_000794305.1,Respiratory
GCA_000794325.1,Respiratory
GCA_000794335.1,Respiratory
GCA_000794405.1,Respiratory
GCA_000794455.1,Urinary
GCA_000794425.1,Respiratory
GCA_000794445.1,Respiratory
GCA_000794485.1,Urinary
GCA_000794515.1,Respiratory
GCA_000794545.1,Respiratory
GCA_000794555.1,Urinary
GCA_000794605.1,Respiratory
GCA_000794645.1,Urinary
GCA_000794665.1,Respiratory
GCA_000794675.1,Respiratory
GCA_000794735.1,Respiratory
GCA_000794785.1,Respiratory
GCA_000794845.1,Respiratory
GCA_000794865.1,Urinary
GCA_000794925.1,Urinary
GCA_000794945.1,Respiratory
GCA_000794965.1,Respiratory
GCA_000794985.1,Respiratory
GCA_000794995.1,Respiratory
GCA_000795025.1,Urinary
GCA_000795045.1,Respiratory
GCA_000795085.1,Urinary
GCA_000795115.1,Respiratory
GCA_000795145.1,Respiratory
GCA_000795165.1,Urinary
GCA_000795205.1,Urinary
GCA_000795235.1,Urinary
GCA_000795285.1,Respiratory
GCA_000795305.1,Respiratory
GCA_000795325.1,Respiratory
GCA_000795345.1,Respiratory
GCA_000795405.1,Respiratory
GCA_000795605.1,Respiratory
GCA_000795705.1,Respiratory
GCA_000795805.1,Urinary
GCA_000795905.1,Respiratory
GCA_000795955.1,Urinary
GCA_000796025.1,Respiratory
GCA_000796205.1,Urinary
GCA_000796225.1,Urinary
GCA_000796255.1,Urinary
GCA_000796285.1,Urinary
GCA_000796295.1,Urinary
GCA_000796325.1,Urinary
GCA_000796345.1,Urinary
GCA_000796365.1,Urinary
GCA_000796385.1,Urinary
GCA_000796405.1,Respiratory
GCA_000796425.1,Urinary
GCA_000796445.1,Respiratory
GCA_000796475.1,Respiratory
GCA_000796465.1,Respiratory
GCA_000796505.1,Respiratory
GCA_000796525.1,CF_Respiratory
GCA_000796545.1,CF_Respiratory
GCA_000796555.1,CF_Respiratory
GCA_000796585.1,CF_Respiratory
GCA_000796615.1,CF_Respiratory
GCA_000796655.1,CF_Respiratory
GCA_000796685.1,CF_Respiratory
GCA_000796705.1,CF_Respiratory
GCA_000796745.1,CF_Respiratory
GCA_000796765.1,CF_Respiratory
GCA_000796785.1,CF_Respiratory
GCA_000796795.1,CF_Respiratory
GCA_000796825.1,CF_Respiratory
GCA_000796865.1,CF_Respiratory
GCA_000796875.1,CF_Respiratory
GCA_000796905.1,CF_Respiratory
GCA_000796925.1,CF_Respiratory
GCA_000796945.1,CF_Respiratory
GCA_000796955.1,CF_Respiratory
GCA_000796985.1,CF_Respiratory
GCA_000797005.1,CF_Respiratory
GCA_000797025.1,Respiratory
GCA_000797045.1,CF_Respiratory
GCA_000797055.1,CF_Respiratory
GCA_000797105.1,CF_Respiratory
GCA_000797125.1,CF_Respiratory
GCA_000797145.1,CF_Respiratory
GCA_000797165.1,CF_Respiratory
GCA_000797185.1,CF_Respiratory
GCA_000797225.1,CF_Respiratory
GCA_000797245.1,CF_Respiratory
GCA_000797265.1,CF_Respiratory
GCA_000797285.1,CF_Respiratory
GCA_000797305.1,CF_Respiratory
GCA_000797325.1,CF_Respiratory
GCA_000797355.1,CF_Respiratory
GCA_000797395.1,Respiratory
GCA_000813565.1,Water
GCA_000816985.1,Bone_Joint
GCA_000817165.1,Soil
GCA_000817865.1,Bloodstream
GCA_000823905.1,Respiratory
GCA_000823925.1,Respiratory
GCA_000823945.1,Respiratory
GCA_000823965.1,Respiratory
GCA_000823985.1,Respiratory
GCA_000824005.1,Respiratory
GCA_000824025.1,Respiratory
GCA_000824045.1,Respiratory
GCA_000824065.1,Respiratory
GCA_000824085.1,Respiratory
GCA_000824105.1,Respiratory
GCA_000824125.1,Respiratory
GCA_000824145.1,Respiratory
GCA_000824165.1,Respiratory
GCA_000824185.1,Respiratory
GCA_000824205.1,Respiratory
GCA_000824225.1,Respiratory
GCA_000824245.1,Respiratory
GCA_000824265.1,Respiratory
GCA_000824285.1,Respiratory
GCA_000824305.1,Respiratory
GCA_000824325.1,Respiratory
GCA_000824345.1,Respiratory
GCA_000824365.1,Respiratory
GCA_000824385.1,Respiratory
GCA_000824405.1,Respiratory
GCA_000824425.1,Respiratory
GCA_000824445.1,Respiratory
GCA_000824465.1,Respiratory
GCA_000824485.1,Respiratory
GCA_000824505.1,Respiratory
GCA_000824525.1,Respiratory
GCA_000824545.1,Respiratory
GCA_000824565.1,Respiratory
GCA_000824585.1,Respiratory
GCA_000824605.1,Respiratory
GCA_000824625.1,Respiratory
GCA_000824645.1,Respiratory
GCA_000824665.1,Respiratory
GCA_000824685.1,Respiratory
GCA_000950725.1,Respiratory
GCA_000952805.1,Respiratory
GCA_000982125.1,Skin_Soft_Tissue
GCA_000982155.1,Skin_Soft_Tissue
GCA_001007185.1,Respiratory
GCA_001007215.1,Respiratory
GCA_001007275.1,Respiratory
GCA_001007265.1,Respiratory
GCA_001007315.1,Respiratory
GCA_001007395.1,Respiratory
GCA_001007425.1,Respiratory
GCA_001007415.1,Respiratory
GCA_001007475.1,Respiratory
GCA_001010535.1,Respiratory
GCA_001010545.1,Respiratory
GCA_001010525.1,Respiratory
GCA_001013395.1,Bloodstream
GCA_001023615.1,Respiratory
GCA_001023625.1,Respiratory
GCA_001023635.1,Respiratory
GCA_001023675.1,Respiratory
GCA_001023705.1,Respiratory
GCA_001023685.1,Respiratory
GCA_001023735.1,Respiratory
GCA_001023765.1,Respiratory
GCA_001023755.1,Respiratory
GCA_001023775.1,Respiratory
GCA_001023815.1,Respiratory
GCA_001023835.1,Respiratory
GCA_001023845.1,Respiratory
GCA_001023875.1,Respiratory
GCA_001023895.1,Respiratory
GCA_001023915.1,Respiratory
GCA_001023925.1,Respiratory
GCA_001023955.1,Respiratory
GCA_001023975.1,Respiratory
GCA_001023985.1,Respiratory
GCA_001023995.1,Respiratory
GCA_001024035.1,Respiratory
GCA_001024055.1,Respiratory
GCA_001024065.1,Respiratory
GCA_001024075.1,Respiratory
GCA_001024115.1,Respiratory
GCA_001024135.1,Respiratory
GCA_001024125.1,Respiratory
GCA_001024145.1,Respiratory
GCA_001024195.1,Respiratory
GCA_001024205.1,Respiratory
GCA_001024215.1,Respiratory
GCA_001024235.1,Respiratory
GCA_001024285.1,Respiratory
GCA_001024275.1,Respiratory
GCA_001024305.1,Respiratory
GCA_001024325.1,Respiratory
GCA_001024355.1,Respiratory
GCA_001024375.1,Respiratory
GCA_001024365.1,Respiratory
GCA_001024395.1,Respiratory
GCA_001024445.1,Respiratory
GCA_001024435.1,Respiratory
GCA_001024455.1,Respiratory
GCA_001024495.1,Respiratory
GCA_001024515.1,Respiratory
GCA_001024535.1,Respiratory
GCA_001024545.1,Respiratory
GCA_001024565.1,Respiratory
GCA_001024585.1,Respiratory
GCA_001024615.1,Respiratory
GCA_001024635.1,Respiratory
GCA_001024655.1,Respiratory
GCA_001024645.1,Respiratory
GCA_001024695.1,Respiratory
GCA_001024725.1,Respiratory
GCA_001024715.1,Respiratory
GCA_001024755.1,Respiratory
GCA_001024775.1,Respiratory
GCA_001024765.1,Respiratory
GCA_001024805.1,Respiratory
GCA_001024835.1,Respiratory
GCA_001024855.1,Respiratory
GCA_001024875.1,Respiratory
GCA_001024845.1,Respiratory
GCA_001024915.1,Respiratory
GCA_001024945.1,Respiratory
GCA_001024925.1,Respiratory
GCA_001024955.1,Respiratory
GCA_001024995.1,Respiratory
GCA_001034665.1,Respiratory
GCA_001034675.1,Respiratory
GCA_001034685.1,Respiratory
GCA_001034745.1,Respiratory
GCA_001034765.1,Respiratory
GCA_001034785.1,Respiratory
GCA_001034755.1,Respiratory
GCA_001034835.1,Respiratory
GCA_001034825.1,Respiratory
GCA_001034875.1,Respiratory
GCA_001034855.1,Respiratory
GCA_001034905.1,Respiratory
GCA_001034915.1,Respiratory
GCA_001034945.1,Respiratory
GCA_001034955.1,Respiratory
GCA_001034985.1,Respiratory
GCA_001035005.1,Respiratory
GCA_001035025.1,Respiratory
GCA_001035035.1,Respiratory
GCA_001035065.1,Respiratory
GCA_001035075.1,Respiratory
GCA_001035105.1,Respiratory
GCA_001035115.1,Respiratory
GCA_001035145.1,Respiratory
GCA_001035155.1,Respiratory
GCA_001035175.1,Respiratory
GCA_001035205.1,Respiratory
GCA_001035225.1,Respiratory
GCA_001035235.1,Respiratory
GCA_001035245.1,Respiratory
GCA_001035285.1,Respiratory
GCA_001035305.1,Respiratory
GCA_001035315.1,Respiratory
GCA_001035325.1,Respiratory
GCA_001035365.1,Respiratory
GCA_001035385.1,Respiratory
GCA_001035395.1,Respiratory
GCA_001035415.1,Respiratory
GCA_001035445.1,Respiratory
GCA_001035465.1,Respiratory
GCA_001035485.1,Respiratory
GCA_001035495.1,Respiratory
GCA_001035525.1,Respiratory
GCA_001035535.1,Respiratory
GCA_001035565.1,Respiratory
GCA_001035575.1,Respiratory
GCA_001035605.1,Respiratory
GCA_001035625.1,Respiratory
GCA_001035645.1,Respiratory
GCA_001035635.1,Respiratory
GCA_001035685.1,Respiratory
GCA_001035705.1,Respiratory
GCA_001035715.1,Respiratory
GCA_001035725.1,Respiratory
GCA_001035765.1,Respiratory
GCA_001035785.1,Respiratory
GCA_001035795.1,Respiratory
GCA_001035805.1,Respiratory
GCA_001035845.1,Respiratory
GCA_001035875.1,Respiratory
GCA_001035865.1,Respiratory
GCA_001035885.1,Respiratory
GCA_001035925.1,Respiratory
GCA_001035945.1,Respiratory
GCA_001035955.1,Respiratory
GCA_001035975.1,Respiratory
GCA_001036005.1,Respiratory
GCA_001036025.1,Respiratory
GCA_001036035.1,Respiratory
GCA_001036115.1,Respiratory
GCA_001036105.1,Respiratory
GCA_001036145.1,Respiratory
GCA_001036155.1,Respiratory
GCA_001036185.1,Respiratory
GCA_001036195.1,Respiratory
GCA_001036225.1,Respiratory
GCA_001036235.1,Respiratory
GCA_001036255.1,Respiratory
GCA_001036265.1,Respiratory
GCA_001036305.1,Respiratory
GCA_001036355.1,Respiratory
GCA_001036335.1,Respiratory
GCA_001036385.1,Respiratory
GCA_001036425.1,Respiratory
GCA_001036415.1,Respiratory
GCA_001036405.1,Respiratory
GCA_001036465.1,Respiratory
GCA_001036485.1,Respiratory
GCA_001036505.1,Respiratory
GCA_001036495.1,Respiratory
GCA_001036545.1,Respiratory
GCA_001036565.1,Respiratory
GCA_001036585.1,Respiratory
GCA_001036575.1,Respiratory
GCA_001036605.1,Respiratory
GCA_001036645.1,Respiratory
GCA_001036655.1,Respiratory
GCA_001036685.1,Respiratory
GCA_001036675.1,Respiratory
GCA_001036735.1,Respiratory
GCA_001036725.1,Respiratory
GCA_001036765.1,Respiratory
GCA_001036775.1,Respiratory
GCA_001036805.1,Respiratory
GCA_001036815.1,Respiratory
GCA_001036835.1,Respiratory
GCA_001036825.1,Respiratory
GCA_001036895.1,Respiratory
GCA_001036885.1,Respiratory
GCA_001036905.1,Respiratory
GCA_001036915.1,Respiratory
GCA_001036975.1,Respiratory
GCA_001036965.1,Respiratory
GCA_001036985.1,Respiratory
GCA_001037025.1,Respiratory
GCA_001037065.1,Respiratory
GCA_001037105.1,Respiratory
GCA_001037125.1,Respiratory
GCA_001037145.1,Respiratory
GCA_001037165.1,Respiratory
GCA_001037185.1,Respiratory
GCA_001037195.1,Respiratory
GCA_001037225.1,Respiratory
GCA_001037235.1,Respiratory
GCA_001037265.1,Respiratory
GCA_001037275.1,Respiratory
GCA_001037305.1,Respiratory
GCA_001037315.1,Respiratory
GCA_001037355.1,Respiratory
GCA_001037345.1,Respiratory
GCA_001037395.1,Respiratory
GCA_001037385.1,Respiratory
GCA_001037045.1,Respiratory
GCA_001037055.1,Respiratory
GCA_001039325.1,Respiratory
GCA_001293085.1,Hospital
GCA_021712955.1,Urinary
GCA_021712875.1,Respiratory
GCA_001295275.1,Hospital
GCA_001295295.1,Hospital
GCA_001295285.1,Hospital
GCA_001295345.1,Hospital
GCA_001414085.1,Respiratory
GCA_001414105.1,Respiratory
GCA_001414155.1,Respiratory
GCA_001414165.1,Respiratory
GCA_001414175.1,Respiratory
GCA_001420535.1,Urinary
GCA_001420525.1,Urinary
GCA_001431165.1,Respiratory
GCA_001447845.1,Skin_Soft_Tissue
GCA_001449145.1,Hospital
GCA_001449155.1,Hospital
GCA_001449165.1,Hospital
GCA_001449175.1,Hospital
GCA_001449225.1,Hospital
GCA_001449245.1,Hospital
GCA_001449255.1,Hospital
GCA_001449275.1,Hospital
GCA_001449325.1,Hospital
GCA_001449305.1,Hospital
GCA_001449345.1,Hospital
GCA_001449365.1,Hospital
GCA_001449385.1,Hospital
GCA_001449395.1,Hospital
GCA_001449425.1,Hospital
GCA_001449485.1,Water
GCA_001449465.1,Hospital
GCA_001449505.1,Skin_Soft_Tissue
GCA_001449515.1,Hospital
GCA_001449555.1,Hospital
GCA_001449545.1,Hospital
GCA_001449585.1,Hospital
GCA_001449605.1,Hospital
GCA_001449625.1,Hospital
GCA_001449645.1,Hospital
GCA_001449655.1,Hospital
GCA_001449675.1,Hospital
GCA_001449705.1,Hospital
GCA_001449725.1,Skin_Soft_Tissue
GCA_001449735.1,Hospital
GCA_001449765.1,Hospital
GCA_001449785.1,Hospital
GCA_001449805.1,Hospital
GCA_001449825.1,Hospital
GCA_001449835.1,Hospital
GCA_001449865.1,Hospital
GCA_001449885.1,Hospital
GCA_001449905.1,Hospital
GCA_001449925.1,Hospital
GCA_001449935.1,Hospital
GCA_001449965.1,Hospital
GCA_001449985.1,Hospital
GCA_001450005.1,Hospital
GCA_001450015.1,Hospital
GCA_001450045.1,Hospital
GCA_001450065.1,Hospital
GCA_001450085.1,Hospital
GCA_001450095.1,Hospital
GCA_001450115.1,Respiratory
GCA_001450145.1,Hospital
GCA_001450165.1,Hospital
GCA_001450185.1,Hospital
GCA_001450195.1,Hospital
GCA_001450225.1,Hospital
GCA_001450245.1,Hospital
GCA_001450275.1,Hospital
GCA_001450265.1,Hospital
GCA_001450305.1,Hospital
GCA_001450325.1,Hospital
GCA_001450345.1,Hospital
GCA_001450385.1,Hospital
GCA_001450425.1,Hospital
GCA_001450435.1,Hospital
GCA_001450465.1,Hospital
GCA_001450485.1,Hospital
GCA_001450505.1,Hospital
GCA_001450525.1,Hospital
GCA_001450545.1,Hospital
GCA_001450555.1,Hospital
GCA_001450585.1,Ear_Nose_Throat
GCA_001450605.1,Hospital
GCA_001450635.1,Hospital
GCA_001450665.1,Hospital
GCA_001450675.1,Hospital
GCA_001450705.1,Hospital
GCA_001450715.1,Hospital
GCA_001450755.1,Hospital
GCA_001450745.1,Hospital
GCA_001450785.1,Hospital
GCA_001450795.1,Hospital
GCA_001450835.1,Hospital
GCA_001450825.1,Hospital
GCA_001450865.1,Hospital
GCA_001450875.1,Hospital
GCA_001450905.1,Hospital
GCA_001450915.1,Hospital
GCA_001450935.1,Hospital
GCA_001450925.1,Hospital
GCA_001450985.1,Hospital
GCA_001450995.1,Hospital
GCA_001451015.1,Hospital
GCA_001451025.1,Hospital
GCA_001451065.1,Hospital
GCA_001451075.1,Hospital
GCA_001451105.1,Hospital
GCA_001451125.1,Hospital
GCA_001451145.1,Hospital
GCA_001451175.1,Hospital
GCA_001451165.1,Hospital
GCA_001451205.1,Hospital
GCA_001451225.1,Hospital
GCA_001451245.1,Water
GCA_001451255.1,Hospital
GCA_001451265.1,Hospital
GCA_001451295.1,Hospital
GCA_001451325.1,Hospital
GCA_001451335.1,Hospital
GCA_001451355.1,Hospital
GCA_001451375.1,Hospital
GCA_001451405.1,Hospital
GCA_001451425.1,Hospital
GCA_001451455.1,Hospital
GCA_001451485.1,Hospital
GCA_001451505.1,Hospital
GCA_001451525.1,Hospital
GCA_001451535.1,Hospital
GCA_001451575.1,Hospital
GCA_001451565.1,Hospital
GCA_001451605.1,Hospital
GCA_001451655.1,Hospital
GCA_001451685.1,Hospital
GCA_001451705.1,Hospital
GCA_001451725.1,Hospital
GCA_001451755.1,Hospital
GCA_001451785.1,Hospital
GCA_001451805.1,Hospital
GCA_001451815.1,Hospital
GCA_001451835.1,Hospital
GCA_001451865.1,Hospital
GCA_001451895.1,Hospital
GCA_001451885.1,Hospital
GCA_001451905.1,Hospital
GCA_001451945.1,Hospital
GCA_001451965.1,Hospital
GCA_001451975.1,Hospital
GCA_001452025.1,Hospital
GCA_001452045.1,Hospital
GCA_001452055.1,Hospital
GCA_001452075.1,Hospital
GCA_001452105.1,Hospital
GCA_001452125.1,Hospital
GCA_001452135.1,Hospital
GCA_001452155.1,Hospital
GCA_001452185.1,Hospital
GCA_001452205.1,Hospital
GCA_001452215.1,Hospital
GCA_001452235.1,Hospital
GCA_001452255.1,Hospital
GCA_001452285.1,Hospital
GCA_001452305.1,Hospital
GCA_001452325.1,Hospital
GCA_001452335.1,Hospital
GCA_001452365.1,Hospital
GCA_001452385.1,Hospital
GCA_001452415.1,Hospital
GCA_001452405.1,Hospital
GCA_001452445.1,Hospital
GCA_001452465.1,Hospital
GCA_001452495.1,Hospital
GCA_001452485.1,Hospital
GCA_001452525.1,Hospital
GCA_001452545.1,Hospital
GCA_001452565.1,Hospital
GCA_001452575.1,Hospital
GCA_001452605.1,Hospital
GCA_001452615.1,Hospital
GCA_001452645.1,Hospital
GCA_001452665.1,Hospital
GCA_001452675.1,Hospital
GCA_001452725.1,Hospital
GCA_001452745.1,Hospital
GCA_001452755.1,Hospital
GCA_001452805.1,Skin_Soft_Tissue
GCA_001452825.1,Skin_Soft_Tissue
GCA_001452835.1,Skin_Soft_Tissue
GCA_001452865.1,Bloodstream
GCA_001452905.1,Skin_Soft_Tissue
GCA_001452915.1,Skin_Soft_Tissue
GCA_001452935.1,Hospital
GCA_001452965.1,Respiratory
GCA_001452985.1,Skin_Soft_Tissue
GCA_001452995.1,Ear_Nose_Throat
GCA_001453015.1,Skin_Soft_Tissue
GCA_001453025.1,Ear_Nose_Throat
GCA_001453065.1,Hospital
GCA_001453095.1,Hospital
GCA_001453145.1,Hospital
GCA_001453155.1,Hospital
GCA_001453185.1,Hospital
GCA_001453205.1,Hospital
GCA_001453235.1,Hospital
GCA_001453225.1,Hospital
GCA_001453265.1,Hospital
GCA_001453285.1,Hospital
GCA_001453305.1,Hospital
GCA_001453315.1,Hospital
GCA_001453345.1,Hospital
GCA_001453365.1,Hospital
GCA_001453385.1,Hospital
GCA_001453435.1,Hospital
GCA_001453405.1,Hospital
GCA_001453415.1,Hospital
GCA_001453485.1,Hospital
GCA_001453495.1,Hospital
GCA_001453515.1,Hospital
GCA_001453545.1,Hospital
GCA_001453565.1,Hospital
GCA_001453585.1,Hospital
GCA_001453595.1,Hospital
GCA_001453615.1,Hospital
GCA_001453645.1,Hospital
GCA_001453665.1,Hospital
GCA_001453675.1,Hospital
GCA_001453705.1,Hospital
GCA_001453725.1,Hospital
GCA_001453735.1,Hospital
GCA_001453755.1,Hospital
GCA_001453805.1,Skin_Soft_Tissue
GCA_001453835.1,Skin_Soft_Tissue
GCA_001453825.1,Respiratory
GCA_001453855.1,Hospital
GCA_001453885.1,Skin_Soft_Tissue
GCA_001453905.1,Hospital
GCA_001453915.1,Skin_Soft_Tissue
GCA_001453985.1,Ear_Nose_Throat
GCA_001454045.1,Skin_Soft_Tissue
GCA_001454065.1,Skin_Soft_Tissue
GCA_001454095.1,Water
GCA_001454085.1,Water
GCA_001454125.1,Skin_Soft_Tissue
GCA_001454145.1,Bloodstream
GCA_001454165.1,Skin_Soft_Tissue
GCA_001454205.1,Skin_Soft_Tissue
GCA_001454225.1,Urinary
GCA_001454235.1,Water
GCA_001454305.1,Skin_Soft_Tissue
GCA_001454325.1,Skin_Soft_Tissue
GCA_001454335.1,Ear_Nose_Throat
GCA_001454365.1,Respiratory
GCA_001454395.1,Urinary
GCA_001454415.1,Respiratory
GCA_001454445.1,Bloodstream
GCA_001454465.1,Skin_Soft_Tissue
GCA_001454485.1,Respiratory
GCA_001454515.1,Respiratory
GCA_001454495.1,Urinary
GCA_001454545.1,Skin_Soft_Tissue
GCA_001454565.1,Skin_Soft_Tissue
GCA_001454585.1,Hospital
GCA_001454595.1,Skin_Soft_Tissue
GCA_001454705.1,Hospital
GCA_001454725.1,Water
GCA_001454755.1,Skin_Soft_Tissue
GCA_001454825.1,Respiratory
GCA_001469435.3,Soil
GCA_001471355.2,Respiratory
GCA_001471435.2,Urinary
GCA_001482325.1,Bloodstream
GCA_001482875.1,Ocular
GCA_001482885.1,Ocular
GCA_001482865.1,Ocular
GCA_001483235.1,Water
GCA_001500235.1,Respiratory
GCA_001500245.1,Respiratory
GCA_001518975.1,Respiratory
GCA_001535675.2,Urinary
GCA_001545175.1,Respiratory
GCA_001545205.1,Respiratory
GCA_001545255.1,Respiratory
GCA_001554315.1,Respiratory
GCA_001554305.1,Respiratory
GCA_001554325.1,Respiratory
GCA_001554385.1,Respiratory
GCA_001554375.1,Respiratory
GCA_001554395.1,Respiratory
GCA_001554425.1,Respiratory
GCA_001554455.1,Respiratory
GCA_001554465.1,Respiratory
GCA_001554495.1,Respiratory
GCA_001554505.1,Respiratory
GCA_001554535.1,Respiratory
GCA_001554545.1,Respiratory
GCA_001554575.1,Respiratory
GCA_001554585.1,Respiratory
GCA_001554615.1,Respiratory
GCA_001554625.1,Respiratory
GCA_001554655.1,Respiratory
GCA_001554665.1,Respiratory
GCA_001554695.1,Respiratory
GCA_001554705.1,Respiratory
GCA_001554735.1,Respiratory
GCA_001554745.1,Respiratory
GCA_001554775.1,Respiratory
GCA_001554785.1,Respiratory
GCA_001554805.1,Respiratory
GCA_001554825.1,Respiratory
GCA_001554855.1,Respiratory
GCA_001554875.1,Respiratory
GCA_001554895.1,Respiratory
GCA_001554915.1,Respiratory
GCA_001554935.1,Respiratory
GCA_001554955.1,Respiratory
GCA_001554975.1,Respiratory
GCA_001554995.1,Respiratory
GCA_001555015.1,Respiratory
GCA_001555035.1,Respiratory
GCA_001555055.1,Respiratory
GCA_001555075.1,Respiratory
GCA_001555095.1,Respiratory
GCA_001555115.1,Respiratory
GCA_001555135.1,Respiratory
GCA_001555145.1,Respiratory
GCA_001555155.1,Respiratory
GCA_001555165.1,Respiratory
GCA_001555215.1,Respiratory
GCA_001555225.1,Respiratory
GCA_001555235.1,Respiratory
GCA_001555255.1,Respiratory
GCA_001555295.1,Respiratory
GCA_001555315.1,Respiratory
GCA_001555325.1,Respiratory
GCA_001555335.1,Respiratory
GCA_001555375.1,Respiratory
GCA_001555395.1,Respiratory
GCA_001555415.1,Respiratory
GCA_001555425.1,Respiratory
GCA_001555455.1,Respiratory
GCA_001560865.1,Skin_Soft_Tissue
GCA_001601595.1,Medical_Device
GCA_001601665.1,Bone_Joint
GCA_001601745.1,Skin_Soft_Tissue
GCA_021712915.1,Gastrointestinal
GCA_001619935.1,Water
GCA_001623945.1,Gastrointestinal
GCA_001623955.1,Skin_Soft_Tissue
GCA_001623985.1,Hospital
GCA_001679685.1,Respiratory
GCA_001679905.1,Gastrointestinal
GCA_001680745.1,Respiratory
GCA_001687285.1,Respiratory
GCA_021712855.1,Respiratory
GCA_021712835.1,Respiratory
GCA_021712815.1,Respiratory
GCA_021712775.1,Respiratory
GCA_021712795.1,Respiratory
GCA_001721745.1,Respiratory
GCA_001721765.1,Respiratory
GCA_001721785.1,Respiratory
GCA_001721805.1,Respiratory
GCA_001721825.1,Respiratory
GCA_001721845.1,Respiratory
GCA_001722025.1,Respiratory
GCA_001722045.1,Respiratory
GCA_001729505.1,Skin_Soft_Tissue
GCA_001750205.1,Urinary
GCA_001750225.1,Urinary
GCA_001750705.1,Water
GCA_001765435.1,Respiratory
GCA_001765455.1,Respiratory
GCA_001765465.1,Respiratory
GCA_001765485.1,Respiratory
GCA_001765475.1,Respiratory
GCA_001765545.1,Respiratory
GCA_001765585.1,Respiratory
GCA_001765595.1,Respiratory
GCA_001765575.1,Respiratory
GCA_001765655.1,Respiratory
GCA_001765635.1,Respiratory
GCA_001765645.1,Respiratory
GCA_001765695.1,Respiratory
GCA_001765725.1,Respiratory
GCA_001765715.1,Respiratory
GCA_001765755.1,Respiratory
GCA_001765775.1,Respiratory
GCA_001765795.1,Respiratory
GCA_001765805.1,Respiratory
GCA_001765835.1,Respiratory
GCA_001765845.1,Respiratory
GCA_001765865.1,Respiratory
GCA_001765855.1,Respiratory
GCA_001765925.1,Respiratory
GCA_001765915.1,Respiratory
GCA_001765955.1,Respiratory
GCA_001765975.1,Respiratory
GCA_001765985.1,Respiratory
GCA_001765995.1,Respiratory
GCA_001766035.1,Respiratory
GCA_001766045.1,Respiratory
GCA_001766085.1,Respiratory
GCA_001766075.1,Respiratory
GCA_001766135.1,Respiratory
GCA_001766145.1,Respiratory
GCA_001766125.1,Respiratory
GCA_001766115.1,Respiratory
GCA_001766205.1,Respiratory
GCA_001766195.1,Respiratory
GCA_001765535.1,Respiratory
GCA_001792835.1,Urinary
GCA_001792855.1,Respiratory
GCA_001792875.1,Bloodstream
GCA_001806505.1,Bloodstream
GCA_001807925.1,Bloodstream
GCA_001809935.1,Skin_Soft_Tissue
GCA_001810325.1,Skin_Soft_Tissue
GCA_001810465.1,Skin_Soft_Tissue
GCA_001811215.1,Respiratory
GCA_001811975.1,Skin_Soft_Tissue
GCA_001812145.1,Respiratory
GCA_001812165.1,Respiratory
GCA_001813995.1,Skin_Soft_Tissue
GCA_001802735.1,Bloodstream
GCA_001836415.1,Respiratory
GCA_001836505.1,Respiratory
GCA_001836655.1,Respiratory
GCA_001836645.1,Respiratory
GCA_001836665.1,Respiratory
GCA_001837545.1,Respiratory
GCA_001837685.1,Respiratory
GCA_001870265.1,Respiratory
GCA_001874465.1,Water
GCA_021712675.1,Respiratory
GCA_001900195.1,Urinary
GCA_001900225.1,Urinary
GCA_021712735.1,Respiratory
GCA_021712755.1,Skin_Soft_Tissue
GCA_001632245.1,Skin_Soft_Tissue
GCA_001990285.1,Respiratory
GCA_001990295.1,Respiratory
GCA_001990325.1,Respiratory
GCA_001990335.1,Respiratory
GCA_001990345.1,Respiratory
GCA_001990375.1,Respiratory
GCA_001990405.1,Respiratory
GCA_001990425.1,Respiratory
GCA_001990525.1,Respiratory
GCA_021712935.1,Respiratory
GCA_002001225.1,Respiratory
GCA_002001235.1,Respiratory
GCA_002001265.1,Respiratory
GCA_002001275.1,Respiratory
GCA_002001305.1,Respiratory
GCA_002001315.1,Respiratory
GCA_002001385.1,Respiratory
GCA_002002365.1,Urinary
GCA_002002765.1,Bloodstream
GCA_002003595.1,Urinary
GCA_002005755.1,Respiratory
GCA_002005765.1,Respiratory
GCA_002025515.1,Water
GCA_002025525.1,Water
GCA_002025555.1,Water
GCA_002025565.1,Skin_Soft_Tissue
GCA_002029925.1,Ear_Nose_Throat
GCA_002085755.1,Respiratory
GCA_002088145.1,Bloodstream
GCA_002088215.1,Bloodstream
GCA_002088225.1,Bloodstream
GCA_002094805.1,Gastrointestinal
GCA_002104595.1,Respiratory
GCA_002104615.1,Respiratory
GCA_002134835.1,Urinary
GCA_002134845.1,Urinary
GCA_002134885.1,Respiratory
GCA_002134895.1,Skin_Soft_Tissue
GCA_002134905.1,Urinary
GCA_002134915.1,Urinary
GCA_002134965.1,Urinary
GCA_002134975.1,Urinary
GCA_002134985.1,Urinary
GCA_002135635.1,Respiratory
GCA_002135615.1,Bloodstream
GCA_002135625.1,Respiratory
GCA_002135675.1,Bloodstream
GCA_002135685.1,Bloodstream
GCA_002135705.1,Respiratory
GCA_002135715.1,Respiratory
GCA_002135755.1,Respiratory
GCA_002135765.1,Respiratory
GCA_002135795.1,Bloodstream
GCA_002135805.1,Bloodstream
GCA_002135835.1,Bloodstream
GCA_002135845.1,Respiratory
GCA_002135885.1,Respiratory
GCA_002135875.1,Bloodstream
GCA_002135915.1,Respiratory
GCA_002135925.1,Respiratory
GCA_002135955.1,Respiratory
GCA_002135965.1,Bloodstream
GCA_002135995.1,Bloodstream
GCA_002136005.1,Bloodstream
GCA_002136015.1,Respiratory
GCA_002136055.1,Bloodstream
GCA_002136075.1,Bloodstream
GCA_002136065.1,Bloodstream
GCA_002136115.1,Respiratory
GCA_002136125.1,Bloodstream
GCA_002136135.1,Bloodstream
GCA_002136165.1,Respiratory
GCA_002136195.1,Respiratory
GCA_002136205.1,Respiratory
GCA_002136215.1,Respiratory
GCA_002136245.1,Respiratory
GCA_002136285.1,Bloodstream
GCA_002136275.1,Bloodstream
GCA_002136295.1,Bloodstream
GCA_002136335.1,Bloodstream
GCA_002136355.1,Bloodstream
GCA_002136375.1,Respiratory
GCA_002136365.1,Bloodstream
GCA_002136415.1,Respiratory
GCA_002136445.1,Bloodstream
GCA_002136455.1,Respiratory
GCA_002136435.1,Respiratory
GCA_002136495.1,Respiratory
GCA_002136515.1,Respiratory
GCA_002136525.1,Bloodstream
GCA_002136535.1,Bloodstream
GCA_002154915.1,Respiratory
GCA_002157485.1,Soil
GCA_900069025.1,Respiratory
GCA_002188505.1,Respiratory
GCA_002188535.1,Urinary
GCA_002188565.1,Urinary
GCA_002188585.1,Urinary
GCA_002188615.1,Respiratory
GCA_002188645.1,Urinary
GCA_002188695.1,Urinary
GCA_002189115.1,Urinary
GCA_002189505.1,Urinary
GCA_002192475.1,Respiratory
GCA_002192495.1,Respiratory
GCA_002192765.1,Water
GCA_002192775.1,Water
GCA_002193675.1,Ocular
GCA_002193655.1,Medical_Device
GCA_002193685.1,Skin_Soft_Tissue
GCA_002193745.1,Skin_Soft_Tissue
GCA_002193765.1,Bloodstream
GCA_002193735.1,Skin_Soft_Tissue
GCA_002193755.1,Bloodstream
GCA_002193825.1,Bloodstream
GCA_002193845.1,Bloodstream
GCA_002193895.1,Bloodstream
GCA_002193925.1,Bloodstream
GCA_002193915.1,Ear_Nose_Throat
GCA_002193975.1,Respiratory
GCA_002194075.1,Bloodstream
GCA_002194085.1,Bloodstream
GCA_002194095.1,Bloodstream
GCA_900185255.1,Respiratory
GCA_002201225.1,Skin_Soft_Tissue
GCA_002201255.1,Urinary
GCA_002201295.1,Skin_Soft_Tissue
GCA_002201305.1,Urinary
GCA_002201325.1,Bloodstream
GCA_002201375.1,Skin_Soft_Tissue
GCA_002201405.1,Urinary
GCA_002201385.1,Bloodstream
GCA_002201395.1,Urinary
GCA_002201455.1,Skin_Soft_Tissue
GCA_002204155.1,Soil
GCA_002205335.1,Respiratory
GCA_002205355.1,Respiratory
GCA_002205375.1,Bloodstream
GCA_002206285.2,Respiratory
GCA_002208645.1,Bloodstream
GCA_002216335.1,Soil
GCA_002216325.1,Soil
GCA_002216405.1,Ear_Nose_Throat
GCA_002216425.1,Soil
GCA_002216445.1,Water
GCA_002216465.1,Water
GCA_002216485.1,Soil
GCA_002216505.1,Water
GCA_002237405.1,Water
GCA_002237425.1,Water
GCA_002239425.1,Crop
GCA_002239445.1,Crop
GCA_002239485.1,Water
GCA_002239415.1,Water
GCA_002239465.1,Water
GCA_002239565.1,Crop
GCA_002239545.1,Crop
GCA_021712655.1,Respiratory
GCA_002242775.1,Ocular
GCA_002242855.1,Ocular
GCA_002242885.1,Ocular
GCA_002242915.1,Ocular
GCA_002243265.1,Ocular
GCA_002251125.1,Bloodstream
GCA_002263405.1,Respiratory
GCA_002263435.1,Respiratory
GCA_002263455.1,Respiratory
GCA_002263445.1,Respiratory
GCA_002263545.1,Water
GCA_002263575.1,Water
GCA_002263585.1,Water
GCA_002263615.1,Water
GCA_002263645.1,Water
GCA_002263685.1,Water
GCA_002276485.1,CF_Respiratory
GCA_002285345.1,Water
GCA_002285355.1,Soil
GCA_002285375.1,Water
GCA_002287725.2,Water
GCA_002312055.1,Respiratory
GCA_002312065.1,Respiratory
GCA_002312095.1,Respiratory
GCA_002312115.1,Respiratory
GCA_002312145.1,Water
GCA_002312175.1,Water
GCA_002312195.1,Water
GCA_002312215.1,Water
GCA_002312235.1,Respiratory
GCA_002312245.1,Water
GCA_002312275.1,Water
GCA_002312295.1,Water
GCA_002312315.1,Water
GCA_002312335.1,Water
GCA_002312355.1,Respiratory
GCA_002312375.1,Respiratory
GCA_002312385.1,Respiratory
GCA_002312405.1,Respiratory
GCA_002312415.1,Respiratory
GCA_002312455.1,Respiratory
GCA_002312465.1,Respiratory
GCA_002312495.1,Respiratory
GCA_002312505.1,Respiratory
GCA_002312535.1,Respiratory
GCA_002312545.1,Respiratory
GCA_002312575.1,Respiratory
GCA_002312585.1,Water
GCA_002312615.1,Respiratory
GCA_002312625.1,Water
GCA_002312645.1,Water
GCA_002312675.1,Water
GCA_002312685.1,Water
GCA_002312695.1,Respiratory
GCA_002312705.1,Respiratory
GCA_002312765.1,Respiratory
GCA_002312755.1,Respiratory
GCA_002312795.1,Respiratory
GCA_002325925.1,Water
GCA_002325945.1,Water
GCA_002325965.1,Water
GCA_002325985.1,Water
GCA_002326025.1,Water
GCA_002325955.1,Water
GCA_002326045.1,Industrial
GCA_002326055.1,Water
GCA_002326085.1,Soil
GCA_002326095.1,Water
GCA_002326125.1,Water
GCA_002326165.1,Water
GCA_002326195.1,Soil
GCA_002326205.1,Soil
GCA_002326185.1,Soil
GCA_002326245.1,Soil
GCA_002326265.1,Soil
GCA_002326275.1,Soil
GCA_002326305.1,Soil
GCA_002326325.1,Crop
GCA_002326355.1,Water
GCA_002326345.1,Water
GCA_002326365.1,Water
GCA_002326395.1,Soil
GCA_002326425.1,Water
GCA_002326445.1,Water
GCA_002326435.1,Water
GCA_002326455.1,Water
GCA_002326505.1,Water
GCA_002326525.1,Soil
GCA_002326515.1,Soil
GCA_002326585.1,Water
GCA_002326595.1,Water
GCA_002326605.1,Water
GCA_002326665.1,Water
GCA_002326685.1,Water
GCA_002326725.1,Water
GCA_002326745.1,Industrial
GCA_002329735.1,Water
GCA_002329725.1,Water
GCA_002329775.1,Soil
GCA_002329765.1,Soil
GCA_002329805.1,Soil
GCA_002329815.1,Soil
GCA_002329845.1,Soil
GCA_002329865.1,Soil
GCA_002329885.1,Soil
GCA_002329905.1,Soil
GCA_002329935.1,Water
GCA_002329925.1,Water
GCA_002329965.1,Water
GCA_002329975.1,Water
GCA_002330005.1,Soil
GCA_002330015.1,Soil
GCA_002330045.1,Soil
GCA_002330065.1,Soil
GCA_002330075.1,Water
GCA_002330095.1,Water
GCA_002330125.1,Water
GCA_002330135.1,Water
GCA_002330175.1,Soil
GCA_002330165.1,Water
GCA_002330205.1,Soil
GCA_002330215.1,Soil
GCA_002330235.1,Soil
GCA_002330255.1,Water
GCA_002330315.1,Water
GCA_002330305.1,Water
GCA_002330385.1,Water
GCA_002330395.1,Water
GCA_002330425.1,Water
GCA_002330435.1,Water
GCA_002330465.1,Soil
GCA_002330505.1,Water
GCA_002330515.1,Water
GCA_002330525.1,Water
GCA_002330555.1,Water
GCA_002330595.1,Water
GCA_002330585.1,Water
GCA_002330625.1,Water
GCA_002330605.1,Water
GCA_002330665.1,Water
GCA_002330675.1,Water
GCA_002330695.1,Water
GCA_002330735.1,Water
GCA_002330835.1,Water
GCA_002330885.1,Water
GCA_002330865.1,Water
GCA_002330925.1,Water
GCA_002330955.1,Water
GCA_002331985.1,Water
GCA_002332015.1,Water
GCA_002332065.1,Water
GCA_002332095.1,Soil
GCA_002332085.1,Water
GCA_002332135.1,Water
GCA_002332125.1,Water
GCA_002332165.1,Water
GCA_002332175.1,Water
GCA_002406265.1,Bloodstream
GCA_002406335.1,Respiratory
GCA_002406345.1,Hospital
GCA_002411815.1,Skin_Soft_Tissue
GCA_002411845.1,Skin_Soft_Tissue
GCA_002411865.3,Urinary
GCA_002411915.1,Skin_Soft_Tissue
GCA_021712635.1,Respiratory
GCA_002516415.1,Water
GCA_002591765.1,Respiratory
GCA_002724075.1,Urinary
GCA_002812845.1,Skin_Soft_Tissue
GCA_002812865.1,Urinary
GCA_002812885.1,Urinary
GCA_002812905.2,Respiratory
GCA_002812925.3,Respiratory
GCA_002835765.1,Water
GCA_002835725.1,Water
GCA_002866685.1,Respiratory
GCA_002866725.1,Respiratory
GCA_002866745.1,Respiratory
GCA_002866765.1,Respiratory
GCA_002866785.1,Respiratory
GCA_002866805.1,Respiratory
GCA_002896925.1,Soil
GCA_002915235.1,Water
GCA_002915615.1,Skin_Soft_Tissue
GCA_002927035.1,Respiratory
GCA_002927095.1,Urinary
GCA_002927135.1,Respiratory
GCA_002927155.1,Bloodstream
GCA_002927215.1,Bloodstream
GCA_002927235.1,Bloodstream
GCA_002942025.1,Bloodstream
GCA_002942045.1,Bloodstream
GCA_002946935.1,Urinary
GCA_002964255.1,Bloodstream
GCA_002964275.1,Bloodstream
GCA_002964295.1,Bloodstream
GCA_001811225.1,Gastrointestinal
GCA_003008395.1,Respiratory
GCA_003028335.1,Bone_Joint
GCA_003055235.1,Respiratory
GCA_003055265.1,Bloodstream
GCA_003055275.1,Bloodstream
GCA_003055295.1,Respiratory
GCA_003055325.1,Respiratory
GCA_003055345.1,Respiratory
GCA_003055365.1,Respiratory
GCA_003055385.1,Bloodstream
GCA_003055405.1,Bloodstream
GCA_003055425.1,Respiratory
GCA_003055465.1,Bloodstream
GCA_003055445.1,Respiratory
GCA_003055485.1,Respiratory
GCA_003055505.1,Respiratory
GCA_003055525.1,Bloodstream
GCA_003055545.1,Respiratory
GCA_003055555.1,Bloodstream
GCA_003055585.1,Bloodstream
GCA_003060845.1,Soil
GCA_003071265.1,Bloodstream
GCA_900406855.1,Skin_Soft_Tissue
GCA_900406875.1,Respiratory
GCA_900406845.1,Respiratory
GCA_900406865.1,Skin_Soft_Tissue
GCA_900406885.1,Skin_Soft_Tissue
GCA_900406825.1,Skin_Soft_Tissue
GCA_900406835.1,Skin_Soft_Tissue
GCA_900406895.1,Skin_Soft_Tissue
GCA_900406925.1,Skin_Soft_Tissue
GCA_900406905.1,Skin_Soft_Tissue
GCA_900406935.1,Skin_Soft_Tissue
GCA_900406945.1,Skin_Soft_Tissue
GCA_900406955.1,Skin_Soft_Tissue
GCA_900406975.1,Skin_Soft_Tissue
GCA_900406965.1,Skin_Soft_Tissue
GCA_003143795.1,Respiratory
GCA_003143815.1,Respiratory
GCA_900406915.1,Skin_Soft_Tissue
GCA_003176695.1,Water
GCA_003185875.1,Water
GCA_003186455.1,Skin_Soft_Tissue
GCA_003186505.1,Bloodstream
GCA_003194245.1,Respiratory
GCA_003204235.1,Bloodstream
GCA_003204255.1,Bloodstream
GCA_003204365.1,Bloodstream
GCA_003204355.1,Gastrointestinal
GCA_003204425.1,Bloodstream
GCA_003204435.1,Bloodstream
GCA_003204395.1,Bloodstream
GCA_003204485.1,Bloodstream
GCA_003204515.1,Bloodstream
GCA_003204975.1,Bloodstream
GCA_003206535.1,Respiratory
GCA_900455535.1,Ear_Nose_Throat
GCA_900455365.1,Bloodstream
GCA_900455455.1,Respiratory
GCA_003321505.1,Gastrointestinal
GCA_003324555.1,Bloodstream
GCA_003325515.1,Urinary
GCA_003332375.1,Respiratory
GCA_003332385.1,Respiratory
GCA_003332425.1,Respiratory
GCA_003332415.1,Respiratory
GCA_003332455.1,Ocular
GCA_003332475.1,Respiratory
GCA_003332485.1,Respiratory
GCA_003332535.1,Respiratory
GCA_003332525.1,Respiratory
GCA_003332575.1,Ocular
GCA_003332565.1,Ocular
GCA_003332585.1,Respiratory
GCA_003332625.1,Ocular
GCA_003332645.1,Ocular
GCA_003332655.1,Ocular
GCA_003332665.1,Ocular
GCA_003332705.2,Ocular
GCA_003332715.1,Ocular
GCA_003332735.1,Ocular
GCA_003332755.1,Ocular
GCA_003332795.1,Ocular
GCA_003332785.1,Ocular
GCA_003340635.1,Bloodstream
GCA_900461635.1,Urinary
GCA_900455295.1,Water
GCA_900455415.1,Bloodstream
GCA_003369735.1,Respiratory
GCA_003369755.1,Respiratory
GCA_003369775.1,Respiratory
GCA_003402275.1,Hospital
GCA_003402335.1,Hospital
GCA_003408495.1,Respiratory
GCA_003410435.2,Bloodstream
GCA_003410445.2,Bloodstream
GCA_003410475.2,Bloodstream
GCA_003410485.2,Bloodstream
GCA_003410505.2,Bloodstream
GCA_003410515.2,Bloodstream
GCA_003410555.2,Bloodstream
GCA_003410565.2,Bloodstream
GCA_003410585.2,Bloodstream
GCA_003410645.2,Bloodstream
GCA_003410635.2,Bloodstream
GCA_003410595.2,Bloodstream
GCA_003410625.2,Bloodstream
GCA_003410715.2,Bloodstream
GCA_003410705.2,Bloodstream
GCA_003410695.2,Bloodstream
GCA_003410765.2,Bloodstream
GCA_003410745.2,Bloodstream
GCA_003410785.2,Bloodstream
GCA_003410805.2,Bloodstream
GCA_003410835.2,Bloodstream
GCA_003410875.2,Bloodstream
GCA_003410845.2,Bloodstream
GCA_003410905.2,Bloodstream
GCA_003410855.2,Bloodstream
GCA_003410935.2,Bloodstream
GCA_003410925.2,Bloodstream
GCA_003410975.2,Bloodstream
GCA_003411005.2,Bloodstream
GCA_003411025.2,Bloodstream
GCA_003411035.2,Bloodstream
GCA_003411045.2,Bloodstream
GCA_003411095.2,Bloodstream
GCA_003410985.2,Bloodstream
GCA_003411125.2,Bloodstream
GCA_003411115.2,Bloodstream
GCA_003411165.2,Bloodstream
GCA_003411185.2,Bloodstream
GCA_003411195.2,Bloodstream
GCA_003411145.2,Bloodstream
GCA_003411235.2,Bloodstream
GCA_003411275.2,Bloodstream
GCA_003411265.2,Bloodstream
GCA_003411285.2,Bloodstream
GCA_003411245.2,Bloodstream
GCA_003411345.2,Bloodstream
GCA_003411355.2,Bloodstream
GCA_003411365.2,Bloodstream
GCA_003411335.2,Bloodstream
GCA_003411415.2,Bloodstream
GCA_003411425.2,Bloodstream
GCA_003411445.2,Bloodstream
GCA_003411465.2,Bloodstream
GCA_003411535.2,Bloodstream
GCA_003411475.2,Bloodstream
GCA_003411555.2,Bloodstream
GCA_003411585.1,Bloodstream
GCA_003411565.2,Bloodstream
GCA_003411595.2,Bloodstream
GCA_003411635.2,Bloodstream
GCA_003411645.2,Bloodstream
GCA_003411665.2,Bloodstream
GCA_003411705.2,Bloodstream
GCA_003411725.2,Bloodstream
GCA_003411695.2,Bloodstream
GCA_003411745.2,Bloodstream
GCA_003411765.2,Bloodstream
GCA_003411805.2,Bloodstream
GCA_003411785.2,Bloodstream
GCA_003411845.2,Bloodstream
GCA_003411815.2,Bloodstream
GCA_003411875.2,Bloodstream
GCA_003411905.2,Bloodstream
GCA_003411895.2,Bloodstream
GCA_003411885.2,Bloodstream
GCA_003411985.2,Bloodstream
GCA_003411975.2,Bloodstream
GCA_003411955.2,Bloodstream
GCA_003411965.2,Bloodstream
GCA_003412045.2,Bloodstream
GCA_003412035.2,Bloodstream
GCA_003412075.2,Bloodstream
GCA_003412085.2,Bloodstream
GCA_003412125.2,Bloodstream
GCA_003412165.2,Bloodstream
GCA_003412155.1,Bloodstream
GCA_003412145.2,Bloodstream
GCA_003412115.2,Bloodstream
GCA_003412225.2,Bloodstream
GCA_003412215.2,Bloodstream
GCA_003412255.2,Bloodstream
GCA_003412285.2,Bloodstream
GCA_003412275.2,Bloodstream
GCA_003412295.2,Bloodstream
GCA_003412325.2,Bloodstream
GCA_003412355.2,Bloodstream
GCA_003412365.2,Bloodstream
GCA_003413835.1,Industrial
GCA_003429185.1,Bloodstream
GCA_003429205.1,Bloodstream
GCA_003433235.1,Bloodstream
GCA_003441515.1,Water
GCA_003441535.1,Water
GCA_003441555.1,Water
GCA_003441575.1,Water
GCA_003611335.1,Hospital
GCA_003611355.1,Hospital
GCA_003611345.1,Hospital
GCA_003611395.1,Hospital
GCA_003611405.1,Hospital
GCA_003626935.2,Bloodstream
GCA_003665495.1,Hospital
GCA_003669825.1,Hospital
GCA_003669815.1,Hospital
GCA_003669855.1,Hospital
GCA_003669875.1,Hospital
GCA_003669905.1,Hospital
GCA_003669925.1,Hospital
GCA_003669955.1,Hospital
GCA_003669885.1,Hospital
GCA_003669975.1,Hospital
GCA_003669995.1,Hospital
GCA_003670025.1,Hospital
GCA_003670015.1,Hospital
GCA_003670055.1,Hospital
GCA_003698035.1,CF_Respiratory
GCA_003698025.1,Respiratory
GCA_003698065.1,Skin_Soft_Tissue
GCA_003698325.1,CF_Respiratory
GCA_003698365.1,CF_Respiratory
GCA_003698395.1,CF_Respiratory
GCA_003698435.1,CF_Respiratory
GCA_003698455.1,CF_Respiratory
GCA_003698485.1,CF_Respiratory
GCA_003698505.1,CF_Respiratory
GCA_003698545.1,Ocular
GCA_003698585.1,CF_Respiratory
GCA_003698625.1,CF_Respiratory
GCA_003698635.1,CF_Respiratory
GCA_003698655.1,CF_Respiratory
GCA_003698685.1,CF_Respiratory
GCA_003698705.1,CF_Respiratory
GCA_003698715.1,Water
GCA_003698745.1,Water
GCA_003698785.1,CF_Respiratory
GCA_003698795.1,Hospital
GCA_003698825.1,CF_Respiratory
GCA_003698855.1,CF_Respiratory
GCA_003698835.1,Skin_Soft_Tissue
GCA_003703685.1,Respiratory
GCA_003716765.1,Respiratory
GCA_003721395.1,Gastrointestinal
GCA_003725635.1,Urinary
GCA_003798105.1,Skin_Soft_Tissue
GCA_003798145.1,Respiratory
GCA_003812165.1,Respiratory
GCA_003813005.1,Respiratory
GCA_900607565.1,Hospital
GCA_900607915.1,Hospital
GCA_900608035.1,Hospital
GCA_900608125.1,Hospital
GCA_003833395.1,Water
GCA_003833425.1,Skin_Soft_Tissue
GCA_003833455.1,CF_Respiratory
GCA_003833445.1,CF_Respiratory
GCA_003833485.1,Skin_Soft_Tissue
GCA_003833525.1,Skin_Soft_Tissue
GCA_003833545.1,Skin_Soft_Tissue
GCA_003833565.1,Skin_Soft_Tissue
GCA_003833585.1,Skin_Soft_Tissue
GCA_003833605.1,Skin_Soft_Tissue
GCA_003833625.1,Skin_Soft_Tissue
GCA_003833645.1,Skin_Soft_Tissue
GCA_003833665.1,Skin_Soft_Tissue
GCA_003833685.1,Skin_Soft_Tissue
GCA_003833705.1,Skin_Soft_Tissue
GCA_003833715.1,Skin_Soft_Tissue
GCA_003833745.1,CF_Respiratory
GCA_003833765.1,Skin_Soft_Tissue
GCA_003833785.1,Skin_Soft_Tissue
GCA_003833805.1,Water
GCA_003833825.1,Water
GCA_003833845.1,CF_Respiratory
GCA_003833905.1,Urinary
GCA_003833925.1,Gastrointestinal
GCA_003833935.1,Water
GCA_003833955.1,Skin_Soft_Tissue
GCA_003833965.1,CF_Respiratory
GCA_003834005.1,Skin_Soft_Tissue
GCA_003834025.1,Skin_Soft_Tissue
GCA_003834015.1,Skin_Soft_Tissue
GCA_003834035.1,Skin_Soft_Tissue
GCA_003834085.1,Skin_Soft_Tissue
GCA_003834105.1,Skin_Soft_Tissue
GCA_003834125.1,Skin_Soft_Tissue
GCA_003834165.1,Water
GCA_003834185.1,Skin_Soft_Tissue
GCA_003834235.1,Respiratory
GCA_003834285.1,Water
GCA_003834305.1,CF_Respiratory
GCA_003834325.1,Water
GCA_003834355.1,Urinary
GCA_003834335.1,Water
GCA_003834395.1,Water
GCA_003834405.1,Water
GCA_003834385.1,Water
GCA_003834445.1,CF_Respiratory
GCA_003834465.1,Respiratory
GCA_003834495.1,Urinary
GCA_003834525.1,Gastrointestinal
GCA_003834545.1,Urinary
GCA_003834565.1,Gastrointestinal
GCA_003834605.1,Gastrointestinal
GCA_003834585.1,Gastrointestinal
GCA_003834615.1,Gastrointestinal
GCA_003834645.1,Gastrointestinal
GCA_003834655.1,Gastrointestinal
GCA_003834685.1,Respiratory
GCA_003834665.1,Respiratory
GCA_003834725.1,Respiratory
GCA_003834745.1,Respiratory
GCA_003834765.1,Respiratory
GCA_003834785.1,Respiratory
GCA_003834805.1,Respiratory
GCA_003834835.1,Respiratory
GCA_003834825.1,Urinary
GCA_003834865.1,Respiratory
GCA_003834895.1,Respiratory
GCA_003834885.1,Respiratory
GCA_003834925.1,Respiratory
GCA_003834945.1,Respiratory
GCA_003834965.1,Respiratory
GCA_003835005.1,Respiratory
GCA_003835015.1,Respiratory
GCA_003835055.1,Respiratory
GCA_003835045.1,CF_Respiratory
GCA_003835085.1,Respiratory
GCA_003835095.1,CF_Respiratory
GCA_003835115.1,CF_Respiratory
GCA_003835155.1,CF_Respiratory
GCA_003835145.1,CF_Respiratory
GCA_003835165.1,CF_Respiratory
GCA_003835185.1,CF_Respiratory
GCA_003835175.1,CF_Respiratory
GCA_003835245.1,CF_Respiratory
GCA_003835265.1,Water
GCA_003835285.1,CF_Respiratory
GCA_003835295.1,CF_Respiratory
GCA_003835325.1,CF_Respiratory
GCA_003835335.1,Water
GCA_003835365.1,CF_Respiratory
GCA_003835395.1,Gastrointestinal
GCA_003835385.1,Respiratory
GCA_003835405.1,Bloodstream
GCA_003835455.1,Respiratory
GCA_003835445.1,Urinary
GCA_003835485.1,Urinary
GCA_003835495.1,Urinary
GCA_003835525.1,Respiratory
GCA_003835545.1,Respiratory
GCA_003835565.1,Respiratory
GCA_003835585.1,Respiratory
GCA_003835575.1,Respiratory
GCA_003835595.1,Respiratory
GCA_003835645.1,Respiratory
GCA_003835685.1,CF_Respiratory
GCA_003835665.1,CF_Respiratory
GCA_003835695.1,CF_Respiratory
GCA_003835725.1,CF_Respiratory
GCA_003835715.1,CF_Respiratory
GCA_003835775.1,CF_Respiratory
GCA_003835785.1,CF_Respiratory
GCA_003835765.1,CF_Respiratory
GCA_003835825.1,CF_Respiratory
GCA_003835835.1,CF_Respiratory
GCA_003835865.1,CF_Respiratory
GCA_003835875.1,CF_Respiratory
GCA_003835905.1,CF_Respiratory
GCA_003835915.1,CF_Respiratory
GCA_003835945.1,CF_Respiratory
GCA_003835955.1,CF_Respiratory
GCA_003835985.1,CF_Respiratory
GCA_003836005.1,CF_Respiratory
GCA_003836025.1,CF_Respiratory
GCA_003836035.1,CF_Respiratory
GCA_003836075.1,CF_Respiratory
GCA_003836065.1,CF_Respiratory
GCA_003836085.1,CF_Respiratory
GCA_003836125.1,CF_Respiratory
GCA_003836135.1,Respiratory
GCA_003836165.1,CF_Respiratory
GCA_003836175.1,Respiratory
GCA_003836205.1,CF_Respiratory
GCA_003836225.1,Water
GCA_003836245.1,Water
GCA_003836255.1,CF_Respiratory
GCA_003836275.1,CF_Respiratory
GCA_003836305.1,Skin_Soft_Tissue
GCA_003836345.1,Skin_Soft_Tissue
GCA_003836355.1,Water
GCA_003836385.1,Bloodstream
GCA_003836405.1,Reproductive
GCA_003836415.1,Respiratory
GCA_003836455.1,Ocular
GCA_003836445.1,Water
GCA_003836465.1,Ocular
GCA_003836565.1,Water
GCA_003836625.1,Gastrointestinal
GCA_003836645.1,Urinary
GCA_003836685.1,Water
GCA_003836725.1,Urinary
GCA_003836745.1,Ear_Nose_Throat
GCA_003836775.1,Bloodstream
GCA_003836805.1,Water
GCA_003836835.1,Water
GCA_003836815.1,CF_Respiratory
GCA_003836865.1,Skin_Soft_Tissue
GCA_003836945.1,Skin_Soft_Tissue
GCA_003836965.1,Skin_Soft_Tissue
GCA_003837005.1,Gastrointestinal
GCA_003837025.1,Skin_Soft_Tissue
GCA_003837045.1,Skin_Soft_Tissue
GCA_003837055.1,CF_Respiratory
GCA_003837085.1,CF_Respiratory
GCA_003837105.1,Skin_Soft_Tissue
GCA_003837125.1,CF_Respiratory
GCA_003837145.1,CF_Respiratory
GCA_003837165.1,CF_Respiratory
GCA_003837185.1,CF_Respiratory
GCA_003837195.1,Ear_Nose_Throat
GCA_003837225.1,CF_Respiratory
GCA_003837265.1,Water
GCA_003837285.1,Respiratory
GCA_003837305.1,Bloodstream
GCA_003837335.1,Skin_Soft_Tissue
GCA_003837325.1,Ear_Nose_Throat
GCA_003837365.1,Ear_Nose_Throat
GCA_003837375.1,Urinary
GCA_003837405.1,Water
GCA_003837415.1,Water
GCA_003837435.1,Skin_Soft_Tissue
GCA_003837485.1,Skin_Soft_Tissue
GCA_003837505.1,Water
GCA_003837525.1,Urinary
GCA_003837535.1,Skin_Soft_Tissue
GCA_003837585.1,CF_Respiratory
GCA_003837625.1,CF_Respiratory
GCA_003837665.1,Medical_Device
GCA_003837675.1,Skin_Soft_Tissue
GCA_003837705.1,CF_Respiratory
GCA_003837725.1,Skin_Soft_Tissue
GCA_003837745.1,Hospital
GCA_003837775.1,Soil
GCA_003837765.1,CF_Respiratory
GCA_003838365.1,CF_Respiratory
GCA_003838405.1,Respiratory
GCA_003838445.1,Respiratory
GCA_003838455.1,CF_Respiratory
GCA_003838485.1,Soil
GCA_003838505.1,CF_Respiratory
GCA_003838525.1,Respiratory
GCA_003838555.1,CF_Respiratory
GCA_003838535.1,Respiratory
GCA_003838585.1,Respiratory
GCA_003838605.1,CF_Respiratory
GCA_003838625.1,Respiratory
GCA_003838665.1,Reproductive
GCA_003838675.1,Respiratory
GCA_003838685.1,Urinary
GCA_003838695.1,Urinary
GCA_003838705.1,Ear_Nose_Throat
GCA_003838765.1,Respiratory
GCA_003838785.1,Ear_Nose_Throat
GCA_003838815.1,Respiratory
GCA_003838805.1,Ear_Nose_Throat
GCA_003838825.1,Ear_Nose_Throat
GCA_003838865.1,Ear_Nose_Throat
GCA_003838895.1,Respiratory
GCA_003838875.1,Respiratory
GCA_003838925.1,Respiratory
GCA_003838935.1,Respiratory
GCA_003838965.1,Respiratory
GCA_003838975.1,Water
GCA_003839005.1,Respiratory
GCA_003839035.1,Ear_Nose_Throat
GCA_003839025.1,Ear_Nose_Throat
GCA_003839085.1,Reproductive
GCA_003839105.1,Skin_Soft_Tissue
GCA_003839125.1,Skin_Soft_Tissue
GCA_003839145.1,Respiratory
GCA_003839165.1,Urinary
GCA_003839175.1,Respiratory
GCA_003839205.1,Ear_Nose_Throat
GCA_003839215.1,Skin_Soft_Tissue
GCA_003839245.1,Respiratory
GCA_003839255.1,Gastrointestinal
GCA_003839285.1,Respiratory
GCA_003839305.1,Respiratory
GCA_003839315.1,Respiratory
GCA_003839345.1,Respiratory
GCA_003839365.1,Water
GCA_003839375.1,Ear_Nose_Throat
GCA_003839405.1,Respiratory
GCA_003839425.1,Water
GCA_003839445.1,Respiratory
GCA_003839465.1,Respiratory
GCA_003839475.1,Water
GCA_003839505.1,Respiratory
GCA_003839525.1,Water
GCA_003839545.1,Ear_Nose_Throat
GCA_003839565.1,Skin_Soft_Tissue
GCA_003839585.1,Ear_Nose_Throat
GCA_003839625.1,Water
GCA_003839665.1,Respiratory
GCA_003839685.1,Respiratory
GCA_003839755.1,Skin_Soft_Tissue
GCA_003839785.1,Skin_Soft_Tissue
GCA_003839845.1,Water
GCA_003839865.1,Ear_Nose_Throat
GCA_003839885.1,Water
GCA_003839915.1,Skin_Soft_Tissue
GCA_003839945.1,Ocular
GCA_003839965.1,Water
GCA_003839995.1,Skin_Soft_Tissue
GCA_003840005.1,Skin_Soft_Tissue
GCA_003839985.1,Skin_Soft_Tissue
GCA_003840055.1,CF_Respiratory
GCA_003840045.1,CF_Respiratory
GCA_003840105.1,Skin_Soft_Tissue
GCA_003840095.1,Respiratory
GCA_003840085.1,CF_Respiratory
GCA_003840145.1,Skin_Soft_Tissue
GCA_003840155.1,Skin_Soft_Tissue
GCA_003840165.1,Urinary
GCA_003840215.1,Urinary
GCA_003840225.1,Reproductive
GCA_003840285.1,Respiratory
GCA_003840305.1,CF_Respiratory
GCA_003840315.1,Ear_Nose_Throat
GCA_003840345.1,CF_Respiratory
GCA_003840365.1,CF_Respiratory
GCA_003840385.1,Respiratory
GCA_003840405.1,CF_Respiratory
GCA_003840425.1,CF_Respiratory
GCA_003840445.1,CF_Respiratory
GCA_003840465.1,Respiratory
GCA_003840475.1,Ear_Nose_Throat
GCA_003840455.1,Urinary
GCA_003840495.1,Respiratory
GCA_003840545.1,Urinary
GCA_003840555.1,Skin_Soft_Tissue
GCA_003840585.1,Respiratory
GCA_003840605.1,Respiratory
GCA_003840625.1,Water
GCA_003840635.1,Urinary
GCA_003840655.1,Gastrointestinal
GCA_003840685.1,Respiratory
GCA_003840715.1,Water
GCA_003840695.1,Gastrointestinal
GCA_003840705.1,Respiratory
GCA_003840755.1,Respiratory
GCA_003840835.1,Respiratory
GCA_003840865.1,Respiratory
GCA_003840885.1,Water
GCA_003840895.1,Respiratory
GCA_003840965.1,Urinary
GCA_003840975.1,Reproductive
GCA_003841005.1,CF_Respiratory
GCA_003841045.1,Skin_Soft_Tissue
GCA_003841055.1,Skin_Soft_Tissue
GCA_003841085.1,Respiratory
GCA_003841095.1,Skin_Soft_Tissue
GCA_003841125.1,CF_Respiratory
GCA_003841145.1,Skin_Soft_Tissue
GCA_003841165.1,Skin_Soft_Tissue
GCA_003841185.1,Skin_Soft_Tissue
GCA_003841205.1,Skin_Soft_Tissue
GCA_003841305.1,Skin_Soft_Tissue
GCA_003841525.1,Skin_Soft_Tissue
GCA_003841515.1,Skin_Soft_Tissue
GCA_003841565.1,Skin_Soft_Tissue
GCA_003841575.1,Skin_Soft_Tissue
GCA_003841625.1,Skin_Soft_Tissue
GCA_003841615.1,Skin_Soft_Tissue
GCA_003841605.1,Medical_Device
GCA_003841645.1,Skin_Soft_Tissue
GCA_003841705.1,Skin_Soft_Tissue
GCA_003841715.1,Skin_Soft_Tissue
GCA_003841745.1,Skin_Soft_Tissue
GCA_003841755.1,Skin_Soft_Tissue
GCA_003841775.1,Skin_Soft_Tissue
GCA_003841805.1,Skin_Soft_Tissue
GCA_003841815.1,Bone_Joint
GCA_003858115.1,CF_Respiratory
GCA_003858125.1,CF_Respiratory
GCA_003858155.1,CF_Respiratory
GCA_003863425.1,CF_Respiratory
GCA_003863485.1,CF_Respiratory
GCA_003863495.1,CF_Respiratory
GCA_003863515.1,CF_Respiratory
GCA_003863555.1,CF_Respiratory
GCA_003863575.1,CF_Respiratory
GCA_003863585.1,CF_Respiratory
GCA_003863605.1,CF_Respiratory
GCA_003863645.1,CF_Respiratory
GCA_003863635.1,CF_Respiratory
GCA_003863685.1,CF_Respiratory
GCA_003863675.1,CF_Respiratory
GCA_003863715.1,CF_Respiratory
GCA_003863725.1,CF_Respiratory
GCA_003863745.1,CF_Respiratory
GCA_003863775.1,CF_Respiratory
GCA_003863785.1,CF_Respiratory
GCA_003863825.1,CF_Respiratory
GCA_003863815.1,CF_Respiratory
GCA_003863855.1,CF_Respiratory
GCA_003863865.1,CF_Respiratory
GCA_003863945.1,CF_Respiratory
GCA_003866475.1,Respiratory
GCA_900618245.1,Hospital
GCA_900618255.1,Hospital
GCA_900618265.1,Hospital
GCA_900618275.1,Hospital
GCA_900618285.1,Hospital
GCA_900618315.1,Hospital
GCA_900618305.1,Hospital
GCA_900618325.1,Hospital
GCA_900618335.1,Hospital
GCA_003933315.1,Bloodstream
GCA_003933495.1,Bloodstream
GCA_003934225.1,Gastrointestinal
GCA_003934215.1,Skin_Soft_Tissue
GCA_003935835.1,Hospital
GCA_003936225.1,Hospital
GCA_003936235.1,Hospital
GCA_003936245.1,Water
GCA_003936295.1,Hospital
GCA_003936255.1,Hospital
GCA_003936325.1,Hospital
GCA_003936385.1,Hospital
GCA_003936835.1,Hospital
GCA_003936865.1,Water
GCA_003936905.1,Hospital
GCA_003936925.1,Hospital
GCA_003936935.1,Water
GCA_003936965.1,Hospital
GCA_003936975.1,Hospital
GCA_003937375.1,Hospital
GCA_003937395.1,Hospital
GCA_003939105.1,Hospital
GCA_003939685.1,Hospital
GCA_003939695.1,Hospital
GCA_003940575.1,Hospital
GCA_003940585.1,Water
GCA_003940625.1,Hospital
GCA_003940635.1,Hospital
GCA_003940665.1,Water
GCA_003940675.1,Water
GCA_003944895.1,Hospital
GCA_003950015.1,Urinary
GCA_003957095.1,Lab_Strain
GCA_003957085.1,Lab_Strain
GCA_003957075.1,Industrial
GCA_003957115.1,Lab_Strain
GCA_003957105.1,Lab_Strain
GCA_003957175.1,Lab_Strain
GCA_003957195.1,Industrial
GCA_003957185.1,Skin_Soft_Tissue
GCA_003957205.1,Lab_Strain
GCA_003957825.1,Respiratory
GCA_900636755.1,Bloodstream
GCA_900636975.1,Urinary
GCA_003968015.1,Bone_Joint
GCA_003968045.1,Skin_Soft_Tissue
GCA_003968035.1,Respiratory
GCA_003968025.1,Urinary
GCA_003968055.1,Urinary
GCA_003968115.1,Respiratory
GCA_003968125.1,Skin_Soft_Tissue
GCA_003968135.1,Urinary
GCA_003968155.1,Skin_Soft_Tissue
GCA_003968215.1,Skin_Soft_Tissue
GCA_003968225.1,Urinary
GCA_003968275.1,Urinary
GCA_003968295.1,Skin_Soft_Tissue
GCA_003968305.1,Urinary
GCA_003968325.1,Respiratory
GCA_003968375.1,Respiratory
GCA_003968425.1,Urinary
GCA_003968445.1,Urinary
GCA_003968495.1,Bloodstream
GCA_003968385.1,Respiratory
GCA_003968525.1,Urinary
GCA_003968565.1,Respiratory
GCA_003968585.1,Skin_Soft_Tissue
GCA_003968395.1,Respiratory
GCA_003968615.1,Urinary
GCA_003968895.1,Urinary
GCA_003968935.1,Respiratory
GCA_003968955.1,Urinary
GCA_003968985.1,Urinary
GCA_003969035.1,Respiratory
GCA_003969055.1,Respiratory
GCA_003969075.1,Skin_Soft_Tissue
GCA_003969065.1,Urinary
GCA_003969095.1,Respiratory
GCA_003969155.1,Skin_Soft_Tissue
GCA_003969175.1,Urinary
GCA_003969255.1,Respiratory
GCA_003969265.1,Skin_Soft_Tissue
GCA_003969315.1,Urinary
GCA_003969305.1,Respiratory
GCA_003969355.1,Respiratory
GCA_003969365.1,Urinary
GCA_003969405.1,Respiratory
GCA_003969415.1,Skin_Soft_Tissue
GCA_003969445.1,Respiratory
GCA_003969485.1,Skin_Soft_Tissue
GCA_003969495.1,Respiratory
GCA_003969565.1,Respiratory
GCA_003969555.1,Urinary
GCA_003969575.1,Respiratory
GCA_003969615.1,Respiratory
GCA_003969635.1,Respiratory
GCA_003969645.1,Respiratory
GCA_003969655.1,Respiratory
GCA_003969695.1,Bloodstream
GCA_003969725.1,Ear_Nose_Throat
GCA_003969715.1,Skin_Soft_Tissue
GCA_003969775.1,Respiratory
GCA_003969795.1,Urinary
GCA_003969855.1,Urinary
GCA_003969875.1,Respiratory
GCA_003969865.1,Urinary
GCA_003969885.1,Respiratory
GCA_003969915.1,Skin_Soft_Tissue
GCA_003969965.1,Skin_Soft_Tissue
GCA_003969955.1,Respiratory
GCA_003970005.1,Bloodstream
GCA_003970055.1,Urinary
GCA_003970065.1,Respiratory
GCA_003970635.1,Respiratory
GCA_003970615.1,Skin_Soft_Tissue
GCA_003970625.1,Skin_Soft_Tissue
GCA_003973815.1,Ear_Nose_Throat
GCA_003973825.1,Respiratory
GCA_003973805.1,Respiratory
GCA_003973905.1,Ear_Nose_Throat
GCA_003973895.1,Ear_Nose_Throat
GCA_003973885.1,Ear_Nose_Throat
GCA_003973925.1,Ear_Nose_Throat
GCA_003973915.1,Ear_Nose_Throat
GCA_003973985.1,Ear_Nose_Throat
GCA_003973995.1,Ear_Nose_Throat
GCA_003974035.1,Ear_Nose_Throat
GCA_003974025.1,Ear_Nose_Throat
GCA_003974055.1,Ear_Nose_Throat
GCA_003974085.1,Ear_Nose_Throat
GCA_003974095.1,Ear_Nose_Throat
GCA_003974115.1,Ear_Nose_Throat
GCA_003974135.1,Ear_Nose_Throat
GCA_003974145.1,Ear_Nose_Throat
GCA_003974185.1,Water
GCA_003974205.1,Ear_Nose_Throat
GCA_003974195.1,Ear_Nose_Throat
GCA_003974245.1,Ear_Nose_Throat
GCA_003974255.1,Ear_Nose_Throat
GCA_003974295.1,Respiratory
GCA_003974335.1,Respiratory
GCA_003974315.1,Respiratory
GCA_003974345.1,Respiratory
GCA_003974385.1,Respiratory
GCA_003974395.1,Ear_Nose_Throat
GCA_003974405.1,Ear_Nose_Throat
GCA_003974425.1,Ear_Nose_Throat
GCA_003974455.1,Ear_Nose_Throat
GCA_003974475.1,Ear_Nose_Throat
GCA_003974495.1,Ear_Nose_Throat
GCA_003974515.1,Ear_Nose_Throat
GCA_003974535.1,Ear_Nose_Throat
GCA_003974565.1,Ear_Nose_Throat
GCA_003974575.1,Ear_Nose_Throat
GCA_003974605.1,Ear_Nose_Throat
GCA_003974615.1,Ear_Nose_Throat
GCA_003974625.1,Ear_Nose_Throat
GCA_003974645.1,Ear_Nose_Throat
GCA_003974685.1,Ear_Nose_Throat
GCA_003974695.1,Ear_Nose_Throat
GCA_003974725.1,Ear_Nose_Throat
GCA_003974715.1,Medical_Device
GCA_003974705.1,Ear_Nose_Throat
GCA_003974785.1,Ear_Nose_Throat
GCA_003974795.1,Ear_Nose_Throat
GCA_003974805.1,Water
GCA_003974825.1,Ear_Nose_Throat
GCA_003974845.1,Ear_Nose_Throat
GCA_003974895.1,Ear_Nose_Throat
GCA_003974885.1,Ear_Nose_Throat
GCA_003974905.1,Water
GCA_003974915.1,Water
GCA_003974945.1,Water
GCA_003974985.1,Water
GCA_003974995.1,Water
GCA_003975005.1,Water
GCA_003975025.1,Water
GCA_003975055.1,Water
GCA_003975095.1,Respiratory
GCA_003975105.1,Ocular
GCA_003975125.1,Respiratory
GCA_003975135.1,Urinary
GCA_003975185.1,Urinary
GCA_003975205.1,Water
GCA_003975225.1,Water
GCA_003975245.1,Water
GCA_003975285.1,Water
GCA_003975305.1,Water
GCA_003975335.1,Water
GCA_003975325.1,Water
GCA_003975315.1,Water
GCA_003975385.1,Water
GCA_003975405.1,Ear_Nose_Throat
GCA_003975425.1,Respiratory
GCA_003975435.1,Ear_Nose_Throat
GCA_003975415.1,Respiratory
GCA_003975485.1,Ear_Nose_Throat
GCA_003975505.1,Respiratory
GCA_003975535.1,Respiratory
GCA_003975555.1,Water
GCA_003975605.1,Water
GCA_003975615.1,Water
GCA_003975665.1,Water
GCA_003975655.1,Water
GCA_003975645.1,Water
GCA_003975765.1,Water
GCA_003975805.1,Ear_Nose_Throat
GCA_003975825.1,Water
GCA_003975845.1,Water
GCA_003975835.1,Water
GCA_003975885.1,Water
GCA_003975905.1,Soil
GCA_003975915.1,Water
GCA_003975955.1,Ear_Nose_Throat
GCA_003975935.1,Respiratory
GCA_003975965.1,Respiratory
GCA_003976005.1,Respiratory
GCA_003976025.1,Respiratory
GCA_003976065.1,Water
GCA_003976075.1,Respiratory
GCA_003976105.1,Water
GCA_003976125.1,Water
GCA_003976135.1,Water
GCA_003976165.1,Water
GCA_003976175.1,Water
GCA_003976185.1,Water
GCA_003976225.1,Respiratory
GCA_003976235.1,Respiratory
GCA_003976265.1,Ear_Nose_Throat
GCA_003976275.1,Respiratory
GCA_003976295.1,Respiratory
GCA_003976325.1,Respiratory
GCA_003976375.1,Respiratory
GCA_003976405.1,Water
GCA_003976425.1,Water
GCA_003976455.1,Water
GCA_003976505.1,Water
GCA_003976495.1,Water
GCA_003976545.1,Water
GCA_003976555.1,Water
GCA_003976565.1,Water
GCA_003976665.1,Water
GCA_003976685.1,Water
GCA_003976645.1,Water
GCA_003976655.1,Water
GCA_003976745.1,Water
GCA_003976765.1,Water
GCA_003976755.1,Water
GCA_003976775.1,Water
GCA_003976805.1,Water
GCA_003976855.1,Water
GCA_003976865.1,Water
GCA_003977535.1,Urinary
GCA_003977895.1,Urinary
GCA_003977935.1,Urinary
GCA_003977995.1,Skin_Soft_Tissue
GCA_003977965.1,Respiratory
GCA_003978035.1,Skin_Soft_Tissue
GCA_024803385.1,Skin_Soft_Tissue
GCA_004000495.1,Skin_Soft_Tissue
GCA_004010895.1,Respiratory
GCA_004053845.1,Respiratory
GCA_004053865.1,Urinary
GCA_004053935.1,Respiratory
GCA_004053945.1,Respiratory
GCA_004053955.1,Respiratory
GCA_004054035.1,Respiratory
GCA_004054045.1,Bone_Joint
GCA_004054065.1,Urinary
GCA_004054095.1,Respiratory
GCA_004102665.1,Skin_Soft_Tissue
GCA_004123345.1,Water
GCA_004123335.1,Water
GCA_004123325.1,Water
GCA_004123415.1,Water
GCA_004123425.1,Water
GCA_004123435.1,Water
GCA_004123445.1,Water
GCA_004123475.1,Water
GCA_004123515.1,Water
GCA_004123525.1,Water
GCA_004123545.1,Water
GCA_004123535.1,Water
GCA_004123565.1,Water
GCA_004123625.1,Water
GCA_004123615.1,Water
GCA_004123635.1,Water
GCA_004146325.1,Urinary
GCA_004152825.1,Urinary
GCA_004152855.1,Urinary
GCA_004193735.1,Ocular
GCA_004213525.1,Urinary
GCA_004346985.1,Respiratory
GCA_004347005.1,Respiratory
GCA_004347025.1,Respiratory
GCA_004347045.1,Respiratory
GCA_004349745.1,Hospital
GCA_004349785.1,Hospital
GCA_004349825.1,Hospital
GCA_004349845.1,Hospital
GCA_004349865.1,Hospital
GCA_004349895.1,Hospital
GCA_004349875.1,Hospital
GCA_004349915.1,Hospital
GCA_004349955.1,Hospital
GCA_004349995.1,Hospital
GCA_004349905.1,Hospital
GCA_004350025.1,Hospital
GCA_004349975.1,Hospital
GCA_004349985.1,Hospital
GCA_004350095.1,Hospital
GCA_004350115.1,Hospital
GCA_004350125.1,Hospital
GCA_004350135.1,Hospital
GCA_004350055.1,Hospital
GCA_004350165.1,Hospital
GCA_004350205.1,Hospital
GCA_004350255.1,Hospital
GCA_004350275.1,Hospital
GCA_004350265.1,Hospital
GCA_004350335.1,Hospital
GCA_004350355.1,Hospital
GCA_004350385.1,Hospital
GCA_004350405.1,Hospital
GCA_004350435.1,Hospital
GCA_004350415.1,Hospital
GCA_004350455.1,Hospital
GCA_004350485.1,Hospital
GCA_004350525.1,Hospital
GCA_004350555.1,Hospital
GCA_004350565.1,Hospital
GCA_004350725.1,Hospital
GCA_004350805.1,Hospital
GCA_004350875.1,Hospital
GCA_004351035.1,Hospital
GCA_004351085.1,Hospital
GCA_004351125.1,Hospital
GCA_004351205.1,Hospital
GCA_004351245.1,Hospital
GCA_004351325.1,Hospital
GCA_004351525.1,Hospital
GCA_004351545.1,Hospital
GCA_004351555.1,Hospital
GCA_004351635.1,Hospital
GCA_004351765.1,Hospital
GCA_004351795.1,Hospital
GCA_004351815.1,Hospital
GCA_004351835.1,Hospital
GCA_004355125.1,Respiratory
GCA_004355145.1,Respiratory
GCA_004369865.1,Respiratory
GCA_004369935.1,Respiratory
GCA_004369915.1,Respiratory
GCA_004369945.1,Respiratory
GCA_004369975.1,Respiratory
GCA_004369995.1,Respiratory
GCA_004370025.1,Respiratory
GCA_004370015.1,Respiratory
GCA_004370045.1,Respiratory
GCA_004370075.1,Respiratory
GCA_004370105.1,Respiratory
GCA_004370095.1,Respiratory
GCA_004370125.1,Respiratory
GCA_004370145.1,Respiratory
GCA_004370185.1,Respiratory
GCA_004370205.1,Respiratory
GCA_004370195.1,Respiratory
GCA_004370235.1,Ear_Nose_Throat
GCA_004370215.1,Ear_Nose_Throat
GCA_004370295.1,Respiratory
GCA_004370285.1,Ear_Nose_Throat
GCA_004370305.1,Ear_Nose_Throat
GCA_004370315.1,Respiratory
GCA_004370345.1,Respiratory
GCA_004370385.1,Respiratory
GCA_004370395.1,Respiratory
GCA_004370405.1,Respiratory
GCA_004370425.1,Respiratory
GCA_004370455.1,Respiratory
GCA_004370435.1,Respiratory
GCA_004370535.1,Respiratory
GCA_004370515.1,Respiratory
GCA_004370525.1,Respiratory
GCA_004370545.1,Respiratory
GCA_004370505.1,Respiratory
GCA_004370605.1,Ear_Nose_Throat
GCA_004370615.1,Ear_Nose_Throat
GCA_004370625.1,Respiratory
GCA_004370635.1,Ear_Nose_Throat
GCA_004370665.1,Ear_Nose_Throat
GCA_004370735.1,Respiratory
GCA_004370705.1,Respiratory
GCA_004370725.1,Respiratory
GCA_004370715.1,Ear_Nose_Throat
GCA_004370775.1,Respiratory
GCA_004370815.1,Respiratory
GCA_004370795.1,Respiratory
GCA_004370835.1,Respiratory
GCA_004370875.1,Respiratory
GCA_004370865.1,Respiratory
GCA_004370885.1,Respiratory
GCA_004370925.1,Respiratory
GCA_004370895.1,Respiratory
GCA_004370975.1,Ear_Nose_Throat
GCA_004370965.1,Respiratory
GCA_004370985.1,Respiratory
GCA_004370995.1,Ear_Nose_Throat
GCA_004371055.1,Ear_Nose_Throat
GCA_004371065.1,Respiratory
GCA_004371075.1,Respiratory
GCA_004371095.1,Respiratory
GCA_004371145.1,Ear_Nose_Throat
GCA_004371155.1,Ear_Nose_Throat
GCA_004371165.1,Ear_Nose_Throat
GCA_004371195.1,Ear_Nose_Throat
GCA_004371225.1,Respiratory
GCA_004371235.1,Respiratory
GCA_004371245.1,Ear_Nose_Throat
GCA_004371275.1,Ear_Nose_Throat
GCA_004371325.1,Respiratory
GCA_004371345.1,Respiratory
GCA_004371335.1,Respiratory
GCA_004371315.1,Ear_Nose_Throat
GCA_004371305.1,Ear_Nose_Throat
GCA_004371405.1,Respiratory
GCA_004371415.1,Respiratory
GCA_004371445.1,Respiratory
GCA_004371435.1,Respiratory
GCA_004371485.1,Respiratory
GCA_004371505.1,Respiratory
GCA_004371525.1,Respiratory
GCA_004371535.1,Respiratory
GCA_004371565.1,Respiratory
GCA_004371575.1,Respiratory
GCA_004371555.1,Respiratory
GCA_004371625.1,Respiratory
GCA_004371645.1,Respiratory
GCA_004371635.1,Respiratory
GCA_004371665.1,Respiratory
GCA_004371705.1,Respiratory
GCA_004371715.1,Respiratory
GCA_004371735.1,Respiratory
GCA_004371755.1,Respiratory
GCA_004371775.1,Respiratory
GCA_004371805.1,Respiratory
GCA_004371825.1,Respiratory
GCA_004371845.1,Respiratory
GCA_004371865.1,Respiratory
GCA_004371855.1,Respiratory
GCA_004371905.1,Respiratory
GCA_004371915.1,Respiratory
GCA_004371955.1,Water
GCA_004371945.1,Respiratory
GCA_004371975.1,Respiratory
GCA_004371965.1,Water
GCA_004372025.1,Respiratory
GCA_004372035.1,Respiratory
GCA_004372045.1,Respiratory
GCA_004372075.1,Respiratory
GCA_004372085.1,Respiratory
GCA_004372125.1,Respiratory
GCA_004372135.1,Respiratory
GCA_004372145.1,Water
GCA_004372185.1,Water
GCA_004372195.1,Water
GCA_004372205.1,Water
GCA_004372235.1,Water
GCA_004372255.1,Water
GCA_004372275.1,Water
GCA_004372295.1,Water
GCA_004372325.1,Water
GCA_004372315.1,Water
GCA_004372345.1,Water
GCA_004372375.1,Water
GCA_004372395.1,Water
GCA_004372415.1,Water
GCA_004372435.1,Water
GCA_004372445.1,Water
GCA_004372485.1,Water
GCA_004372505.1,Water
GCA_004372495.1,Water
GCA_004372525.1,Water
GCA_004372535.1,Water
GCA_004372585.1,Water
GCA_004372595.1,Ear_Nose_Throat
GCA_004372615.1,Ear_Nose_Throat
GCA_004372645.1,Ear_Nose_Throat
GCA_004372635.1,Ear_Nose_Throat
GCA_004372675.1,Water
GCA_004372695.1,Water
GCA_004372725.1,Water
GCA_004372705.1,Water
GCA_004372745.1,Water
GCA_004372775.1,Water
GCA_004372805.1,Water
GCA_004372815.1,Water
GCA_004372825.1,Water
GCA_004372845.1,Ear_Nose_Throat
GCA_004372875.1,Ear_Nose_Throat
GCA_004372905.1,Ear_Nose_Throat
GCA_004372915.1,Ear_Nose_Throat
GCA_004372925.1,Respiratory
GCA_004372935.1,Respiratory
GCA_004372985.1,Respiratory
GCA_004372995.1,Respiratory
GCA_004373015.1,Respiratory
GCA_004373025.1,Respiratory
GCA_004373035.1,Respiratory
GCA_004373075.1,Respiratory
GCA_004373095.1,Respiratory
GCA_004373125.1,Respiratory
GCA_004373135.1,Respiratory
GCA_004373155.1,Respiratory
GCA_004373175.1,Respiratory
GCA_004373195.1,Respiratory
GCA_004373225.1,Respiratory
GCA_004373235.1,Respiratory
GCA_004373255.1,Respiratory
GCA_004373275.1,CF_Respiratory
GCA_004373305.1,Respiratory
GCA_004373315.1,Respiratory
GCA_004373345.1,Respiratory
GCA_004373355.1,Respiratory
GCA_004373365.1,Respiratory
GCA_004373405.1,Respiratory
GCA_004373415.1,Respiratory
GCA_004373425.1,Respiratory
GCA_004373455.1,Respiratory
GCA_004373475.1,Respiratory
GCA_004373505.1,Respiratory
GCA_004373515.1,Respiratory
GCA_004373545.1,Respiratory
GCA_004373575.1,Respiratory
GCA_004373565.1,Respiratory
GCA_004373595.1,Ear_Nose_Throat
GCA_004373585.1,Ear_Nose_Throat
GCA_004373655.1,Respiratory
GCA_004373665.1,Respiratory
GCA_004373675.1,Respiratory
GCA_004373645.1,Respiratory
GCA_004373725.1,Respiratory
GCA_004373745.1,Respiratory
GCA_004373755.1,Respiratory
GCA_004373765.1,Respiratory
GCA_004373795.1,Respiratory
GCA_004373805.1,Respiratory
GCA_004373845.1,Respiratory
GCA_004373865.1,Respiratory
GCA_004373875.1,Respiratory
GCA_004373885.1,Respiratory
GCA_004373915.1,Respiratory
GCA_004373935.1,Respiratory
GCA_004373985.1,Respiratory
GCA_004373965.1,Respiratory
GCA_004373975.1,Respiratory
GCA_004374005.1,Respiratory
GCA_004373995.1,Respiratory
GCA_004374085.1,Respiratory
GCA_004374075.1,Respiratory
GCA_004374095.1,Respiratory
GCA_004374105.1,Respiratory
GCA_004374165.1,Respiratory
GCA_004374175.1,Respiratory
GCA_004374205.1,Respiratory
GCA_004374185.1,Respiratory
GCA_004374195.1,Respiratory
GCA_004374265.1,Respiratory
GCA_004374275.1,Respiratory
GCA_004374295.1,Respiratory
GCA_004374315.1,Respiratory
GCA_004374305.1,Respiratory
GCA_004374365.1,Respiratory
GCA_004374395.1,Respiratory
GCA_004374385.1,Respiratory
GCA_004374405.1,Respiratory
GCA_004374415.1,Respiratory
GCA_004374425.1,Respiratory
GCA_004374515.1,Respiratory
GCA_004374485.1,Respiratory
GCA_004374495.1,Respiratory
GCA_004374505.1,Respiratory
GCA_004374525.1,Respiratory
GCA_004374585.1,Respiratory
GCA_004374605.1,Respiratory
GCA_004374625.1,Respiratory
GCA_004374595.1,Respiratory
GCA_004374615.1,Respiratory
GCA_004374685.1,Respiratory
GCA_004374705.1,Respiratory
GCA_004375075.1,Respiratory
GCA_004375115.1,Respiratory
GCA_004375175.1,Respiratory
GCA_004375165.1,Respiratory
GCA_004375195.1,Respiratory
GCA_004375205.1,Respiratory
GCA_004375185.1,Respiratory
GCA_004375275.1,Respiratory
GCA_004375265.1,Respiratory
GCA_004375285.1,Respiratory
GCA_004375295.1,Respiratory
GCA_004375325.1,Respiratory
GCA_004375365.1,Respiratory
GCA_004375375.1,Respiratory
GCA_004375385.1,Respiratory
GCA_004375405.1,Respiratory
GCA_004375425.1,Respiratory
GCA_004375455.1,Respiratory
GCA_004375475.1,Respiratory
GCA_004375515.1,Respiratory
GCA_004375535.1,Respiratory
GCA_004375495.1,Respiratory
GCA_004375525.1,Respiratory
GCA_004375585.1,Respiratory
GCA_004375595.1,Respiratory
GCA_004375625.1,Respiratory
GCA_004378685.1,Ear_Nose_Throat
GCA_004378695.1,Respiratory
GCA_004378725.1,Respiratory
GCA_004378735.1,CF_Respiratory
GCA_004378745.1,Respiratory
GCA_004378765.1,Water
GCA_004378755.1,Respiratory
GCA_004685005.1,Skin_Soft_Tissue
GCA_004769055.1,Soil
GCA_004790695.1,Skin_Soft_Tissue
GCA_004796065.1,Hospital
GCA_005048525.2,Respiratory
GCA_005154325.1,Water
GCA_005863485.1,Gastrointestinal
GCA_005863495.1,Skin_Soft_Tissue
GCA_005863515.1,Gastrointestinal
GCA_005863555.1,Skin_Soft_Tissue
GCA_005863605.1,Gastrointestinal
GCA_005863585.1,Bloodstream
GCA_005863595.1,Bloodstream
GCA_005863625.1,Bloodstream
GCA_005863615.1,Bloodstream
GCA_005863685.1,Bloodstream
GCA_005863695.1,Bloodstream
GCA_005863735.1,Gastrointestinal
GCA_005863725.1,Bloodstream
GCA_005863765.1,Bloodstream
GCA_005863795.1,Bloodstream
GCA_005863805.1,Bloodstream
GCA_005863835.1,Bloodstream
GCA_005863855.1,Bloodstream
GCA_005863895.1,Bloodstream
GCA_005863885.1,Bloodstream
GCA_005863925.1,Bloodstream
GCA_005863955.1,Bloodstream
GCA_005863945.1,Gastrointestinal
GCA_005863975.1,Bloodstream
GCA_005863995.1,Gastrointestinal
GCA_005864015.1,Bloodstream
GCA_901482505.1,Gastrointestinal
GCA_006364735.1,Lab_Strain
GCA_006364795.1,Water
GCA_006704245.1,Bloodstream
GCA_006704255.1,Respiratory
GCA_006704285.1,Bloodstream
GCA_006704275.1,Respiratory
GCA_006704345.1,Bloodstream
GCA_006704355.1,Respiratory
GCA_006704365.1,Urinary
GCA_006704375.1,Bloodstream
GCA_006704385.1,Bloodstream
GCA_006704445.1,Bloodstream
GCA_006704485.1,Bloodstream
GCA_006704475.1,Urinary
GCA_006704495.1,Urinary
GCA_006704545.1,Bloodstream
GCA_006704575.1,Respiratory
GCA_006704565.1,Respiratory
GCA_006704555.1,Bloodstream
GCA_006704595.2,Respiratory
GCA_006704645.1,Water
GCA_006704665.1,Water
GCA_006704685.1,Water
GCA_006704675.1,Water
GCA_006704695.1,Water
GCA_006704735.1,Water
GCA_006704775.1,Ear_Nose_Throat
GCA_006704785.1,Skin_Soft_Tissue
GCA_006704765.1,Water
GCA_006704795.1,Respiratory
GCA_006704815.1,Bloodstream
GCA_006704875.1,Bloodstream
GCA_006704865.1,Bloodstream
GCA_006704885.1,Bloodstream
GCA_006704895.1,Bloodstream
GCA_006704945.1,Bloodstream
GCA_006704955.1,Bloodstream
GCA_006704985.1,Bloodstream
GCA_006704975.1,Bloodstream
GCA_006704995.1,Bloodstream
GCA_006705045.1,Bloodstream
GCA_006705065.1,Bloodstream
GCA_006705075.1,Bloodstream
GCA_006705085.1,Bloodstream
GCA_006861735.1,Respiratory
GCA_006861745.1,Gastrointestinal
GCA_006864505.1,Respiratory
GCA_006864585.1,Respiratory
GCA_006864645.1,Respiratory
GCA_006864715.1,Respiratory
GCA_006974045.1,Lab_Strain
GCA_007004215.1,Hospital
GCA_007004365.1,Hospital
GCA_007004405.1,Hospital
GCA_007004465.1,Hospital
GCA_007004475.1,Hospital
GCA_007004495.1,Hospital
GCA_007021965.1,Hospital
GCA_007051075.1,Hospital
GCA_007051095.1,Hospital
GCA_007280435.1,Urinary
GCA_007280445.1,Gastrointestinal
GCA_007375485.1,Respiratory
GCA_007375495.1,Respiratory
GCA_007559065.1,Respiratory
GCA_007559085.1,Respiratory
GCA_007559105.1,Gastrointestinal
GCA_007559125.1,Respiratory
GCA_007566955.1,Skin_Soft_Tissue
GCA_007567125.1,Skin_Soft_Tissue
GCA_007567285.1,Skin_Soft_Tissue
GCA_007896855.1,Respiratory
GCA_902387405.1,Gastrointestinal
GCA_008033725.1,Industrial
GCA_008033745.1,Industrial
GCA_008033765.1,Industrial
GCA_008033805.1,Urinary
GCA_008180895.1,Respiratory
GCA_008195485.1,Urinary
GCA_008244575.1,Bloodstream
GCA_008244545.1,Urinary
GCA_008244625.1,Skin_Soft_Tissue
GCA_008244635.1,Medical_Device
GCA_008245185.1,Respiratory
GCA_008386455.1,Respiratory
GCA_008632775.1,Skin_Soft_Tissue
GCA_008693305.1,Water
GCA_008705235.1,Respiratory
GCA_902201705.1,Respiratory
GCA_902201715.1,Ear_Nose_Throat
GCA_902201725.1,Gastrointestinal
GCA_902201735.1,Respiratory
GCA_902201745.1,Gastrointestinal
GCA_902201795.1,Ear_Nose_Throat
GCA_902201855.1,Gastrointestinal
GCA_902201875.1,Ear_Nose_Throat
GCA_902201895.1,Ear_Nose_Throat
GCA_902201885.1,Gastrointestinal
GCA_902201755.1,Respiratory
GCA_902201835.1,Gastrointestinal
GCA_902201815.1,Gastrointestinal
GCA_902201775.1,Respiratory
GCA_902201765.1,Respiratory
GCA_902201865.1,Gastrointestinal
GCA_902201805.1,Ear_Nose_Throat
GCA_902201785.1,Respiratory
GCA_902201845.1,Ear_Nose_Throat
GCA_902201825.1,Gastrointestinal
GCA_902201905.1,Respiratory
GCA_902201915.1,Ear_Nose_Throat
GCA_902201925.1,Ear_Nose_Throat
GCA_902201955.1,Gastrointestinal
GCA_902201935.1,Respiratory
GCA_902201965.1,Ear_Nose_Throat
GCA_902201975.1,Gastrointestinal
GCA_902201945.1,Respiratory
GCA_902202035.1,Gastrointestinal
GCA_902201995.1,Gastrointestinal
GCA_902201985.1,Urinary
GCA_902202065.1,Ear_Nose_Throat
GCA_902202015.1,Gastrointestinal
GCA_902202055.1,Ear_Nose_Throat
GCA_902202045.1,Water
GCA_902202025.1,Gastrointestinal
GCA_902202085.1,Ear_Nose_Throat
GCA_902202075.1,Respiratory
GCA_902202095.1,Ear_Nose_Throat
GCA_902202105.1,Gastrointestinal
GCA_902202115.1,Urinary
GCA_902202175.1,Gastrointestinal
GCA_902202135.1,Gastrointestinal
GCA_902202225.1,Gastrointestinal
GCA_902202195.1,Ear_Nose_Throat
GCA_902202215.1,Ear_Nose_Throat
GCA_902202185.1,Ear_Nose_Throat
GCA_902202155.1,Respiratory
GCA_902202145.1,Respiratory
GCA_902202125.1,Gastrointestinal
GCA_902202165.1,Ear_Nose_Throat
GCA_902202205.1,Ear_Nose_Throat
GCA_902202255.1,Gastrointestinal
GCA_902202235.1,Gastrointestinal
GCA_902202245.1,Gastrointestinal
GCA_902202265.1,Ear_Nose_Throat
GCA_902202285.1,Skin_Soft_Tissue
GCA_902202295.1,Gastrointestinal
GCA_902202275.1,Ear_Nose_Throat
GCA_902202315.1,Ear_Nose_Throat
GCA_902202305.1,Ear_Nose_Throat
GCA_902202375.1,Gastrointestinal
GCA_902202395.1,Respiratory
GCA_902202415.1,Respiratory
GCA_902202365.1,Ear_Nose_Throat
GCA_902202345.1,Gastrointestinal
GCA_902202405.1,Ear_Nose_Throat
GCA_902202335.1,Ear_Nose_Throat
GCA_902202355.1,Gastrointestinal
GCA_902202325.1,Gastrointestinal
GCA_902202385.1,Ear_Nose_Throat
GCA_902202455.1,Ear_Nose_Throat
GCA_902202425.1,Ear_Nose_Throat
GCA_902202435.1,Gastrointestinal
GCA_902202445.1,Gastrointestinal
GCA_902202475.1,Gastrointestinal
GCA_902202465.1,Ear_Nose_Throat
GCA_902202485.1,Ear_Nose_Throat
GCA_902202495.1,Ear_Nose_Throat
GCA_902202515.1,Respiratory
GCA_902202505.1,Gastrointestinal
GCA_902202525.1,Gastrointestinal
GCA_902202535.1,Ear_Nose_Throat
GCA_902202545.1,Gastrointestinal
GCA_902202555.1,Gastrointestinal
GCA_902202565.1,Respiratory
GCA_902202575.1,Ear_Nose_Throat
GCA_902202635.1,Gastrointestinal
GCA_902202615.1,Ear_Nose_Throat
GCA_902202595.1,Gastrointestinal
GCA_902202605.1,Gastrointestinal
GCA_902202625.1,Urinary
GCA_902202585.1,Gastrointestinal
GCA_902202675.1,Ear_Nose_Throat
GCA_902202665.1,Gastrointestinal
GCA_902202645.1,Respiratory
GCA_902202655.1,Respiratory
GCA_902202685.1,Respiratory
GCA_902202695.1,Gastrointestinal
GCA_902202705.1,Respiratory
GCA_902202725.1,Ear_Nose_Throat
GCA_902202715.1,Gastrointestinal
GCA_902202735.1,Ear_Nose_Throat
GCA_902202865.1,Ear_Nose_Throat
GCA_902202845.1,Ear_Nose_Throat
GCA_902202815.1,Gastrointestinal
GCA_902202895.1,Ear_Nose_Throat
GCA_902202925.1,Gastrointestinal
GCA_902202915.1,Ear_Nose_Throat
GCA_902202935.1,Respiratory
GCA_902202905.1,Respiratory
GCA_902202965.1,Ear_Nose_Throat
GCA_902202985.1,Respiratory
GCA_902203035.1,Gastrointestinal
GCA_902202955.1,Ear_Nose_Throat
GCA_902202975.1,Ear_Nose_Throat
GCA_902202995.1,Ear_Nose_Throat
GCA_902203005.1,Ear_Nose_Throat
GCA_902203015.1,Gastrointestinal
GCA_902203075.1,Ear_Nose_Throat
GCA_902203085.1,Ear_Nose_Throat
GCA_902203105.1,Respiratory
GCA_902203095.1,Skin_Soft_Tissue
GCA_902203115.1,Bloodstream
GCA_902203125.1,Ear_Nose_Throat
GCA_902203135.1,Respiratory
GCA_902203145.1,Gastrointestinal
GCA_902203155.1,Gastrointestinal
GCA_902203165.1,Gastrointestinal
GCA_902203175.1,Bloodstream
GCA_902203205.1,Gastrointestinal
GCA_902203185.1,Ear_Nose_Throat
GCA_902203215.1,Ear_Nose_Throat
GCA_902203195.1,Ear_Nose_Throat
GCA_902203225.1,Gastrointestinal
GCA_902203235.1,Bloodstream
GCA_902203245.1,Ear_Nose_Throat
GCA_902203255.1,Gastrointestinal
GCA_902203275.1,Gastrointestinal
GCA_902203265.1,Gastrointestinal
GCA_902203295.1,Gastrointestinal
GCA_902203285.1,Ear_Nose_Throat
GCA_902203305.1,Respiratory
GCA_902203315.1,Ear_Nose_Throat
GCA_902203325.1,Ear_Nose_Throat
GCA_902203345.1,Ear_Nose_Throat
GCA_902203355.1,Gastrointestinal
GCA_902203365.1,Gastrointestinal
GCA_902203375.1,Ear_Nose_Throat
GCA_902203385.1,Ear_Nose_Throat
GCA_902203395.1,Gastrointestinal
GCA_902203405.1,Ear_Nose_Throat
GCA_902203425.1,Gastrointestinal
GCA_902203415.1,Gastrointestinal
GCA_902203435.1,Respiratory
GCA_902203455.1,Gastrointestinal
GCA_902203475.1,Respiratory
GCA_902203585.1,Gastrointestinal
GCA_902203595.1,Gastrointestinal
GCA_902203605.1,Skin_Soft_Tissue
GCA_902203615.1,Gastrointestinal
GCA_902203625.1,Respiratory
GCA_902203635.1,Urinary
GCA_902203645.1,Ear_Nose_Throat
GCA_902203655.1,Gastrointestinal
GCA_902203665.1,Ear_Nose_Throat
GCA_902203675.1,Ear_Nose_Throat
GCA_902203685.1,Ear_Nose_Throat
GCA_902203695.1,Respiratory
GCA_902203705.1,Ear_Nose_Throat
GCA_902203715.1,Ear_Nose_Throat
GCA_902203725.1,Gastrointestinal
GCA_902203735.1,Gastrointestinal
GCA_902203755.1,Respiratory
GCA_902203745.1,Respiratory
GCA_902203765.1,Urinary
GCA_902203775.1,Ear_Nose_Throat
GCA_902203785.1,Skin_Soft_Tissue
GCA_902203795.1,Respiratory
GCA_902203805.1,Ear_Nose_Throat
GCA_902203815.1,Gastrointestinal
GCA_902203825.1,Ear_Nose_Throat
GCA_902203835.1,Gastrointestinal
GCA_902203845.1,Ear_Nose_Throat
GCA_902203855.1,Ear_Nose_Throat
GCA_902203865.1,Urinary
GCA_902203875.1,Gastrointestinal
GCA_902203885.1,Gastrointestinal
GCA_902203895.1,Ear_Nose_Throat
GCA_902203905.1,Ear_Nose_Throat
GCA_902203915.1,Gastrointestinal
GCA_902203925.1,Gastrointestinal
GCA_902203935.1,Respiratory
GCA_902203945.1,Skin_Soft_Tissue
GCA_902203955.1,Ear_Nose_Throat
GCA_902203975.1,Ear_Nose_Throat
GCA_902203985.1,Respiratory
GCA_902203995.1,Respiratory
GCA_902204005.1,Ear_Nose_Throat
GCA_902204015.1,Ear_Nose_Throat
GCA_902204025.1,Ear_Nose_Throat
GCA_902204035.1,Ear_Nose_Throat
GCA_902204055.1,Gastrointestinal
GCA_902204045.1,Respiratory
GCA_902204065.1,Gastrointestinal
GCA_902204075.1,Respiratory
GCA_902204085.1,Bloodstream
GCA_902204105.1,Bloodstream
GCA_902204095.1,Bloodstream
GCA_902204115.1,Ear_Nose_Throat
GCA_902204125.1,Ear_Nose_Throat
GCA_902204135.1,Ear_Nose_Throat
GCA_902204165.1,Ear_Nose_Throat
GCA_902204155.1,Respiratory
GCA_902203025.1,Ear_Nose_Throat
GCA_902202945.1,Gastrointestinal
GCA_902203045.1,Gastrointestinal
GCA_902203055.1,Respiratory
GCA_902203065.1,Gastrointestinal
GCA_008843065.1,Respiratory
GCA_008843075.1,Respiratory
GCA_008843095.1,Respiratory
GCA_008843085.1,Respiratory
GCA_021708635.1,Skin_Soft_Tissue
GCA_021708655.1,Respiratory
GCA_009648875.1,Crop
GCA_009650455.1,Respiratory
GCA_009650545.1,Respiratory
GCA_009662315.1,Respiratory
GCA_009664165.1,Urinary
GCA_009676765.1,Respiratory
GCA_009676785.1,Respiratory
GCA_009676885.1,Soil
GCA_009720405.1,Respiratory
GCA_009720425.1,Respiratory
GCA_009727135.1,Ocular
GCA_009727125.1,Ocular
GCA_009727165.1,Ocular
GCA_009727225.1,Ocular
GCA_009727245.1,Ocular
GCA_009727235.1,Ocular
GCA_009727285.1,Ocular
GCA_009727325.1,Ocular
GCA_009727335.1,Ocular
GCA_009727345.1,Ocular
GCA_009727385.1,Ocular
GCA_009727395.1,Ocular
GCA_009727405.1,Ocular
GCA_009727425.1,Ocular
GCA_009727465.1,Ocular
GCA_009727485.1,Ocular
GCA_009727515.1,Ocular
GCA_009727505.1,Ocular
GCA_009727535.1,Ocular
GCA_009725015.1,Urinary
GCA_021708595.1,Respiratory
GCA_009807255.1,Urinary
GCA_009807295.1,Reproductive
GCA_009807265.1,Urinary
GCA_009807275.1,Reproductive
GCA_009807285.1,Urinary
GCA_009807395.1,Urinary
GCA_009807545.1,Urinary
GCA_009807535.1,Reproductive
GCA_009807515.1,Urinary
GCA_009807525.1,Urinary
GCA_009807555.1,Urinary
GCA_009807625.1,Urinary
GCA_009830175.1,Respiratory
GCA_009830185.1,Respiratory
GCA_009830215.1,Respiratory
GCA_009830205.1,Respiratory
GCA_009830195.1,Respiratory
GCA_009830275.1,Respiratory
GCA_009833435.1,Soil
GCA_009857765.1,Bloodstream
GCA_009887625.1,Skin_Soft_Tissue
GCA_009887645.1,Skin_Soft_Tissue
GCA_009887695.1,Skin_Soft_Tissue
GCA_009887705.1,Skin_Soft_Tissue
GCA_009887715.1,Skin_Soft_Tissue
GCA_009887745.1,Skin_Soft_Tissue
GCA_009887995.1,Skin_Soft_Tissue
GCA_009901795.1,Gastrointestinal
GCA_009905195.1,CF_Respiratory
GCA_009911735.1,Soil
GCA_009925095.1,Respiratory
GCA_021708575.1,Urinary
GCA_021708555.1,Urinary
GCA_021708495.1,Urinary
GCA_021708435.1,Urinary
GCA_021708395.1,Urinary
GCA_021708215.1,Urinary
GCA_021708175.1,Urinary
GCA_021708155.1,Urinary
GCA_009939155.1,Gastrointestinal
GCA_010586855.1,Respiratory
GCA_010586885.1,Respiratory
GCA_010586965.1,Respiratory
GCA_010587075.1,Respiratory
GCA_010587165.1,Respiratory
GCA_010587215.1,Respiratory
GCA_010587245.1,Respiratory
GCA_010587325.1,Respiratory
GCA_010587335.1,Respiratory
GCA_010587365.1,Respiratory
GCA_010587405.1,Respiratory
GCA_010587425.1,Respiratory
GCA_010587465.1,Respiratory
GCA_010587475.1,Respiratory
GCA_010587565.1,Respiratory
GCA_010587595.1,Respiratory
GCA_010587655.1,Respiratory
GCA_010587665.1,Respiratory
GCA_010587695.1,Respiratory
GCA_010587725.1,Respiratory
GCA_010587745.1,Respiratory
GCA_010587765.1,Respiratory
GCA_010587845.1,Respiratory
GCA_010587855.1,Respiratory
GCA_010587865.1,Respiratory
GCA_010587905.1,Respiratory
GCA_010587935.1,Respiratory
GCA_010587985.1,Respiratory
GCA_010587995.1,Respiratory
GCA_010588025.1,Respiratory
GCA_010588045.1,Respiratory
GCA_010604275.1,Respiratory
GCA_010604325.1,Respiratory
GCA_010604365.1,Respiratory
GCA_010604385.1,Respiratory
GCA_010604405.1,Respiratory
GCA_010604465.1,Respiratory
GCA_010604495.1,Respiratory
GCA_010604595.1,Respiratory
GCA_010604625.1,Respiratory
GCA_010604645.1,Respiratory
GCA_010604735.1,Respiratory
GCA_010604765.1,Respiratory
GCA_010604805.1,Respiratory
GCA_010604835.1,Respiratory
GCA_010604885.1,Respiratory
GCA_010604895.1,Respiratory
GCA_010604905.1,Respiratory
GCA_010604985.1,Respiratory
GCA_010605015.1,Respiratory
GCA_010605025.1,Respiratory
GCA_010605145.1,Respiratory
GCA_010605215.1,Respiratory
GCA_010605255.1,Respiratory
GCA_010605245.1,Respiratory
GCA_010605295.1,Respiratory
GCA_010605325.1,Respiratory
GCA_010605345.1,Respiratory
GCA_010605355.1,Respiratory
GCA_010605385.1,Respiratory
GCA_010605395.1,Respiratory
GCA_010605405.1,Respiratory
GCA_010607415.1,Respiratory
GCA_010607425.1,Respiratory
GCA_010607505.1,Respiratory
GCA_010607515.1,Respiratory
GCA_010607545.1,Respiratory
GCA_010607555.1,Respiratory
GCA_010607625.1,Respiratory
GCA_010607655.1,Respiratory
GCA_010607725.1,Respiratory
GCA_010607755.1,Respiratory
GCA_010607805.1,Respiratory
GCA_010607865.1,Respiratory
GCA_010607875.1,Respiratory
GCA_010607905.1,Respiratory
GCA_010607925.1,Respiratory
GCA_010607975.1,Respiratory
GCA_010608005.1,Respiratory
GCA_010608075.1,Respiratory
GCA_010608065.1,Respiratory
GCA_010608085.1,Respiratory
GCA_010608165.1,Respiratory
GCA_010608175.1,Respiratory
GCA_010608195.1,Respiratory
GCA_010608225.1,Respiratory
GCA_010608205.1,Respiratory
GCA_010608265.1,Respiratory
GCA_010608285.1,Respiratory
GCA_010608295.1,Respiratory
GCA_010608275.1,Respiratory
GCA_010608385.1,Respiratory
GCA_010608425.1,Respiratory
GCA_010608465.1,Respiratory
GCA_010608475.1,Respiratory
GCA_010608495.1,Respiratory
GCA_010608515.1,Respiratory
GCA_010608525.1,Respiratory
GCA_010608585.1,Respiratory
GCA_010608575.1,Respiratory
GCA_010608605.1,Respiratory
GCA_010608675.1,Respiratory
GCA_010608705.1,Respiratory
GCA_010608725.1,Respiratory
GCA_010608735.1,Respiratory
GCA_010608765.1,Respiratory
GCA_010608785.1,Respiratory
GCA_010608835.1,Respiratory
GCA_010608945.1,Respiratory
GCA_010608965.1,Respiratory
GCA_010608985.1,Respiratory
GCA_010609025.1,Respiratory
GCA_010609045.1,Respiratory
GCA_010609065.1,Respiratory
GCA_010609105.1,Respiratory
GCA_010609125.1,Respiratory
GCA_010609145.1,Respiratory
GCA_010609155.1,Respiratory
GCA_010609195.1,Respiratory
GCA_010609265.1,Respiratory
GCA_010609255.1,Respiratory
GCA_010609315.1,Respiratory
GCA_010609305.1,Respiratory
GCA_010609365.1,Respiratory
GCA_010609375.1,Respiratory
GCA_010609405.1,Respiratory
GCA_010609415.1,Respiratory
GCA_010609515.1,Respiratory
GCA_010609505.1,Respiratory
GCA_010609545.1,Respiratory
GCA_010609565.1,Respiratory
GCA_010609585.1,Respiratory
GCA_010609595.1,Respiratory
GCA_010612425.1,Respiratory
GCA_010612485.1,Respiratory
GCA_010612535.1,Respiratory
GCA_032195185.2,Skin_Soft_Tissue
GCA_011466835.1,Respiratory
GCA_032997625.3,Bloodstream
GCA_032997605.3,Respiratory
GCA_032195105.3,Respiratory
GCA_011634585.1,Hospital
GCA_011682995.1,Respiratory
GCA_011683035.1,Respiratory
GCA_011683045.1,Respiratory
GCA_011683055.1,Respiratory
GCA_011683115.1,Respiratory
GCA_902807105.1,Hospital
GCA_902807215.1,Hospital
GCA_902633065.1,Gastrointestinal
GCA_902633025.1,Gastrointestinal
GCA_902633005.1,Ear_Nose_Throat
GCA_902633055.1,Ear_Nose_Throat
GCA_902632995.1,Ear_Nose_Throat
GCA_902633045.1,Ear_Nose_Throat
GCA_902633015.1,Ear_Nose_Throat
GCA_902633035.1,Ear_Nose_Throat
GCA_902633075.1,Gastrointestinal
GCA_011947185.1,Respiratory
GCA_012102115.1,Urinary
GCA_012102135.1,Urinary
GCA_012102225.1,Urinary
GCA_012102215.1,Urinary
GCA_012276675.1,Respiratory
GCA_021706075.4,Gastrointestinal
GCA_021706055.4,Skin_Soft_Tissue
GCA_021706035.4,Urinary
GCA_021706015.1,Gastrointestinal
GCA_021705995.4,Skin_Soft_Tissue
GCA_021705975.4,Urinary
GCA_021705955.4,Urinary
GCA_021705935.4,Respiratory
GCA_021705915.4,Urinary
GCA_021705895.4,Skin_Soft_Tissue
GCA_012935295.1,Respiratory
GCA_021705855.1,Urinary
GCA_021705795.4,Urinary
GCA_025073155.1,Respiratory
GCA_021705775.1,Skin_Soft_Tissue
GCA_021705735.4,Respiratory
GCA_021705755.4,Urinary
GCA_021705695.1,Skin_Soft_Tissue
GCA_021705675.1,Urinary
GCA_021705635.4,Respiratory
GCA_021705615.4,Urinary
GCA_013114915.1,Respiratory
GCA_013114935.1,Respiratory
GCA_013114955.1,Respiratory
GCA_013114995.1,Respiratory
GCA_013115035.1,Respiratory
GCA_013115025.1,Respiratory
GCA_013115015.1,Respiratory
GCA_013115045.1,Respiratory
GCA_013115095.1,Respiratory
GCA_013115215.1,Respiratory
GCA_013115225.1,Respiratory
GCA_013115265.1,Respiratory
GCA_013115295.1,Respiratory
GCA_013115325.1,Respiratory
GCA_013115355.1,Respiratory
GCA_013115365.1,Respiratory
GCA_013115375.1,Respiratory
GCA_013115385.1,Respiratory
GCA_013115465.1,Respiratory
GCA_013115455.1,Respiratory
GCA_013115475.1,Respiratory
GCA_013115555.1,Respiratory
GCA_013115565.1,Respiratory
GCA_013115595.1,Respiratory
GCA_013115625.1,Respiratory
GCA_013115615.1,Respiratory
GCA_013115655.1,Respiratory
GCA_013115675.1,Respiratory
GCA_013115695.1,Respiratory
GCA_013115705.1,Respiratory
GCA_013115725.1,Respiratory
GCA_013115765.1,Respiratory
GCA_013115755.1,Respiratory
GCA_013115795.1,Respiratory
GCA_013115805.1,Respiratory
GCA_013122735.1,Bloodstream
GCA_013169135.1,Gastrointestinal
GCA_013169175.1,Gastrointestinal
GCA_013169215.1,Bone_Joint
GCA_013169255.1,Gastrointestinal
GCA_013169245.1,Urinary
GCA_013169265.1,Bone_Joint
GCA_013169325.1,Gastrointestinal
GCA_013169355.1,Bone_Joint
GCA_013169385.1,Respiratory
GCA_013169415.1,Gastrointestinal
GCA_013169425.1,Bloodstream
GCA_013176945.1,Bloodstream
GCA_013176935.1,Bloodstream
GCA_013176985.1,Bloodstream
GCA_013176995.1,Bloodstream
GCA_013176975.1,Bloodstream
GCA_013177035.1,Bloodstream
GCA_013177055.1,Bloodstream
GCA_013177065.1,Bloodstream
GCA_013177095.1,Bloodstream
GCA_013177105.1,Bloodstream
GCA_013177135.1,Bloodstream
GCA_013177155.1,Bloodstream
GCA_013177195.1,Bloodstream
GCA_013177205.1,Bloodstream
GCA_021705595.1,Bloodstream
GCA_021705555.1,Medical_Device
GCA_021705535.1,Domestic
GCA_021705495.1,Urinary
GCA_021705455.1,Bloodstream
GCA_013178435.1,Bloodstream
GCA_013178425.1,Bloodstream
GCA_013178475.1,Bloodstream
GCA_013178495.1,Bloodstream
GCA_013178505.1,Bloodstream
GCA_013178535.1,Bloodstream
GCA_013178515.1,Bloodstream
GCA_013178575.1,Bloodstream
GCA_013178595.1,Bloodstream
GCA_013178605.1,Bloodstream
GCA_013178635.1,Bloodstream
GCA_013178655.1,Bloodstream
GCA_013178665.1,Bloodstream
GCA_013178685.1,Bloodstream
GCA_013178705.1,Bloodstream
GCA_013178735.1,Bloodstream
GCA_013178745.1,Bloodstream
GCA_013178765.1,Bloodstream
GCA_013178785.1,Bloodstream
GCA_013178815.1,Bloodstream
GCA_013178835.1,Bloodstream
GCA_013178845.1,Bloodstream
GCA_013178875.1,Bloodstream
GCA_013178895.1,Bloodstream
GCA_013201015.1,Ear_Nose_Throat
GCA_013201095.1,Bloodstream
GCA_013201115.1,Bloodstream
GCA_021705475.1,Respiratory
GCA_021705435.1,Respiratory
GCA_021705415.1,Respiratory
GCA_021705395.1,Respiratory
GCA_021705355.1,Respiratory
GCA_021705375.1,Respiratory
GCA_021705315.1,Respiratory
GCA_021705335.1,Respiratory
GCA_021705295.1,Respiratory
GCA_021705275.1,Respiratory
GCA_021705255.1,Respiratory
GCA_021705235.1,Respiratory
GCA_021705195.1,Respiratory
GCA_021705215.1,Respiratory
GCA_021705155.1,Respiratory
GCA_021705175.1,Respiratory
GCA_021705135.1,Respiratory
GCA_021705095.1,Respiratory
GCA_021705115.1,Respiratory
GCA_021705075.1,Respiratory
GCA_021705055.1,Respiratory
GCA_021705035.1,Respiratory
GCA_021705015.1,Respiratory
GCA_021704995.1,Respiratory
GCA_021704975.1,Respiratory
GCA_021704935.1,Respiratory
GCA_021704915.1,Respiratory
GCA_021704435.1,Respiratory
GCA_021704395.1,Respiratory
GCA_021704375.1,Respiratory
GCA_021704355.1,Respiratory
GCA_021704315.1,Respiratory
GCA_021704295.1,Respiratory
GCA_021704335.1,Respiratory
GCA_021704275.1,Respiratory
GCA_021704255.1,Respiratory
GCA_021704235.1,Respiratory
GCA_021704195.1,Respiratory
GCA_021704215.1,Respiratory
GCA_021704175.1,Respiratory
GCA_021704155.1,Respiratory
GCA_021704115.1,Respiratory
GCA_021704095.1,Respiratory
GCA_021704135.1,Respiratory
GCA_021704075.1,Respiratory
GCA_021703615.1,Respiratory
GCA_021703655.1,Respiratory
GCA_021703595.1,Respiratory
GCA_021703565.1,Respiratory
GCA_021703555.1,Respiratory
GCA_021703535.1,Respiratory
GCA_021703515.1,Respiratory
GCA_021703495.1,Respiratory
GCA_021701635.1,Respiratory
GCA_021701615.1,Respiratory
GCA_021701595.1,Respiratory
GCA_021701555.1,Respiratory
GCA_021701575.1,Respiratory
GCA_021701535.1,Respiratory
GCA_021701515.1,Respiratory
GCA_021701475.1,Respiratory
GCA_021701495.1,Respiratory
GCA_021701455.1,Respiratory
GCA_021701415.1,Respiratory
GCA_021701435.1,Respiratory
GCA_021701395.1,Respiratory
GCA_021701355.1,Respiratory
GCA_021701375.1,Respiratory
GCA_021701335.1,Respiratory
GCA_021701315.1,Respiratory
GCA_021700595.1,Respiratory
GCA_021700615.1,Respiratory
GCA_021700635.1,Respiratory
GCA_021700575.1,Respiratory
GCA_021700555.1,Respiratory
GCA_021700535.1,Respiratory
GCA_021700515.1,Respiratory
GCA_021700495.1,Respiratory
GCA_021700475.1,Respiratory
GCA_021700455.1,Respiratory
GCA_021700435.1,Respiratory
GCA_021700395.1,Respiratory
GCA_021700415.1,Respiratory
GCA_021700375.1,Respiratory
GCA_021700335.1,Respiratory
GCA_021700355.1,Respiratory
GCA_021700295.1,Respiratory
GCA_021700315.1,Respiratory
GCA_021700275.1,Respiratory
GCA_021700255.1,Respiratory
GCA_021700235.1,Respiratory
GCA_021700215.1,Respiratory
GCA_021700175.1,Respiratory
GCA_021700155.1,Respiratory
GCA_021700195.1,Respiratory
GCA_021700135.1,Respiratory
GCA_021700095.1,Respiratory
GCA_021700115.1,Respiratory
GCA_021700055.1,Respiratory
GCA_021700075.1,Respiratory
GCA_021700035.1,Respiratory
GCA_021699615.1,Respiratory
GCA_021699595.1,Respiratory
GCA_021699555.1,Respiratory
GCA_021699515.1,Respiratory
GCA_021699575.1,Respiratory
GCA_021699495.1,Respiratory
GCA_021699535.1,Respiratory
GCA_021699435.1,Respiratory
GCA_021699475.1,Respiratory
GCA_021699455.1,Respiratory
GCA_021699415.1,Respiratory
GCA_021699395.1,Respiratory
GCA_021699375.1,Respiratory
GCA_021699295.1,Respiratory
GCA_021699315.1,Respiratory
GCA_021699335.1,Respiratory
GCA_021699355.1,Respiratory
GCA_021699275.1,Respiratory
GCA_021699255.1,Respiratory
GCA_021699225.1,Respiratory
GCA_021699175.1,Respiratory
GCA_021699205.1,Respiratory
GCA_021699135.1,Respiratory
GCA_021699115.1,Respiratory
GCA_021699155.1,Respiratory
GCA_021699065.1,Respiratory
GCA_021699085.1,Respiratory
GCA_021698955.1,Respiratory
GCA_021698915.1,Respiratory
GCA_021698935.1,Respiratory
GCA_021698175.1,Respiratory
GCA_021698115.1,Respiratory
GCA_021698135.1,Respiratory
GCA_021698885.1,Respiratory
GCA_021698095.1,Respiratory
GCA_021698155.1,Respiratory
GCA_021698025.1,Respiratory
GCA_021697935.1,Respiratory
GCA_021697975.1,Respiratory
GCA_021697915.1,Respiratory
GCA_021697895.1,Respiratory
GCA_021697785.1,Respiratory
GCA_021697755.1,Respiratory
GCA_021697735.1,Respiratory
GCA_021697695.1,Respiratory
GCA_021697655.1,Respiratory
GCA_021697575.1,Respiratory
GCA_021697535.1,Respiratory
GCA_021697555.1,Respiratory
GCA_021697515.1,Respiratory
GCA_021697415.1,Respiratory
GCA_021697375.1,Respiratory
GCA_021697335.1,Respiratory
GCA_021697355.1,Respiratory
GCA_021697205.1,Respiratory
GCA_021697155.1,Respiratory
GCA_021697125.1,Respiratory
GCA_021697255.1,Respiratory
GCA_021697185.1,Respiratory
GCA_021697055.1,Respiratory
GCA_021697015.1,Respiratory
GCA_021696965.1,Respiratory
GCA_021696905.1,Respiratory
GCA_021696855.1,Respiratory
GCA_021696835.1,Respiratory
GCA_021696795.1,Respiratory
GCA_021696775.1,Respiratory
GCA_021696815.1,Respiratory
GCA_021696755.1,Respiratory
GCA_021696735.1,Respiratory
GCA_021696485.1,Respiratory
GCA_021696475.1,Respiratory
GCA_021696435.1,Respiratory
GCA_021696455.1,Respiratory
GCA_021696415.1,Respiratory
GCA_021696395.1,Respiratory
GCA_021696355.1,Respiratory
GCA_021696375.1,Respiratory
GCA_021696335.1,Respiratory
GCA_021696295.1,Respiratory
GCA_021696315.1,Respiratory
GCA_021696235.1,Respiratory
GCA_021696265.1,Respiratory
GCA_021696255.1,Respiratory
GCA_021696215.1,Respiratory
GCA_021696175.1,Respiratory
GCA_021696155.1,Respiratory
GCA_021696195.1,Respiratory
GCA_021696135.1,Respiratory
GCA_021696115.1,Respiratory
GCA_021696075.1,Respiratory
GCA_021696095.1,Respiratory
GCA_021696055.1,Respiratory
GCA_021696035.1,Respiratory
GCA_021696015.1,Respiratory
GCA_021695995.1,Respiratory
GCA_021695975.1,Respiratory
GCA_021695955.1,Respiratory
GCA_021695935.1,Respiratory
GCA_021695895.1,Respiratory
GCA_021695875.1,Respiratory
GCA_021695915.1,Respiratory
GCA_021695855.1,Respiratory
GCA_021695835.1,Respiratory
GCA_021695795.1,Respiratory
GCA_021695815.1,Respiratory
GCA_021695775.1,Respiratory
GCA_021695755.1,Respiratory
GCA_021695735.1,Respiratory
GCA_021695715.1,Respiratory
GCA_021695675.1,Respiratory
GCA_021695695.1,Respiratory
GCA_021695655.1,Respiratory
GCA_021695635.1,Respiratory
GCA_021695615.1,Respiratory
GCA_021695595.1,Respiratory
GCA_021695575.1,Respiratory
GCA_021695555.1,Respiratory
GCA_021695515.1,Respiratory
GCA_021695475.1,Respiratory
GCA_021695455.1,Respiratory
GCA_021695435.1,Respiratory
GCA_021695415.1,Respiratory
GCA_021695375.1,Respiratory
GCA_021695395.1,Respiratory
GCA_021695335.1,Respiratory
GCA_021695355.1,Respiratory
GCA_021695315.1,Respiratory
GCA_021695275.1,Respiratory
GCA_021695295.1,Respiratory
GCA_021695255.1,Respiratory
GCA_021695235.1,Respiratory
GCA_021695215.1,Respiratory
GCA_021695195.1,Respiratory
GCA_021695155.1,Respiratory
GCA_021695175.1,Respiratory
GCA_021695135.1,Respiratory
GCA_021695095.1,Respiratory
GCA_021695115.1,Respiratory
GCA_021695075.1,Respiratory
GCA_021695055.1,Respiratory
GCA_021695035.1,Respiratory
GCA_021694975.1,Respiratory
GCA_021695015.1,Respiratory
GCA_021694995.1,Respiratory
GCA_021694935.1,Respiratory
GCA_021694955.1,Respiratory
GCA_021694895.1,Respiratory
GCA_021694915.1,Respiratory
GCA_021694855.1,Respiratory
GCA_021694875.1,Respiratory
GCA_021694835.1,Respiratory
GCA_021694815.1,Respiratory
GCA_021694795.1,Respiratory
GCA_021694755.1,Respiratory
GCA_021694775.1,Respiratory
GCA_021694735.1,Respiratory
GCA_021694715.1,Respiratory
GCA_021694695.1,Respiratory
GCA_021694675.1,Respiratory
GCA_021694635.1,Respiratory
GCA_021694655.1,Respiratory
GCA_021694615.1,Respiratory
GCA_021694555.1,Respiratory
GCA_021694535.1,Respiratory
GCA_021694515.1,Respiratory
GCA_021694495.1,Respiratory
GCA_021694115.1,Respiratory
GCA_021694475.1,Respiratory
GCA_021694455.1,Respiratory
GCA_021694415.1,Respiratory
GCA_021694095.1,Respiratory
GCA_021694075.1,Respiratory
GCA_021694055.1,Respiratory
GCA_021694015.1,Respiratory
GCA_021693995.1,Respiratory
GCA_021694435.1,Respiratory
GCA_021694395.1,Respiratory
GCA_021694035.1,Respiratory
GCA_021694375.1,Respiratory
GCA_021693975.1,Respiratory
GCA_021694355.1,Respiratory
GCA_021693955.1,Respiratory
GCA_021693935.1,Respiratory
GCA_021694315.1,Respiratory
GCA_021693915.1,Respiratory
GCA_021694335.1,Respiratory
GCA_021693895.1,Respiratory
GCA_021693875.1,Respiratory
GCA_021693855.1,Respiratory
GCA_021694275.1,Respiratory
GCA_021693815.1,Respiratory
GCA_021694295.1,Respiratory
GCA_021693835.1,Respiratory
GCA_021694255.1,Respiratory
GCA_021693795.1,Respiratory
GCA_021693775.1,Respiratory
GCA_021693755.1,Respiratory
GCA_021693735.1,Respiratory
GCA_021694235.1,Respiratory
GCA_021693715.1,Respiratory
GCA_021693675.1,Respiratory
GCA_021693695.1,Respiratory
GCA_021693655.1,Respiratory
GCA_021693375.1,Respiratory
GCA_013240315.1,Respiratory
GCA_013240375.1,Respiratory
GCA_013240385.1,Respiratory
GCA_013240415.1,Respiratory
GCA_013240425.1,Respiratory
GCA_013240435.1,Respiratory
GCA_013240475.1,Respiratory
GCA_013240515.1,Skin_Soft_Tissue
GCA_013255565.1,Urinary
GCA_013276295.1,Bloodstream
GCA_013284875.1,Urinary
GCA_013284895.1,Gastrointestinal
GCA_013284915.1,Urinary
GCA_013284945.1,Bone_Joint
GCA_013284955.1,Urinary
GCA_013284985.1,Bone_Joint
GCA_013285125.1,Soil
GCA_013305645.2,Bloodstream
GCA_013305765.1,Hospital
GCA_013305815.1,Ear_Nose_Throat
GCA_013305845.1,Ear_Nose_Throat
GCA_013309705.1,Soil
GCA_013328355.1,Skin_Soft_Tissue
GCA_013328425.1,Skin_Soft_Tissue
GCA_013328495.1,Respiratory
GCA_013328515.1,Respiratory
GCA_013328535.1,Skin_Soft_Tissue
GCA_013328555.1,Respiratory
GCA_013328565.1,Urinary
GCA_013328595.1,Respiratory
GCA_013328615.1,Urinary
GCA_013328725.1,Bloodstream
GCA_013328785.1,Urinary
GCA_013341235.1,Respiratory
GCA_013341295.1,Respiratory
GCA_013343315.1,Respiratory
GCA_013343335.1,Respiratory
GCA_013343355.1,Respiratory
GCA_013343375.1,Respiratory
GCA_013343395.1,Respiratory
GCA_013343415.1,Respiratory
GCA_013343435.1,Respiratory
GCA_013343455.1,Respiratory
GCA_013343475.1,Respiratory
GCA_013343495.1,Respiratory
GCA_013343515.1,Respiratory
GCA_013343535.1,Respiratory
GCA_013343555.1,Respiratory
GCA_013343575.1,Skin_Soft_Tissue
GCA_013347245.1,Bloodstream
GCA_021683155.1,Respiratory
GCA_021683135.1,Respiratory
GCA_021683175.1,Respiratory
GCA_021683095.1,Respiratory
GCA_021683115.1,Respiratory
GCA_021683075.1,Respiratory
GCA_021683055.1,Respiratory
GCA_021683035.1,Bloodstream
GCA_021683015.1,Bloodstream
GCA_021682955.1,Respiratory
GCA_021682935.1,Respiratory
GCA_021682915.1,Respiratory
GCA_021682975.1,Respiratory
GCA_021682875.1,Respiratory
GCA_021682895.1,Respiratory
GCA_021682855.1,Respiratory
GCA_021682835.1,Respiratory
GCA_021682815.1,Respiratory
GCA_021682795.1,Respiratory
GCA_021682775.1,Respiratory
GCA_021682735.1,Respiratory
GCA_021682755.1,Respiratory
GCA_021682715.1,Respiratory
GCA_021682695.1,Respiratory
GCA_021682675.1,Respiratory
GCA_021682615.1,Respiratory
GCA_021682655.1,Bloodstream
GCA_021682635.1,Respiratory
GCA_021682575.1,Skin_Soft_Tissue
GCA_021682585.1,Respiratory
GCA_021682535.1,Respiratory
GCA_021682515.1,Respiratory
GCA_021682495.1,Respiratory
GCA_021682475.1,Respiratory
GCA_021682455.1,Respiratory
GCA_021682435.1,Respiratory
GCA_021682415.1,Respiratory
GCA_021682395.1,Respiratory
GCA_021682375.1,Respiratory
GCA_021682355.1,Respiratory
GCA_021682335.1,Respiratory
GCA_021682315.1,Respiratory
GCA_021682295.1,Respiratory
GCA_021682275.1,Respiratory
GCA_021682255.1,Respiratory
GCA_021682225.1,Respiratory
GCA_021682215.1,Respiratory
GCA_021682195.1,Respiratory
GCA_021682175.1,Respiratory
GCA_021682095.1,Respiratory
GCA_021682155.1,Respiratory
GCA_021682135.1,Respiratory
GCA_021682115.1,Respiratory
GCA_021682075.1,Respiratory
GCA_021682035.1,Respiratory
GCA_021681995.1,Respiratory
GCA_021681975.1,Respiratory
GCA_021682055.1,Respiratory
GCA_021681915.1,Respiratory
GCA_021681895.1,Respiratory
GCA_021681955.1,Respiratory
GCA_021681935.1,Respiratory
GCA_021681875.1,Respiratory
GCA_021681855.1,Respiratory
GCA_021681815.1,Respiratory
GCA_021681835.1,Respiratory
GCA_021681795.1,Respiratory
GCA_021681775.1,Respiratory
GCA_021681755.1,Respiratory
GCA_021681735.1,Respiratory
GCA_021681695.1,Respiratory
GCA_021681715.1,Respiratory
GCA_021681675.1,Respiratory
GCA_021681635.1,Respiratory
GCA_021681655.1,Respiratory
GCA_021681595.1,Respiratory
GCA_021681615.1,Respiratory
GCA_021681575.1,Respiratory
GCA_021681555.1,Respiratory
GCA_021681535.1,Respiratory
GCA_021681515.1,Respiratory
GCA_021681475.1,Respiratory
GCA_021681495.1,Respiratory
GCA_021681455.1,Respiratory
GCA_021681435.1,Respiratory
GCA_021681415.1,Respiratory
GCA_021681375.1,Respiratory
GCA_021681355.1,Respiratory
GCA_021681395.1,Respiratory
GCA_021681335.1,Respiratory
GCA_021681315.1,Respiratory
GCA_021681235.1,Respiratory
GCA_021681295.1,Respiratory
GCA_021681255.1,Respiratory
GCA_021681275.1,Respiratory
GCA_021681215.1,Respiratory
GCA_021681195.1,Respiratory
GCA_021681175.1,Respiratory
GCA_021681155.1,Respiratory
GCA_021681115.1,Respiratory
GCA_021681095.1,Respiratory
GCA_021681135.1,Respiratory
GCA_021680995.1,Respiratory
GCA_021681075.1,Water
GCA_021680935.1,Water
GCA_021680975.1,Water
GCA_021680905.1,Respiratory
GCA_021680895.1,Respiratory
GCA_021680955.1,Water
GCA_021680855.1,Respiratory
GCA_021680835.1,Urinary
GCA_021680875.1,Urinary
GCA_021680815.1,Urinary
GCA_021680795.1,Water
GCA_021680775.1,Respiratory
GCA_021680755.1,Respiratory
GCA_021680735.1,Water
GCA_021680655.1,Water
GCA_021680715.1,Water
GCA_021680695.1,Respiratory
GCA_021680635.1,Respiratory
GCA_021680675.1,Respiratory
GCA_021680615.1,Respiratory
GCA_021680535.1,Respiratory
GCA_021680595.1,Respiratory
GCA_021680555.1,Urinary
GCA_021680575.1,Respiratory
GCA_021680495.1,Respiratory
GCA_021680475.1,Water
GCA_021680515.1,Water
GCA_021680455.1,Water
GCA_021680435.1,Water
GCA_021680395.1,Water
GCA_021680415.1,Water
GCA_021680375.1,Water
GCA_021680335.1,Water
GCA_021680355.1,Water
GCA_021680315.1,Water
GCA_021680295.1,Water
GCA_021680275.1,Water
GCA_021680235.1,Urinary
GCA_021680255.1,Respiratory
GCA_021680195.1,Respiratory
GCA_021680215.1,Urinary
GCA_021680175.1,Respiratory
GCA_021680135.1,Respiratory
GCA_021680155.1,Respiratory
GCA_021680115.1,Respiratory
GCA_021680095.1,Respiratory
GCA_021680075.1,Respiratory
GCA_021680015.1,Respiratory
GCA_021680055.1,Respiratory
GCA_021680035.1,Respiratory
GCA_021679995.1,Urinary
GCA_021679975.1,Respiratory
GCA_021679955.1,Urinary
GCA_021679915.1,Urinary
GCA_021679935.1,Respiratory
GCA_021679875.1,Urinary
GCA_021679895.1,Water
GCA_021679855.1,Water
GCA_021679835.1,Water
GCA_021679815.1,Water
GCA_021679775.1,Water
GCA_021679795.1,Water
GCA_021679755.1,Water
GCA_021679735.1,Water
GCA_021679715.1,Water
GCA_021679675.1,Water
GCA_021679695.1,Water
GCA_021679655.1,Water
GCA_021679595.1,Water
GCA_021679635.1,Water
GCA_021679615.1,Water
GCA_021679555.1,Water
GCA_021679575.1,Respiratory
GCA_021679535.1,Water
GCA_021679475.1,Water
GCA_021679495.1,Water
GCA_021679515.1,Water
GCA_021679455.1,Water
GCA_021679435.1,Water
GCA_021679415.1,Water
GCA_021679395.1,Water
GCA_021679375.1,Water
GCA_021678995.1,Water
GCA_021679355.1,Water
GCA_021679335.1,Water
GCA_021679315.1,Water
GCA_021679275.1,Water
GCA_021679295.1,Respiratory
GCA_021679255.1,Respiratory
GCA_021679235.1,Respiratory
GCA_021679215.1,Respiratory
GCA_021679115.1,Respiratory
GCA_021678975.1,Respiratory
GCA_021679175.1,Respiratory
GCA_021679155.1,Respiratory
GCA_021679195.1,Respiratory
GCA_013350345.1,Ear_Nose_Throat
GCA_013350355.1,Ear_Nose_Throat
GCA_021676135.1,Hospital
GCA_021673655.1,Respiratory
GCA_021673715.1,Respiratory
GCA_021673695.1,Bloodstream
GCA_021673725.1,Bloodstream
GCA_021673635.1,Respiratory
GCA_021673595.1,Bloodstream
GCA_021673575.1,Urinary
GCA_021673615.1,Bloodstream
GCA_021673555.1,Urinary
GCA_021673535.1,Urinary
GCA_021673515.1,Urinary
GCA_021673485.1,Urinary
GCA_021673455.1,Bloodstream
GCA_021673475.1,Urinary
GCA_021673395.1,Respiratory
GCA_021673435.1,Bloodstream
GCA_021673095.1,Bloodstream
GCA_021673075.1,Bloodstream
GCA_021673015.1,Respiratory
GCA_021673035.1,Respiratory
GCA_021672995.1,Respiratory
GCA_021672955.1,Skin_Soft_Tissue
GCA_021672975.1,Urinary
GCA_021671935.1,Urinary
GCA_021671995.1,Respiratory
GCA_021671975.1,Urinary
GCA_021672015.1,Respiratory
GCA_021671955.1,Urinary
GCA_021671855.1,Urinary
GCA_021671835.1,Skin_Soft_Tissue
GCA_021671915.1,Bone_Joint
GCA_021671865.1,Urinary
GCA_021671775.1,Urinary
GCA_021671815.1,Respiratory
GCA_021671795.1,Respiratory
GCA_021671755.1,Urinary
GCA_021671735.1,Urinary
GCA_021671695.1,Urinary
GCA_021671715.1,Skin_Soft_Tissue
GCA_021671675.1,Bloodstream
GCA_021671635.1,Urinary
GCA_021671615.1,Skin_Soft_Tissue
GCA_021671595.1,Urinary
GCA_021671515.1,Urinary
GCA_021671555.1,Respiratory
GCA_021671535.1,Urinary
GCA_021671495.1,Skin_Soft_Tissue
GCA_021671475.1,Urinary
GCA_021671395.1,Urinary
GCA_013375755.1,Respiratory
GCA_013375775.1,Respiratory
GCA_013375795.1,Respiratory
GCA_013375815.1,Respiratory
GCA_013375835.1,Respiratory
GCA_013375855.1,Respiratory
GCA_013375875.1,Respiratory
GCA_013375895.1,Respiratory
GCA_013375915.1,Respiratory
GCA_021671455.1,Respiratory
GCA_021671415.1,Respiratory
GCA_021671435.1,Respiratory
GCA_021671355.1,Respiratory
GCA_021671315.1,Respiratory
GCA_021671335.1,Respiratory
GCA_021671285.1,Respiratory
GCA_021671275.1,Respiratory
GCA_021671255.1,Respiratory
GCA_021671235.1,Respiratory
GCA_021671175.1,Respiratory
GCA_021671215.1,Respiratory
GCA_021671195.1,Respiratory
GCA_021671155.1,Respiratory
GCA_021671135.1,Respiratory
GCA_021671115.1,Respiratory
GCA_021671095.1,Respiratory
GCA_021671055.1,Respiratory
GCA_021671075.1,Respiratory
GCA_021670995.1,Respiratory
GCA_021671035.1,Respiratory
GCA_021670975.1,Respiratory
GCA_021671015.1,Respiratory
GCA_021670955.1,Respiratory
GCA_021670935.1,Respiratory
GCA_021670915.1,Bloodstream
GCA_021670895.1,Bloodstream
GCA_021670855.1,Bloodstream
GCA_021670875.1,Bloodstream
GCA_021670835.1,Bloodstream
GCA_021670815.1,Bloodstream
GCA_021670795.1,Bloodstream
GCA_021670775.1,Respiratory
GCA_021670755.1,Respiratory
GCA_021670735.1,Respiratory
GCA_021670675.1,Respiratory
GCA_021670695.1,Respiratory
GCA_021670715.1,Respiratory
GCA_021670655.1,Respiratory
GCA_021670635.1,Respiratory
GCA_021670615.1,Respiratory
GCA_021670595.1,Respiratory
GCA_021670555.1,Respiratory
GCA_021670575.1,Respiratory
GCA_013376775.1,Skin_Soft_Tissue
GCA_032862155.3,Water
GCA_032977545.3,Water
GCA_032977525.3,Water
GCA_032862095.3,Water
GCA_032977505.3,Water
GCA_021670155.1,Gastrointestinal
GCA_021670075.1,Respiratory
GCA_021670095.1,Respiratory
GCA_021669995.1,Respiratory
GCA_021670275.1,Respiratory
GCA_021669915.1,Respiratory
GCA_021669875.4,Respiratory
GCA_021669855.4,Respiratory
GCA_021669835.4,Respiratory
GCA_021669795.4,Urinary
GCA_021669775.1,Urinary
GCA_021669755.4,Urinary
GCA_021669735.4,Skin_Soft_Tissue
GCA_021669715.4,Skin_Soft_Tissue
GCA_021670295.4,Skin_Soft_Tissue
GCA_021669695.4,Respiratory
GCA_021669675.4,Urinary
GCA_013393665.2,Respiratory
GCA_013393705.1,Respiratory
GCA_013394455.1,Respiratory
GCA_013394475.2,Respiratory
GCA_013413775.1,Respiratory
GCA_013413795.1,Respiratory
GCA_013414905.1,Respiratory
GCA_013414925.1,Respiratory
GCA_013414945.1,Respiratory
GCA_013414965.1,Respiratory
GCA_013414985.1,Respiratory
GCA_013415005.1,Respiratory
GCA_013415025.1,Respiratory
GCA_013415045.1,Respiratory
GCA_013415065.1,Respiratory
GCA_013415085.1,Respiratory
GCA_013421125.1,Skin_Soft_Tissue
GCA_013421115.1,Respiratory
GCA_013421135.1,Respiratory
GCA_013421145.1,Bloodstream
GCA_013421205.1,Bloodstream
GCA_013421215.1,Skin_Soft_Tissue
GCA_013421225.1,Skin_Soft_Tissue
GCA_013421235.1,Urinary
GCA_013421245.1,Skin_Soft_Tissue
GCA_013421305.1,Skin_Soft_Tissue
GCA_013421325.1,Skin_Soft_Tissue
GCA_013421355.1,Skin_Soft_Tissue
GCA_013421385.1,Skin_Soft_Tissue
GCA_013522575.1,Water
GCA_013522595.1,Water
GCA_013619185.1,Respiratory
GCA_013619225.1,Respiratory
GCA_013619245.1,Respiratory
GCA_013619265.1,Respiratory
GCA_013619285.1,Respiratory
GCA_013619305.1,Respiratory
GCA_013619315.1,Respiratory
GCA_013619325.1,Respiratory
GCA_013619365.1,Respiratory
GCA_013619375.1,Respiratory
GCA_013619405.1,Respiratory
GCA_013619425.1,Respiratory
GCA_013619465.1,Respiratory
GCA_013619475.1,Respiratory
GCA_013619805.1,Respiratory
GCA_013619885.1,Respiratory
GCA_013619895.1,Respiratory
GCA_013619915.1,Respiratory
GCA_013619945.1,Respiratory
GCA_013619955.1,Respiratory
GCA_013619995.1,Respiratory
GCA_013619985.1,Respiratory
GCA_013620005.1,Respiratory
GCA_013620045.1,Respiratory
GCA_013620065.1,Respiratory
GCA_013620075.1,Respiratory
GCA_013620105.1,Respiratory
GCA_013620115.1,Respiratory
GCA_013620125.1,Respiratory
GCA_013620155.1,Respiratory
GCA_013620185.1,Respiratory
GCA_013620205.1,Respiratory
GCA_013620215.1,Respiratory
GCA_013620245.1,Respiratory
GCA_013620265.1,Respiratory
GCA_013620285.1,Respiratory
GCA_013620295.1,Respiratory
GCA_013620315.1,Respiratory
GCA_013620325.1,Respiratory
GCA_013620375.1,Respiratory
GCA_013620365.1,Respiratory
GCA_013620385.1,Respiratory
GCA_013620415.1,Respiratory
GCA_013620445.1,Respiratory
GCA_013620465.1,Respiratory
GCA_013620475.1,Respiratory
GCA_013620485.1,Respiratory
GCA_013620525.1,Respiratory
GCA_013620545.1,Respiratory
GCA_013620565.1,Respiratory
GCA_013620575.1,Respiratory
GCA_013620585.1,Respiratory
GCA_013620595.1,Respiratory
GCA_013620635.1,Respiratory
GCA_013625335.1,Respiratory
GCA_013625355.1,Respiratory
GCA_013625395.1,Respiratory
GCA_013625455.1,Respiratory
GCA_013625475.1,Respiratory
GCA_013625525.1,Respiratory
GCA_013625545.1,Respiratory
GCA_013625585.1,Respiratory
GCA_013625615.1,Respiratory
GCA_013625625.1,Respiratory
GCA_013625655.1,Respiratory
GCA_013625675.1,Respiratory
GCA_013625685.1,Respiratory
GCA_013625705.1,Respiratory
GCA_013625735.1,Bloodstream
GCA_028066915.4,Water
GCA_013912505.1,Respiratory
GCA_013912575.1,Respiratory
GCA_013912565.1,Respiratory
GCA_013912585.1,Respiratory
GCA_013912615.1,Respiratory
GCA_013912625.1,Respiratory
GCA_013912665.1,Respiratory
GCA_013912685.1,Respiratory
GCA_013912695.1,Respiratory
GCA_013912715.1,Respiratory
GCA_013912725.1,Respiratory
GCA_013912765.1,Respiratory
GCA_013912865.1,Respiratory
GCA_013912885.1,Respiratory
GCA_013912895.1,Respiratory
GCA_013912925.1,Respiratory
GCA_013912935.1,Respiratory
GCA_013912965.1,Respiratory
GCA_013912985.1,Respiratory
GCA_013912995.1,Respiratory
GCA_013913025.1,Respiratory
GCA_013913035.1,Respiratory
GCA_013913045.1,Respiratory
GCA_013913085.1,Respiratory
GCA_013913095.1,Respiratory
GCA_013913125.1,Respiratory
GCA_013913155.1,Respiratory
GCA_013913185.1,Respiratory
GCA_013913245.1,Urinary
GCA_013913275.1,Respiratory
GCA_013913295.1,Respiratory
GCA_013913325.1,Respiratory
GCA_013913335.1,Respiratory
GCA_013913365.1,Respiratory
GCA_013913385.1,Respiratory
GCA_013913435.1,Respiratory
GCA_013913425.1,Respiratory
GCA_013913465.1,Respiratory
GCA_013913485.1,Respiratory
GCA_013913495.1,Respiratory
GCA_013913545.1,Respiratory
GCA_014040795.1,Respiratory
GCA_014040825.1,Respiratory
GCA_014040815.1,Respiratory
GCA_014040885.1,Respiratory
GCA_014042515.1,Soil
GCA_014048435.1,Ear_Nose_Throat
GCA_014076625.1,Soil
GCA_014109785.1,Respiratory
GCA_021669615.4,Skin_Soft_Tissue
GCA_021669655.1,Urinary
GCA_021669635.1,Urinary
GCA_021669595.1,Urinary
GCA_021669515.4,Urinary
GCA_021669495.4,Urinary
GCA_021669455.1,Urinary
GCA_021669575.4,Urinary
GCA_014217315.1,Respiratory
GCA_014235285.1,Hospital
GCA_014235295.1,Hospital
GCA_014235305.1,Hospital
GCA_014235365.1,Hospital
GCA_014235375.1,Hospital
GCA_021669435.1,Urinary
GCA_021669315.4,Urinary
GCA_021669255.1,Skin_Soft_Tissue
GCA_021669235.4,Skin_Soft_Tissue
GCA_021669195.4,Respiratory
GCA_021669215.4,Urinary
GCA_014467035.1,Ear_Nose_Throat
GCA_014489185.1,Hospital
GCA_014596255.1,Reproductive
GCA_014639105.1,Lab_Strain
GCA_014639135.1,Lab_Strain
GCA_014672935.1,Ocular
GCA_014672955.1,Ocular
GCA_014673145.1,Ocular
GCA_014673185.1,Ocular
GCA_014673235.1,Ocular
GCA_014673245.1,Ocular
GCA_021669555.4,Urinary
GCA_014775635.1,Bloodstream
GCA_014792125.1,Respiratory
GCA_014854655.1,Soil
GCA_014892595.1,Soil
GCA_021666975.1,Water
GCA_021667595.1,Hospital
GCA_021667555.1,Hospital
GCA_028066515.4,Skin_Soft_Tissue
GCA_028066535.4,Skin_Soft_Tissue
GCA_028066315.4,Bone_Joint
GCA_904866275.1,Respiratory
GCA_015265675.1,Bloodstream
GCA_015265655.1,Bloodstream
GCA_015265725.1,Bloodstream
GCA_015317175.1,Urinary
GCA_015317245.1,Urinary
GCA_015317275.1,Urinary
GCA_015317435.1,Respiratory
GCA_015317505.1,Urinary
GCA_015317525.1,Urinary
GCA_015317565.1,Urinary
GCA_015317615.1,Urinary
GCA_015317645.1,Urinary
GCA_015317705.1,Urinary
GCA_015317795.1,Respiratory
GCA_015317825.1,Respiratory
GCA_015317845.1,Urinary
GCA_015317915.1,Respiratory
GCA_015317985.1,Urinary
GCA_021666895.4,Gastrointestinal
GCA_028065855.4,Urinary
GCA_028065035.4,Respiratory
GCA_028064895.4,Respiratory
GCA_028064915.4,Urinary
GCA_021666795.1,Urinary
GCA_021666775.4,Skin_Soft_Tissue
GCA_021666735.4,Gastrointestinal
GCA_905071885.1,Medical_Device
GCA_015666355.1,Bloodstream
GCA_015666575.1,Bloodstream
GCA_021666755.4,Respiratory
GCA_021666695.4,Urinary
GCA_021666715.3,Respiratory
GCA_021666575.4,Urinary
GCA_021666555.4,Urinary
GCA_021666595.4,Urinary
GCA_021666535.1,Skin_Soft_Tissue
GCA_015680075.1,Marine
GCA_015680105.1,Marine
GCA_015680725.1,Marine
GCA_021666515.4,Skin_Soft_Tissue
GCA_021666495.4,Skin_Soft_Tissue
GCA_021666455.1,Urinary
GCA_021666475.4,Respiratory
GCA_021666415.4,Urinary
GCA_021666395.4,Urinary
GCA_021666435.1,Urinary
GCA_021666375.4,Urinary
GCA_021666335.4,Respiratory
GCA_021666355.4,Urinary
GCA_021666315.4,Urinary
GCA_021666215.4,Urinary
GCA_021666255.4,Urinary
GCA_021666195.4,Urinary
GCA_021666155.4,Urinary
GCA_021666175.4,Urinary
GCA_021666095.4,Urinary
GCA_021666135.4,Urinary
GCA_021666115.4,Respiratory
GCA_021666055.1,Urinary
GCA_021666075.4,Bloodstream
GCA_021666295.4,Bloodstream
GCA_021666035.4,Gastrointestinal
GCA_021666015.4,Gastrointestinal
GCA_021665995.4,Gastrointestinal
GCA_021665935.4,Respiratory
GCA_021665975.4,Bone_Joint
GCA_021665955.4,Bloodstream
GCA_021665915.4,Respiratory
GCA_021665835.4,Urinary
GCA_021665855.4,Respiratory
GCA_021665885.4,Gastrointestinal
GCA_021665815.1,Urinary
GCA_021665775.1,Urinary
GCA_021665715.4,Urinary
GCA_015697465.1,Urinary
GCA_015697605.1,Urinary
GCA_015697645.1,Urinary
GCA_015697665.1,Urinary
GCA_021665735.4,Respiratory
GCA_021665635.4,Respiratory
GCA_021665695.4,Respiratory
GCA_021665675.4,Urinary
GCA_021665615.4,Urinary
GCA_021665655.4,Bloodstream
GCA_021665575.4,Urinary
GCA_015732085.1,Urinary
GCA_015732095.1,Urinary
GCA_015732105.1,Urinary
GCA_015732785.1,Skin_Soft_Tissue
GCA_015732795.1,Respiratory
GCA_015732835.1,Bloodstream
GCA_015732825.1,Respiratory
GCA_015732855.1,Respiratory
GCA_015732845.1,Respiratory
GCA_015732905.1,Respiratory
GCA_015732925.1,Skin_Soft_Tissue
GCA_015732935.1,Respiratory
GCA_015732985.1,Respiratory
GCA_015732995.1,Urinary
GCA_015733055.1,Bloodstream
GCA_015733065.1,Respiratory
GCA_015733095.1,Skin_Soft_Tissue
GCA_015733105.1,Skin_Soft_Tissue
GCA_015733145.1,Respiratory
GCA_015733155.1,Urinary
GCA_015733185.1,Respiratory
GCA_015733215.1,Respiratory
GCA_015733205.1,Respiratory
GCA_015733235.1,Urinary
GCA_015733265.1,Urinary
GCA_015733295.1,Respiratory
GCA_015733305.1,Respiratory
GCA_015733345.1,Urinary
GCA_015733355.1,Respiratory
GCA_015733375.1,Respiratory
GCA_015733405.1,Respiratory
GCA_015733415.1,Skin_Soft_Tissue
GCA_015733425.2,Urinary
GCA_015733475.1,Bloodstream
GCA_015733505.1,Bloodstream
GCA_015733525.1,Respiratory
GCA_015733535.1,Respiratory
GCA_015733575.1,Bloodstream
GCA_015733565.1,Urinary
GCA_015733615.1,Respiratory
GCA_015733645.1,Urinary
GCA_015733655.1,Respiratory
GCA_015733685.1,Respiratory
GCA_015733705.1,Respiratory
GCA_015733695.1,Respiratory
GCA_015733745.1,Urinary
GCA_015733765.1,Respiratory
GCA_015733815.1,Skin_Soft_Tissue
GCA_015733805.1,Urinary
GCA_015733865.1,Respiratory
GCA_015733875.1,Respiratory
GCA_015733895.1,Respiratory
GCA_015733925.1,Urinary
GCA_015733935.1,Respiratory
GCA_015733945.1,Respiratory
GCA_015733985.1,Respiratory
GCA_015734025.1,Urinary
GCA_015734035.1,Bloodstream
GCA_015734075.1,Respiratory
GCA_015734065.1,Skin_Soft_Tissue
GCA_015734105.1,Urinary
GCA_015734115.1,Respiratory
GCA_015734145.1,Respiratory
GCA_015734155.1,Respiratory
GCA_015734185.1,Respiratory
GCA_015734195.1,Respiratory
GCA_015734215.1,Respiratory
GCA_015734245.1,Respiratory
GCA_015734265.1,Respiratory
GCA_015734275.1,Respiratory
GCA_015734285.1,Respiratory
GCA_015734325.1,Respiratory
GCA_015734345.1,Skin_Soft_Tissue
GCA_015734355.1,Skin_Soft_Tissue
GCA_015734375.1,Urinary
GCA_015734395.1,Respiratory
GCA_015734425.1,Respiratory
GCA_015734445.1,Urinary
GCA_015734475.1,Respiratory
GCA_015734485.1,Urinary
GCA_015734465.1,Respiratory
GCA_015734515.1,Respiratory
GCA_015734545.1,Respiratory
GCA_015734555.1,Skin_Soft_Tissue
GCA_015734565.1,Urinary
GCA_015734605.1,Skin_Soft_Tissue
GCA_015734625.1,Respiratory
GCA_015734615.1,Respiratory
GCA_015734665.1,Urinary
GCA_015734695.1,Urinary
GCA_015734675.1,Respiratory
GCA_015734705.1,Respiratory
GCA_015734745.1,Respiratory
GCA_015734755.1,Urinary
GCA_015734775.1,Respiratory
GCA_015734785.1,Respiratory
GCA_015734825.1,Urinary
GCA_015734835.1,Bloodstream
GCA_015734865.1,Respiratory
GCA_015734885.1,Respiratory
GCA_015734915.1,Respiratory
GCA_015734905.1,Respiratory
GCA_015734925.1,Respiratory
GCA_015734935.1,Bloodstream
GCA_015734985.1,Urinary
GCA_015735005.1,Respiratory
GCA_015734995.1,Urinary
GCA_015735045.1,Urinary
GCA_015735065.1,Respiratory
GCA_015735085.2,Respiratory
GCA_015735075.1,Respiratory
GCA_015735095.1,Respiratory
GCA_015735145.1,Respiratory
GCA_015735165.1,Respiratory
GCA_015735175.1,Skin_Soft_Tissue
GCA_015735205.1,Respiratory
GCA_015735225.1,Urinary
GCA_015735235.1,Respiratory
GCA_015735265.1,Urinary
GCA_015735275.1,Respiratory
GCA_015735305.1,Bloodstream
GCA_015735345.1,Urinary
GCA_015735355.1,Skin_Soft_Tissue
GCA_015735375.1,Skin_Soft_Tissue
GCA_015735405.1,Urinary
GCA_015735425.1,Bloodstream
GCA_015735445.1,Respiratory
GCA_015735435.1,Urinary
GCA_015735485.1,Urinary
GCA_015735495.1,Skin_Soft_Tissue
GCA_015735525.1,Urinary
GCA_015735535.1,Skin_Soft_Tissue
GCA_015735555.1,Urinary
GCA_015735575.1,Respiratory
GCA_015735605.1,Bloodstream
GCA_015735615.1,Skin_Soft_Tissue
GCA_015735645.1,Bloodstream
GCA_015735655.1,Urinary
GCA_015735685.1,Bloodstream
GCA_015735695.1,Respiratory
GCA_015735725.1,Respiratory
GCA_015735745.1,Respiratory
GCA_015735765.1,Respiratory
GCA_015735785.1,Urinary
GCA_015735805.1,Respiratory
GCA_015735825.1,Urinary
GCA_015735845.1,Respiratory
GCA_015735855.1,Urinary
GCA_015735865.1,Urinary
GCA_015735915.1,Skin_Soft_Tissue
GCA_015735945.1,Respiratory
GCA_015735965.1,Urinary
GCA_015735985.1,Respiratory
GCA_015735995.1,Bloodstream
GCA_015736045.1,Skin_Soft_Tissue
GCA_015736035.1,Respiratory
GCA_015736025.1,Respiratory
GCA_015736085.1,Skin_Soft_Tissue
GCA_015736105.1,Urinary
GCA_015736155.1,Urinary
GCA_015736145.1,Urinary
GCA_015736165.1,Urinary
GCA_015736205.1,Urinary
GCA_015736235.1,Respiratory
GCA_015736225.1,Urinary
GCA_015736245.1,Urinary
GCA_015736285.1,Respiratory
GCA_015736305.1,Respiratory
GCA_015736315.1,Respiratory
GCA_015736345.1,Urinary
GCA_015736365.1,Respiratory
GCA_015736375.1,Respiratory
GCA_015736405.1,Skin_Soft_Tissue
GCA_015736425.1,Urinary
GCA_015736465.1,Urinary
GCA_015736475.1,Skin_Soft_Tissue
GCA_015736485.1,Respiratory
GCA_015736515.1,Respiratory
GCA_015736555.1,Respiratory
GCA_015736545.1,Respiratory
GCA_015736565.1,Respiratory
GCA_015736605.1,Bloodstream
GCA_015736625.1,Urinary
GCA_015736635.1,Urinary
GCA_015736655.1,Respiratory
GCA_015736705.1,Urinary
GCA_015736695.1,Respiratory
GCA_015736685.1,Urinary
GCA_015736755.1,Skin_Soft_Tissue
GCA_015736765.1,Skin_Soft_Tissue
GCA_015736745.1,Respiratory
GCA_015736785.1,Skin_Soft_Tissue
GCA_015736825.1,Bloodstream
GCA_015736855.1,Respiratory
GCA_015736845.1,Respiratory
GCA_015736905.1,Skin_Soft_Tissue
GCA_015736885.1,Respiratory
GCA_015736895.1,Urinary
GCA_015736945.1,Urinary
GCA_015736965.1,Urinary
GCA_015736985.1,Respiratory
GCA_015737005.1,Respiratory
GCA_015737015.1,Urinary
GCA_015737025.1,Urinary
GCA_015737065.1,Respiratory
GCA_015737075.1,Urinary
GCA_015737115.1,Respiratory
GCA_015737105.1,Urinary
GCA_015737145.1,Respiratory
GCA_015737175.1,Urinary
GCA_015737165.1,Skin_Soft_Tissue
GCA_015737185.1,Respiratory
GCA_015737225.1,Urinary
GCA_015737235.1,Urinary
GCA_015737265.1,Respiratory
GCA_015737275.1,Respiratory
GCA_015737305.1,Skin_Soft_Tissue
GCA_015737345.1,Respiratory
GCA_015737365.1,Respiratory
GCA_015737395.1,Skin_Soft_Tissue
GCA_015737385.1,Respiratory
GCA_015737425.1,Respiratory
GCA_015737435.1,Skin_Soft_Tissue
GCA_015737485.1,Bloodstream
GCA_015737505.1,Skin_Soft_Tissue
GCA_015737515.1,Urinary
GCA_015737565.1,Urinary
GCA_015737605.1,Respiratory
GCA_015737595.1,Respiratory
GCA_015737585.1,Respiratory
GCA_015737645.1,Skin_Soft_Tissue
GCA_015737655.1,Urinary
GCA_015737685.1,Urinary
GCA_015737705.1,Respiratory
GCA_015737715.1,Skin_Soft_Tissue
GCA_015737745.1,Respiratory
GCA_015737755.1,Respiratory
GCA_015737785.1,Bloodstream
GCA_015737795.1,Respiratory
GCA_015737815.1,Urinary
GCA_015737835.1,Urinary
GCA_015737845.1,Bloodstream
GCA_015737885.1,Respiratory
GCA_015737905.1,Urinary
GCA_015737915.1,Respiratory
GCA_015737945.1,Respiratory
GCA_015737965.1,Bloodstream
GCA_015737975.1,Respiratory
GCA_015737985.1,Urinary
GCA_015738025.1,Bloodstream
GCA_015738055.2,Urinary
GCA_015738105.1,Urinary
GCA_015738095.1,Urinary
GCA_015738085.1,Urinary
GCA_015738115.1,Urinary
GCA_015738165.1,Urinary
GCA_015738185.1,Respiratory
GCA_015738195.1,Skin_Soft_Tissue
GCA_015738205.1,Urinary
GCA_015738255.1,Respiratory
GCA_015738275.1,Urinary
GCA_015738325.1,Urinary
GCA_015738335.1,Urinary
GCA_015738345.1,Urinary
GCA_015738385.1,Respiratory
GCA_015738405.1,Urinary
GCA_015738425.1,Respiratory
GCA_015738435.1,Respiratory
GCA_015738465.1,Respiratory
GCA_015738485.1,Urinary
GCA_015738505.1,Urinary
GCA_015738515.1,Respiratory
GCA_015738535.1,Urinary
GCA_015738545.1,Urinary
GCA_015738585.1,Urinary
GCA_015738605.1,Respiratory
GCA_015738625.1,Respiratory
GCA_015738645.1,Respiratory
GCA_015738665.1,Respiratory
GCA_015738675.1,Respiratory
GCA_015738705.1,Skin_Soft_Tissue
GCA_015738725.1,Urinary
GCA_015738735.1,Skin_Soft_Tissue
GCA_015738775.1,Urinary
GCA_015738795.1,Urinary
GCA_015738825.1,Respiratory
GCA_015738845.2,Respiratory
GCA_015738835.1,Respiratory
GCA_015738875.1,Respiratory
GCA_015738935.1,Urinary
GCA_015738925.1,Respiratory
GCA_015738945.1,Respiratory
GCA_015738975.1,Urinary
GCA_015738995.2,Respiratory
GCA_015739025.1,Urinary
GCA_015739045.1,Respiratory
GCA_015739035.1,Respiratory
GCA_015739075.1,Respiratory
GCA_015739105.1,Skin_Soft_Tissue
GCA_015739125.1,Urinary
GCA_015739165.1,Urinary
GCA_015739135.1,Respiratory
GCA_015739145.1,Skin_Soft_Tissue
GCA_015739155.1,Urinary
GCA_015739235.1,Skin_Soft_Tissue
GCA_015739245.1,Skin_Soft_Tissue
GCA_015739265.1,Respiratory
GCA_015739325.1,Bloodstream
GCA_015739365.1,Bloodstream
GCA_015762765.1,Respiratory
GCA_015762755.1,Skin_Soft_Tissue
GCA_015762745.1,Respiratory
GCA_015762805.1,Respiratory
GCA_015762815.1,Respiratory
GCA_015762845.1,Respiratory
GCA_015762855.1,Respiratory
GCA_015762895.1,Urinary
GCA_015762885.1,Skin_Soft_Tissue
GCA_015762925.1,Bloodstream
GCA_015762945.1,Respiratory
GCA_015762955.1,Respiratory
GCA_015762965.1,Respiratory
GCA_015762975.1,Urinary
GCA_015763025.1,Respiratory
GCA_015763045.1,Urinary
GCA_015763055.1,Urinary
GCA_015763085.1,Respiratory
GCA_015763105.1,Skin_Soft_Tissue
GCA_015763155.1,Urinary
GCA_015763185.1,Respiratory
GCA_015763205.1,Urinary
GCA_015763225.1,Urinary
GCA_015763245.1,Skin_Soft_Tissue
GCA_015763265.1,Respiratory
GCA_015763285.1,Urinary
GCA_015763305.1,Respiratory
GCA_015763335.1,Respiratory
GCA_015763325.1,Respiratory
GCA_015763365.1,Respiratory
GCA_015763385.1,Respiratory
GCA_015763375.1,Respiratory
GCA_015763425.1,Respiratory
GCA_015763465.1,Urinary
GCA_015763485.1,Urinary
GCA_015763495.1,Respiratory
GCA_015763515.1,Urinary
GCA_015763545.1,Urinary
GCA_015763555.1,Skin_Soft_Tissue
GCA_015763605.1,Respiratory
GCA_015763615.1,Urinary
GCA_015763655.1,Respiratory
GCA_015763645.1,Urinary
GCA_015763685.1,Respiratory
GCA_015763705.1,Skin_Soft_Tissue
GCA_015763725.1,Respiratory
GCA_015763735.1,Skin_Soft_Tissue
GCA_015763765.1,Skin_Soft_Tissue
GCA_015763775.1,Bloodstream
GCA_015763805.1,Respiratory
GCA_015763815.1,Skin_Soft_Tissue
GCA_015763845.1,Respiratory
GCA_015763865.1,Respiratory
GCA_015763885.1,Urinary
GCA_015763925.1,Respiratory
GCA_015763935.1,Respiratory
GCA_015763945.1,Respiratory
GCA_015763955.1,Respiratory
GCA_015763995.1,Respiratory
GCA_015764025.1,Urinary
GCA_015764085.1,Urinary
GCA_015764095.1,Respiratory
GCA_015764125.1,Respiratory
GCA_015764155.1,Skin_Soft_Tissue
GCA_015764205.1,Bloodstream
GCA_015764215.1,Urinary
GCA_015764225.1,Respiratory
GCA_015764245.1,Respiratory
GCA_015764285.1,Skin_Soft_Tissue
GCA_015764295.1,Respiratory
GCA_015764325.1,Skin_Soft_Tissue
GCA_015764345.1,Skin_Soft_Tissue
GCA_015764375.1,Urinary
GCA_015764405.1,Urinary
GCA_015764435.1,Urinary
GCA_015764425.1,Respiratory
GCA_015764445.1,Respiratory
GCA_015764485.1,Respiratory
GCA_015764505.1,Urinary
GCA_015764515.1,Skin_Soft_Tissue
GCA_015764525.1,Gastrointestinal
GCA_015764555.1,Respiratory
GCA_015764605.1,Urinary
GCA_015764615.1,Respiratory
GCA_015764655.1,Urinary
GCA_015764645.1,Respiratory
GCA_015764665.1,Skin_Soft_Tissue
GCA_015764705.1,Skin_Soft_Tissue
GCA_015764725.1,Skin_Soft_Tissue
GCA_015764735.1,Respiratory
GCA_015764755.1,Urinary
GCA_015764775.1,Respiratory
GCA_015764805.1,Respiratory
GCA_015764815.1,Respiratory
GCA_015764855.1,Respiratory
GCA_015764885.1,Bloodstream
GCA_015764905.1,Urinary
GCA_015764925.1,Urinary
GCA_015764935.1,Respiratory
GCA_015764965.1,Respiratory
GCA_015764995.1,Skin_Soft_Tissue
GCA_015764985.1,Respiratory
GCA_015765005.1,Bloodstream
GCA_015765045.2,Respiratory
GCA_015765055.1,Respiratory
GCA_015765115.1,Respiratory
GCA_015765145.1,Respiratory
GCA_015765155.1,Respiratory
GCA_015765195.1,Respiratory
GCA_015765225.1,Bloodstream
GCA_015765245.1,Respiratory
GCA_015765285.1,Respiratory
GCA_015765295.1,Urinary
GCA_015765355.1,Respiratory
GCA_015765345.1,Skin_Soft_Tissue
GCA_015765395.1,Bloodstream
GCA_015765385.1,Urinary
GCA_015765405.1,Urinary
GCA_015765435.1,Bloodstream
GCA_015765425.1,Urinary
GCA_015765485.1,Respiratory
GCA_015765535.1,Respiratory
GCA_015765565.1,Respiratory
GCA_015765585.1,Skin_Soft_Tissue
GCA_015765595.1,Urinary
GCA_015765605.1,Urinary
GCA_015765645.1,Urinary
GCA_015765675.1,Urinary
GCA_015765665.1,Respiratory
GCA_015765695.1,Respiratory
GCA_015765685.1,Respiratory
GCA_015765745.1,Skin_Soft_Tissue
GCA_015765755.1,Bloodstream
GCA_015765785.1,Urinary
GCA_015765825.1,Urinary
GCA_015765815.1,Skin_Soft_Tissue
GCA_015765865.1,Respiratory
GCA_015765885.1,Urinary
GCA_015765895.1,Urinary
GCA_015765925.1,Respiratory
GCA_015765945.1,Respiratory
GCA_015765955.1,Skin_Soft_Tissue
GCA_015765995.1,Respiratory
GCA_015766055.1,Urinary
GCA_015766045.1,Urinary
GCA_015766085.1,Urinary
GCA_015766105.1,Respiratory
GCA_015766125.1,Skin_Soft_Tissue
GCA_015766145.1,Respiratory
GCA_015766165.1,Respiratory
GCA_015766175.1,Bloodstream
GCA_015766205.1,Respiratory
GCA_015766215.1,Respiratory
GCA_015766225.1,Respiratory
GCA_015766255.1,Bloodstream
GCA_015766285.1,Bloodstream
GCA_015766295.1,Respiratory
GCA_015766325.1,Respiratory
GCA_015766305.1,Urinary
GCA_015766345.1,Urinary
GCA_015766385.1,Respiratory
GCA_015766405.1,Respiratory
GCA_015766485.1,Respiratory
GCA_015766505.1,Skin_Soft_Tissue
GCA_015766525.1,Urinary
GCA_015766545.1,Respiratory
GCA_015766555.1,Bloodstream
GCA_015766605.1,Respiratory
GCA_015766615.1,Urinary
GCA_015766625.1,Skin_Soft_Tissue
GCA_015766665.1,Skin_Soft_Tissue
GCA_015766675.1,Urinary
GCA_015766705.1,Respiratory
GCA_015766715.1,Urinary
GCA_015766725.1,Urinary
GCA_015766735.1,Respiratory
GCA_015766785.1,Respiratory
GCA_015766805.1,Respiratory
GCA_015766875.1,Urinary
GCA_015766905.1,Skin_Soft_Tissue
GCA_015766915.1,Respiratory
GCA_015766965.1,Urinary
GCA_015767025.1,Urinary
GCA_015767045.1,Respiratory
GCA_015767065.1,Respiratory
GCA_015767075.1,Urinary
GCA_015767115.1,Respiratory
GCA_015767095.1,Urinary
GCA_015767145.1,Respiratory
GCA_015767155.1,Respiratory
GCA_015801355.1,Respiratory
GCA_028064675.4,Respiratory
GCA_028064605.4,Bone_Joint
GCA_028064525.4,Urinary
GCA_028064435.4,Urinary
GCA_021665595.4,Respiratory
GCA_021665515.4,Respiratory
GCA_021666235.4,Respiratory
GCA_016009405.1,Respiratory
GCA_016009425.1,Urinary
GCA_016009455.1,Skin_Soft_Tissue
GCA_016009495.1,Skin_Soft_Tissue
GCA_016009515.1,Urinary
GCA_016009535.1,Urinary
GCA_016009555.1,Respiratory
GCA_016009575.1,Respiratory
GCA_016009595.1,Skin_Soft_Tissue
GCA_016009615.1,Respiratory
GCA_016009635.1,Respiratory
GCA_016009675.1,Respiratory
GCA_016009695.1,Skin_Soft_Tissue
GCA_016009715.1,Respiratory
GCA_016009745.1,Skin_Soft_Tissue
GCA_016009735.1,Urinary
GCA_016009775.1,Respiratory
GCA_016009795.1,Bloodstream
GCA_016009835.1,Urinary
GCA_016009845.1,Respiratory
GCA_016009875.1,Skin_Soft_Tissue
GCA_016009895.1,Skin_Soft_Tissue
GCA_016009915.1,Urinary
GCA_016009935.1,Respiratory
GCA_016009975.1,Bloodstream
GCA_016009985.1,Urinary
GCA_016009995.1,Urinary
GCA_016010035.1,Respiratory
GCA_016010075.1,Skin_Soft_Tissue
GCA_016010095.1,Respiratory
GCA_016010115.1,Skin_Soft_Tissue
GCA_016010135.1,Respiratory
GCA_016010155.1,Respiratory
GCA_016010175.1,Respiratory
GCA_016010195.1,Respiratory
GCA_016010215.1,Respiratory
GCA_016010235.1,Respiratory
GCA_016010255.1,Respiratory
GCA_016010275.1,Skin_Soft_Tissue
GCA_016010295.1,Bloodstream
GCA_016010315.1,Urinary
GCA_016010335.1,Urinary
GCA_016010355.1,Urinary
GCA_016010375.1,Urinary
GCA_016010395.1,Skin_Soft_Tissue
GCA_016010415.1,Urinary
GCA_016010435.1,Respiratory
GCA_016010455.1,Urinary
GCA_016010495.1,Respiratory
GCA_016010515.1,Respiratory
GCA_016010535.1,Urinary
GCA_016010555.1,Respiratory
GCA_016010575.1,Urinary
GCA_016010595.1,Respiratory
GCA_016010615.1,Urinary
GCA_016010635.1,Respiratory
GCA_016010655.1,Respiratory
GCA_016010675.1,Urinary
GCA_016010695.1,Respiratory
GCA_016010715.1,Skin_Soft_Tissue
GCA_016010755.1,Bloodstream
GCA_016010785.1,Urinary
GCA_016010775.1,Respiratory
GCA_016010815.1,Urinary
GCA_016010835.1,Urinary
GCA_016010855.1,Skin_Soft_Tissue
GCA_016010875.1,Respiratory
GCA_016010895.1,Skin_Soft_Tissue
GCA_016010915.1,Respiratory
GCA_016010935.1,Skin_Soft_Tissue
GCA_016010975.1,Respiratory
GCA_016010995.1,Respiratory
GCA_016011005.1,Respiratory
GCA_016011035.1,Respiratory
GCA_016011055.1,Respiratory
GCA_016011075.1,Respiratory
GCA_016011095.1,Respiratory
GCA_016011115.1,Respiratory
GCA_016011135.1,Respiratory
GCA_016011155.1,Respiratory
GCA_016011175.1,Respiratory
GCA_016011195.1,Skin_Soft_Tissue
GCA_016011215.1,Respiratory
GCA_016011235.1,Gastrointestinal
GCA_016011255.1,Urinary
GCA_016011275.1,Respiratory
GCA_016011295.1,Respiratory
GCA_016011315.1,Skin_Soft_Tissue
GCA_016011355.1,Respiratory
GCA_016011375.1,Urinary
GCA_016011395.1,Skin_Soft_Tissue
GCA_016011415.1,Respiratory
GCA_016011435.1,Respiratory
GCA_016011455.1,Respiratory
GCA_016011495.1,Respiratory
GCA_016011515.1,Respiratory
GCA_016011535.1,Respiratory
GCA_016011555.1,Respiratory
GCA_016011575.1,Respiratory
GCA_016011595.1,Ear_Nose_Throat
GCA_016011615.1,Bloodstream
GCA_016011635.1,Urinary
GCA_016011655.1,Urinary
GCA_016011675.1,Respiratory
GCA_016011695.1,Urinary
GCA_016011715.1,Urinary
GCA_016011755.1,Skin_Soft_Tissue
GCA_016011775.1,Respiratory
GCA_016011795.1,Respiratory
GCA_016011815.1,Respiratory
GCA_016011825.1,Respiratory
GCA_016011855.1,Respiratory
GCA_016011875.1,Respiratory
GCA_016011895.1,Skin_Soft_Tissue
GCA_016011915.1,Respiratory
GCA_016011935.1,Respiratory
GCA_016011955.1,Respiratory
GCA_016011975.1,Respiratory
GCA_016011995.1,Urinary
GCA_016012015.1,Urinary
GCA_016012035.1,Urinary
GCA_016012055.1,Respiratory
GCA_016012075.1,Respiratory
GCA_016012095.1,Respiratory
GCA_016012115.1,Urinary
GCA_016012135.1,Respiratory
GCA_016012155.1,Respiratory
GCA_016012175.1,Urinary
GCA_016012195.1,Respiratory
GCA_016012215.1,Skin_Soft_Tissue
GCA_016012235.1,Urinary
GCA_016012255.1,Skin_Soft_Tissue
GCA_016012275.1,Respiratory
GCA_016012295.1,Respiratory
GCA_016012335.1,Urinary
GCA_016012355.1,Skin_Soft_Tissue
GCA_016012415.1,Urinary
GCA_016012455.1,Respiratory
GCA_016012475.1,Respiratory
GCA_016012495.1,Respiratory
GCA_016012515.1,Respiratory
GCA_016012535.1,Respiratory
GCA_016012555.1,Urinary
GCA_016012575.1,Respiratory
GCA_016012595.1,Respiratory
GCA_016012615.1,Skin_Soft_Tissue
GCA_016012635.1,Respiratory
GCA_016012655.1,Bloodstream
GCA_016012675.1,Respiratory
GCA_016012695.1,Bloodstream
GCA_016012715.1,Respiratory
GCA_016012755.1,Urinary
GCA_016012735.1,Respiratory
GCA_016012815.1,Respiratory
GCA_016012855.1,Respiratory
GCA_016012835.1,Respiratory
GCA_016012875.1,Skin_Soft_Tissue
GCA_016054795.1,Bloodstream
GCA_016054815.1,Bloodstream
GCA_016054875.1,Bloodstream
GCA_016054915.1,Medical_Device
GCA_016055245.1,Bloodstream
GCA_016055385.1,Bloodstream
GCA_016055545.1,Bloodstream
GCA_016055775.1,Bloodstream
GCA_016055785.1,Bloodstream
GCA_016055845.1,Bloodstream
GCA_016056035.1,Bloodstream
GCA_016056075.1,Bloodstream
GCA_016064595.1,Respiratory
GCA_016089495.1,Respiratory
GCA_016089535.1,Bloodstream
GCA_016089505.1,Urinary
GCA_016089555.1,Skin_Soft_Tissue
GCA_016089575.1,Respiratory
GCA_016089595.1,Respiratory
GCA_016089615.1,Respiratory
GCA_016089635.1,Respiratory
GCA_016089655.1,Respiratory
GCA_016089695.1,Urinary
GCA_016089715.1,Respiratory
GCA_016089725.1,Respiratory
GCA_016089755.1,Respiratory
GCA_016089775.1,Respiratory
GCA_016089795.1,Respiratory
GCA_016089815.1,Respiratory
GCA_016089835.1,Respiratory
GCA_016089865.1,Urinary
GCA_016089915.1,Bloodstream
GCA_016089935.1,Skin_Soft_Tissue
GCA_016089975.1,Respiratory
GCA_016089995.1,Respiratory
GCA_016090015.1,Respiratory
GCA_016090035.1,Skin_Soft_Tissue
GCA_016090055.1,Skin_Soft_Tissue
GCA_016090085.1,Skin_Soft_Tissue
GCA_016090115.1,Bloodstream
GCA_016090135.1,Respiratory
GCA_016090155.1,Respiratory
GCA_016090175.1,Respiratory
GCA_016090195.1,Respiratory
GCA_016090215.1,Respiratory
GCA_016090235.1,Bloodstream
GCA_016090255.1,Respiratory
GCA_016090275.1,Urinary
GCA_016090295.1,Respiratory
GCA_016090315.1,Respiratory
GCA_016090335.1,Skin_Soft_Tissue
GCA_016090375.1,Respiratory
GCA_016090395.1,Respiratory
GCA_016090415.1,Urinary
GCA_016090435.1,Skin_Soft_Tissue
GCA_016090455.1,Urinary
GCA_016090475.1,Respiratory
GCA_016090495.1,Respiratory
GCA_016090515.1,Respiratory
GCA_016090535.1,Respiratory
GCA_016090575.1,Skin_Soft_Tissue
GCA_016090595.1,Bloodstream
GCA_016090615.1,Respiratory
GCA_016090635.1,Respiratory
GCA_016090655.1,Ear_Nose_Throat
GCA_016090675.1,Respiratory
GCA_016090695.1,Skin_Soft_Tissue
GCA_016090715.1,Respiratory
GCA_016090755.1,Urinary
GCA_016090735.1,Respiratory
GCA_016090775.1,Respiratory
GCA_016090795.1,Respiratory
GCA_016090805.1,Urinary
GCA_016090835.1,Respiratory
GCA_016090855.1,Skin_Soft_Tissue
GCA_016090875.1,Urinary
GCA_016090895.1,Urinary
GCA_016090915.1,Respiratory
GCA_016090935.1,Respiratory
GCA_016090955.1,Respiratory
GCA_016090975.1,Respiratory
GCA_016091015.1,Skin_Soft_Tissue
GCA_016091035.1,Respiratory
GCA_016091075.1,Respiratory
GCA_016091095.1,Respiratory
GCA_016091115.1,Respiratory
GCA_016091135.1,Respiratory
GCA_016091155.1,Respiratory
GCA_016091175.1,Respiratory
GCA_016091195.1,Ear_Nose_Throat
GCA_016091215.1,Respiratory
GCA_016091225.1,Respiratory
GCA_016091255.1,Urinary
GCA_016091275.1,Urinary
GCA_016091295.1,Respiratory
GCA_016091335.1,Respiratory
GCA_016091355.1,Respiratory
GCA_016091395.1,Urinary
GCA_016091375.1,Respiratory
GCA_016091415.1,Respiratory
GCA_016091435.1,Respiratory
GCA_016091455.1,Respiratory
GCA_016091475.1,Urinary
GCA_016091495.1,Respiratory
GCA_016091515.1,Urinary
GCA_016091535.1,Respiratory
GCA_016091555.1,Respiratory
GCA_016091575.1,Respiratory
GCA_016091585.1,Bloodstream
GCA_016091615.1,Skin_Soft_Tissue
GCA_016091635.1,Urinary
GCA_016091655.1,Skin_Soft_Tissue
GCA_016091685.1,Bloodstream
GCA_016091675.1,Urinary
GCA_016091715.1,Urinary
GCA_016091735.1,Urinary
GCA_016091755.1,Respiratory
GCA_016091775.1,Respiratory
GCA_016091795.1,Respiratory
GCA_016091835.1,Respiratory
GCA_016091855.1,Respiratory
GCA_016091875.1,Respiratory
GCA_016091905.1,Bloodstream
GCA_016091935.1,Respiratory
GCA_016092545.1,Respiratory
GCA_016092625.1,Urinary
GCA_016092655.1,Respiratory
GCA_016092695.1,Respiratory
GCA_016092735.1,Urinary
GCA_016092775.1,Skin_Soft_Tissue
GCA_016092815.1,Respiratory
GCA_016092835.1,Respiratory
GCA_016092855.1,Skin_Soft_Tissue
GCA_016092875.1,Bloodstream
GCA_016092895.1,Respiratory
GCA_016092915.1,Respiratory
GCA_016092935.1,Skin_Soft_Tissue
GCA_016092955.1,Respiratory
GCA_016093015.1,Urinary
GCA_016093035.1,Urinary
GCA_016093055.1,Respiratory
GCA_016093075.1,Skin_Soft_Tissue
GCA_016093095.1,Urinary
GCA_016093115.1,Respiratory
GCA_016093155.1,Skin_Soft_Tissue
GCA_016105505.1,Water
GCA_016105665.1,Water
GCA_016105885.1,Water
GCA_016107485.1,Lab_Strain
GCA_016337155.1,Skin_Soft_Tissue
GCA_016337355.1,Respiratory
GCA_016337375.1,Respiratory
GCA_016337405.1,Urinary
GCA_016337425.1,Respiratory
GCA_016337445.1,Respiratory
GCA_016337485.1,Respiratory
GCA_016337505.1,Skin_Soft_Tissue
GCA_016337525.1,Respiratory
GCA_016337545.1,Skin_Soft_Tissue
GCA_016337565.1,Bloodstream
GCA_016337585.1,Respiratory
GCA_016337605.1,Bloodstream
GCA_016337625.1,Respiratory
GCA_016337645.1,Respiratory
GCA_016337665.1,Respiratory
GCA_016337685.1,Urinary
GCA_016337705.1,Bloodstream
GCA_016337725.1,Bloodstream
GCA_016337745.1,Urinary
GCA_016337785.1,Urinary
GCA_016337825.1,Urinary
GCA_016337845.1,Urinary
GCA_016337865.1,Respiratory
GCA_016337885.1,Respiratory
GCA_016337905.1,Gastrointestinal
GCA_016337925.1,Respiratory
GCA_016337965.1,Skin_Soft_Tissue
GCA_016337985.1,Skin_Soft_Tissue
GCA_016338005.1,Skin_Soft_Tissue
GCA_016338045.1,Medical_Device
GCA_016338065.1,Urinary
GCA_016338085.1,Respiratory
GCA_016338105.1,Urinary
GCA_016338125.1,Respiratory
GCA_016338145.1,Respiratory
GCA_016338165.1,Respiratory
GCA_016338185.1,Respiratory
GCA_016338205.1,Respiratory
GCA_016338225.1,Respiratory
GCA_016338245.1,Respiratory
GCA_016338265.1,Respiratory
GCA_016338285.1,Respiratory
GCA_016338305.1,Respiratory
GCA_016338325.1,Respiratory
GCA_016338345.1,Respiratory
GCA_016338365.1,Respiratory
GCA_016338385.1,Respiratory
GCA_016338425.1,Respiratory
GCA_016338445.1,Respiratory
GCA_016338465.1,Bloodstream
GCA_016338485.1,Urinary
GCA_016338505.1,Respiratory
GCA_016338525.1,Urinary
GCA_016338545.1,Respiratory
GCA_016338575.1,Respiratory
GCA_016338555.1,Skin_Soft_Tissue
GCA_016338605.1,Respiratory
GCA_016338625.1,Respiratory
GCA_016338645.1,Urinary
GCA_016338665.1,Respiratory
GCA_016338705.1,Respiratory
GCA_016338725.1,Skin_Soft_Tissue
GCA_016338745.1,Respiratory
GCA_016338765.1,Skin_Soft_Tissue
GCA_016338805.1,Bloodstream
GCA_016338825.1,Bloodstream
GCA_016338845.1,Urinary
GCA_016338865.1,Urinary
GCA_016338885.1,Respiratory
GCA_016338905.1,Skin_Soft_Tissue
GCA_016338925.1,Respiratory
GCA_016338945.1,Respiratory
GCA_016338965.1,Respiratory
GCA_016338985.1,Respiratory
GCA_016339005.1,Respiratory
GCA_016339025.1,Urinary
GCA_016339045.1,Urinary
GCA_016339065.1,Urinary
GCA_016339085.1,Urinary
GCA_016339105.1,Respiratory
GCA_016339125.1,Respiratory
GCA_016339145.1,Respiratory
GCA_016339165.1,Respiratory
GCA_016339185.1,Respiratory
GCA_016339205.1,Skin_Soft_Tissue
GCA_016339225.1,Respiratory
GCA_016339245.1,Respiratory
GCA_016339265.1,Respiratory
GCA_016339275.1,Respiratory
GCA_016339305.1,Respiratory
GCA_016339325.1,Skin_Soft_Tissue
GCA_016339345.1,Respiratory
GCA_016339385.1,Respiratory
GCA_016339425.1,Respiratory
GCA_016339445.1,Urinary
GCA_016339465.1,Respiratory
GCA_016339485.1,Respiratory
GCA_016339505.1,Respiratory
GCA_016339525.1,Respiratory
GCA_016339545.1,Respiratory
GCA_016339565.1,Respiratory
GCA_016339585.1,Bloodstream
GCA_016339645.1,Urinary
GCA_016339625.1,Urinary
GCA_016339665.1,Respiratory
GCA_016339685.1,Urinary
GCA_016339705.1,Urinary
GCA_016339725.1,Urinary
GCA_016339785.1,Respiratory
GCA_016339805.1,Urinary
GCA_016339825.1,Respiratory
GCA_016339845.1,Urinary
GCA_016339865.1,Bloodstream
GCA_016339885.1,Respiratory
GCA_016339905.1,Bloodstream
GCA_016339925.1,Respiratory
GCA_016339945.1,Skin_Soft_Tissue
GCA_016339965.1,Respiratory
GCA_016339985.1,Respiratory
GCA_016340005.1,Skin_Soft_Tissue
GCA_016340025.1,Respiratory
GCA_016340045.1,Respiratory
GCA_016340065.1,Urinary
GCA_016340085.1,Respiratory
GCA_016340105.1,Skin_Soft_Tissue
GCA_016340125.1,Urinary
GCA_016340165.1,Ear_Nose_Throat
GCA_016340185.1,Skin_Soft_Tissue
GCA_016340205.1,Respiratory
GCA_016340225.1,Respiratory
GCA_016340245.1,Respiratory
GCA_016340265.1,Skin_Soft_Tissue
GCA_016340285.1,Respiratory
GCA_016340305.1,Bloodstream
GCA_016340325.1,Respiratory
GCA_016340345.1,Skin_Soft_Tissue
GCA_016340365.1,Skin_Soft_Tissue
GCA_016340405.1,Respiratory
GCA_016340415.1,Respiratory
GCA_016340445.1,Urinary
GCA_016340465.1,Respiratory
GCA_016340485.1,Urinary
GCA_016340505.1,Respiratory
GCA_016340525.1,Respiratory
GCA_016340545.1,Respiratory
GCA_016340565.1,Respiratory
GCA_016340585.1,Urinary
GCA_016340605.1,Skin_Soft_Tissue
GCA_016340625.1,Respiratory
GCA_016340645.1,Respiratory
GCA_016340665.1,Urinary
GCA_016340685.1,Respiratory
GCA_016340705.1,Respiratory
GCA_016340725.1,Respiratory
GCA_016340745.1,Respiratory
GCA_016340765.1,Respiratory
GCA_016340785.1,Urinary
GCA_016340805.1,Respiratory
GCA_016340845.1,Urinary
GCA_016340865.1,Respiratory
GCA_016340895.1,Respiratory
GCA_016340885.1,Respiratory
GCA_016340925.1,Respiratory
GCA_016340945.1,Respiratory
GCA_016340965.1,Urinary
GCA_016340985.1,Bloodstream
GCA_016341005.1,Urinary
GCA_016341025.1,Skin_Soft_Tissue
GCA_016341045.1,Urinary
GCA_016341065.1,Respiratory
GCA_016341085.1,Respiratory
GCA_016341105.1,Respiratory
GCA_016341125.1,Urinary
GCA_016341145.1,Respiratory
GCA_016341185.1,Bloodstream
GCA_016341205.1,Skin_Soft_Tissue
GCA_016341225.1,Respiratory
GCA_016341245.1,Respiratory
GCA_016341265.1,Respiratory
GCA_016341285.1,Respiratory
GCA_016341305.1,Skin_Soft_Tissue
GCA_016341325.1,Respiratory
GCA_016341345.1,Respiratory
GCA_016341365.1,Respiratory
GCA_016341385.1,Respiratory
GCA_016341405.1,Respiratory
GCA_016341445.1,Respiratory
GCA_016341465.1,Respiratory
GCA_016341485.1,Respiratory
GCA_016341505.1,Urinary
GCA_016341525.1,Skin_Soft_Tissue
GCA_016341545.1,Skin_Soft_Tissue
GCA_016341565.1,Urinary
GCA_016341605.1,Respiratory
GCA_016341645.1,Respiratory
GCA_016341665.1,Respiratory
GCA_016341685.1,Respiratory
GCA_016341705.1,Skin_Soft_Tissue
GCA_016341725.1,Skin_Soft_Tissue
GCA_016341745.1,Respiratory
GCA_016341765.1,Skin_Soft_Tissue
GCA_016341785.1,Bloodstream
GCA_016341805.1,Bloodstream
GCA_016341825.1,Skin_Soft_Tissue
GCA_016341845.1,Skin_Soft_Tissue
GCA_016341865.1,Respiratory
GCA_016341885.1,Urinary
GCA_016341905.1,Respiratory
GCA_016341925.1,Skin_Soft_Tissue
GCA_016341945.1,Respiratory
GCA_016341965.1,Urinary
GCA_016341985.1,Respiratory
GCA_016342005.1,Respiratory
GCA_016342025.1,Bloodstream
GCA_016342045.1,Urinary
GCA_016342065.1,Urinary
GCA_016342085.1,Respiratory
GCA_016342145.1,Respiratory
GCA_016342805.1,Respiratory
GCA_016342825.1,Respiratory
GCA_016342845.1,Respiratory
GCA_016342865.1,Respiratory
GCA_016342885.1,Urinary
GCA_016342905.1,Respiratory
GCA_016342925.1,Urinary
GCA_016342945.1,Respiratory
GCA_016342965.1,Respiratory
GCA_016342985.1,Bloodstream
GCA_016343005.1,Skin_Soft_Tissue
GCA_016343025.1,Urinary
GCA_016343035.1,Urinary
GCA_016343065.1,Urinary
GCA_016343085.1,Respiratory
GCA_016343105.1,Urinary
GCA_016343125.1,Urinary
GCA_016343145.1,Respiratory
GCA_016343165.1,Respiratory
GCA_016343185.1,Respiratory
GCA_016343205.1,Respiratory
GCA_016343225.1,Respiratory
GCA_016343245.1,Skin_Soft_Tissue
GCA_016343285.1,Respiratory
GCA_016343325.1,Respiratory
GCA_016343345.1,Respiratory
GCA_016343365.1,Skin_Soft_Tissue
GCA_016343385.1,Gastrointestinal
GCA_016343405.1,Urinary
GCA_016343415.1,Urinary
GCA_016343445.1,Respiratory
GCA_016343465.1,Respiratory
GCA_016343495.1,Respiratory
GCA_016343505.1,Bloodstream
GCA_016343545.1,Respiratory
GCA_016343565.1,Bloodstream
GCA_016343585.1,Respiratory
GCA_016343605.1,Skin_Soft_Tissue
GCA_016343625.1,Urinary
GCA_016343635.1,Bloodstream
GCA_016343665.1,Urinary
GCA_016343685.1,Urinary
GCA_016343705.1,Respiratory
GCA_016343725.1,Respiratory
GCA_016343745.1,Respiratory
GCA_016343755.1,Respiratory
GCA_016343805.1,Bloodstream
GCA_016343845.1,Skin_Soft_Tissue
GCA_016343865.1,Respiratory
GCA_016343905.1,Respiratory
GCA_016343915.1,Bloodstream
GCA_016343945.1,Respiratory
GCA_016343965.1,Respiratory
GCA_016343985.1,Respiratory
GCA_016344005.1,Respiratory
GCA_016344025.1,Respiratory
GCA_016344045.1,Respiratory
GCA_016344085.1,Skin_Soft_Tissue
GCA_016344125.1,Bloodstream
GCA_032865915.3,Urinary
GCA_021665555.4,Skin_Soft_Tissue
GCA_016456225.1,Bone_Joint
GCA_016461995.1,Hospital
GCA_021665535.4,Skin_Soft_Tissue
GCA_016595165.1,Urinary
GCA_028064385.4,Respiratory
GCA_028064485.4,Urinary
GCA_028064255.4,Urinary
GCA_028064015.1,Water
GCA_028063995.4,Urinary
GCA_016617775.1,Respiratory
GCA_016622185.1,Marine
GCA_016622205.1,Marine
GCA_016622225.1,Marine
GCA_016622265.1,Marine
GCA_016622285.1,Marine
GCA_016622445.1,Marine
GCA_016622475.1,Marine
GCA_016622505.1,Marine
GCA_016681015.1,Bloodstream
GCA_016681025.1,Bloodstream
GCA_021665495.2,Urinary
GCA_021665475.5,Urinary
GCA_021665435.5,Respiratory
GCA_021665455.5,Respiratory
GCA_021665415.5,Respiratory
GCA_021665395.5,Respiratory
GCA_016743035.1,Soil
GCA_016743115.1,Respiratory
GCA_016745135.1,Respiratory
GCA_016745155.1,Respiratory
GCA_016745175.1,Urinary
GCA_016745195.1,Respiratory
GCA_016762735.1,Respiratory
GCA_016765735.1,Water
GCA_021665355.4,Urinary
GCA_016792065.1,Ear_Nose_Throat
GCA_016807225.1,Respiratory
GCA_021665315.4,Urinary
GCA_021665335.4,Respiratory
GCA_021665295.4,Respiratory
GCA_016811975.1,Bloodstream
GCA_016820015.1,Respiratory
GCA_016820025.1,Respiratory
GCA_016820055.1,Respiratory
GCA_016820075.1,Respiratory
GCA_016820095.1,Urinary
GCA_016820115.1,Respiratory
GCA_016820125.1,Bloodstream
GCA_016820155.1,Respiratory
GCA_016836415.1,Water
GCA_016836445.1,Water
GCA_016836465.1,Urinary
GCA_016836485.1,Urinary
GCA_016836505.1,Urinary
GCA_016836525.1,Bloodstream
GCA_016836565.1,Respiratory
GCA_016836585.1,Respiratory
GCA_016836605.1,Urinary
GCA_016836615.1,Urinary
GCA_016836645.1,Urinary
GCA_016836665.1,Urinary
GCA_016836685.1,Urinary
GCA_016864415.1,Bloodstream
GCA_016905405.1,Urinary
GCA_021665275.1,Skin_Soft_Tissue
GCA_021665255.1,Respiratory
GCA_021665215.4,Skin_Soft_Tissue
GCA_021665235.1,Respiratory
GCA_021665195.1,Urinary
GCA_021665175.1,Urinary
GCA_021665155.4,Respiratory
GCA_016919425.1,Water
GCA_016921215.1,Urinary
GCA_016921235.1,Gastrointestinal
GCA_016921245.1,Skin_Soft_Tissue
GCA_016921295.1,Urinary
GCA_016921305.1,Medical_Device
GCA_016921345.1,Skin_Soft_Tissue
GCA_016921375.1,Respiratory
GCA_016921395.1,Respiratory
GCA_016921405.1,Respiratory
GCA_016921435.1,Bloodstream
GCA_016921455.1,Urinary
GCA_016921465.1,Skin_Soft_Tissue
GCA_016921495.1,Bloodstream
GCA_016921505.1,Bloodstream
GCA_016921535.1,Skin_Soft_Tissue
GCA_016921555.1,Skin_Soft_Tissue
GCA_016921575.1,Bloodstream
GCA_016921595.1,Urinary
GCA_016921615.1,Bloodstream
GCA_016921625.1,Urinary
GCA_016921655.1,Bloodstream
GCA_016921675.1,Urinary
GCA_016921695.1,Urinary
GCA_016921715.1,Respiratory
GCA_016921735.1,Respiratory
GCA_016921745.1,Skin_Soft_Tissue
GCA_016921775.1,Respiratory
GCA_016921795.1,Urinary
GCA_016921805.1,Respiratory
GCA_016921845.1,Skin_Soft_Tissue
GCA_016921875.1,Gastrointestinal
GCA_016921885.1,Skin_Soft_Tissue
GCA_016921915.1,Skin_Soft_Tissue
GCA_016921935.1,Bloodstream
GCA_016921945.1,Respiratory
GCA_016921975.1,Bloodstream
GCA_016921995.1,Gastrointestinal
GCA_016922015.1,Bloodstream
GCA_016922035.1,Respiratory
GCA_016922055.1,Bloodstream
GCA_016922065.1,Bloodstream
GCA_016922095.1,Ear_Nose_Throat
GCA_016922115.1,Respiratory
GCA_016922135.1,Skin_Soft_Tissue
GCA_016922145.1,Urinary
GCA_016922165.1,Respiratory
GCA_016922185.1,Respiratory
GCA_016922215.1,Bloodstream
GCA_016922225.1,Urinary
GCA_016922245.1,Urinary
GCA_016922275.1,Respiratory
GCA_016922295.1,Respiratory
GCA_016922315.1,Respiratory
GCA_016922325.1,Respiratory
GCA_016922355.1,Respiratory
GCA_016922375.1,Respiratory
GCA_016922385.1,Respiratory
GCA_016922415.1,Urinary
GCA_016922435.1,Urinary
GCA_016922445.1,Respiratory
GCA_016922455.1,Bloodstream
GCA_016922495.1,Urinary
GCA_016922515.2,Urinary
GCA_016922535.1,Urinary
GCA_016922545.1,Bloodstream
GCA_016922565.1,Urinary
GCA_016922585.1,Bloodstream
GCA_016922595.1,Urinary
GCA_016922635.1,Urinary
GCA_016922655.1,Respiratory
GCA_016922675.1,Respiratory
GCA_016922695.1,Skin_Soft_Tissue
GCA_016922715.1,Urinary
GCA_016922735.1,Respiratory
GCA_016922755.1,Respiratory
GCA_016922775.1,Skin_Soft_Tissue
GCA_016922795.1,Skin_Soft_Tissue
GCA_016922815.1,Bloodstream
GCA_016922835.1,Respiratory
GCA_016922855.1,Respiratory
GCA_016922865.1,Urinary
GCA_016922885.1,Skin_Soft_Tissue
GCA_016922915.1,Urinary
GCA_016922935.1,Respiratory
GCA_016922965.1,Bloodstream
GCA_016922955.1,Skin_Soft_Tissue
GCA_016922975.1,Skin_Soft_Tissue
GCA_016923015.1,Urinary
GCA_016923035.1,Urinary
GCA_016923045.1,Urinary
GCA_016923065.1,Respiratory
GCA_016923095.1,Bloodstream
GCA_016923115.1,Respiratory
GCA_016923135.1,Urinary
GCA_016923155.1,Respiratory
GCA_016923255.1,Urinary
GCA_016923295.1,Respiratory
GCA_016923315.1,Bloodstream
GCA_016923325.1,Skin_Soft_Tissue
GCA_016923365.1,Gastrointestinal
GCA_016923395.2,Urinary
GCA_016923415.1,Respiratory
GCA_016923435.1,Respiratory
GCA_016923465.1,Bloodstream
GCA_016923495.1,Gastrointestinal
GCA_016923555.1,Urinary
GCA_016923575.1,Bloodstream
GCA_016923585.1,Bloodstream
GCA_016923615.1,Respiratory
GCA_016923635.1,Respiratory
GCA_016923645.1,Respiratory
GCA_016923655.1,Urinary
GCA_016923695.1,Respiratory
GCA_016924435.2,Respiratory
GCA_016924455.1,Urinary
GCA_016924465.1,Urinary
GCA_016924475.2,Skin_Soft_Tissue
GCA_016924535.1,Bloodstream
GCA_016924545.2,Respiratory
GCA_016924575.1,Respiratory
GCA_016925455.1,Bloodstream
GCA_016925475.1,Bloodstream
GCA_017152805.1,Urinary
GCA_017152875.1,Urinary
GCA_017153095.1,Urinary
GCA_017153555.1,Urinary
GCA_017153595.1,Respiratory
GCA_017153615.1,Respiratory
GCA_017153655.1,Skin_Soft_Tissue
GCA_017153675.1,Respiratory
GCA_017153685.1,Respiratory
GCA_017153715.1,Respiratory
GCA_017153735.1,Urinary
GCA_017153745.1,Urinary
GCA_017153775.1,Respiratory
GCA_017153795.1,Respiratory
GCA_017153815.1,Skin_Soft_Tissue
GCA_017153835.1,Respiratory
GCA_017153855.1,Respiratory
GCA_017153875.1,Respiratory
GCA_017288095.1,Respiratory
GCA_017292115.1,Urinary
GCA_017312205.1,Urinary
GCA_021665135.4,Urinary
GCA_021665115.4,Urinary
GCA_021665095.4,Skin_Soft_Tissue
GCA_021664995.4,Respiratory
GCA_021665055.4,Urinary
GCA_021665075.4,Urinary
GCA_021665035.4,Respiratory
GCA_021665015.4,Urinary
GCA_021664955.4,Respiratory
GCA_021664935.1,Respiratory
GCA_021664915.4,Skin_Soft_Tissue
GCA_021664875.4,Urinary
GCA_021664835.4,Skin_Soft_Tissue
GCA_021664855.4,Respiratory
GCA_021664815.4,Respiratory
GCA_017353375.1,Urinary
GCA_021664695.4,Respiratory
GCA_017581745.1,Gastrointestinal
GCA_017582255.1,Respiratory
GCA_017582385.1,Urinary
GCA_017582685.1,Skin_Soft_Tissue
GCA_017582945.1,Hospital
GCA_017592095.1,Hospital
GCA_017592115.1,Soil
GCA_017592295.1,Soil
GCA_017592315.1,Hospital
GCA_017599425.1,Gastrointestinal
GCA_017599465.1,Gastrointestinal
GCA_017599515.1,Gastrointestinal
GCA_032865875.3,Urinary
GCA_017653605.1,Ear_Nose_Throat
GCA_017653645.1,Ear_Nose_Throat
GCA_017653665.1,Ear_Nose_Throat
GCA_017653675.1,Ear_Nose_Throat
GCA_017653685.1,Ear_Nose_Throat
GCA_017653735.1,Respiratory
GCA_017693455.1,Bone_Joint
GCA_017693485.1,Urinary
GCA_017693575.1,Skin_Soft_Tissue
GCA_017693635.1,Skin_Soft_Tissue
GCA_017693665.1,Urinary
GCA_017693695.1,Urinary
GCA_017693715.1,Respiratory
GCA_017693735.1,Respiratory
GCA_017693745.1,Urinary
GCA_017693755.1,Urinary
GCA_017694015.1,Respiratory
GCA_017741915.1,Respiratory
GCA_017741955.1,Respiratory
GCA_017741975.1,Respiratory
GCA_017741985.1,Respiratory
GCA_017742015.1,Respiratory
GCA_017742025.1,Respiratory
GCA_017742055.1,Respiratory
GCA_017742075.1,Respiratory
GCA_017742095.1,Respiratory
GCA_017742115.1,Respiratory
GCA_017742125.1,Respiratory
GCA_017742155.1,Respiratory
GCA_017742175.1,Respiratory
GCA_017742195.1,Respiratory
GCA_021663415.4,Urinary
GCA_021663395.1,Urinary
GCA_017838075.1,Skin_Soft_Tissue
GCA_017838135.1,Urinary
GCA_021663375.2,Respiratory
GCA_021663355.2,Respiratory
GCA_017893545.1,Soil
GCA_017900915.1,Soil
GCA_018066645.1,Urinary
GCA_018067405.1,Bloodstream
GCA_018107705.1,Water
GCA_021663215.1,Respiratory
GCA_021663235.4,Respiratory
GCA_021663255.4,Respiratory
GCA_021663195.4,Respiratory
GCA_021663155.4,Respiratory
GCA_018138365.1,Gastrointestinal
GCA_018141565.1,Urinary
GCA_018141625.1,Urinary
GCA_018141645.1,Urinary
GCA_021661955.1,Ear_Nose_Throat
GCA_018271685.1,Skin_Soft_Tissue
GCA_018271695.1,Skin_Soft_Tissue
GCA_021661935.4,Skin_Soft_Tissue
GCA_021661995.1,Urinary
GCA_021661975.4,Respiratory
GCA_021661915.4,Skin_Soft_Tissue
GCA_018274585.1,Respiratory
GCA_018274635.1,Respiratory
GCA_018279285.1,Urinary
GCA_021661875.1,Respiratory
GCA_021661835.1,Respiratory
GCA_021661815.1,Respiratory
GCA_021661855.1,Gastrointestinal
GCA_021661735.1,Respiratory
GCA_021661755.1,Respiratory
GCA_021661795.1,Respiratory
GCA_018423525.1,Respiratory
GCA_018423545.1,Respiratory
GCA_018423565.1,Respiratory
GCA_018423595.1,Respiratory
GCA_018423585.1,Respiratory
GCA_021661715.4,Gastrointestinal
GCA_021661775.4,Gastrointestinal
GCA_021661675.4,Urinary
GCA_021661635.4,Ear_Nose_Throat
GCA_021661695.4,Gastrointestinal
GCA_021661575.4,Respiratory
GCA_021661555.4,Respiratory
GCA_021661535.4,Gastrointestinal
GCA_018439475.1,Gastrointestinal
GCA_018439695.1,Respiratory
GCA_018440375.1,Respiratory
GCA_018440405.1,Urinary
GCA_018441605.1,Urinary
GCA_018441815.1,Urinary
GCA_018441805.1,Urinary
GCA_018441845.1,Urinary
GCA_018441865.1,Urinary
GCA_018441885.1,Urinary
GCA_018442265.1,Respiratory
GCA_018447515.1,Respiratory
GCA_018448985.1,Urinary
GCA_018457025.1,Lab_Strain
GCA_018457045.1,Respiratory
GCA_018457065.1,Lab_Strain
GCA_018457105.1,Lab_Strain
GCA_018457125.1,Respiratory
GCA_018476785.1,Urinary
GCA_018476825.1,Respiratory
GCA_018551515.1,Respiratory
GCA_018551635.1,Skin_Soft_Tissue
GCA_018598165.2,Respiratory
GCA_018598245.2,Respiratory
GCA_018598285.3,Respiratory
GCA_018724905.1,Respiratory
GCA_018724925.1,Respiratory
GCA_018724945.1,Respiratory
GCA_018724955.1,Respiratory
GCA_018724965.1,Respiratory
GCA_018736165.1,Respiratory
GCA_021661585.1,Skin_Soft_Tissue
GCA_021661515.4,Skin_Soft_Tissue
GCA_021661495.4,Skin_Soft_Tissue
GCA_021661455.1,Respiratory
GCA_021661435.4,Respiratory
GCA_021661415.4,Bloodstream
GCA_021661395.4,Urinary
GCA_021661355.4,Gastrointestinal
GCA_021661095.4,Respiratory
GCA_021661035.4,Urinary
GCA_021661055.4,Bone_Joint
GCA_021660995.4,Respiratory
GCA_018920445.1,Skin_Soft_Tissue
GCA_018920465.1,CF_Respiratory
GCA_018920495.1,Water
GCA_018920525.1,Water
GCA_018920545.1,Water
GCA_018920565.1,Water
GCA_018920585.1,Water
GCA_018920615.1,Water
GCA_018920605.1,Water
GCA_018920645.1,Water
GCA_018920655.1,Water
GCA_018920685.1,Water
GCA_018920705.1,Water
GCA_018920695.1,Water
GCA_018920745.1,Water
GCA_018920765.1,Water
GCA_018966575.1,Skin_Soft_Tissue
GCA_018966565.1,Bloodstream
GCA_018966585.1,Bloodstream
GCA_018966645.1,Bloodstream
GCA_018966695.1,Bloodstream
GCA_018966685.1,Bloodstream
GCA_018966705.1,Bloodstream
GCA_019022575.1,Bloodstream
GCA_019022585.1,Skin_Soft_Tissue
GCA_019022735.1,Bloodstream
GCA_021661015.1,Respiratory
GCA_021660975.1,Gastrointestinal
GCA_021660955.1,Urinary
GCA_021660935.1,Urinary
GCA_021660895.1,Bloodstream
GCA_021660835.4,Urinary
GCA_021660735.4,Ear_Nose_Throat
GCA_019084125.3,Ear_Nose_Throat
GCA_019165005.2,Bloodstream
GCA_019165025.1,Bloodstream
GCA_019165015.1,Bloodstream
GCA_019165065.1,Bloodstream
GCA_019165095.1,Bloodstream
GCA_019165125.2,Bloodstream
GCA_019165145.1,Bloodstream
GCA_019165155.1,Bloodstream
GCA_019165185.1,Bloodstream
GCA_019165205.1,Bloodstream
GCA_019165225.1,Bloodstream
GCA_019165235.1,Bloodstream
GCA_019165265.1,Bloodstream
GCA_019165285.1,Bloodstream
GCA_019165305.1,Bloodstream
GCA_019165325.1,Bloodstream
GCA_019165385.1,Bloodstream
GCA_019165425.1,Bloodstream
GCA_019165345.1,Bloodstream
GCA_019165365.1,Bloodstream
GCA_019165405.1,Bloodstream
GCA_019165525.1,Bloodstream
GCA_019165985.1,Bloodstream
GCA_019166005.1,Bloodstream
GCA_019166025.1,Bloodstream
GCA_019166165.1,Bloodstream
GCA_019166225.1,Bloodstream
GCA_019166245.1,Bloodstream
GCA_019166235.1,Bloodstream
GCA_019166275.1,Bloodstream
GCA_019166265.1,Bloodstream
GCA_019166325.1,Bloodstream
GCA_019166345.1,Bloodstream
GCA_019166355.1,Bloodstream
GCA_019166365.1,Bloodstream
GCA_019166405.1,Bloodstream
GCA_019166425.1,Bloodstream
GCA_019166445.1,Bloodstream
GCA_019166465.1,Bloodstream
GCA_019166485.1,Bloodstream
GCA_019166495.1,Bloodstream
GCA_019166525.1,Bloodstream
GCA_019166545.1,Bloodstream
GCA_019166565.1,Bloodstream
GCA_019166575.1,Bloodstream
GCA_019166605.1,Bloodstream
GCA_019166615.1,Bloodstream
GCA_019166645.1,Bloodstream
GCA_019166665.1,Bloodstream
GCA_019166675.1,Bloodstream
GCA_019166705.1,Bloodstream
GCA_019166725.1,Bloodstream
GCA_019166745.1,Bloodstream
GCA_019166765.1,Bloodstream
GCA_019166795.1,Bloodstream
GCA_019166785.1,Bloodstream
GCA_019166825.1,Bloodstream
GCA_019166845.1,Bloodstream
GCA_019166865.1,Bloodstream
GCA_019166885.1,Bloodstream
GCA_019166905.1,Bloodstream
GCA_019166915.1,Bloodstream
GCA_019166935.1,Bloodstream
GCA_019166965.1,Bloodstream
GCA_019167005.1,Bloodstream
GCA_019166995.1,Bloodstream
GCA_019166985.1,Bloodstream
GCA_019167045.1,Bloodstream
GCA_019167065.1,Bloodstream
GCA_019167085.1,Bloodstream
GCA_019167105.1,Bloodstream
GCA_019167115.1,Bloodstream
GCA_019167125.1,Bloodstream
GCA_019167165.1,Bloodstream
GCA_019167185.1,Bloodstream
GCA_019167215.1,Bloodstream
GCA_019167205.1,Bloodstream
GCA_019167245.1,Bloodstream
GCA_019167265.1,Bloodstream
GCA_019167285.1,Bloodstream
GCA_019167305.1,Bloodstream
GCA_019167315.1,Bloodstream
GCA_019167325.1,Bloodstream
GCA_019167365.1,Bloodstream
GCA_019167385.1,Bloodstream
GCA_019167405.1,Bloodstream
GCA_019167415.1,Bloodstream
GCA_019167445.1,Bloodstream
GCA_019167435.1,Bloodstream
GCA_019167485.1,Bloodstream
GCA_019167505.1,Bloodstream
GCA_019167525.1,Bloodstream
GCA_019167535.1,Bloodstream
GCA_019167565.1,Bloodstream
GCA_019167585.1,Bloodstream
GCA_019167595.1,Bloodstream
GCA_019167625.1,Bloodstream
GCA_019167645.1,Bloodstream
GCA_019167665.1,Bloodstream
GCA_019167685.1,Bloodstream
GCA_019167705.1,Bloodstream
GCA_019167725.1,Bloodstream
GCA_019167735.1,Bloodstream
GCA_019167765.1,Bloodstream
GCA_019167775.1,Bloodstream
GCA_019167805.1,Bloodstream
GCA_019167825.1,Bloodstream
GCA_019167845.1,Bloodstream
GCA_019167875.1,Bloodstream
GCA_019167865.1,Bloodstream
GCA_019167905.1,Bloodstream
GCA_019167925.1,Bloodstream
GCA_019167935.1,Bloodstream
GCA_019167945.1,Bloodstream
GCA_019167985.1,Bloodstream
GCA_019168005.1,Bloodstream
GCA_019168035.1,Bloodstream
GCA_019168025.1,Bloodstream
GCA_019168065.1,Bloodstream
GCA_019168085.1,Bloodstream
GCA_019168105.1,Bloodstream
GCA_019168125.1,Bloodstream
GCA_019168145.1,Bloodstream
GCA_019168165.1,Bloodstream
GCA_019168185.1,Bloodstream
GCA_019168205.1,Bloodstream
GCA_019168245.1,Bloodstream
GCA_019168255.1,Bloodstream
GCA_021660715.1,Skin_Soft_Tissue
GCA_021660755.1,Respiratory
GCA_021660695.1,Urinary
GCA_021660615.1,Skin_Soft_Tissue
GCA_021660675.1,Respiratory
GCA_021660635.1,Skin_Soft_Tissue
GCA_021660595.1,Skin_Soft_Tissue
GCA_021660575.1,Gastrointestinal
GCA_021660515.1,Respiratory
GCA_021660015.1,Respiratory
GCA_021659935.1,Respiratory
GCA_021660035.1,Urinary
GCA_021659995.1,Respiratory
GCA_021660055.1,Urinary
GCA_021659895.1,Urinary
GCA_021659855.1,Urinary
GCA_021659775.1,Respiratory
GCA_021659695.1,Skin_Soft_Tissue
GCA_021659615.1,Respiratory
GCA_021659675.1,Skin_Soft_Tissue
GCA_021659595.1,Skin_Soft_Tissue
GCA_021659575.1,Skin_Soft_Tissue
GCA_021659515.1,Skin_Soft_Tissue
GCA_021659535.1,Respiratory
GCA_021659475.1,Respiratory
GCA_021659455.1,Respiratory
GCA_021659395.1,Respiratory
GCA_021659435.1,Skin_Soft_Tissue
GCA_021659375.1,Urinary
GCA_021659155.1,Respiratory
GCA_021659135.1,Respiratory
GCA_021659115.1,Skin_Soft_Tissue
GCA_021659015.1,Respiratory
GCA_021659055.1,Respiratory
GCA_021658975.1,Skin_Soft_Tissue
GCA_021658935.1,Skin_Soft_Tissue
GCA_021658895.1,Respiratory
GCA_021658915.1,Skin_Soft_Tissue
GCA_021658875.1,Urinary
GCA_021658855.1,Bloodstream
GCA_021658815.1,Respiratory
GCA_021658775.1,Respiratory
GCA_021658755.1,Skin_Soft_Tissue
GCA_021658715.1,Respiratory
GCA_021658735.1,Respiratory
GCA_021658675.1,Respiratory
GCA_021658655.1,Respiratory
GCA_021658635.1,Bloodstream
GCA_021658615.1,Urinary
GCA_021658595.1,Urinary
GCA_021658515.1,Skin_Soft_Tissue
GCA_021658535.1,Urinary
GCA_021658455.1,Urinary
GCA_021658475.1,Respiratory
GCA_021658435.1,Skin_Soft_Tissue
GCA_021658415.1,Bloodstream
GCA_021658395.1,Respiratory
GCA_021658335.1,Respiratory
GCA_021658355.1,Respiratory
GCA_021658295.1,Urinary
GCA_021658215.1,Urinary
GCA_021658195.1,Urinary
GCA_021658175.1,Skin_Soft_Tissue
GCA_021658115.1,Skin_Soft_Tissue
GCA_021658135.1,Urinary
GCA_021658075.1,Urinary
GCA_021658095.1,Respiratory
GCA_021658015.1,Respiratory
GCA_021658055.1,Urinary
GCA_021657995.1,Skin_Soft_Tissue
GCA_021657975.1,Respiratory
GCA_021657935.1,Respiratory
GCA_021657915.1,Urinary
GCA_021657895.1,Urinary
GCA_021657875.1,Ear_Nose_Throat
GCA_021657855.1,Urinary
GCA_021657795.1,Bloodstream
GCA_021657735.1,Urinary
GCA_021657675.1,Skin_Soft_Tissue
GCA_021657695.1,Urinary
GCA_021657635.1,Bloodstream
GCA_021657615.1,Urinary
GCA_021657595.1,Urinary
GCA_021657555.1,Bloodstream
GCA_021657515.1,Respiratory
GCA_021657475.1,Respiratory
GCA_021657455.1,Respiratory
GCA_021657415.1,Urinary
GCA_021657435.1,Respiratory
GCA_021657375.1,Respiratory
GCA_021657275.1,Ear_Nose_Throat
GCA_021657295.1,Respiratory
GCA_021657215.1,Respiratory
GCA_021657175.1,Respiratory
GCA_021657235.1,Respiratory
GCA_021657195.1,Skin_Soft_Tissue
GCA_021657095.1,Respiratory
GCA_021657055.1,Respiratory
GCA_021657035.1,Respiratory
GCA_021656995.1,Respiratory
GCA_021656975.1,Urinary
GCA_021656955.1,Skin_Soft_Tissue
GCA_021656915.1,Respiratory
GCA_021656875.1,Respiratory
GCA_021656835.1,Respiratory
GCA_021656775.1,Urinary
GCA_021656755.1,Skin_Soft_Tissue
GCA_021656695.1,Respiratory
GCA_021656675.1,Urinary
GCA_021656655.1,Skin_Soft_Tissue
GCA_021656615.1,Urinary
GCA_021656595.1,Urinary
GCA_021656575.1,Skin_Soft_Tissue
GCA_021656535.1,Skin_Soft_Tissue
GCA_021656375.1,Urinary
GCA_021656395.1,Urinary
GCA_021656345.1,Urinary
GCA_021656295.1,Respiratory
GCA_021656315.1,Respiratory
GCA_021656275.1,Urinary
GCA_021653755.1,Urinary
GCA_021656235.1,Urinary
GCA_021656195.1,Skin_Soft_Tissue
GCA_021656175.1,Urinary
GCA_021656095.1,Skin_Soft_Tissue
GCA_021653775.1,Respiratory
GCA_021653655.1,Bloodstream
GCA_021653675.1,Urinary
GCA_023400485.1,Respiratory
GCA_021653475.1,Skin_Soft_Tissue
GCA_021653415.1,Urinary
GCA_021653395.1,Skin_Soft_Tissue
GCA_021653355.1,Bloodstream
GCA_021653335.1,Respiratory
GCA_021653295.1,Skin_Soft_Tissue
GCA_021653275.1,Urinary
GCA_021653235.1,Urinary
GCA_021653195.1,Urinary
GCA_021653175.1,Urinary
GCA_021653095.1,Skin_Soft_Tissue
GCA_021653135.1,Ear_Nose_Throat
GCA_021653055.1,Skin_Soft_Tissue
GCA_021653035.1,Urinary
GCA_021653015.1,Urinary
GCA_021652975.1,Respiratory
GCA_021652955.1,Skin_Soft_Tissue
GCA_021652935.1,Skin_Soft_Tissue
GCA_021652895.1,Skin_Soft_Tissue
GCA_021652875.1,Skin_Soft_Tissue
GCA_021652915.1,Urinary
GCA_021652835.1,Respiratory
GCA_021652815.1,Respiratory
GCA_021652775.1,Urinary
GCA_021652795.1,Respiratory
GCA_021652735.1,Skin_Soft_Tissue
GCA_021652715.1,Respiratory
GCA_021652675.1,Skin_Soft_Tissue
GCA_021652695.1,Bloodstream
GCA_021652655.1,Urinary
GCA_021652615.1,Bloodstream
GCA_021652595.1,Urinary
GCA_021652495.1,Urinary
GCA_021652435.1,Skin_Soft_Tissue
GCA_021652415.1,Urinary
GCA_021652395.1,Urinary
GCA_021652355.1,Urinary
GCA_021652375.1,Urinary
GCA_021652255.1,Skin_Soft_Tissue
GCA_021652235.1,Bloodstream
GCA_021652195.1,Bloodstream
GCA_021652155.1,Bloodstream
GCA_021652115.1,Respiratory
GCA_021652095.1,Gastrointestinal
GCA_021652055.1,Respiratory
GCA_021652035.1,Skin_Soft_Tissue
GCA_021652015.1,Respiratory
GCA_021651995.1,Skin_Soft_Tissue
GCA_021651975.1,Respiratory
GCA_021651895.1,Urinary
GCA_021651935.1,Respiratory
GCA_021651915.1,Skin_Soft_Tissue
GCA_021651855.1,Respiratory
GCA_021651835.1,Respiratory
GCA_021651815.1,Urinary
GCA_021651795.1,Urinary
GCA_021651755.1,Gastrointestinal
GCA_021651675.1,Urinary
GCA_021651615.1,Skin_Soft_Tissue
GCA_021651595.1,Urinary
GCA_021651535.1,Urinary
GCA_021651515.1,Bloodstream
GCA_021651475.1,Skin_Soft_Tissue
GCA_021651435.1,Respiratory
GCA_021651375.1,Respiratory
GCA_021651395.1,Respiratory
GCA_021651335.1,Respiratory
GCA_021651295.1,Respiratory
GCA_021651255.1,Skin_Soft_Tissue
GCA_021651215.1,Respiratory
GCA_021651155.1,Respiratory
GCA_021646385.1,Respiratory
GCA_021646365.1,Urinary
GCA_019219785.1,Respiratory
GCA_021646305.1,Respiratory
GCA_021646225.1,Urinary
GCA_021646185.4,Skin_Soft_Tissue
GCA_021646145.4,Respiratory
GCA_021646165.4,Respiratory
GCA_021646125.4,Respiratory
GCA_021646205.4,Skin_Soft_Tissue
GCA_021646065.4,Skin_Soft_Tissue
GCA_021646045.4,Skin_Soft_Tissue
GCA_021645965.4,Skin_Soft_Tissue
GCA_021645905.4,Skin_Soft_Tissue
GCA_021645865.4,Gastrointestinal
GCA_021645885.4,Respiratory
GCA_019324825.1,Skin_Soft_Tissue
GCA_021645825.4,Skin_Soft_Tissue
GCA_021645805.4,Urinary
GCA_021645835.4,Respiratory
GCA_019364615.1,Urinary
GCA_019379355.1,Bloodstream
GCA_019400855.1,Respiratory
GCA_019400895.1,Respiratory
GCA_019429725.1,Skin_Soft_Tissue
GCA_019429795.1,Respiratory
GCA_019429825.1,Urinary
GCA_019429885.1,Medical_Device
GCA_019429965.1,Ocular
GCA_019429985.1,Bone_Joint
GCA_019430005.1,Respiratory
GCA_019430035.1,Skin_Soft_Tissue
GCA_019430085.1,Bone_Joint
GCA_019430105.1,Medical_Device
GCA_019430125.1,Respiratory
GCA_019430145.1,Medical_Device
GCA_019430165.1,Urinary
GCA_019430175.1,Gastrointestinal
GCA_019430205.1,Gastrointestinal
GCA_019430225.1,Skin_Soft_Tissue
GCA_019430235.1,Medical_Device
GCA_019430275.1,Medical_Device
GCA_019430345.1,Skin_Soft_Tissue
GCA_019430385.1,Respiratory
GCA_019430405.1,Urinary
GCA_019430415.1,Bloodstream
GCA_019430465.1,Respiratory
GCA_019430485.1,Respiratory
GCA_019430505.1,Medical_Device
GCA_019430515.1,Skin_Soft_Tissue
GCA_019430535.1,Medical_Device
GCA_019430565.1,Respiratory
GCA_019430585.1,Urinary
GCA_019430605.1,Urinary
GCA_019430625.1,Urinary
GCA_019430635.1,Urinary
GCA_019430665.1,Skin_Soft_Tissue
GCA_019430685.1,Respiratory
GCA_019434075.1,Respiratory
GCA_019434095.1,Respiratory
GCA_019434135.1,Respiratory
GCA_019434235.1,Gastrointestinal
GCA_021645765.1,Urinary
GCA_021645785.4,Respiratory
GCA_021645705.4,Urinary
GCA_021645725.4,Skin_Soft_Tissue
GCA_021645585.4,Urinary
GCA_021645625.1,Respiratory
GCA_021645565.1,Gastrointestinal
GCA_021645545.1,Bloodstream
GCA_021645505.1,Water
GCA_021645485.1,Gastrointestinal
GCA_021645525.1,Respiratory
GCA_021645465.1,Gastrointestinal
GCA_019686195.1,Respiratory
GCA_019686225.1,Respiratory
GCA_019686265.1,Respiratory
GCA_019686305.1,Skin_Soft_Tissue
GCA_019686335.1,Respiratory
GCA_019686345.1,Respiratory
GCA_019686355.1,Skin_Soft_Tissue
GCA_019686395.1,Respiratory
GCA_019686415.1,Respiratory
GCA_019686435.1,Respiratory
GCA_019686455.1,Respiratory
GCA_019686475.1,Respiratory
GCA_019686495.1,Respiratory
GCA_019686525.1,Respiratory
GCA_019686555.1,Respiratory
GCA_019686575.1,Respiratory
GCA_019686615.1,Respiratory
GCA_019686625.1,Respiratory
GCA_019686655.1,Respiratory
GCA_019686665.1,Urinary
GCA_019686695.1,Respiratory
GCA_019686715.1,Respiratory
GCA_019686735.1,Respiratory
GCA_019686755.1,Respiratory
GCA_019686775.1,Urinary
GCA_019686785.1,Respiratory
GCA_019686815.1,Respiratory
GCA_019686835.1,Respiratory
GCA_019686855.1,Water
GCA_019686875.1,Urinary
GCA_019686895.1,Respiratory
GCA_019686905.1,Respiratory
GCA_019686935.1,Respiratory
GCA_019686965.1,Respiratory
GCA_019686995.1,Respiratory
GCA_019687035.1,Respiratory
GCA_019687055.1,Respiratory
GCA_019687075.1,Respiratory
GCA_019687115.1,Bloodstream
GCA_019687135.1,Respiratory
GCA_019687175.1,Urinary
GCA_019687195.1,Respiratory
GCA_019687205.1,Respiratory
GCA_019687225.1,Respiratory
GCA_019687255.1,Bloodstream
GCA_019687265.1,Respiratory
GCA_019687295.1,Respiratory
GCA_019687325.1,Respiratory
GCA_019687355.1,Respiratory
GCA_019687365.1,Respiratory
GCA_019687395.1,Respiratory
GCA_019687425.1,Bloodstream
GCA_019687415.1,Respiratory
GCA_019687465.1,Bloodstream
GCA_019687495.1,Bloodstream
GCA_019687505.1,Respiratory
GCA_019687525.1,Respiratory
GCA_019687545.1,Respiratory
GCA_019687575.1,Respiratory
GCA_019687595.1,Respiratory
GCA_019687615.1,Respiratory
GCA_019687645.1,Respiratory
GCA_019687635.1,Respiratory
GCA_019687675.1,Respiratory
GCA_019687715.1,Respiratory
GCA_019687725.1,Respiratory
GCA_019687755.1,Respiratory
GCA_019687775.1,Respiratory
GCA_019687815.1,Respiratory
GCA_019687835.1,Respiratory
GCA_019687855.1,Respiratory
GCA_019687875.1,Respiratory
GCA_019687895.1,Respiratory
GCA_019687915.1,Respiratory
GCA_019687935.1,Respiratory
GCA_019687955.1,Respiratory
GCA_019687975.1,Respiratory
GCA_019688005.1,Respiratory
GCA_019688035.1,Respiratory
GCA_019688055.1,Urinary
GCA_019688075.1,Respiratory
GCA_019688095.1,Respiratory
GCA_019688115.1,Respiratory
GCA_019688135.1,Respiratory
GCA_019688155.1,Respiratory
GCA_019688175.1,Respiratory
GCA_019688195.1,Respiratory
GCA_019688215.1,Respiratory
GCA_019688235.1,Urinary
GCA_019688275.1,Bloodstream
GCA_019688295.1,Respiratory
GCA_019688305.1,Respiratory
GCA_019688335.1,Respiratory
GCA_019688375.1,Respiratory
GCA_019688455.1,Respiratory
GCA_019688475.1,Respiratory
GCA_019688495.1,Respiratory
GCA_019688515.1,Respiratory
GCA_019688525.1,Respiratory
GCA_019688555.1,Water
GCA_019688575.1,Bloodstream
GCA_019688595.1,Respiratory
GCA_019688615.1,Bloodstream
GCA_019688625.1,Respiratory
GCA_019688675.1,Respiratory
GCA_019688695.1,Ear_Nose_Throat
GCA_019688715.1,Respiratory
GCA_019688755.1,Respiratory
GCA_019690135.1,Respiratory
GCA_019690155.1,Respiratory
GCA_019690195.1,Respiratory
GCA_019690205.1,Respiratory
GCA_019690235.1,Respiratory
GCA_019690255.1,Respiratory
GCA_019690275.1,Respiratory
GCA_019690295.1,Urinary
GCA_019690305.1,Respiratory
GCA_019690335.1,Skin_Soft_Tissue
GCA_019690355.1,Respiratory
GCA_019690375.1,Skin_Soft_Tissue
GCA_019690395.1,Skin_Soft_Tissue
GCA_019690425.1,Respiratory
GCA_019690415.1,Respiratory
GCA_019690455.1,Respiratory
GCA_019690495.1,Respiratory
GCA_019690515.1,Respiratory
GCA_019690555.1,Respiratory
GCA_019690575.1,Respiratory
GCA_019690595.1,Urinary
GCA_019690605.1,Respiratory
GCA_019690625.1,Respiratory
GCA_019690615.1,Respiratory
GCA_019690675.1,Respiratory
GCA_019690695.1,Respiratory
GCA_019690715.1,Respiratory
GCA_019690735.1,Respiratory
GCA_019690745.1,Respiratory
GCA_019690775.1,Respiratory
GCA_019690795.1,Respiratory
GCA_019690815.1,Respiratory
GCA_019690835.1,Respiratory
GCA_019690855.1,Respiratory
GCA_019690875.1,Respiratory
GCA_019690895.1,Respiratory
GCA_019690915.1,Respiratory
GCA_019690935.1,Respiratory
GCA_019690955.1,Respiratory
GCA_019690975.1,Respiratory
GCA_019690995.1,Respiratory
GCA_019691075.1,Ear_Nose_Throat
GCA_019691095.1,Urinary
GCA_019691115.1,Respiratory
GCA_019691135.1,Respiratory
GCA_019691155.1,Respiratory
GCA_019691165.1,Respiratory
GCA_019691195.1,Respiratory
GCA_019691215.1,Urinary
GCA_019691235.1,Gastrointestinal
GCA_019710495.1,Skin_Soft_Tissue
GCA_019710645.1,Gastrointestinal
GCA_021645425.4,Skin_Soft_Tissue
GCA_019738995.2,Skin_Soft_Tissue
GCA_019754515.1,Gastrointestinal
GCA_019758675.1,Respiratory
GCA_019758955.1,Respiratory
GCA_019781145.1,Respiratory
GCA_019781155.1,Gastrointestinal
GCA_019797635.1,Respiratory
GCA_019800235.1,Respiratory
GCA_019800405.1,Skin_Soft_Tissue
GCA_032997545.3,Bloodstream
GCA_032997485.3,Urinary
GCA_019915445.1,Skin_Soft_Tissue
GCA_019915465.1,Respiratory
GCA_021645365.4,Urinary
GCA_021645345.4,Skin_Soft_Tissue
GCA_021645305.4,Respiratory
GCA_021645245.4,Skin_Soft_Tissue
GCA_021644585.4,Skin_Soft_Tissue
GCA_021645165.4,Skin_Soft_Tissue
GCA_021645205.4,Urinary
GCA_019990675.1,Respiratory
GCA_019991065.1,Respiratory
GCA_019991095.1,Respiratory
GCA_905068165.1,Respiratory
GCA_905068185.1,Respiratory
GCA_905068145.1,Respiratory
GCA_905068175.1,Respiratory
GCA_020011175.1,Gastrointestinal
GCA_020035985.1,Hospital
GCA_020035975.1,Hospital
GCA_020036015.1,Hospital
GCA_020036025.1,Hospital
GCA_020036055.1,Hospital
GCA_020036075.1,Hospital
GCA_020036095.1,Hospital
GCA_020036115.1,Hospital
GCA_020036135.1,Hospital
GCA_020036155.1,Hospital
GCA_020036175.1,Hospital
GCA_020036215.1,Hospital
GCA_020036235.1,Hospital
GCA_020036255.1,Hospital
GCA_020036275.1,Hospital
GCA_020036295.1,Hospital
GCA_020036315.1,Hospital
GCA_020036335.1,Hospital
GCA_020036355.1,Hospital
GCA_020036375.1,Hospital
GCA_020036385.1,Hospital
GCA_020036435.1,Hospital
GCA_020036455.1,Hospital
GCA_020036495.1,Hospital
GCA_020036505.1,Hospital
GCA_020036535.1,Hospital
GCA_020036555.1,Hospital
GCA_020036575.1,Hospital
GCA_020036595.1,Hospital
GCA_020036605.1,Hospital
GCA_020036615.1,Hospital
GCA_020036625.1,Hospital
GCA_020036675.1,Hospital
GCA_020036695.1,Hospital
GCA_020036715.1,Hospital
GCA_020036725.1,Hospital
GCA_020036755.1,Hospital
GCA_020036775.1,Hospital
GCA_020036785.1,Hospital
GCA_020036815.1,Hospital
GCA_020036825.1,Hospital
GCA_020036855.1,Hospital
GCA_020036875.1,Hospital
GCA_020036895.1,Hospital
GCA_020036905.1,Hospital
GCA_020036935.1,Hospital
GCA_020036955.1,Hospital
GCA_020036975.1,Hospital
GCA_020072085.1,Skin_Soft_Tissue
GCA_020072145.1,Skin_Soft_Tissue
GCA_020072185.1,Skin_Soft_Tissue
GCA_020072205.1,Skin_Soft_Tissue
GCA_020072275.1,Skin_Soft_Tissue
GCA_020102795.1,Respiratory
GCA_020131405.1,Hospital
GCA_020147905.1,Industrial
GCA_021644325.1,Skin_Soft_Tissue
GCA_021644385.4,Respiratory
GCA_021644345.5,Respiratory
GCA_021644265.5,Respiratory
GCA_021644245.4,Skin_Soft_Tissue
GCA_021644225.1,Respiratory
GCA_020404715.1,Skin_Soft_Tissue
GCA_020404825.1,Urinary
GCA_020404885.1,Respiratory
GCA_021644185.4,Skin_Soft_Tissue
GCA_021644205.1,Urinary
GCA_021644145.1,Urinary
GCA_020405505.1,Gastrointestinal
GCA_020406275.1,Gastrointestinal
GCA_020406285.1,Gastrointestinal
GCA_020406295.1,Gastrointestinal
GCA_020406305.1,Gastrointestinal
GCA_020406315.1,Gastrointestinal
GCA_020406375.1,Gastrointestinal
GCA_020406385.1,Gastrointestinal
GCA_020406405.1,Gastrointestinal
GCA_020406435.1,Gastrointestinal
GCA_020406455.1,Gastrointestinal
GCA_020406475.1,Gastrointestinal
GCA_020406485.1,Gastrointestinal
GCA_020406515.1,Gastrointestinal
GCA_020406535.1,Gastrointestinal
GCA_020406555.1,Gastrointestinal
GCA_021644125.4,Gastrointestinal
GCA_021644045.4,Urinary
GCA_021644085.1,Gastrointestinal
GCA_021644105.1,Gastrointestinal
GCA_021644065.1,Gastrointestinal
GCA_021644025.4,Gastrointestinal
GCA_021644365.4,Gastrointestinal
GCA_021644005.4,Gastrointestinal
GCA_021643985.4,Gastrointestinal
GCA_021643965.1,Gastrointestinal
GCA_021643945.4,Urinary
GCA_021643925.4,Urinary
GCA_021643905.4,Gastrointestinal
GCA_021644965.1,Gastrointestinal
GCA_021643805.1,Gastrointestinal
GCA_021643885.4,Respiratory
GCA_021643785.4,Skin_Soft_Tissue
GCA_021643765.4,Respiratory
GCA_021643685.4,Gastrointestinal
GCA_021643565.4,Skin_Soft_Tissue
GCA_021643545.4,Respiratory
GCA_021643505.4,Urinary
GCA_021645025.1,Skin_Soft_Tissue
GCA_021643465.4,Skin_Soft_Tissue
GCA_021643445.4,Skin_Soft_Tissue
GCA_021643425.1,Skin_Soft_Tissue
GCA_021643365.4,Skin_Soft_Tissue
GCA_021643385.4,Respiratory
GCA_021643525.4,Respiratory
GCA_021643345.4,Respiratory
GCA_021643305.4,Respiratory
GCA_021643325.1,Urinary
GCA_021643285.4,Skin_Soft_Tissue
GCA_021643245.4,Skin_Soft_Tissue
GCA_021643205.4,Respiratory
GCA_021643185.4,Skin_Soft_Tissue
GCA_021643225.1,Respiratory
GCA_021643165.1,Respiratory
GCA_020567355.1,Respiratory
GCA_020567465.1,Urinary
GCA_020639445.1,Bloodstream
GCA_020639435.1,Bloodstream
GCA_020639475.1,Bloodstream
GCA_020639485.1,Bloodstream
GCA_020639495.1,Bloodstream
GCA_020639535.1,Bloodstream
GCA_020639545.1,Bloodstream
GCA_020639575.1,Bloodstream
GCA_020639585.1,Bloodstream
GCA_020639615.1,Bloodstream
GCA_020639635.1,Bloodstream
GCA_020639655.1,Bloodstream
GCA_020639665.1,Bloodstream
GCA_020639695.1,Bloodstream
GCA_020639715.1,Bloodstream
GCA_020639735.1,Bloodstream
GCA_020639755.1,Bloodstream
GCA_020639775.1,Bloodstream
GCA_020639795.1,Bloodstream
GCA_020639815.1,Bloodstream
GCA_020639835.1,Bloodstream
GCA_020639845.1,Bloodstream
GCA_020639875.1,Bloodstream
GCA_020639895.1,Bloodstream
GCA_020639915.1,Bloodstream
GCA_020639935.1,Bloodstream
GCA_020639945.1,Bloodstream
GCA_020639975.1,Bloodstream
GCA_020639995.1,Bloodstream
GCA_020640015.1,Bloodstream
GCA_020640035.1,Bloodstream
GCA_020640055.1,Bloodstream
GCA_020640075.1,Bloodstream
GCA_020640095.1,Bloodstream
GCA_020640115.1,Bloodstream
GCA_020640125.1,Bloodstream
GCA_020640135.1,Bloodstream
GCA_020640175.1,Bloodstream
GCA_020640195.1,Bloodstream
GCA_020640215.1,Bloodstream
GCA_020640235.1,Bloodstream
GCA_020640255.1,Bloodstream
GCA_020640275.1,Bloodstream
GCA_020640295.1,Bloodstream
GCA_020640315.1,Bloodstream
GCA_020640335.1,Bloodstream
GCA_020640345.1,Bloodstream
GCA_020640375.1,Bloodstream
GCA_020640395.1,Bloodstream
GCA_020640415.1,Bloodstream
GCA_020640435.1,Bloodstream
GCA_020640455.1,Bloodstream
GCA_020640475.1,Bloodstream
GCA_020640485.1,Bloodstream
GCA_020640515.1,Bloodstream
GCA_020640525.1,Bloodstream
GCA_020640555.1,Bloodstream
GCA_020640575.1,Bloodstream
GCA_020640595.1,Bloodstream
GCA_020640605.1,Bloodstream
GCA_020640625.1,Bloodstream
GCA_020640655.1,Bloodstream
GCA_020640675.1,Bloodstream
GCA_020640695.1,Bloodstream
GCA_020640705.1,Bloodstream
GCA_020640735.1,Bloodstream
GCA_020640755.1,Bloodstream
GCA_020640765.1,Bloodstream
GCA_020640795.1,Bloodstream
GCA_020640815.1,Bloodstream
GCA_020640835.1,Bloodstream
GCA_020640875.1,Bloodstream
GCA_021642805.4,Gastrointestinal
GCA_021642745.4,Gastrointestinal
GCA_021642705.2,Urinary
GCA_028063415.4,Respiratory
GCA_021642665.4,Gastrointestinal
GCA_028063215.4,Bloodstream
GCA_028063095.4,Respiratory
GCA_028063075.4,Bone_Joint
GCA_028063055.4,Urinary
GCA_028062955.4,Urinary
GCA_028062935.4,Respiratory
GCA_028062835.4,Respiratory
GCA_028062845.4,Respiratory
GCA_028062795.4,Respiratory
GCA_020733525.1,Respiratory
GCA_021642625.4,Urinary
GCA_021642645.1,Urinary
GCA_021642605.1,Gastrointestinal
GCA_021642585.4,Gastrointestinal
GCA_021642545.4,Gastrointestinal
GCA_021642525.1,Gastrointestinal
GCA_021644725.4,Skin_Soft_Tissue
GCA_021644705.4,Skin_Soft_Tissue
GCA_021644645.4,Skin_Soft_Tissue
GCA_021644685.4,Skin_Soft_Tissue
GCA_021644625.4,Gastrointestinal
GCA_021644605.4,Respiratory
GCA_021642565.1,Respiratory
GCA_020771675.1,Skin_Soft_Tissue
GCA_020771755.1,Skin_Soft_Tissue
GCA_020781855.1,Water
GCA_021642185.4,Respiratory
GCA_021642145.1,Urinary
GCA_021642205.1,Skin_Soft_Tissue
GCA_021642165.4,Gastrointestinal
GCA_021627805.4,Urinary
GCA_021627875.4,Urinary
GCA_021627825.4,Gastrointestinal
GCA_021627845.1,Gastrointestinal
GCA_021614755.4,Gastrointestinal
GCA_021614715.4,Urinary
GCA_028062455.4,Urinary
GCA_028062335.4,Respiratory
GCA_021614435.4,Skin_Soft_Tissue
GCA_021614375.1,Urinary
GCA_021614335.4,Gastrointestinal
GCA_021614315.4,Gastrointestinal
GCA_028062185.4,Skin_Soft_Tissue
GCA_020905575.1,Bloodstream
GCA_020905595.1,Bloodstream
GCA_020905615.1,Bloodstream
GCA_020907765.1,Soil
GCA_020978345.1,Water
GCA_020990445.1,Urinary
GCA_020990465.1,Urinary
GCA_020990485.1,Urinary
GCA_021012755.1,Respiratory
GCA_021012775.1,Respiratory
GCA_021012805.1,Respiratory
GCA_021013035.1,Respiratory
GCA_021013075.1,Urinary
GCA_021013095.1,Respiratory
GCA_021013115.1,Respiratory
GCA_021013135.1,Respiratory
GCA_021013155.1,Respiratory
GCA_021013175.1,Respiratory
GCA_021614295.4,Skin_Soft_Tissue
GCA_021610645.4,Respiratory
GCA_021610465.1,Skin_Soft_Tissue
GCA_021610445.1,Respiratory
GCA_021610485.1,Urinary
GCA_021610495.1,Urinary
GCA_021610425.1,Hospital
GCA_021610405.1,Hospital
GCA_021610385.1,Hospital
GCA_021602105.1,Skin_Soft_Tissue
GCA_021602065.1,Skin_Soft_Tissue
GCA_021166255.2,Respiratory
GCA_021166275.2,Respiratory
GCA_021166295.2,Respiratory
GCA_021166315.2,Respiratory
GCA_021166335.2,Respiratory
GCA_021166355.2,Respiratory
GCA_021166375.2,Respiratory
GCA_021602035.1,Domestic
GCA_021602005.4,Urinary
GCA_021601965.4,Skin_Soft_Tissue
GCA_021601985.1,Skin_Soft_Tissue
GCA_021601905.1,Urinary
GCA_021601945.4,Urinary
GCA_021601885.1,Skin_Soft_Tissue
GCA_021601845.4,Skin_Soft_Tissue
GCA_021601805.1,Respiratory
GCA_021601785.4,Respiratory
GCA_021601725.4,Urinary
GCA_021601645.4,Urinary
GCA_021595065.1,Gastrointestinal
GCA_021595005.4,Skin_Soft_Tissue
GCA_028062055.4,Respiratory
GCA_028061915.4,Respiratory
GCA_028061895.4,Skin_Soft_Tissue
GCA_021245785.1,Skin_Soft_Tissue
GCA_021245865.1,Skin_Soft_Tissue
GCA_021249245.1,Soil
GCA_021266605.1,Respiratory
GCA_021593945.1,Respiratory
GCA_021593925.1,Ear_Nose_Throat
GCA_021593905.1,Respiratory
GCA_021593885.1,Respiratory
GCA_021594025.1,Ear_Nose_Throat
GCA_021593845.1,Respiratory
GCA_021593865.1,Urinary
GCA_021593825.1,Respiratory
GCA_021593805.1,Respiratory
GCA_021593785.1,Respiratory
GCA_021593765.1,Bloodstream
GCA_021593745.1,Skin_Soft_Tissue
GCA_021593705.1,Respiratory
GCA_021593725.1,Ear_Nose_Throat
GCA_021593685.1,Ear_Nose_Throat
GCA_021593665.1,Respiratory
GCA_021593645.1,Respiratory
GCA_021593625.1,Respiratory
GCA_021593585.1,Bloodstream
GCA_021593525.1,Bloodstream
GCA_021593485.1,Respiratory
GCA_021593505.1,Skin_Soft_Tissue
GCA_021593445.1,Respiratory
GCA_021593425.1,Urinary
GCA_021593365.1,Respiratory
GCA_021593405.1,Urinary
GCA_021593345.1,Bloodstream
GCA_021593385.1,Urinary
GCA_021593325.1,Respiratory
GCA_021593305.1,Urinary
GCA_021593245.1,Bloodstream
GCA_021593285.1,Respiratory
GCA_021593265.1,Respiratory
GCA_021593225.1,Respiratory
GCA_021593205.1,Respiratory
GCA_021593165.1,Respiratory
GCA_021593185.1,Respiratory
GCA_021592995.1,Respiratory
GCA_021593145.1,Urinary
GCA_021593125.1,Respiratory
GCA_021593065.1,Urinary
GCA_021593045.1,Respiratory
GCA_021593025.1,Respiratory
GCA_021592965.1,Urinary
GCA_021592985.1,Respiratory
GCA_021592935.1,Bloodstream
GCA_021592925.1,Respiratory
GCA_021592905.1,Respiratory
GCA_021592885.1,Respiratory
GCA_021592865.1,Respiratory
GCA_021592825.1,Respiratory
GCA_021592805.1,Urinary
GCA_021592785.1,Respiratory
GCA_021592765.1,Respiratory
GCA_021592725.1,Skin_Soft_Tissue
GCA_021592705.1,Urinary
GCA_021592685.1,Respiratory
GCA_021295015.1,Respiratory
GCA_021295035.1,Respiratory
GCA_021295055.1,Ear_Nose_Throat
GCA_021295075.1,Ear_Nose_Throat
GCA_021591145.4,Urinary
GCA_021591105.4,Skin_Soft_Tissue
GCA_021591125.1,Skin_Soft_Tissue
GCA_021591065.1,Skin_Soft_Tissue
GCA_021591005.4,Urinary
GCA_021378395.1,Medical_Device
GCA_021591045.1,Hospital
GCA_021591085.1,Hospital
GCA_021590985.1,Hospital
GCA_021391255.1,Urinary
GCA_021398755.1,Respiratory
GCA_021432565.1,Bloodstream
GCA_021590885.1,Respiratory
GCA_021590905.1,Respiratory
GCA_021590765.1,Bone_Joint
GCA_021590745.1,Bloodstream
GCA_021590865.1,Bloodstream
GCA_021590825.1,Skin_Soft_Tissue
GCA_021590805.1,Respiratory
GCA_021590725.1,Respiratory
GCA_021590705.1,Bloodstream
GCA_021590685.1,Bloodstream
GCA_021590645.1,Bloodstream
GCA_021590665.1,Bloodstream
GCA_021590625.1,Bloodstream
GCA_021590605.1,Bloodstream
GCA_023385015.1,Bloodstream
GCA_021590585.1,Bloodstream
GCA_021590565.1,Bloodstream
GCA_021590545.1,Bloodstream
GCA_021590525.1,Skin_Soft_Tissue
GCA_021590405.1,Bloodstream
GCA_021590385.1,Bloodstream
GCA_021590365.1,Bloodstream
GCA_021590345.1,Bloodstream
GCA_021590325.1,Bloodstream
GCA_021590285.1,Bloodstream
GCA_021590305.1,Bloodstream
GCA_021590265.1,Bloodstream
GCA_021590205.1,Bloodstream
GCA_021590245.1,Bloodstream
GCA_021590165.1,Skin_Soft_Tissue
GCA_023384995.1,Bloodstream
GCA_021590185.1,Bloodstream
GCA_021590145.1,Bloodstream
GCA_021590095.1,Bloodstream
GCA_021590125.1,Bloodstream
GCA_023385315.1,Bloodstream
GCA_021590065.1,Respiratory
GCA_021590005.1,Skin_Soft_Tissue
GCA_021590025.1,Skin_Soft_Tissue
GCA_021589965.1,Bloodstream
GCA_021589985.1,Respiratory
GCA_021589925.1,Bloodstream
GCA_021589945.1,Bloodstream
GCA_021589905.1,Respiratory
GCA_021589885.1,Skin_Soft_Tissue
GCA_021589865.1,Bloodstream
GCA_021589845.1,Respiratory
GCA_021589785.1,Bloodstream
GCA_023385275.1,Bloodstream
GCA_021589805.1,Bloodstream
GCA_021589765.1,Bloodstream
GCA_021589705.1,Bloodstream
GCA_021589725.1,Skin_Soft_Tissue
GCA_021589685.1,Bloodstream
GCA_021589665.1,Bloodstream
GCA_021589645.1,Skin_Soft_Tissue
GCA_021589625.1,Skin_Soft_Tissue
GCA_021589585.1,Bloodstream
GCA_021589605.1,Reproductive
GCA_021589565.1,Bloodstream
GCA_021589505.1,Ear_Nose_Throat
GCA_021589485.1,Skin_Soft_Tissue
GCA_023385255.1,Bloodstream
GCA_021589525.1,Skin_Soft_Tissue
GCA_021589425.1,Bloodstream
GCA_021589445.1,Skin_Soft_Tissue
GCA_021589465.1,Bloodstream
GCA_021589405.1,Skin_Soft_Tissue
GCA_021589385.1,Skin_Soft_Tissue
GCA_021589365.1,Skin_Soft_Tissue
GCA_021589285.1,Bloodstream
GCA_021589325.1,Bone_Joint
GCA_021589305.1,Skin_Soft_Tissue
GCA_021589205.1,Respiratory
GCA_021589265.1,Bloodstream
GCA_021589225.1,Bloodstream
GCA_021589245.1,Respiratory
GCA_021589185.1,Skin_Soft_Tissue
GCA_021589165.1,Skin_Soft_Tissue
GCA_021589145.1,Skin_Soft_Tissue
GCA_021589065.1,Skin_Soft_Tissue
GCA_021589025.1,Skin_Soft_Tissue
GCA_023384975.1,Bloodstream
GCA_021589005.1,Skin_Soft_Tissue
GCA_021589045.1,Bone_Joint
GCA_021588985.1,Respiratory
GCA_021588965.1,Bloodstream
GCA_021588945.1,Respiratory
GCA_021588905.1,Bloodstream
GCA_021588885.1,Respiratory
GCA_021588865.1,Ear_Nose_Throat
GCA_021588845.1,Respiratory
GCA_021588825.1,Respiratory
GCA_021588785.1,Skin_Soft_Tissue
GCA_021588805.1,Respiratory
GCA_021588765.1,Ear_Nose_Throat
GCA_021588745.1,Respiratory
GCA_021588725.1,Skin_Soft_Tissue
GCA_021588705.1,Respiratory
GCA_021588645.1,Respiratory
GCA_021588665.1,Skin_Soft_Tissue
GCA_021588585.1,Skin_Soft_Tissue
GCA_021588625.1,Bloodstream
GCA_021588605.1,Bloodstream
GCA_021588565.1,Bloodstream
GCA_021588545.1,Skin_Soft_Tissue
GCA_021588525.1,Bloodstream
GCA_021588505.1,Respiratory
GCA_021588485.1,Skin_Soft_Tissue
GCA_021588465.1,Skin_Soft_Tissue
GCA_021588425.1,Skin_Soft_Tissue
GCA_021588385.1,Respiratory
GCA_021588365.1,Respiratory
GCA_021588325.1,Bloodstream
GCA_021588345.1,Respiratory
GCA_021588305.1,Respiratory
GCA_021588285.1,Skin_Soft_Tissue
GCA_021588265.1,Skin_Soft_Tissue
GCA_021588225.1,Bloodstream
GCA_021588185.1,Bloodstream
GCA_021588235.1,Bloodstream
GCA_021588125.1,Bloodstream
GCA_021588165.1,Bloodstream
GCA_021588145.1,Bloodstream
GCA_021588085.1,Bloodstream
GCA_021588105.1,Bloodstream
GCA_021588065.1,Bloodstream
GCA_021588045.1,Bloodstream
GCA_021588025.1,Bloodstream
GCA_021588005.1,Bloodstream
GCA_021587985.1,Bloodstream
GCA_021587965.1,Bloodstream
GCA_021587945.1,Bloodstream
GCA_021587925.1,Bloodstream
GCA_021587905.1,Respiratory
GCA_021587885.1,Bloodstream
GCA_021587865.1,Bloodstream
GCA_021587845.1,Bloodstream
GCA_021587825.1,Bloodstream
GCA_021587785.1,Bloodstream
GCA_021587805.1,Bloodstream
GCA_021587765.1,Bloodstream
GCA_021587725.1,Bloodstream
GCA_021587745.1,Bloodstream
GCA_021587685.1,Bloodstream
GCA_021587705.1,Bloodstream
GCA_021587665.1,Bloodstream
GCA_021587585.1,Bloodstream
GCA_021587625.1,Bloodstream
GCA_021587605.1,Bloodstream
GCA_021587645.1,Bloodstream
GCA_021587505.1,Bloodstream
GCA_021587545.1,Bloodstream
GCA_021587485.1,Bloodstream
GCA_021587565.1,Bloodstream
GCA_021587525.1,Gastrointestinal
GCA_021587465.1,Bloodstream
GCA_021587445.1,Respiratory
GCA_021587425.1,Respiratory
GCA_021587405.1,Respiratory
GCA_021587365.1,Respiratory
GCA_021587385.1,Bone_Joint
GCA_021587325.1,Skin_Soft_Tissue
GCA_021587285.1,Gastrointestinal
GCA_021587265.1,Respiratory
GCA_021587225.1,Bloodstream
GCA_021587205.1,Gastrointestinal
GCA_021587245.1,Bloodstream
GCA_021587185.1,Bloodstream
GCA_021587165.1,Skin_Soft_Tissue
GCA_021587145.1,Respiratory
GCA_021587105.1,Bone_Joint
GCA_021587085.1,Respiratory
GCA_021587065.1,Gastrointestinal
GCA_021587025.1,Bone_Joint
GCA_021587045.1,Respiratory
GCA_021587005.1,Bone_Joint
GCA_021586965.1,Bloodstream
GCA_021586985.1,Respiratory
GCA_021586935.1,Bloodstream
GCA_021586895.1,Respiratory
GCA_021586835.1,Bloodstream
GCA_021586875.1,Bloodstream
GCA_021586855.1,Bloodstream
GCA_021586815.1,Bloodstream
GCA_021586755.1,Bloodstream
GCA_021586795.1,Bloodstream
GCA_021586735.1,Respiratory
GCA_021586775.1,Bloodstream
GCA_021586655.1,Bloodstream
GCA_021586675.1,Respiratory
GCA_021586635.1,Gastrointestinal
GCA_021586595.1,Bloodstream
GCA_021586575.1,Skin_Soft_Tissue
GCA_021586615.1,Bloodstream
GCA_021586535.1,Bloodstream
GCA_021586555.1,Bloodstream
GCA_021586495.1,Bloodstream
GCA_021586515.1,Bloodstream
GCA_021586475.1,Bloodstream
GCA_021586455.1,Respiratory
GCA_021586435.1,Bloodstream
GCA_021586415.1,Bloodstream
GCA_021586395.1,Bloodstream
GCA_021586375.1,Bloodstream
GCA_021586355.1,Bloodstream
GCA_021586235.1,Respiratory
GCA_021586255.1,Skin_Soft_Tissue
GCA_021586215.1,Bloodstream
GCA_021585835.1,Bloodstream
GCA_021585815.1,Bloodstream
GCA_021585795.1,Bloodstream
GCA_021586055.1,Bloodstream
GCA_021585775.1,Bloodstream
GCA_021586075.1,Bloodstream
GCA_021586035.1,Bloodstream
GCA_021585975.1,Bloodstream
GCA_021585955.1,Bloodstream
GCA_021586015.1,Bloodstream
GCA_021586195.1,Bloodstream
GCA_021585995.1,Bloodstream
GCA_021585735.1,Bloodstream
GCA_021585755.1,Skin_Soft_Tissue
GCA_021586175.1,Bloodstream
GCA_021585715.1,Respiratory
GCA_021585695.1,Ocular
GCA_021586155.1,Respiratory
GCA_021586115.1,Respiratory
GCA_021585675.1,Ear_Nose_Throat
GCA_021585935.1,Skin_Soft_Tissue
GCA_021585635.1,Bloodstream
GCA_021585655.1,Skin_Soft_Tissue
GCA_021585615.1,Respiratory
GCA_021585915.1,Respiratory
GCA_021585895.1,Skin_Soft_Tissue
GCA_021585595.1,Respiratory
GCA_021585575.1,Respiratory
GCA_021585015.1,Medical_Device
GCA_021585555.1,Skin_Soft_Tissue
GCA_021584975.1,Skin_Soft_Tissue
GCA_021585495.1,Bloodstream
GCA_021585455.1,Reproductive
GCA_021585415.1,Bloodstream
GCA_021585375.1,Skin_Soft_Tissue
GCA_021584895.1,Bloodstream
GCA_021584955.1,Bloodstream
GCA_021584915.1,Bloodstream
GCA_021585395.1,Bloodstream
GCA_021584935.1,Skin_Soft_Tissue
GCA_021584875.1,Bloodstream
GCA_021585335.1,Skin_Soft_Tissue
GCA_021584855.1,Bloodstream
GCA_021585355.1,Skin_Soft_Tissue
GCA_021585275.1,Respiratory
GCA_021585255.1,Skin_Soft_Tissue
GCA_021585295.1,Bloodstream
GCA_021585315.1,Skin_Soft_Tissue
GCA_021585235.1,Respiratory
GCA_021585135.1,Bloodstream
GCA_021585195.1,Skin_Soft_Tissue
GCA_021584835.1,Respiratory
GCA_021585215.1,Bloodstream
GCA_021584815.1,Bone_Joint
GCA_021585175.4,Urinary
GCA_021584795.4,Skin_Soft_Tissue
GCA_021584775.4,Skin_Soft_Tissue
GCA_021584755.4,Urinary
GCA_021585075.4,Urinary
GCA_021585095.4,Skin_Soft_Tissue
GCA_021584595.4,Skin_Soft_Tissue
GCA_021585115.4,Skin_Soft_Tissue
GCA_021184245.1,Respiratory
GCA_021184265.1,Urinary
GCA_021441525.1,Respiratory
GCA_021441545.1,Respiratory
GCA_021441565.1,Skin_Soft_Tissue
GCA_021441585.1,Skin_Soft_Tissue
GCA_021441605.1,Skin_Soft_Tissue
GCA_021497305.1,Respiratory
GCA_021497365.2,Respiratory
GCA_021497385.1,Urinary
GCA_021497405.1,Bloodstream
GCA_021497425.1,Respiratory
GCA_021497445.1,Respiratory
GCA_021502795.1,Bloodstream
GCA_021502785.1,Respiratory
GCA_021513295.1,Respiratory
GCA_021513375.1,Respiratory
GCA_021513395.1,Respiratory
GCA_021513415.1,Respiratory
GCA_021513435.1,Respiratory
GCA_021513455.1,Respiratory
GCA_021513475.1,Respiratory
GCA_021513495.1,Respiratory
GCA_021513515.1,Respiratory
GCA_021513535.1,Respiratory
GCA_021513555.1,Respiratory
GCA_021513575.1,Respiratory
GCA_021513595.1,Respiratory
GCA_021513615.1,Respiratory
GCA_021513635.1,Respiratory
GCA_021513675.1,Respiratory
GCA_021538595.1,Water
GCA_021538605.1,Water
GCA_021538635.1,Water
GCA_021538745.1,Water
GCA_021584615.4,Respiratory
GCA_021584635.4,Gastrointestinal
GCA_021585035.4,Urinary
GCA_021584675.4,Skin_Soft_Tissue
GCA_021573275.1,Water
GCA_021689395.4,Respiratory
GCA_021687695.4,Respiratory
GCA_021689415.4,Urinary
GCA_021691215.4,Respiratory
GCA_032997425.3,Respiratory
GCA_021753005.4,Urinary
GCA_021752625.4,Respiratory
GCA_021822325.5,Bloodstream
GCA_021730475.1,Urinary
GCA_021739465.1,Water
GCA_021742045.1,Respiratory
GCA_028061215.1,Urinary
GCA_021891925.1,Respiratory
GCA_021891955.1,Respiratory
GCA_021891975.1,Respiratory
GCA_021891995.1,Respiratory
GCA_021892005.1,Respiratory
GCA_022107655.4,Skin_Soft_Tissue
GCA_022107415.4,Respiratory
GCA_022107215.4,Skin_Soft_Tissue
GCA_022106975.1,Skin_Soft_Tissue
GCA_022106375.4,Skin_Soft_Tissue
GCA_022106415.4,Urinary
GCA_022102375.4,Skin_Soft_Tissue
GCA_022117575.1,Soil
GCA_022213165.2,Respiratory
GCA_022220245.1,Respiratory
GCA_022340945.1,Respiratory
GCA_022340975.1,Respiratory
GCA_022341005.1,Respiratory
GCA_022341025.1,Respiratory
GCA_022341045.1,Respiratory
GCA_022341065.1,Respiratory
GCA_022341085.1,Respiratory
GCA_022341105.1,Respiratory
GCA_022341125.1,Respiratory
GCA_022341145.1,Respiratory
GCA_022341165.1,Lab_Strain
GCA_022341175.1,Ear_Nose_Throat
GCA_022341195.1,Lab_Strain
GCA_022342405.1,Respiratory
GCA_022342425.1,Respiratory
GCA_022342485.1,Respiratory
GCA_022342505.1,Respiratory
GCA_022342525.1,Respiratory
GCA_022342535.1,Respiratory
GCA_022342565.1,Respiratory
GCA_022342575.1,Respiratory
GCA_022342605.1,Respiratory
GCA_022342625.1,Respiratory
GCA_022342635.1,Urinary
GCA_022342655.1,Respiratory
GCA_022342685.1,Respiratory
GCA_022342705.1,Respiratory
GCA_022342725.1,Respiratory
GCA_022342745.1,Respiratory
GCA_022342765.1,Respiratory
GCA_022342785.1,Respiratory
GCA_022342805.1,Respiratory
GCA_022342825.1,Respiratory
GCA_022342835.1,Respiratory
GCA_022342865.1,Respiratory
GCA_022363395.4,Bloodstream
GCA_022362615.4,Skin_Soft_Tissue
GCA_028060775.4,Urinary
GCA_022430645.1,Respiratory
GCA_022257615.2,Respiratory
GCA_022422165.1,Lab_Strain
GCA_022422175.1,Lab_Strain
GCA_022422205.1,Lab_Strain
GCA_022422225.1,Lab_Strain
GCA_022422245.1,Lab_Strain
GCA_022422265.1,Lab_Strain
GCA_022422275.1,Lab_Strain
GCA_022422305.1,Lab_Strain
GCA_022422315.1,Lab_Strain
GCA_022422345.1,Lab_Strain
GCA_022422365.1,Lab_Strain
GCA_022422375.1,Lab_Strain
GCA_022422415.1,Lab_Strain
GCA_022422405.1,Lab_Strain
GCA_022422445.1,Lab_Strain
GCA_022422465.1,Lab_Strain
GCA_022422485.1,Lab_Strain
GCA_022422495.1,Lab_Strain
GCA_022422525.1,Lab_Strain
GCA_022422545.1,Lab_Strain
GCA_022422565.1,Lab_Strain
GCA_022422585.1,Lab_Strain
GCA_022422595.1,Lab_Strain
GCA_022422625.1,Lab_Strain
GCA_022422645.1,Lab_Strain
GCA_022422655.1,Lab_Strain
GCA_022422675.1,Lab_Strain
GCA_022422705.1,Lab_Strain
GCA_022422725.1,Lab_Strain
GCA_022422745.1,Lab_Strain
GCA_022422765.1,Lab_Strain
GCA_022422785.1,Lab_Strain
GCA_022422805.1,Lab_Strain
GCA_022422815.1,Lab_Strain
GCA_022422845.1,Lab_Strain
GCA_022422865.1,Lab_Strain
GCA_022422875.1,Lab_Strain
GCA_022422885.1,Lab_Strain
GCA_022422895.1,Lab_Strain
GCA_022422945.1,Lab_Strain
GCA_022422965.1,Lab_Strain
GCA_022422985.1,Lab_Strain
GCA_022423015.1,Lab_Strain
GCA_022423005.1,Lab_Strain
GCA_022423045.1,Lab_Strain
GCA_022423065.1,Lab_Strain
GCA_022423085.1,Lab_Strain
GCA_022423095.1,Lab_Strain
GCA_022423125.1,Lab_Strain
GCA_022423145.1,Lab_Strain
GCA_022423165.1,Lab_Strain
GCA_022423185.1,Lab_Strain
GCA_022423205.1,Lab_Strain
GCA_022423225.1,Lab_Strain
GCA_022423245.1,Lab_Strain
GCA_022423265.1,Lab_Strain
GCA_022423285.1,Lab_Strain
GCA_022423295.1,Lab_Strain
GCA_022423325.1,Lab_Strain
GCA_022423345.1,Lab_Strain
GCA_022423365.1,Lab_Strain
GCA_022423385.1,Lab_Strain
GCA_022423405.1,Lab_Strain
GCA_022423425.1,Lab_Strain
GCA_022423445.1,Lab_Strain
GCA_022423465.1,Lab_Strain
GCA_022423475.1,Lab_Strain
GCA_022424055.2,Bloodstream
GCA_022424105.1,Bloodstream
GCA_022424125.1,Urinary
GCA_022424155.1,Respiratory
GCA_022424205.1,Lab_Strain
GCA_022424225.1,Lab_Strain
GCA_022424245.1,Lab_Strain
GCA_022424265.1,Lab_Strain
GCA_022424285.1,Lab_Strain
GCA_022424305.1,Lab_Strain
GCA_022424325.1,Lab_Strain
GCA_022424345.1,Lab_Strain
GCA_022424365.1,Lab_Strain
GCA_022424385.1,Lab_Strain
GCA_022424395.1,Lab_Strain
GCA_022424425.1,Lab_Strain
GCA_022424445.1,Lab_Strain
GCA_022424465.1,Lab_Strain
GCA_022424485.1,Lab_Strain
GCA_022424505.1,Lab_Strain
GCA_022424515.1,Lab_Strain
GCA_022424545.1,Lab_Strain
GCA_022424565.1,Lab_Strain
GCA_022424585.1,Lab_Strain
GCA_022424605.1,Lab_Strain
GCA_022424625.1,Lab_Strain
GCA_022424615.1,Lab_Strain
GCA_022424675.1,Lab_Strain
GCA_022474055.1,Gastrointestinal
GCA_022474335.4,Gastrointestinal
GCA_022474815.4,Skin_Soft_Tissue
GCA_022474415.1,Urinary
GCA_022474295.4,Respiratory
GCA_022473995.4,Respiratory
GCA_022474535.4,Urinary
GCA_022474305.1,Urinary
GCA_022474275.4,Urinary
GCA_022474855.1,Respiratory
GCA_022474255.4,Urinary
GCA_022474875.1,Respiratory
GCA_022473975.4,Gastrointestinal
GCA_022474195.4,Urinary
GCA_022475255.1,Gastrointestinal
GCA_022475615.4,Respiratory
GCA_022453765.1,Crop
GCA_022453825.1,Crop
GCA_022487965.1,Respiratory
GCA_022487975.1,Crop
GCA_022488025.1,Respiratory
GCA_022496575.1,Soil
GCA_032865835.3,Skin_Soft_Tissue
GCA_032997365.3,Urinary
GCA_022593995.4,Skin_Soft_Tissue
GCA_022666055.1,Skin_Soft_Tissue
GCA_022593635.1,Urinary
GCA_022559545.1,Respiratory
GCA_022559565.1,Urinary
GCA_022569875.1,Water
GCA_022569895.1,Crop
GCA_022569915.1,Water
GCA_022569975.1,Ocular
GCA_022569995.1,Water
GCA_022570115.1,Respiratory
GCA_022570235.1,Respiratory
GCA_022570435.1,Respiratory
GCA_022570455.1,Respiratory
GCA_022570475.1,Respiratory
GCA_022635595.4,Respiratory
GCA_022627285.1,Soil
GCA_022637915.1,Respiratory
GCA_022638055.1,Respiratory
GCA_022638175.1,Respiratory
GCA_022649105.1,Respiratory
GCA_022649245.1,Respiratory
GCA_022670795.1,Bloodstream
GCA_022958455.4,Respiratory
GCA_022958375.4,Urinary
GCA_022966515.1,Marine
GCA_022966455.1,Marine
GCA_022696005.1,Respiratory
GCA_022695975.1,Urinary
GCA_022700635.2,Urinary
GCA_022807535.1,Respiratory
GCA_022807555.1,Respiratory
GCA_022807575.1,Respiratory
GCA_022807585.1,Respiratory
GCA_022807615.1,Respiratory
GCA_022807635.1,Respiratory
GCA_022807655.1,Respiratory
GCA_022807645.1,Respiratory
GCA_022807695.1,Respiratory
GCA_022807715.1,Ear_Nose_Throat
GCA_022807735.1,Respiratory
GCA_022807755.1,Respiratory
GCA_022807775.1,Respiratory
GCA_022807785.1,Respiratory
GCA_022807805.1,Respiratory
GCA_022807835.1,Respiratory
GCA_022807845.1,Respiratory
GCA_022807875.1,Respiratory
GCA_022807915.1,Respiratory
GCA_022810865.1,Bloodstream
GCA_022810905.1,Bloodstream
GCA_022810925.1,Skin_Soft_Tissue
GCA_022810945.1,Bloodstream
GCA_022810965.1,Skin_Soft_Tissue
GCA_022810985.1,Skin_Soft_Tissue
GCA_022811005.1,Bloodstream
GCA_022811025.1,Skin_Soft_Tissue
GCA_022811045.1,Skin_Soft_Tissue
GCA_022811065.1,Bloodstream
GCA_022811805.1,Bloodstream
GCA_022818985.1,Bloodstream
GCA_022819005.1,Urinary
GCA_022916535.4,Skin_Soft_Tissue
GCA_022916515.4,Urinary
GCA_022916495.4,Skin_Soft_Tissue
GCA_022916455.4,Urinary
GCA_022916295.4,Urinary
GCA_022915895.1,Urinary
GCA_022915915.1,Urinary
GCA_022915635.4,Urinary
GCA_022896475.4,Skin_Soft_Tissue
GCA_022686495.2,Bloodstream
GCA_022687525.2,Bloodstream
GCA_022686225.2,Bloodstream
GCA_022881635.1,Respiratory
GCA_022881595.1,Gastrointestinal
GCA_022881455.4,Gastrointestinal
GCA_022878125.4,Respiratory
GCA_022878005.4,Respiratory
GCA_022877705.1,Respiratory
GCA_022877505.4,Respiratory
GCA_022871905.4,Skin_Soft_Tissue
GCA_022870525.1,Respiratory
GCA_022870545.1,Respiratory
GCA_022870565.1,Respiratory
GCA_022899535.1,Water
GCA_022989145.1,Hospital
GCA_023003945.1,Hospital
GCA_023003965.1,Hospital
GCA_023005645.1,Hospital
GCA_023003995.1,Hospital
GCA_022985675.1,Hospital
GCA_022989125.1,Hospital
GCA_023003825.1,Hospital
GCA_022989165.1,Hospital
GCA_022999585.1,Hospital
GCA_022989085.1,Hospital
GCA_022989105.1,Hospital
GCA_022999905.1,Hospital
GCA_022989045.1,Hospital
GCA_022999545.1,Hospital
GCA_023005595.1,Hospital
GCA_022989065.1,Hospital
GCA_022985475.1,Hospital
GCA_022999505.1,Hospital
GCA_022999525.1,Hospital
GCA_023005845.1,Hospital
GCA_022985375.1,Hospital
GCA_022989025.1,Hospital
GCA_023005965.1,Hospital
GCA_023003745.1,Hospital
GCA_022998705.1,Bloodstream
GCA_022999465.1,Bloodstream
GCA_023003645.1,Hospital
GCA_022988965.1,Hospital
GCA_022996865.1,Hospital
GCA_022999425.1,Bloodstream
GCA_022988945.1,Bloodstream
GCA_022988985.1,Hospital
GCA_022986065.1,Hospital
GCA_022985335.1,Hospital
GCA_023079395.1,Gastrointestinal
GCA_022998665.1,Gastrointestinal
GCA_023003525.1,Gastrointestinal
GCA_022986025.1,Gastrointestinal
GCA_022988925.1,Gastrointestinal
GCA_022988825.1,Gastrointestinal
GCA_023003575.1,Gastrointestinal
GCA_022999445.1,Hospital
GCA_022988885.1,Hospital
GCA_023003545.1,Gastrointestinal
GCA_022988785.1,Gastrointestinal
GCA_022988745.1,Gastrointestinal
GCA_022985295.1,Bloodstream
GCA_022985255.1,Gastrointestinal
GCA_022999405.1,Gastrointestinal
GCA_022984705.1,Gastrointestinal
GCA_022988585.1,Hospital
GCA_022989585.1,Hospital
GCA_022998605.1,Hospital
GCA_022984725.1,Hospital
GCA_023003265.1,Hospital
GCA_022999385.1,Hospital
GCA_023003215.1,Hospital
GCA_022988605.1,Hospital
GCA_022998625.1,Hospital
GCA_022988565.1,Hospital
GCA_022988625.1,Hospital
GCA_022984765.1,Hospital
GCA_023005825.1,Hospital
GCA_023005565.1,Hospital
GCA_022998565.1,Bloodstream
GCA_022988505.1,Hospital
GCA_023003145.1,Hospital
GCA_022999345.1,Hospital
GCA_022999305.1,Hospital
GCA_022988545.1,Hospital
GCA_022987885.1,Hospital
GCA_022987825.1,Hospital
GCA_022988525.1,Hospital
GCA_022987835.1,Hospital
GCA_022999325.1,Hospital
GCA_022991045.1,Hospital
GCA_022999285.1,Hospital
GCA_022999265.1,Bloodstream
GCA_023003085.1,Hospital
GCA_022996725.1,Hospital
GCA_022985275.1,Hospital
GCA_022988485.1,Hospital
GCA_022985195.1,Hospital
GCA_023003105.1,Hospital
GCA_023005785.1,Hospital
GCA_022988465.1,Hospital
GCA_022988385.1,Hospital
GCA_022999205.1,Hospital
GCA_022987745.1,Hospital
GCA_022988405.1,Hospital
GCA_023002935.1,Hospital
GCA_022988445.1,Hospital
GCA_022998545.1,Hospital
GCA_022994465.1,Hospital
GCA_023002915.1,Hospital
GCA_022994445.1,Hospital
GCA_022987685.1,Hospital
GCA_022988325.1,Bloodstream
GCA_022999245.1,Hospital
GCA_022987645.1,Hospital
GCA_022999865.1,Hospital
GCA_023005765.1,Hospital
GCA_022988305.1,Hospital
GCA_022998505.1,Hospital
GCA_022988345.1,Hospital
GCA_022998485.1,Hospital
GCA_022987665.1,Hospital
GCA_022987605.1,Hospital
GCA_022988905.1,Hospital
GCA_023002865.1,Bloodstream
GCA_023002945.1,Hospital
GCA_023002885.1,Hospital
GCA_022984745.1,Hospital
GCA_023001045.1,Hospital
GCA_022980635.4,Gastrointestinal
GCA_022978655.1,Urinary
GCA_022989885.1,Gastrointestinal
GCA_022978615.4,Gastrointestinal
GCA_023010205.4,Skin_Soft_Tissue
GCA_023064235.4,Urinary
GCA_022976535.1,Respiratory
GCA_022976545.1,Respiratory
GCA_023060065.1,Bloodstream
GCA_023060405.1,Respiratory
GCA_023060435.1,Respiratory
GCA_023060935.1,Bloodstream
GCA_023060945.1,Urinary
GCA_023074215.1,Water
GCA_023074235.1,Ear_Nose_Throat
GCA_023074255.1,Water
GCA_023074245.1,Gastrointestinal
GCA_023074295.1,Ear_Nose_Throat
GCA_023074315.1,Gastrointestinal
GCA_023074345.1,Water
GCA_023093955.2,Urinary
GCA_023093975.1,Bloodstream
GCA_023114055.4,Respiratory
GCA_023114065.4,Urinary
GCA_023115115.4,Respiratory
GCA_023114035.4,Urinary
GCA_023115135.4,Respiratory
GCA_023115095.1,Urinary
GCA_023113975.4,Bloodstream
GCA_023115155.4,Urinary
GCA_028060435.4,Respiratory
GCA_023101265.1,Gastrointestinal
GCA_023101285.1,Gastrointestinal
GCA_023101305.1,Water
GCA_023272755.1,Industrial
GCA_023272865.1,Skin_Soft_Tissue
GCA_023346045.4,Respiratory
GCA_023340315.1,Hospital
GCA_023343275.1,Hospital
GCA_023345125.1,Hospital
GCA_023343885.1,Hospital
GCA_023347635.1,Hospital
GCA_023345685.1,Hospital
GCA_023339415.1,Hospital
GCA_023360775.4,Gastrointestinal
GCA_023380065.1,Respiratory
GCA_023520735.1,Respiratory
GCA_023565185.3,Urinary
GCA_023565165.4,Respiratory
GCA_023564015.4,Respiratory
GCA_023563925.4,Respiratory
GCA_023564345.4,Respiratory
GCA_023559105.1,Lab_Strain
GCA_023571485.1,Respiratory
GCA_023589785.1,Bloodstream
GCA_023572225.1,Bloodstream
GCA_023572465.1,Urinary
GCA_023572485.1,Urinary
GCA_023572525.1,Urinary
GCA_023572735.3,Skin_Soft_Tissue
GCA_023615785.1,Respiratory
GCA_023615295.4,Skin_Soft_Tissue
GCA_023612335.1,Respiratory
GCA_023647235.1,Bone_Joint
GCA_023675625.1,Respiratory
GCA_023675485.1,Respiratory
GCA_023683365.1,Respiratory
GCA_023675465.1,Respiratory
GCA_023683305.1,Urinary
GCA_023689365.1,Bloodstream
GCA_023675285.1,Bloodstream
GCA_023675305.1,Bloodstream
GCA_023675265.1,Bloodstream
GCA_023675245.1,Bloodstream
GCA_023688265.1,Bloodstream
GCA_023673485.1,Respiratory
GCA_023673225.1,Urinary
GCA_023673545.1,Bloodstream
GCA_023760735.1,Water
GCA_023672365.1,Water
GCA_023760635.1,Bloodstream
GCA_023691585.1,Bloodstream
GCA_023672185.1,Bloodstream
GCA_023685185.1,Bloodstream
GCA_023671425.1,Bloodstream
GCA_023674645.1,Bloodstream
GCA_023686085.1,Respiratory
GCA_032865095.3,Urinary
GCA_028060415.4,Respiratory
GCA_023656185.1,Respiratory
GCA_023826915.1,Respiratory
GCA_023775315.1,Skin_Soft_Tissue
GCA_023787075.1,Respiratory
GCA_023777875.1,Urinary
GCA_023775735.1,Respiratory
GCA_023829535.1,Urinary
GCA_023824935.1,Urinary
GCA_023774795.1,Urinary
GCA_023825735.1,Urinary
GCA_023779105.1,Respiratory
GCA_023825695.1,Respiratory
GCA_023781265.1,Skin_Soft_Tissue
GCA_023782145.1,Respiratory
GCA_023825675.1,Respiratory
GCA_023825515.1,Urinary
GCA_023779145.1,Respiratory
GCA_023824855.1,Respiratory
GCA_023778565.1,Respiratory
GCA_023782125.1,Respiratory
GCA_023827955.4,Urinary
GCA_023699545.1,Respiratory
GCA_023699565.1,Respiratory
GCA_023699585.1,Respiratory
GCA_023699605.1,Respiratory
GCA_023699595.1,Respiratory
GCA_023699645.1,Respiratory
GCA_023699665.1,Respiratory
GCA_023699685.1,Respiratory
GCA_023699695.1,Respiratory
GCA_023699725.1,Respiratory
GCA_023699745.1,Bloodstream
GCA_023699755.1,Bloodstream
GCA_023699785.1,Bloodstream
GCA_023699805.1,Bloodstream
GCA_023699825.1,Bloodstream
GCA_023699845.1,Respiratory
GCA_023699865.1,Respiratory
GCA_023699885.1,Respiratory
GCA_023699895.1,Respiratory
GCA_023699925.1,Respiratory
GCA_023699945.1,Respiratory
GCA_023755865.4,Urinary
GCA_023835895.4,Respiratory
GCA_023717005.1,Respiratory
GCA_023717015.1,Respiratory
GCA_023717035.1,Respiratory
GCA_023717065.1,Respiratory
GCA_023717085.1,Respiratory
GCA_023717105.1,Respiratory
GCA_023717115.1,Respiratory
GCA_023717125.1,Respiratory
GCA_023717165.1,Respiratory
GCA_023717185.1,Respiratory
GCA_023717245.1,Respiratory
GCA_023717625.1,Respiratory
GCA_023717645.1,Respiratory
GCA_023717675.1,Respiratory
GCA_023717665.1,Respiratory
GCA_023717685.1,Respiratory
GCA_023717725.1,Respiratory
GCA_023717745.1,Respiratory
GCA_023717775.1,Respiratory
GCA_023717765.1,Respiratory
GCA_023717805.1,Respiratory
GCA_023717825.1,Respiratory
GCA_023717845.1,Respiratory
GCA_023717865.1,Respiratory
GCA_023717885.1,Respiratory
GCA_023717905.1,Respiratory
GCA_023717925.1,Respiratory
GCA_023717945.1,Respiratory
GCA_023717975.1,Respiratory
GCA_023718005.1,Respiratory
GCA_023718025.1,Respiratory
GCA_023718265.1,Respiratory
GCA_023743275.1,Respiratory
GCA_023756725.1,Respiratory
GCA_023756765.1,Gastrointestinal
GCA_023756785.1,Gastrointestinal
GCA_023756795.1,Gastrointestinal
GCA_023756855.1,Gastrointestinal
GCA_023806065.1,Respiratory
GCA_023806095.1,Skin_Soft_Tissue
GCA_023806145.1,Respiratory
GCA_023806165.1,Gastrointestinal
GCA_023806205.1,Skin_Soft_Tissue
GCA_023806225.1,Respiratory
GCA_023806245.1,Respiratory
GCA_023806265.1,Skin_Soft_Tissue
GCA_023806295.1,Skin_Soft_Tissue
GCA_023806325.1,Gastrointestinal
GCA_023806345.1,Respiratory
GCA_023806385.1,Respiratory
GCA_023806395.1,Respiratory
GCA_023806425.1,Respiratory
GCA_023818395.1,Respiratory
GCA_024014475.4,Respiratory
GCA_023844285.1,Skin_Soft_Tissue
GCA_024121115.4,Respiratory
GCA_023994455.1,Respiratory
GCA_023900775.1,Respiratory
GCA_023994415.1,Respiratory
GCA_023994375.1,Respiratory
GCA_023993655.1,Respiratory
GCA_023903555.1,Respiratory
GCA_023994395.1,Respiratory
GCA_023994335.1,Respiratory
GCA_023994355.1,Respiratory
GCA_023993415.1,Respiratory
GCA_023994295.1,Respiratory
GCA_023994315.1,Respiratory
GCA_023993615.1,Respiratory
GCA_023993455.1,Respiratory
GCA_023903615.1,Respiratory
GCA_023994235.1,Respiratory
GCA_023994275.1,Respiratory
GCA_023993595.1,Respiratory
GCA_023902255.1,Respiratory
GCA_023993575.1,Respiratory
GCA_023994215.1,Respiratory
GCA_023994255.1,Respiratory
GCA_023994175.1,Respiratory
GCA_023994195.1,Respiratory
GCA_023994155.1,Respiratory
GCA_023994135.1,Respiratory
GCA_023994115.1,Respiratory
GCA_023993715.1,Respiratory
GCA_023994095.1,Respiratory
GCA_023993695.1,Respiratory
GCA_023994075.1,Respiratory
GCA_023994055.1,Respiratory
GCA_023993555.1,Respiratory
GCA_023994035.1,Respiratory
GCA_023993395.1,Respiratory
GCA_023994015.1,Respiratory
GCA_023993995.1,Respiratory
GCA_023993955.1,Respiratory
GCA_023993515.1,Respiratory
GCA_023993755.1,Respiratory
GCA_023993735.1,Respiratory
GCA_023993935.1,Respiratory
GCA_023993355.1,Respiratory
GCA_023993495.1,Respiratory
GCA_023993535.1,Respiratory
GCA_023904595.1,Respiratory
GCA_023993975.1,Respiratory
GCA_023993915.1,Respiratory
GCA_023993895.1,Respiratory
GCA_023993375.1,Respiratory
GCA_023993875.1,Respiratory
GCA_023993835.1,Respiratory
GCA_023887645.1,Urinary
GCA_023887665.1,Bloodstream
GCA_023904875.1,Respiratory
GCA_023904335.1,Skin_Soft_Tissue
GCA_023904855.1,Urinary
GCA_023914665.1,Skin_Soft_Tissue
GCA_023903855.1,Respiratory
GCA_023903835.1,Respiratory
GCA_023904535.1,Urinary
GCA_023993235.1,Skin_Soft_Tissue
GCA_023904395.1,Respiratory
GCA_023904515.1,Respiratory
GCA_023904835.1,Urinary
GCA_023914605.1,Respiratory
GCA_023903795.1,Bloodstream
GCA_023993215.1,Bloodstream
GCA_023904815.1,Skin_Soft_Tissue
GCA_023904315.1,Respiratory
GCA_023904795.1,Skin_Soft_Tissue
GCA_023903815.1,Respiratory
GCA_023993255.1,Respiratory
GCA_023914625.1,Bloodstream
GCA_023914585.1,Respiratory
GCA_023904775.1,Respiratory
GCA_023904265.1,Skin_Soft_Tissue
GCA_023904495.1,Skin_Soft_Tissue
GCA_023914565.1,Skin_Soft_Tissue
GCA_023904295.1,Skin_Soft_Tissue
GCA_023904255.1,Respiratory
GCA_023993275.1,Skin_Soft_Tissue
GCA_023904235.1,Urinary
GCA_023904215.1,Gastrointestinal
GCA_023904755.1,Gastrointestinal
GCA_023904155.1,Skin_Soft_Tissue
GCA_023993295.1,Skin_Soft_Tissue
GCA_023993195.1,Skin_Soft_Tissue
GCA_023904135.1,Respiratory
GCA_023904735.1,Urinary
GCA_023993175.1,Urinary
GCA_023993155.1,Bloodstream
GCA_023993135.1,Bloodstream
GCA_023993115.1,Bloodstream
GCA_023993075.1,Bloodstream
GCA_023903775.1,Bloodstream
GCA_023904175.1,Respiratory
GCA_023904195.1,Respiratory
GCA_023904115.1,Urinary
GCA_023993055.1,Urinary
GCA_023993095.1,Respiratory
GCA_023914545.1,Bloodstream
GCA_023904075.1,Respiratory
GCA_023904095.1,Bloodstream
GCA_023904055.1,Urinary
GCA_023914505.1,Bloodstream
GCA_023904675.1,Bloodstream
GCA_023904715.1,Respiratory
GCA_023904695.1,Respiratory
GCA_023904035.1,Respiratory
GCA_023993035.1,Bloodstream
GCA_023904655.1,Bloodstream
GCA_023993015.1,Urinary
GCA_023914485.1,Bloodstream
GCA_023914525.1,Respiratory
GCA_023993475.1,Respiratory
GCA_023904615.1,Respiratory
GCA_023992995.1,Skin_Soft_Tissue
GCA_023914465.1,Respiratory
GCA_023903995.1,Respiratory
GCA_023992955.1,Respiratory
GCA_023904635.1,Urinary
GCA_023992935.1,Urinary
GCA_023914445.1,Respiratory
GCA_023992975.1,Urinary
GCA_023903755.1,Urinary
GCA_023914425.1,Urinary
GCA_023904475.1,Urinary
GCA_023903975.1,Respiratory
GCA_023992895.1,Respiratory
GCA_023914405.1,Respiratory
GCA_023992915.1,Respiratory
GCA_023992875.1,Respiratory
GCA_023914385.1,Ear_Nose_Throat
GCA_023992835.1,Bloodstream
GCA_023992295.1,Skin_Soft_Tissue
GCA_023992255.1,Skin_Soft_Tissue
GCA_023992195.1,Skin_Soft_Tissue
GCA_023992275.1,Skin_Soft_Tissue
GCA_023992175.1,Urinary
GCA_023992135.1,Bloodstream
GCA_023992115.1,Skin_Soft_Tissue
GCA_023992075.1,Skin_Soft_Tissue
GCA_023992155.1,Respiratory
GCA_023992095.1,Respiratory
GCA_023992055.1,Respiratory
GCA_023992035.1,Respiratory
GCA_023991995.1,Respiratory
GCA_023991975.1,Respiratory
GCA_023992015.1,Respiratory
GCA_023991935.1,Respiratory
GCA_023991955.1,Respiratory
GCA_023991875.1,Respiratory
GCA_023991915.1,Respiratory
GCA_023991295.1,Hospital
GCA_023991255.1,Water
GCA_023991275.1,Water
GCA_023991235.1,Hospital
GCA_023991215.1,Hospital
GCA_023991195.1,Hospital
GCA_023991175.1,Hospital
GCA_023991135.1,Hospital
GCA_023991095.1,Water
GCA_023991115.1,Water
GCA_023991075.1,Hospital
GCA_023991055.1,Hospital
GCA_023991035.1,Hospital
GCA_023991015.1,Respiratory
GCA_023990995.1,Respiratory
GCA_023990955.1,Bone_Joint
GCA_023990975.1,Respiratory
GCA_023991155.1,Respiratory
GCA_023990935.1,Respiratory
GCA_023990915.1,Bone_Joint
GCA_023990895.1,Bone_Joint
GCA_023990875.1,Respiratory
GCA_023990855.1,Bone_Joint
GCA_023990835.1,Bone_Joint
GCA_023990795.1,Respiratory
GCA_023990815.1,Respiratory
GCA_023990775.1,Bone_Joint
GCA_023965115.1,Urinary
GCA_023965095.1,Urinary
GCA_023965075.1,Respiratory
GCA_023965055.1,Skin_Soft_Tissue
GCA_023965035.1,Respiratory
GCA_023964995.1,Respiratory
GCA_023965015.1,Skin_Soft_Tissue
GCA_023964975.1,Respiratory
GCA_023964935.1,Urinary
GCA_023964955.1,Urinary
GCA_023964915.1,Urinary
GCA_023964895.1,Urinary
GCA_023964875.1,Respiratory
GCA_023964855.1,Urinary
GCA_023964835.1,Respiratory
GCA_023964815.1,Respiratory
GCA_023964775.1,Respiratory
GCA_023964795.1,Respiratory
GCA_023964695.1,Skin_Soft_Tissue
GCA_023964715.1,Respiratory
GCA_023964755.1,Skin_Soft_Tissue
GCA_023964735.1,Respiratory
GCA_023964155.1,Skin_Soft_Tissue
GCA_023964675.1,Respiratory
GCA_023964635.1,Respiratory
GCA_023964175.1,Respiratory
GCA_023964655.1,Respiratory
GCA_023964615.1,Skin_Soft_Tissue
GCA_023964595.1,Respiratory
GCA_023964535.1,Respiratory
GCA_023964135.1,Urinary
GCA_023964555.1,Respiratory
GCA_023964115.1,Respiratory
GCA_024739205.1,Respiratory
GCA_023964515.1,Respiratory
GCA_023964075.1,Skin_Soft_Tissue
GCA_023964095.1,Skin_Soft_Tissue
GCA_023964035.1,Bloodstream
GCA_023964575.1,Respiratory
GCA_023964495.1,Respiratory
GCA_023964475.1,Respiratory
GCA_023964455.1,Respiratory
GCA_023964435.1,Respiratory
GCA_023964395.1,Respiratory
GCA_023964415.1,Respiratory
GCA_023964375.1,Urinary
GCA_023964335.1,Respiratory
GCA_023964055.1,Respiratory
GCA_023964015.1,Respiratory
GCA_023963995.1,Respiratory
GCA_023964355.1,Urinary
GCA_023963975.1,Urinary
GCA_023964295.1,Urinary
GCA_023964315.1,Respiratory
GCA_023963935.1,Respiratory
GCA_023964275.1,Respiratory
GCA_024739165.1,Respiratory
GCA_023963955.1,Urinary
GCA_023963915.1,Skin_Soft_Tissue
GCA_023963895.1,Respiratory
GCA_023964255.1,Urinary
GCA_023964235.1,Respiratory
GCA_023963875.1,Respiratory
GCA_023963855.1,Urinary
GCA_023963835.1,Respiratory
GCA_023963815.1,Respiratory
GCA_023963795.1,Skin_Soft_Tissue
GCA_023963775.1,Respiratory
GCA_023963755.1,Respiratory
GCA_024739105.1,Skin_Soft_Tissue
GCA_023963735.1,Bloodstream
GCA_023963715.1,Respiratory
GCA_023963695.1,Skin_Soft_Tissue
GCA_023963675.1,Respiratory
GCA_023963635.1,Respiratory
GCA_023963655.1,Respiratory
GCA_023963615.1,Respiratory
GCA_023963595.1,Respiratory
GCA_023963575.1,Respiratory
GCA_023963555.1,Bloodstream
GCA_023963535.1,Respiratory
GCA_023963515.1,Urinary
GCA_023963495.1,Urinary
GCA_023963475.1,Skin_Soft_Tissue
GCA_023963455.1,Bloodstream
GCA_023963395.1,Skin_Soft_Tissue
GCA_023963435.1,Skin_Soft_Tissue
GCA_023963415.1,Respiratory
GCA_023963375.1,Skin_Soft_Tissue
GCA_023963335.1,Respiratory
GCA_023963355.1,Respiratory
GCA_023963295.1,Urinary
GCA_023963315.1,Urinary
GCA_023963275.1,Urinary
GCA_023963255.1,Respiratory
GCA_023963235.1,Respiratory
GCA_023963195.1,Respiratory
GCA_023963175.1,Respiratory
GCA_023963215.1,Respiratory
GCA_023963115.1,Respiratory
GCA_023963155.1,Urinary
GCA_023963135.1,Respiratory
GCA_023963075.1,Respiratory
GCA_023963095.1,Respiratory
GCA_023963055.1,Respiratory
GCA_023963035.1,Urinary
GCA_023963015.1,Respiratory
GCA_023962995.1,Respiratory
GCA_023962975.1,Skin_Soft_Tissue
GCA_023962935.1,Respiratory
GCA_023962955.1,Urinary
GCA_023962895.1,Urinary
GCA_023962915.1,Urinary
GCA_023962875.1,Bloodstream
GCA_023962855.1,Respiratory
GCA_023962835.1,Skin_Soft_Tissue
GCA_023962795.1,Respiratory
GCA_023962805.1,Urinary
GCA_023962775.1,Urinary
GCA_023962755.1,Urinary
GCA_023962735.1,Urinary
GCA_023962715.1,Urinary
GCA_023962695.1,Respiratory
GCA_023962635.1,Skin_Soft_Tissue
GCA_023962615.1,Skin_Soft_Tissue
GCA_023962655.1,Respiratory
GCA_023962675.1,Urinary
GCA_023962595.1,Respiratory
GCA_023962555.1,Urinary
GCA_023962575.1,Urinary
GCA_023962535.1,Urinary
GCA_023962515.1,Respiratory
GCA_023962495.1,Urinary
GCA_023962475.1,Respiratory
GCA_023962455.1,Respiratory
GCA_023962415.1,Urinary
GCA_023962435.1,Respiratory
GCA_023962395.1,Respiratory
GCA_023962375.1,Respiratory
GCA_023962355.1,Urinary
GCA_023962335.1,Urinary
GCA_023962275.1,Urinary
GCA_023962315.1,Respiratory
GCA_023962295.1,Urinary
GCA_023962255.1,Urinary
GCA_023962235.1,Bloodstream
GCA_023962195.1,Urinary
GCA_023962215.1,Urinary
GCA_023962155.1,Respiratory
GCA_023962175.1,Respiratory
GCA_023962055.1,Urinary
GCA_023962135.1,Respiratory
GCA_023962115.1,Respiratory
GCA_023962075.1,Respiratory
GCA_023962095.1,Respiratory
GCA_023962035.1,Respiratory
GCA_023962015.1,Respiratory
GCA_023961955.1,Respiratory
GCA_023961975.1,Respiratory
GCA_023961915.1,Respiratory
GCA_023961935.1,Respiratory
GCA_023961895.1,Respiratory
GCA_023961875.1,Respiratory
GCA_023961855.1,Respiratory
GCA_023961835.1,Respiratory
GCA_023961795.1,Urinary
GCA_023961815.1,Respiratory
GCA_023961775.1,Respiratory
GCA_023961755.1,Respiratory
GCA_023961735.1,Respiratory
GCA_023961715.1,Respiratory
GCA_023961695.1,Skin_Soft_Tissue
GCA_023961675.1,Respiratory
GCA_023961615.1,Bloodstream
GCA_023961655.1,Skin_Soft_Tissue
GCA_023961635.1,Respiratory
GCA_023961595.1,Skin_Soft_Tissue
GCA_023961535.1,Respiratory
GCA_023961555.1,Skin_Soft_Tissue
GCA_023961575.1,Bloodstream
GCA_023961515.1,Respiratory
GCA_024739085.1,Bloodstream
GCA_023960985.1,Respiratory
GCA_024739125.1,Respiratory
GCA_023960975.1,Skin_Soft_Tissue
GCA_024739145.1,Respiratory
GCA_023960935.1,Respiratory
GCA_024739065.1,Bloodstream
GCA_024739045.1,Urinary
GCA_023960915.1,Respiratory
GCA_023960895.1,Respiratory
GCA_023960955.1,Urinary
GCA_023960875.1,Urinary
GCA_023960795.1,Skin_Soft_Tissue
GCA_023960855.1,Respiratory
GCA_023960835.1,Bloodstream
GCA_023960775.1,Urinary
GCA_023960815.1,Urinary
GCA_023960755.1,Respiratory
GCA_023960735.1,Respiratory
GCA_023960715.1,Respiratory
GCA_023960695.1,Urinary
GCA_023960675.1,Skin_Soft_Tissue
GCA_023960655.1,Bloodstream
GCA_024739025.1,Respiratory
GCA_023960635.1,Urinary
GCA_023960615.1,Urinary
GCA_023960595.1,Skin_Soft_Tissue
GCA_023960575.1,Urinary
GCA_023960555.1,Urinary
GCA_023960495.1,Bloodstream
GCA_023960535.1,Urinary
GCA_023960475.1,Urinary
GCA_023960515.1,Urinary
GCA_023960455.1,Urinary
GCA_023960375.1,Respiratory
GCA_024738985.1,Respiratory
GCA_023960415.1,Respiratory
GCA_023960435.1,Respiratory
GCA_023960395.1,Bloodstream
GCA_023960355.1,Respiratory
GCA_023960335.1,Respiratory
GCA_023960315.1,Bloodstream
GCA_023960295.1,Respiratory
GCA_023960255.1,Respiratory
GCA_024738995.1,Respiratory
GCA_023960275.1,Respiratory
GCA_023960235.1,Respiratory
GCA_024738965.1,Respiratory
GCA_023960215.1,Urinary
GCA_023960195.1,Respiratory
GCA_023960175.1,Respiratory
GCA_023960115.1,Respiratory
GCA_023960135.1,Respiratory
GCA_023960155.1,Respiratory
GCA_023960095.1,Respiratory
GCA_023960075.1,Respiratory
GCA_023960035.1,Skin_Soft_Tissue
GCA_023960015.1,Respiratory
GCA_023959995.1,Skin_Soft_Tissue
GCA_023959975.1,Respiratory
GCA_023959915.1,Urinary
GCA_023959955.1,Bloodstream
GCA_023959895.1,Bloodstream
GCA_023959935.1,Skin_Soft_Tissue
GCA_023959855.1,Respiratory
GCA_023959835.1,Respiratory
GCA_023959795.1,Respiratory
GCA_023959875.1,Urinary
GCA_023959815.1,Respiratory
GCA_023959735.1,Respiratory
GCA_023959695.1,Respiratory
GCA_023959755.1,Skin_Soft_Tissue
GCA_023959715.1,Respiratory
GCA_023959775.1,Respiratory
GCA_023959655.1,Respiratory
GCA_023959675.1,Respiratory
GCA_023959635.1,Respiratory
GCA_023959615.1,Respiratory
GCA_023959575.1,Respiratory
GCA_023959595.1,Skin_Soft_Tissue
GCA_023959555.1,Respiratory
GCA_023959515.1,Respiratory
GCA_023959535.1,Urinary
GCA_023959475.1,Respiratory
GCA_023959435.1,Skin_Soft_Tissue
GCA_023959455.1,Respiratory
GCA_023959415.1,Urinary
GCA_023959495.1,Respiratory
GCA_023959395.1,Respiratory
GCA_023959375.1,Respiratory
GCA_023959355.1,Bloodstream
GCA_023959315.1,Bloodstream
GCA_023959295.1,Respiratory
GCA_023959335.1,Urinary
GCA_023959255.1,Respiratory
GCA_023959275.1,Respiratory
GCA_023959235.1,Respiratory
GCA_023959215.1,Skin_Soft_Tissue
GCA_023958995.1,Respiratory
GCA_023958975.1,Bloodstream
GCA_023958955.1,Bloodstream
GCA_023958925.1,Respiratory
GCA_023958875.1,Urinary
GCA_023958915.1,Respiratory
GCA_023958895.1,Urinary
GCA_023958855.1,Respiratory
GCA_023958835.1,Skin_Soft_Tissue
GCA_023959175.1,Respiratory
GCA_023958815.1,Respiratory
GCA_023958795.1,Respiratory
GCA_023958775.1,Skin_Soft_Tissue
GCA_023959155.1,Respiratory
GCA_023959135.1,Respiratory
GCA_023959195.1,Respiratory
GCA_023959115.1,Respiratory
GCA_023959095.1,Respiratory
GCA_023958755.1,Respiratory
GCA_023958715.1,Respiratory
GCA_023958675.1,Skin_Soft_Tissue
GCA_023958735.1,Respiratory
GCA_023958695.1,Respiratory
GCA_023959055.1,Respiratory
GCA_023958655.1,Respiratory
GCA_023958555.1,Respiratory
GCA_023958615.1,Urinary
GCA_023958575.1,Respiratory
GCA_023958595.1,Respiratory
GCA_023959075.1,Respiratory
GCA_023958635.1,Respiratory
GCA_023958455.1,Respiratory
GCA_023958375.1,Respiratory
GCA_023958405.1,Bloodstream
GCA_023959015.1,Urinary
GCA_023958335.1,Urinary
GCA_023958305.1,Respiratory
GCA_023958265.1,Urinary
GCA_023958125.1,Respiratory
GCA_023958035.1,Respiratory
GCA_023958195.1,Bloodstream
GCA_023958175.1,Skin_Soft_Tissue
GCA_023958055.1,Bloodstream
GCA_023957895.1,Skin_Soft_Tissue
GCA_023957795.1,Respiratory
GCA_023957925.1,Respiratory
GCA_023957815.1,Skin_Soft_Tissue
GCA_023957845.1,Respiratory
GCA_023957725.1,Urinary
GCA_023957675.1,Urinary
GCA_023957645.1,Urinary
GCA_023957615.1,Skin_Soft_Tissue
GCA_023957515.1,Respiratory
GCA_023957585.1,Skin_Soft_Tissue
GCA_023957495.1,Respiratory
GCA_023957395.1,Respiratory
GCA_023957455.1,Skin_Soft_Tissue
GCA_023957345.1,Bloodstream
GCA_023956225.1,Skin_Soft_Tissue
GCA_023956135.1,Respiratory
GCA_023956115.1,Respiratory
GCA_023955995.1,Respiratory
GCA_023956035.1,Respiratory
GCA_023955975.1,Respiratory
GCA_023955945.1,Respiratory
GCA_023955915.1,Respiratory
GCA_023955595.1,Skin_Soft_Tissue
GCA_023955575.1,Respiratory
GCA_023955795.1,Urinary
GCA_023955495.1,Skin_Soft_Tissue
GCA_023955455.1,Respiratory
GCA_023955375.1,Skin_Soft_Tissue
GCA_023955355.1,Bloodstream
GCA_023955815.1,Respiratory
GCA_023955745.1,Urinary
GCA_023955435.1,Skin_Soft_Tissue
GCA_023955295.1,Respiratory
GCA_023955065.1,Respiratory
GCA_023955695.1,Respiratory
GCA_023955195.1,Respiratory
GCA_023955175.1,Respiratory
GCA_023955135.1,Respiratory
GCA_023955775.1,Respiratory
GCA_023959035.1,Skin_Soft_Tissue
GCA_023955125.1,Urinary
GCA_023953915.1,Bloodstream
GCA_023953795.1,Respiratory
GCA_023953755.1,Respiratory
GCA_023953815.1,Respiratory
GCA_023953665.1,Skin_Soft_Tissue
GCA_023955615.1,Bloodstream
GCA_023953585.1,Respiratory
GCA_023953505.1,Respiratory
GCA_023953535.1,Skin_Soft_Tissue
GCA_023953635.1,Respiratory
GCA_023953455.1,Respiratory
GCA_023953295.1,Respiratory
GCA_023953365.1,Urinary
GCA_023953345.1,Respiratory
GCA_023953325.1,Urinary
GCA_023953205.1,Respiratory
GCA_023953055.1,Urinary
GCA_023953035.1,Respiratory
GCA_023953155.1,Respiratory
GCA_023953165.1,Skin_Soft_Tissue
GCA_023952985.1,Respiratory
GCA_023952815.1,Respiratory
GCA_023952825.1,Respiratory
GCA_023952855.1,Respiratory
GCA_023952895.1,Skin_Soft_Tissue
GCA_023952775.1,Urinary
GCA_023952455.1,Respiratory
GCA_023952435.1,Skin_Soft_Tissue
GCA_023952375.1,Skin_Soft_Tissue
GCA_023952415.1,Respiratory
GCA_023952395.1,Respiratory
GCA_023952355.1,Respiratory
GCA_023952335.1,Urinary
GCA_023952275.1,Bloodstream
GCA_023952295.1,Respiratory
GCA_023952315.1,Respiratory
GCA_023952255.1,Respiratory
GCA_023952235.1,Bloodstream
GCA_023952175.1,Skin_Soft_Tissue
GCA_023952215.1,Skin_Soft_Tissue
GCA_023952155.1,Skin_Soft_Tissue
GCA_023952195.1,Skin_Soft_Tissue
GCA_023952135.1,Skin_Soft_Tissue
GCA_023952115.1,Skin_Soft_Tissue
GCA_023952075.1,Skin_Soft_Tissue
GCA_023952095.1,Respiratory
GCA_023952055.1,Respiratory
GCA_023952035.1,Respiratory
GCA_023951955.1,Respiratory
GCA_023952015.1,Skin_Soft_Tissue
GCA_023951975.1,Skin_Soft_Tissue
GCA_023951935.1,Respiratory
GCA_023951995.1,Urinary
GCA_023951895.1,Bloodstream
GCA_023951915.1,Skin_Soft_Tissue
GCA_023951875.1,Respiratory
GCA_023951855.1,Urinary
GCA_023951795.1,Urinary
GCA_023951835.1,Skin_Soft_Tissue
GCA_023951815.1,Respiratory
GCA_023951775.1,Respiratory
GCA_023951755.1,Urinary
GCA_023951675.1,Respiratory
GCA_023951695.1,Urinary
GCA_023951715.1,Skin_Soft_Tissue
GCA_023951735.1,Urinary
GCA_023951655.1,Bloodstream
GCA_023951635.1,Skin_Soft_Tissue
GCA_023951615.1,Bloodstream
GCA_023951575.1,Respiratory
GCA_023951595.1,Respiratory
GCA_023951555.1,Respiratory
GCA_023951535.1,Urinary
GCA_023951515.1,Urinary
GCA_023951475.1,Bloodstream
GCA_023951435.1,Urinary
GCA_023951455.1,Urinary
GCA_023951495.1,Skin_Soft_Tissue
GCA_023951335.1,Skin_Soft_Tissue
GCA_023951415.1,Skin_Soft_Tissue
GCA_023951355.1,Urinary
GCA_023951395.1,Respiratory
GCA_023951375.1,Urinary
GCA_023951315.1,Urinary
GCA_023951295.1,Urinary
GCA_023951275.1,Respiratory
GCA_023951255.1,Bloodstream
GCA_023951195.1,Urinary
GCA_023951175.1,Respiratory
GCA_023951155.1,Urinary
GCA_023951235.1,Bloodstream
GCA_023951135.1,Urinary
GCA_023951115.1,Bloodstream
GCA_023951095.1,Respiratory
GCA_023951075.1,Respiratory
GCA_023951055.1,Urinary
GCA_023951035.1,Respiratory
GCA_023951015.1,Respiratory
GCA_023950975.1,Bloodstream
GCA_023950995.1,Respiratory
GCA_023950955.1,Respiratory
GCA_023950935.1,Respiratory
GCA_023950915.1,Respiratory
GCA_023950875.1,Skin_Soft_Tissue
GCA_023950885.1,Urinary
GCA_023950855.1,Respiratory
GCA_023950835.1,Urinary
GCA_023950775.1,Respiratory
GCA_023950795.1,Respiratory
GCA_023950755.1,Urinary
GCA_023950815.1,Respiratory
GCA_023950735.1,Respiratory
GCA_023950715.1,Respiratory
GCA_023950695.1,Respiratory
GCA_023950675.1,Respiratory
GCA_023950655.1,Respiratory
GCA_023950635.1,Respiratory
GCA_023950615.1,Skin_Soft_Tissue
GCA_023950585.1,Skin_Soft_Tissue
GCA_023950575.1,Respiratory
GCA_023950555.1,Respiratory
GCA_023950535.1,Respiratory
GCA_023950495.1,Respiratory
GCA_023950475.1,Respiratory
GCA_023950515.1,Respiratory
GCA_023950455.1,Respiratory
GCA_023950415.1,Respiratory
GCA_023950435.1,Respiratory
GCA_023950395.1,Respiratory
GCA_023950355.1,Respiratory
GCA_023950375.1,Respiratory
GCA_023950275.1,Respiratory
GCA_023950335.1,Respiratory
GCA_023950195.1,Respiratory
GCA_023950215.1,Respiratory
GCA_023950175.1,Respiratory
GCA_023950155.1,Respiratory
GCA_023950135.1,Respiratory
GCA_023950095.1,Respiratory
GCA_023950115.1,Respiratory
GCA_023950075.1,Respiratory
GCA_023950055.1,Respiratory
GCA_023950035.1,Respiratory
GCA_023950015.1,Respiratory
GCA_023949975.1,Respiratory
GCA_023949955.1,Respiratory
GCA_023949995.1,Respiratory
GCA_023949935.1,Respiratory
GCA_023949915.1,Respiratory
GCA_023949895.1,Respiratory
GCA_023949875.1,Respiratory
GCA_023949815.1,Bloodstream
GCA_023949835.1,Respiratory
GCA_023949855.1,Respiratory
GCA_023949795.1,Bloodstream
GCA_023949735.1,Urinary
GCA_023949755.1,Skin_Soft_Tissue
GCA_023949775.1,Respiratory
GCA_023949715.1,Respiratory
GCA_023949695.1,Respiratory
GCA_023949675.1,Skin_Soft_Tissue
GCA_023949655.1,Skin_Soft_Tissue
GCA_023949635.1,Bloodstream
GCA_023949615.1,Respiratory
GCA_023949555.1,Bloodstream
GCA_023949595.1,Respiratory
GCA_023949575.1,Respiratory
GCA_023949535.1,Respiratory
GCA_023949515.1,Urinary
GCA_023949475.1,Urinary
GCA_023949455.1,Respiratory
GCA_023949495.1,Bloodstream
GCA_023949415.1,Respiratory
GCA_023949435.1,Respiratory
GCA_023949395.1,Respiratory
GCA_023949365.1,Respiratory
GCA_023949315.1,Respiratory
GCA_023949335.1,Respiratory
GCA_023949355.1,Bloodstream
GCA_023949295.1,Respiratory
GCA_023949235.1,Respiratory
GCA_023949195.1,Bloodstream
GCA_023949175.1,Respiratory
GCA_023949155.1,Respiratory
GCA_023949115.1,Urinary
GCA_023949135.1,Respiratory
GCA_023949095.1,Respiratory
GCA_023949075.1,Urinary
GCA_023949015.1,Respiratory
GCA_023949055.1,Respiratory
GCA_023948975.1,Urinary
GCA_023949035.1,Urinary
GCA_023948995.1,Skin_Soft_Tissue
GCA_023948935.1,Urinary
GCA_023948875.1,Respiratory
GCA_023948915.1,Respiratory
GCA_023948955.1,Respiratory
GCA_024738945.1,Skin_Soft_Tissue
GCA_023948895.1,Respiratory
GCA_023948835.1,Urinary
GCA_023948855.1,Skin_Soft_Tissue
GCA_023948815.1,Skin_Soft_Tissue
GCA_023948795.1,Urinary
GCA_023948755.1,Urinary
GCA_023948775.1,Respiratory
GCA_023948735.1,Respiratory
GCA_023948715.1,Bloodstream
GCA_023948695.1,Respiratory
GCA_023948675.1,Respiratory
GCA_023948655.1,Skin_Soft_Tissue
GCA_023948635.1,Skin_Soft_Tissue
GCA_023948595.1,Respiratory
GCA_023948535.1,Urinary
GCA_023948615.1,Respiratory
GCA_023948575.1,Urinary
GCA_023948555.1,Respiratory
GCA_023948515.1,Urinary
GCA_023948375.1,Respiratory
GCA_023948495.1,Skin_Soft_Tissue
GCA_023948355.1,Urinary
GCA_023948335.1,Respiratory
GCA_023948475.1,Respiratory
GCA_023948395.1,Respiratory
GCA_023948435.1,Respiratory
GCA_023948455.1,Respiratory
GCA_023948215.1,Respiratory
GCA_023948175.1,Respiratory
GCA_023948235.1,Respiratory
GCA_023948155.1,Skin_Soft_Tissue
GCA_023948135.1,Respiratory
GCA_023948095.1,Skin_Soft_Tissue
GCA_023948075.1,Skin_Soft_Tissue
GCA_023948115.1,Respiratory
GCA_023948055.1,Bloodstream
GCA_023948015.1,Respiratory
GCA_023948035.1,Respiratory
GCA_023947995.1,Respiratory
GCA_023947975.1,Urinary
GCA_023947955.1,Skin_Soft_Tissue
GCA_023947935.1,Respiratory
GCA_023947915.1,Respiratory
GCA_023947895.1,Urinary
GCA_023947875.1,Respiratory
GCA_023947855.1,Bloodstream
GCA_023947835.1,Skin_Soft_Tissue
GCA_023947815.1,Respiratory
GCA_023947795.1,Skin_Soft_Tissue
GCA_023947775.1,Respiratory
GCA_023947755.1,Respiratory
GCA_023947735.1,Urinary
GCA_023947715.1,Respiratory
GCA_023947695.1,Bloodstream
GCA_023947675.1,Respiratory
GCA_023947615.1,Respiratory
GCA_023947595.1,Respiratory
GCA_023947575.1,Skin_Soft_Tissue
GCA_023947635.1,Urinary
GCA_023947655.1,Respiratory
GCA_023947555.1,Respiratory
GCA_023947515.1,Respiratory
GCA_023947535.1,Respiratory
GCA_023947495.1,Respiratory
GCA_023947475.1,Skin_Soft_Tissue
GCA_023947435.1,Urinary
GCA_023947415.1,Respiratory
GCA_023947455.1,Respiratory
GCA_023947395.1,Urinary
GCA_023947355.1,Skin_Soft_Tissue
GCA_023947335.1,Bloodstream
GCA_023947375.1,Respiratory
GCA_023947295.1,Skin_Soft_Tissue
GCA_023947315.1,Skin_Soft_Tissue
GCA_023947215.1,Respiratory
GCA_023947275.1,Respiratory
GCA_023947235.1,Respiratory
GCA_023947255.1,Skin_Soft_Tissue
GCA_023947195.1,Respiratory
GCA_023947095.1,Respiratory
GCA_023947155.1,Respiratory
GCA_023947115.1,Skin_Soft_Tissue
GCA_023947175.1,Skin_Soft_Tissue
GCA_023947135.1,Skin_Soft_Tissue
GCA_023947055.1,Skin_Soft_Tissue
GCA_023947075.1,Skin_Soft_Tissue
GCA_023947035.1,Urinary
GCA_023946995.1,Urinary
GCA_023947015.1,Respiratory
GCA_023946955.1,Urinary
GCA_023946975.1,Respiratory
GCA_023946935.1,Urinary
GCA_023946915.1,Urinary
GCA_023946875.1,Respiratory
GCA_023946845.1,Respiratory
GCA_023946835.1,Skin_Soft_Tissue
GCA_023946895.1,Respiratory
GCA_023946815.1,Respiratory
GCA_023946775.1,Respiratory
GCA_023946755.1,Urinary
GCA_023946795.1,Skin_Soft_Tissue
GCA_023946715.1,Urinary
GCA_023946735.1,Bloodstream
GCA_023946695.1,Respiratory
GCA_023946675.1,Skin_Soft_Tissue
GCA_023946635.1,Respiratory
GCA_023946655.1,Respiratory
GCA_023946615.1,Skin_Soft_Tissue
GCA_023946595.1,Respiratory
GCA_023946575.1,Respiratory
GCA_023946555.1,Skin_Soft_Tissue
GCA_023946535.1,Respiratory
GCA_023946515.1,Respiratory
GCA_023946235.1,Respiratory
GCA_023946215.1,Skin_Soft_Tissue
GCA_023946175.1,Respiratory
GCA_023946115.1,Respiratory
GCA_023946155.1,Respiratory
GCA_023946125.1,Respiratory
GCA_023946095.1,Respiratory
GCA_023946075.1,Skin_Soft_Tissue
GCA_023946025.1,Respiratory
GCA_023945995.1,Respiratory
GCA_023946015.1,Respiratory
GCA_023945975.1,Respiratory
GCA_023946055.1,Respiratory
GCA_023945935.1,Skin_Soft_Tissue
GCA_023945955.1,Respiratory
GCA_023945915.1,Respiratory
GCA_023945895.1,Bloodstream
GCA_023945875.1,Respiratory
GCA_023945835.1,Urinary
GCA_023945855.1,Respiratory
GCA_023945815.1,Respiratory
GCA_023945795.1,Skin_Soft_Tissue
GCA_023945775.1,Respiratory
GCA_023945755.1,Respiratory
GCA_023945735.1,Respiratory
GCA_023945715.1,Respiratory
GCA_023945695.1,Skin_Soft_Tissue
GCA_023945675.1,Skin_Soft_Tissue
GCA_023945655.1,Respiratory
GCA_023945635.1,Bloodstream
GCA_023945615.1,Urinary
GCA_023945595.1,Skin_Soft_Tissue
GCA_023945535.1,Respiratory
GCA_023945215.1,Respiratory
GCA_023945275.1,Respiratory
GCA_023945145.1,Respiratory
GCA_023945125.1,Urinary
GCA_023945135.1,Skin_Soft_Tissue
GCA_023945115.1,Urinary
GCA_023945075.1,Urinary
GCA_023945055.1,Urinary
GCA_023982895.1,Urinary
GCA_023945065.1,Respiratory
GCA_023945035.1,Respiratory
GCA_023944995.1,Respiratory
GCA_023944935.1,Respiratory
GCA_023944955.1,Urinary
GCA_023944975.1,Urinary
GCA_023944915.1,Urinary
GCA_023944895.1,Urinary
GCA_023944835.1,Bloodstream
GCA_023944815.1,Urinary
GCA_023944875.1,Bloodstream
GCA_023944855.1,Skin_Soft_Tissue
GCA_023944775.1,Urinary
GCA_023944795.1,Respiratory
GCA_023944735.1,Skin_Soft_Tissue
GCA_023944755.1,Urinary
GCA_023944715.1,Respiratory
GCA_023944655.1,Skin_Soft_Tissue
GCA_023944635.1,Urinary
GCA_023944695.1,Respiratory
GCA_023944615.1,Respiratory
GCA_023944675.1,Urinary
GCA_023944575.1,Respiratory
GCA_023944555.1,Respiratory
GCA_023944595.1,Urinary
GCA_023944515.1,Respiratory
GCA_023944215.1,Urinary
GCA_023944195.1,Respiratory
GCA_023944155.1,Respiratory
GCA_023944175.1,Urinary
GCA_023944135.1,Respiratory
GCA_023944115.1,Urinary
GCA_023944095.1,Urinary
GCA_023944055.1,Urinary
GCA_023944075.1,Respiratory
GCA_023944035.1,Respiratory
GCA_023944015.1,Respiratory
GCA_023943935.1,Bloodstream
GCA_023943995.1,Bloodstream
GCA_023943975.1,Respiratory
GCA_023943955.1,Urinary
GCA_023943875.1,Respiratory
GCA_024738885.1,Skin_Soft_Tissue
GCA_023943915.1,Respiratory
GCA_023943855.1,Urinary
GCA_023943895.1,Urinary
GCA_023943835.1,Respiratory
GCA_023943735.1,Respiratory
GCA_023943775.1,Respiratory
GCA_023943815.1,Respiratory
GCA_023943795.1,Bloodstream
GCA_023943755.1,Respiratory
GCA_023943715.1,Urinary
GCA_023943695.1,Bloodstream
GCA_023943635.1,Respiratory
GCA_023943655.1,Respiratory
GCA_023943675.1,Respiratory
GCA_023943615.1,Urinary
GCA_023943215.1,Urinary
GCA_023943175.1,Respiratory
GCA_023943225.1,Respiratory
GCA_023943155.1,Bloodstream
GCA_023943135.1,Respiratory
GCA_023943115.1,Skin_Soft_Tissue
GCA_023943095.1,Respiratory
GCA_023943075.1,Respiratory
GCA_023943035.1,Respiratory
GCA_023943055.1,Respiratory
GCA_023943015.1,Skin_Soft_Tissue
GCA_024738925.1,Respiratory
GCA_023942995.1,Respiratory
GCA_023942975.1,Respiratory
GCA_023942955.1,Skin_Soft_Tissue
GCA_023942935.1,Skin_Soft_Tissue
GCA_023942895.1,Respiratory
GCA_023942915.1,Urinary
GCA_023942875.1,Skin_Soft_Tissue
GCA_024738905.1,Respiratory
GCA_023942855.1,Respiratory
GCA_024738865.1,Respiratory
GCA_023942815.1,Respiratory
GCA_024738845.1,Respiratory
GCA_023942825.1,Respiratory
GCA_023942795.1,Respiratory
GCA_023942695.1,Respiratory
GCA_023942715.1,Respiratory
GCA_023942755.1,Respiratory
GCA_023942735.1,Respiratory
GCA_023942775.1,Respiratory
GCA_023942675.1,Respiratory
GCA_023942655.1,Respiratory
GCA_023942615.1,Respiratory
GCA_023942635.1,Skin_Soft_Tissue
GCA_023942595.1,Skin_Soft_Tissue
GCA_024738805.1,Skin_Soft_Tissue
GCA_023942575.1,Urinary
GCA_023942555.1,Respiratory
GCA_023942535.1,Skin_Soft_Tissue
GCA_023942495.1,Respiratory
GCA_023942455.1,Respiratory
GCA_023942475.1,Respiratory
GCA_023942515.1,Skin_Soft_Tissue
GCA_023942395.1,Respiratory
GCA_023942415.1,Bloodstream
GCA_023942435.1,Urinary
GCA_023942375.1,Urinary
GCA_023942235.1,Urinary
GCA_023942175.1,Respiratory
GCA_023942195.1,Bloodstream
GCA_023942215.1,Urinary
GCA_023942135.1,Urinary
GCA_023942115.1,Urinary
GCA_023942095.1,Respiratory
GCA_023942055.1,Urinary
GCA_023942075.1,Respiratory
GCA_023942035.1,Respiratory
GCA_023942015.1,Respiratory
GCA_023941975.1,Respiratory
GCA_023941995.1,Respiratory
GCA_023941955.1,Respiratory
GCA_023941895.1,Respiratory
GCA_023941915.1,Respiratory
GCA_023941935.1,Respiratory
GCA_023941875.1,Urinary
GCA_023941855.1,Respiratory
GCA_023941795.1,Respiratory
GCA_023941835.1,Bloodstream
GCA_023941815.1,Respiratory
GCA_023941775.1,Respiratory
GCA_023941755.1,Respiratory
GCA_023941735.1,Skin_Soft_Tissue
GCA_023941715.1,Respiratory
GCA_023941675.1,Urinary
GCA_023941695.1,Respiratory
GCA_023941655.1,Respiratory
GCA_023941625.1,Skin_Soft_Tissue
GCA_023941605.1,Respiratory
GCA_023941585.1,Urinary
GCA_023941565.1,Urinary
GCA_023941545.1,Urinary
GCA_023941525.1,Urinary
GCA_023941285.1,Urinary
GCA_023941105.1,Bloodstream
GCA_023941145.1,Skin_Soft_Tissue
GCA_023941125.1,Urinary
GCA_023941165.1,Skin_Soft_Tissue
GCA_023941185.1,Urinary
GCA_023941065.1,Skin_Soft_Tissue
GCA_023941055.1,Skin_Soft_Tissue
GCA_023941035.1,Skin_Soft_Tissue
GCA_023941015.1,Skin_Soft_Tissue
GCA_023940975.1,Respiratory
GCA_023940995.1,Skin_Soft_Tissue
GCA_023940955.1,Urinary
GCA_023940935.1,Respiratory
GCA_023940915.1,Skin_Soft_Tissue
GCA_023940895.1,Urinary
GCA_023940875.1,Skin_Soft_Tissue
GCA_023940855.1,Respiratory
GCA_023940835.1,Skin_Soft_Tissue
GCA_023940795.1,Urinary
GCA_023940815.1,Urinary
GCA_023940755.1,Skin_Soft_Tissue
GCA_023940775.1,Bloodstream
GCA_023940695.1,Skin_Soft_Tissue
GCA_023940735.1,Respiratory
GCA_023940715.1,Urinary
GCA_023940675.1,Respiratory
GCA_023940615.1,Urinary
GCA_023940635.1,Urinary
GCA_023940575.1,Urinary
GCA_023940595.1,Urinary
GCA_023940185.1,Urinary
GCA_023940145.1,Respiratory
GCA_023940105.1,Respiratory
GCA_023940165.1,Respiratory
GCA_023940125.1,Bloodstream
GCA_023940085.1,Skin_Soft_Tissue
GCA_023940065.1,Skin_Soft_Tissue
GCA_023940045.1,Skin_Soft_Tissue
GCA_023940025.1,Urinary
GCA_023940005.1,Skin_Soft_Tissue
GCA_023939985.1,Skin_Soft_Tissue
GCA_023939965.1,Urinary
GCA_023939905.1,Skin_Soft_Tissue
GCA_023939925.1,Respiratory
GCA_023939945.1,Skin_Soft_Tissue
GCA_023939885.1,Urinary
GCA_023939845.1,Skin_Soft_Tissue
GCA_023939865.1,Urinary
GCA_023939805.1,Respiratory
GCA_023939825.1,Skin_Soft_Tissue
GCA_023939785.1,Bloodstream
GCA_023939765.1,Urinary
GCA_023939705.1,Respiratory
GCA_023939725.1,Respiratory
GCA_023939745.1,Respiratory
GCA_023939665.1,Respiratory
GCA_023939685.1,Respiratory
GCA_023939645.1,Respiratory
GCA_023939625.1,Respiratory
GCA_023939605.1,Urinary
GCA_023939585.1,Skin_Soft_Tissue
GCA_023939565.1,Urinary
GCA_023939545.1,Urinary
GCA_023939525.1,Bloodstream
GCA_023939505.1,Respiratory
GCA_023939485.1,Respiratory
GCA_023939465.1,Urinary
GCA_023939445.1,Respiratory
GCA_023939405.1,Urinary
GCA_023939425.1,Skin_Soft_Tissue
GCA_023939165.1,Skin_Soft_Tissue
GCA_023939145.1,Skin_Soft_Tissue
GCA_023939105.1,Skin_Soft_Tissue
GCA_023939085.1,Urinary
GCA_023939065.1,Respiratory
GCA_023939115.1,Urinary
GCA_023939005.1,Respiratory
GCA_023939025.1,Skin_Soft_Tissue
GCA_023938985.1,Urinary
GCA_023938965.1,Urinary
GCA_023939045.1,Skin_Soft_Tissue
GCA_023938945.1,Urinary
GCA_023938925.1,Urinary
GCA_023938885.1,Skin_Soft_Tissue
GCA_023938905.1,Urinary
GCA_023938865.1,Respiratory
GCA_023938845.1,Bloodstream
GCA_023938825.1,Skin_Soft_Tissue
GCA_023938805.1,Urinary
GCA_023938765.1,Respiratory
GCA_023938785.1,Urinary
GCA_023938745.1,Skin_Soft_Tissue
GCA_023938725.1,Respiratory
GCA_023938705.1,Respiratory
GCA_023937165.1,Respiratory
GCA_023937145.1,Urinary
GCA_023937125.1,Urinary
GCA_023937105.1,Urinary
GCA_023937085.1,Urinary
GCA_023937065.1,Respiratory
GCA_023937045.1,Respiratory
GCA_023937005.1,Skin_Soft_Tissue
GCA_023948415.1,Ear_Nose_Throat
GCA_023936785.1,Skin_Soft_Tissue
GCA_023922095.1,Urinary
GCA_023923065.1,Skin_Soft_Tissue
GCA_023934985.1,Respiratory
GCA_023917945.1,Respiratory
GCA_023936165.1,Urinary
GCA_023944335.1,Urinary
GCA_023939345.1,Urinary
GCA_023917925.1,Respiratory
GCA_023946295.1,Respiratory
GCA_023918425.1,Respiratory
GCA_023948315.1,Urinary
GCA_023917305.1,Respiratory
GCA_023917285.1,Respiratory
GCA_023936245.1,Respiratory
GCA_023916665.1,Respiratory
GCA_023917245.1,Respiratory
GCA_023917225.1,Urinary
GCA_023936225.1,Respiratory
GCA_023917105.1,Respiratory
GCA_023917165.1,Respiratory
GCA_023917045.1,Respiratory
GCA_023935485.1,Respiratory
GCA_023941265.1,Respiratory
GCA_024176765.1,Urinary
GCA_023935645.1,Respiratory
GCA_023924465.1,Respiratory
GCA_023937345.1,Respiratory
GCA_023934485.1,Gastrointestinal
GCA_023932685.1,Gastrointestinal
GCA_023916545.1,Respiratory
GCA_023935325.1,Gastrointestinal
GCA_023916965.1,Ear_Nose_Throat
GCA_023936685.1,Ear_Nose_Throat
GCA_023921985.1,Ear_Nose_Throat
GCA_023938205.1,Skin_Soft_Tissue
GCA_023917765.1,Respiratory
GCA_023916945.1,Respiratory
GCA_023924425.1,Respiratory
GCA_023927295.1,Respiratory
GCA_023937285.1,Respiratory
GCA_023934905.1,Respiratory
GCA_023916445.1,Respiratory
GCA_023936265.1,Ear_Nose_Throat
GCA_023918305.1,Skin_Soft_Tissue
GCA_023945195.1,Skin_Soft_Tissue
GCA_023916865.1,Skin_Soft_Tissue
GCA_023916425.1,Respiratory
GCA_023916165.1,Respiratory
GCA_023935605.1,Respiratory
GCA_023934425.1,Respiratory
GCA_023933125.1,Respiratory
GCA_023949275.1,Respiratory
GCA_023944255.1,Gastrointestinal
GCA_023916085.1,Respiratory
GCA_023916065.1,Ear_Nose_Throat
GCA_023916045.1,Ear_Nose_Throat
GCA_023915985.1,Ear_Nose_Throat
GCA_023916015.1,Respiratory
GCA_023937245.1,Skin_Soft_Tissue
GCA_023915925.1,Respiratory
GCA_023915825.1,Respiratory
GCA_023942155.1,Respiratory
GCA_023934845.1,Bloodstream
GCA_024738605.1,Respiratory
GCA_023915785.1,Respiratory
GCA_023915745.1,Skin_Soft_Tissue
GCA_023936285.1,Skin_Soft_Tissue
GCA_023915805.1,Urinary
GCA_023915865.1,Urinary
GCA_023904895.1,CF_Respiratory
GCA_023904905.1,CF_Respiratory
GCA_023904915.1,CF_Respiratory
GCA_023904955.1,CF_Respiratory
GCA_023904985.1,CF_Respiratory
GCA_023905005.1,CF_Respiratory
GCA_023905025.1,CF_Respiratory
GCA_023905015.1,CF_Respiratory
GCA_023905065.1,CF_Respiratory
GCA_023905085.1,CF_Respiratory
GCA_023905095.1,CF_Respiratory
GCA_023905105.1,CF_Respiratory
GCA_023905145.1,CF_Respiratory
GCA_023905165.1,CF_Respiratory
GCA_023905175.1,CF_Respiratory
GCA_023905205.1,CF_Respiratory
GCA_023905215.1,CF_Respiratory
GCA_023905245.1,CF_Respiratory
GCA_023905265.1,CF_Respiratory
GCA_023905285.1,CF_Respiratory
GCA_023905275.1,CF_Respiratory
GCA_023905325.1,CF_Respiratory
GCA_023905345.1,CF_Respiratory
GCA_023905365.1,CF_Respiratory
GCA_023905375.1,CF_Respiratory
GCA_023905405.1,CF_Respiratory
GCA_023905425.1,CF_Respiratory
GCA_023905445.1,CF_Respiratory
GCA_023905475.1,CF_Respiratory
GCA_023905485.1,CF_Respiratory
GCA_023905465.1,CF_Respiratory
GCA_023905525.1,CF_Respiratory
GCA_023905545.1,CF_Respiratory
GCA_023905565.1,CF_Respiratory
GCA_023905585.1,CF_Respiratory
GCA_023905595.1,CF_Respiratory
GCA_023905605.1,CF_Respiratory
GCA_023905645.1,CF_Respiratory
GCA_023905665.1,CF_Respiratory
GCA_023905685.1,CF_Respiratory
GCA_023905715.1,CF_Respiratory
GCA_023905705.1,CF_Respiratory
GCA_023905745.1,CF_Respiratory
GCA_023905765.1,CF_Respiratory
GCA_023905785.1,CF_Respiratory
GCA_023905795.1,CF_Respiratory
GCA_023905825.1,CF_Respiratory
GCA_023905845.1,CF_Respiratory
GCA_023905855.1,CF_Respiratory
GCA_023905865.1,CF_Respiratory
GCA_023905875.1,CF_Respiratory
GCA_023905915.1,CF_Respiratory
GCA_023905945.1,CF_Respiratory
GCA_023905955.1,CF_Respiratory
GCA_023905995.1,CF_Respiratory
GCA_023905985.1,CF_Respiratory
GCA_023906025.1,CF_Respiratory
GCA_023906045.1,CF_Respiratory
GCA_023906065.1,CF_Respiratory
GCA_023906075.1,CF_Respiratory
GCA_023906095.1,CF_Respiratory
GCA_023906085.1,CF_Respiratory
GCA_023906145.1,CF_Respiratory
GCA_023906165.1,CF_Respiratory
GCA_023906185.1,CF_Respiratory
GCA_023906205.1,CF_Respiratory
GCA_023906215.1,CF_Respiratory
GCA_023906245.1,CF_Respiratory
GCA_023906265.1,CF_Respiratory
GCA_023906295.1,CF_Respiratory
GCA_023906305.1,CF_Respiratory
GCA_023906315.1,CF_Respiratory
GCA_023906355.1,CF_Respiratory
GCA_023906385.1,CF_Respiratory
GCA_023906375.1,CF_Respiratory
GCA_023906415.1,CF_Respiratory
GCA_023906435.1,CF_Respiratory
GCA_023906455.1,CF_Respiratory
GCA_023906465.1,CF_Respiratory
GCA_023906495.1,CF_Respiratory
GCA_023906505.1,CF_Respiratory
GCA_023906535.1,CF_Respiratory
GCA_023906555.1,CF_Respiratory
GCA_023906575.1,CF_Respiratory
GCA_023906595.1,CF_Respiratory
GCA_023906615.1,CF_Respiratory
GCA_023906625.1,CF_Respiratory
GCA_023906665.1,CF_Respiratory
GCA_023906635.1,CF_Respiratory
GCA_023906645.1,CF_Respiratory
GCA_023906715.1,CF_Respiratory
GCA_023906735.1,CF_Respiratory
GCA_023906755.1,CF_Respiratory
GCA_023906765.1,CF_Respiratory
GCA_023906795.1,CF_Respiratory
GCA_023906845.1,CF_Respiratory
GCA_023906835.1,CF_Respiratory
GCA_023906825.1,CF_Respiratory
GCA_023906885.1,CF_Respiratory
GCA_023906905.1,CF_Respiratory
GCA_023906925.1,CF_Respiratory
GCA_023906945.1,CF_Respiratory
GCA_023906955.1,CF_Respiratory
GCA_023906985.1,CF_Respiratory
GCA_023907005.1,CF_Respiratory
GCA_023907025.1,CF_Respiratory
GCA_023907045.1,CF_Respiratory
GCA_023907065.1,CF_Respiratory
GCA_023907085.1,CF_Respiratory
GCA_023907105.1,CF_Respiratory
GCA_023907125.1,CF_Respiratory
GCA_023907145.1,CF_Respiratory
GCA_023907165.1,CF_Respiratory
GCA_023907185.1,CF_Respiratory
GCA_023907205.1,CF_Respiratory
GCA_023907225.1,CF_Respiratory
GCA_023907245.1,CF_Respiratory
GCA_023907265.1,CF_Respiratory
GCA_023907285.1,CF_Respiratory
GCA_023907305.1,CF_Respiratory
GCA_023907325.1,CF_Respiratory
GCA_023907345.1,CF_Respiratory
GCA_023907365.1,CF_Respiratory
GCA_023907385.1,CF_Respiratory
GCA_023907395.1,CF_Respiratory
GCA_023907425.1,CF_Respiratory
GCA_023907445.1,CF_Respiratory
GCA_023907475.1,CF_Respiratory
GCA_023907465.1,CF_Respiratory
GCA_023907505.1,CF_Respiratory
GCA_023907525.1,CF_Respiratory
GCA_023907555.1,CF_Respiratory
GCA_023907545.1,CF_Respiratory
GCA_023907565.1,CF_Respiratory
GCA_023907605.1,CF_Respiratory
GCA_023907625.1,CF_Respiratory
GCA_023907645.1,CF_Respiratory
GCA_023907655.1,CF_Respiratory
GCA_023907665.1,CF_Respiratory
GCA_023907705.1,CF_Respiratory
GCA_023907725.1,CF_Respiratory
GCA_023907745.1,CF_Respiratory
GCA_023907775.1,CF_Respiratory
GCA_023907785.1,CF_Respiratory
GCA_023907765.1,CF_Respiratory
GCA_023907815.1,CF_Respiratory
GCA_023907845.1,CF_Respiratory
GCA_023907865.1,CF_Respiratory
GCA_023907875.1,CF_Respiratory
GCA_023907905.1,CF_Respiratory
GCA_023907925.1,CF_Respiratory
GCA_023907945.1,CF_Respiratory
GCA_023907965.1,CF_Respiratory
GCA_023907995.1,CF_Respiratory
GCA_023907975.1,CF_Respiratory
GCA_023908025.1,CF_Respiratory
GCA_023908045.1,CF_Respiratory
GCA_023908065.1,CF_Respiratory
GCA_023908085.1,CF_Respiratory
GCA_023908095.1,CF_Respiratory
GCA_023908145.1,CF_Respiratory
GCA_023908165.1,CF_Respiratory
GCA_023908185.1,CF_Respiratory
GCA_023908205.1,CF_Respiratory
GCA_023908195.1,CF_Respiratory
GCA_023908245.1,CF_Respiratory
GCA_023908265.1,CF_Respiratory
GCA_023908285.1,CF_Respiratory
GCA_023908305.1,CF_Respiratory
GCA_023908295.1,CF_Respiratory
GCA_023908345.1,CF_Respiratory
GCA_023908315.1,CF_Respiratory
GCA_023908385.1,CF_Respiratory
GCA_023908395.1,CF_Respiratory
GCA_023908405.1,CF_Respiratory
GCA_023908445.1,CF_Respiratory
GCA_023908465.1,CF_Respiratory
GCA_023908485.1,CF_Respiratory
GCA_023908505.1,CF_Respiratory
GCA_023908515.1,CF_Respiratory
GCA_023908545.1,CF_Respiratory
GCA_023908565.1,CF_Respiratory
GCA_023908575.1,CF_Respiratory
GCA_023908605.1,CF_Respiratory
GCA_023908625.1,CF_Respiratory
GCA_023908645.1,CF_Respiratory
GCA_023908665.1,CF_Respiratory
GCA_023908685.1,CF_Respiratory
GCA_023908705.1,CF_Respiratory
GCA_023908725.1,CF_Respiratory
GCA_023908745.1,CF_Respiratory
GCA_023908775.1,CF_Respiratory
GCA_023908765.1,CF_Respiratory
GCA_023908825.1,CF_Respiratory
GCA_023908815.1,CF_Respiratory
GCA_023908805.1,CF_Respiratory
GCA_023908865.1,CF_Respiratory
GCA_023908895.1,CF_Respiratory
GCA_023908885.1,CF_Respiratory
GCA_023908915.1,CF_Respiratory
GCA_023908935.1,CF_Respiratory
GCA_023908965.1,CF_Respiratory
GCA_023908975.1,CF_Respiratory
GCA_023909005.1,CF_Respiratory
GCA_023909025.1,CF_Respiratory
GCA_023909035.1,CF_Respiratory
GCA_023909065.1,CF_Respiratory
GCA_023909105.1,CF_Respiratory
GCA_023909085.1,CF_Respiratory
GCA_023909095.1,CF_Respiratory
GCA_023909145.1,CF_Respiratory
GCA_023909165.1,CF_Respiratory
GCA_023909185.1,CF_Respiratory
GCA_023909205.1,CF_Respiratory
GCA_023909225.1,CF_Respiratory
GCA_023909235.1,CF_Respiratory
GCA_023909265.1,CF_Respiratory
GCA_023909285.1,CF_Respiratory
GCA_023909305.1,CF_Respiratory
GCA_023909325.1,CF_Respiratory
GCA_023909345.1,CF_Respiratory
GCA_023909365.1,CF_Respiratory
GCA_023909385.1,CF_Respiratory
GCA_023909425.1,CF_Respiratory
GCA_023909435.1,CF_Respiratory
GCA_023909465.1,CF_Respiratory
GCA_023909485.1,CF_Respiratory
GCA_023909505.1,CF_Respiratory
GCA_023909515.1,CF_Respiratory
GCA_023909525.1,CF_Respiratory
GCA_023909565.1,CF_Respiratory
GCA_023909585.1,CF_Respiratory
GCA_023909605.1,CF_Respiratory
GCA_023909615.1,CF_Respiratory
GCA_023909645.1,CF_Respiratory
GCA_023909665.1,CF_Respiratory
GCA_023909685.1,CF_Respiratory
GCA_023909705.1,CF_Respiratory
GCA_023909715.1,CF_Respiratory
GCA_023909735.1,CF_Respiratory
GCA_023909805.1,CF_Respiratory
GCA_023909815.1,CF_Respiratory
GCA_023909835.1,CF_Respiratory
GCA_023909865.1,CF_Respiratory
GCA_023909885.1,CF_Respiratory
GCA_023909905.1,CF_Respiratory
GCA_023909895.1,CF_Respiratory
GCA_023909945.1,CF_Respiratory
GCA_023909975.1,CF_Respiratory
GCA_023909965.1,CF_Respiratory
GCA_023909995.1,CF_Respiratory
GCA_023910025.1,CF_Respiratory
GCA_023910045.1,CF_Respiratory
GCA_023910065.1,CF_Respiratory
GCA_023910075.1,CF_Respiratory
GCA_023910105.1,CF_Respiratory
GCA_023910125.1,CF_Respiratory
GCA_023910135.1,CF_Respiratory
GCA_023910175.1,CF_Respiratory
GCA_023910165.1,CF_Respiratory
GCA_023910205.1,CF_Respiratory
GCA_023910215.1,CF_Respiratory
GCA_023910245.1,CF_Respiratory
GCA_023910705.1,CF_Respiratory
GCA_023910725.1,CF_Respiratory
GCA_023910735.1,CF_Respiratory
GCA_023910765.1,CF_Respiratory
GCA_023910775.1,CF_Respiratory
GCA_023910805.1,CF_Respiratory
GCA_023910835.1,CF_Respiratory
GCA_023910825.1,CF_Respiratory
GCA_023910865.1,CF_Respiratory
GCA_023910885.1,CF_Respiratory
GCA_023910905.1,CF_Respiratory
GCA_023910915.1,CF_Respiratory
GCA_023910935.1,CF_Respiratory
GCA_023910965.1,CF_Respiratory
GCA_023910975.1,CF_Respiratory
GCA_023911005.1,CF_Respiratory
GCA_023911025.1,CF_Respiratory
GCA_023911045.1,CF_Respiratory
GCA_023911055.1,CF_Respiratory
GCA_023911065.1,CF_Respiratory
GCA_023911105.1,CF_Respiratory
GCA_023911125.1,CF_Respiratory
GCA_023911145.1,CF_Respiratory
GCA_023911155.1,CF_Respiratory
GCA_023911185.1,CF_Respiratory
GCA_023911205.1,CF_Respiratory
GCA_023911225.1,CF_Respiratory
GCA_023911245.1,CF_Respiratory
GCA_023911265.1,CF_Respiratory
GCA_023911285.1,CF_Respiratory
GCA_023911305.1,CF_Respiratory
GCA_023911315.1,CF_Respiratory
GCA_023911345.1,CF_Respiratory
GCA_023911375.1,CF_Respiratory
GCA_023911365.1,CF_Respiratory
GCA_023911405.1,CF_Respiratory
GCA_023911425.1,CF_Respiratory
GCA_023911445.1,CF_Respiratory
GCA_023911465.1,CF_Respiratory
GCA_023911485.1,CF_Respiratory
GCA_023911505.1,CF_Respiratory
GCA_023911555.1,CF_Respiratory
GCA_023911535.1,CF_Respiratory
GCA_023911545.1,CF_Respiratory
GCA_023911595.1,CF_Respiratory
GCA_023911615.1,CF_Respiratory
GCA_023911625.1,CF_Respiratory
GCA_023911655.1,CF_Respiratory
GCA_023911675.1,CF_Respiratory
GCA_023911695.1,CF_Respiratory
GCA_023911705.1,CF_Respiratory
GCA_023911735.1,CF_Respiratory
GCA_023911755.1,CF_Respiratory
GCA_023911775.1,CF_Respiratory
GCA_023911795.1,CF_Respiratory
GCA_023911805.1,CF_Respiratory
GCA_023911835.1,CF_Respiratory
GCA_023911855.1,CF_Respiratory
GCA_023911885.1,CF_Respiratory
GCA_023911875.1,CF_Respiratory
GCA_023911915.1,CF_Respiratory
GCA_023911935.1,CF_Respiratory
GCA_023911945.1,CF_Respiratory
GCA_023911975.1,CF_Respiratory
GCA_023911995.1,CF_Respiratory
GCA_023912015.1,CF_Respiratory
GCA_023912025.1,CF_Respiratory
GCA_023912055.1,CF_Respiratory
GCA_023912075.1,CF_Respiratory
GCA_023912095.1,CF_Respiratory
GCA_023912115.1,CF_Respiratory
GCA_023912135.1,CF_Respiratory
GCA_023912155.1,CF_Respiratory
GCA_023912175.1,CF_Respiratory
GCA_023912185.1,CF_Respiratory
GCA_023912215.1,CF_Respiratory
GCA_023912235.1,CF_Respiratory
GCA_023912265.1,CF_Respiratory
GCA_023912255.1,CF_Respiratory
GCA_023912295.1,CF_Respiratory
GCA_023912315.1,CF_Respiratory
GCA_023912335.1,CF_Respiratory
GCA_023912365.1,CF_Respiratory
GCA_023912355.1,CF_Respiratory
GCA_023912375.1,CF_Respiratory
GCA_023912415.1,CF_Respiratory
GCA_023912435.1,CF_Respiratory
GCA_023912455.1,CF_Respiratory
GCA_023912475.1,CF_Respiratory
GCA_023912485.1,CF_Respiratory
GCA_023912515.1,CF_Respiratory
GCA_023912545.1,CF_Respiratory
GCA_023912535.1,CF_Respiratory
GCA_023912565.1,CF_Respiratory
GCA_023912555.1,CF_Respiratory
GCA_023912585.1,CF_Respiratory
GCA_023912635.1,CF_Respiratory
GCA_023912655.1,CF_Respiratory
GCA_023912675.1,CF_Respiratory
GCA_023912695.1,CF_Respiratory
GCA_023912705.1,CF_Respiratory
GCA_023912735.1,CF_Respiratory
GCA_023912755.1,CF_Respiratory
GCA_023912775.1,CF_Respiratory
GCA_023912795.1,CF_Respiratory
GCA_023912815.1,CF_Respiratory
GCA_023912835.1,CF_Respiratory
GCA_023912855.1,CF_Respiratory
GCA_023912875.1,CF_Respiratory
GCA_023912895.1,CF_Respiratory
GCA_023912905.1,CF_Respiratory
GCA_023912935.1,CF_Respiratory
GCA_023912955.1,CF_Respiratory
GCA_023912975.1,CF_Respiratory
GCA_023912995.1,CF_Respiratory
GCA_023913015.1,CF_Respiratory
GCA_023913045.1,CF_Respiratory
GCA_023913055.1,CF_Respiratory
GCA_023913085.1,CF_Respiratory
GCA_023913095.1,CF_Respiratory
GCA_023913125.1,CF_Respiratory
GCA_023913145.1,CF_Respiratory
GCA_023913165.1,CF_Respiratory
GCA_023913185.1,CF_Respiratory
GCA_023913205.1,CF_Respiratory
GCA_023913225.1,CF_Respiratory
GCA_023913265.1,CF_Respiratory
GCA_024002515.1,Skin_Soft_Tissue
GCA_024008155.1,Skin_Soft_Tissue
GCA_024010015.1,Skin_Soft_Tissue
GCA_024009995.1,Skin_Soft_Tissue
GCA_024011715.1,Skin_Soft_Tissue
GCA_024002435.1,Respiratory
GCA_024002455.1,Respiratory
GCA_024009875.1,Respiratory
GCA_024016635.1,Respiratory
GCA_024002495.1,Respiratory
GCA_024007975.1,Respiratory
GCA_024002395.1,Respiratory
GCA_024004175.1,Respiratory
GCA_024001385.1,Respiratory
GCA_024007935.1,Respiratory
GCA_023997175.1,Respiratory
GCA_024001345.1,Respiratory
GCA_024007955.1,Respiratory
GCA_024014775.1,Respiratory
GCA_024007875.1,Respiratory
GCA_023999135.1,Respiratory
GCA_024007895.1,Respiratory
GCA_024007855.1,Respiratory
GCA_024004115.1,Respiratory
GCA_023997155.1,Respiratory
GCA_024002375.1,Respiratory
GCA_024002335.1,Respiratory
GCA_024007825.1,Respiratory
GCA_024014755.1,Respiratory
GCA_024005155.1,Respiratory
GCA_024007915.1,Respiratory
GCA_024007735.1,Respiratory
GCA_024001365.1,Respiratory
GCA_024001325.1,Respiratory
GCA_024825895.1,Respiratory
GCA_024005135.1,Respiratory
GCA_024007715.1,Respiratory
GCA_024002315.1,Respiratory
GCA_024002295.1,Respiratory
GCA_023997135.1,Respiratory
GCA_024002355.1,Respiratory
GCA_024001305.1,Respiratory
GCA_024002235.1,Respiratory
GCA_024007675.1,Respiratory
GCA_024001285.1,Respiratory
GCA_024001245.1,Respiratory
GCA_024005175.1,Respiratory
GCA_024001265.1,Respiratory
GCA_024007575.1,Respiratory
GCA_024002275.1,Respiratory
GCA_024002255.1,Respiratory
GCA_024812265.1,Respiratory
GCA_024009855.1,Respiratory
GCA_024001225.1,Respiratory
GCA_024001205.1,Respiratory
GCA_024009835.1,Respiratory
GCA_024002215.1,Respiratory
GCA_024007495.1,Respiratory
GCA_024002195.1,Respiratory
GCA_024002155.1,Respiratory
GCA_024009815.1,Respiratory
GCA_024001185.1,Respiratory
GCA_024002135.1,Respiratory
GCA_024014735.1,Respiratory
GCA_024009795.1,Respiratory
GCA_024009775.1,Respiratory
GCA_024009755.1,Respiratory
GCA_024001165.1,Respiratory
GCA_024001145.1,Respiratory
GCA_024009735.1,Respiratory
GCA_024001125.1,Respiratory
GCA_024002175.1,Respiratory
GCA_024073685.1,Hospital
GCA_024073545.1,Respiratory
GCA_024855965.1,Lab_Strain
GCA_024851085.1,Lab_Strain
GCA_024851045.1,Lab_Strain
GCA_024851105.1,Lab_Strain
GCA_024852465.1,Lab_Strain
GCA_024852405.1,Lab_Strain
GCA_024852425.1,Lab_Strain
GCA_024423235.1,Lab_Strain
GCA_024825955.1,Respiratory
GCA_024073265.1,Bloodstream
GCA_024073005.1,Water
GCA_024073185.1,Respiratory
GCA_024072795.1,Respiratory
GCA_024072775.1,Respiratory
GCA_024072755.1,Respiratory
GCA_024072675.1,Urinary
GCA_023924325.1,CF_Respiratory
GCA_023924345.1,CF_Respiratory
GCA_023924365.1,CF_Respiratory
GCA_023924385.1,CF_Respiratory
GCA_023924405.1,CF_Respiratory
GCA_023927525.1,CF_Respiratory
GCA_023927535.1,CF_Respiratory
GCA_023927585.1,CF_Respiratory
GCA_023927615.1,CF_Respiratory
GCA_023927625.1,CF_Respiratory
GCA_023927705.1,CF_Respiratory
GCA_023927735.1,CF_Respiratory
GCA_023927785.1,CF_Respiratory
GCA_023927765.1,CF_Respiratory
GCA_023927775.1,CF_Respiratory
GCA_023927885.1,CF_Respiratory
GCA_023927905.1,CF_Respiratory
GCA_023927915.1,CF_Respiratory
GCA_023927925.1,CF_Respiratory
GCA_023927965.1,CF_Respiratory
GCA_023927985.1,CF_Respiratory
GCA_023928015.1,CF_Respiratory
GCA_023928005.1,CF_Respiratory
GCA_023928045.1,CF_Respiratory
GCA_023928065.1,CF_Respiratory
GCA_023928085.1,CF_Respiratory
GCA_023928105.1,CF_Respiratory
GCA_023928125.1,CF_Respiratory
GCA_023928145.1,CF_Respiratory
GCA_023928155.1,CF_Respiratory
GCA_023928185.1,CF_Respiratory
GCA_023928205.1,CF_Respiratory
GCA_023928215.1,CF_Respiratory
GCA_023928245.1,CF_Respiratory
GCA_023928265.1,CF_Respiratory
GCA_023928285.1,CF_Respiratory
GCA_023928315.1,CF_Respiratory
GCA_023928305.1,CF_Respiratory
GCA_023928345.1,CF_Respiratory
GCA_023928365.1,CF_Respiratory
GCA_023928385.1,CF_Respiratory
GCA_023928395.1,CF_Respiratory
GCA_023928425.1,CF_Respiratory
GCA_023928445.1,CF_Respiratory
GCA_023928455.1,CF_Respiratory
GCA_023928485.1,CF_Respiratory
GCA_023928495.1,CF_Respiratory
GCA_023928525.1,CF_Respiratory
GCA_023928545.1,CF_Respiratory
GCA_023928565.1,CF_Respiratory
GCA_023928585.1,CF_Respiratory
GCA_023928625.1,CF_Respiratory
GCA_023928645.1,CF_Respiratory
GCA_023928655.1,CF_Respiratory
GCA_023928685.1,CF_Respiratory
GCA_023928705.1,CF_Respiratory
GCA_023928725.1,CF_Respiratory
GCA_023928745.1,CF_Respiratory
GCA_023928765.1,CF_Respiratory
GCA_023928785.1,CF_Respiratory
GCA_023928805.1,CF_Respiratory
GCA_023928825.1,CF_Respiratory
GCA_023928845.1,CF_Respiratory
GCA_023928865.1,CF_Respiratory
GCA_023928875.1,CF_Respiratory
GCA_023928905.1,CF_Respiratory
GCA_023928925.1,CF_Respiratory
GCA_023928945.1,CF_Respiratory
GCA_023928965.1,CF_Respiratory
GCA_023928985.1,CF_Respiratory
GCA_023929005.1,CF_Respiratory
GCA_023929025.1,CF_Respiratory
GCA_023929045.1,CF_Respiratory
GCA_023929065.1,CF_Respiratory
GCA_023929085.1,CF_Respiratory
GCA_023929105.1,CF_Respiratory
GCA_023929125.1,CF_Respiratory
GCA_023929145.1,CF_Respiratory
GCA_023929165.1,CF_Respiratory
GCA_023929175.1,CF_Respiratory
GCA_023929205.1,CF_Respiratory
GCA_023929225.1,CF_Respiratory
GCA_023929245.1,CF_Respiratory
GCA_023929265.1,CF_Respiratory
GCA_023929285.1,CF_Respiratory
GCA_023929305.1,CF_Respiratory
GCA_023929325.1,CF_Respiratory
GCA_023929345.1,CF_Respiratory
GCA_023929365.1,CF_Respiratory
GCA_023929385.1,CF_Respiratory
GCA_023929405.1,CF_Respiratory
GCA_023929425.1,CF_Respiratory
GCA_023929445.1,CF_Respiratory
GCA_023929455.1,CF_Respiratory
GCA_023929485.1,CF_Respiratory
GCA_023929505.1,CF_Respiratory
GCA_023929525.1,CF_Respiratory
GCA_023929545.1,CF_Respiratory
GCA_023929555.1,CF_Respiratory
GCA_023929585.1,CF_Respiratory
GCA_023929605.1,CF_Respiratory
GCA_023929615.1,CF_Respiratory
GCA_023929705.1,CF_Respiratory
GCA_023929715.1,CF_Respiratory
GCA_023929785.1,CF_Respiratory
GCA_023929805.1,CF_Respiratory
GCA_023929825.1,CF_Respiratory
GCA_023929845.1,CF_Respiratory
GCA_023929945.1,CF_Respiratory
GCA_023929965.1,CF_Respiratory
GCA_023930005.1,CF_Respiratory
GCA_023930025.1,CF_Respiratory
GCA_023930045.1,CF_Respiratory
GCA_023930125.1,CF_Respiratory
GCA_023932025.1,CF_Respiratory
GCA_023932085.1,CF_Respiratory
GCA_023932165.1,CF_Respiratory
GCA_023932215.1,CF_Respiratory
GCA_023932205.1,CF_Respiratory
GCA_023932245.1,CF_Respiratory
GCA_023932285.1,CF_Respiratory
GCA_023932305.1,CF_Respiratory
GCA_023932365.1,CF_Respiratory
GCA_023932405.1,CF_Respiratory
GCA_023932415.1,CF_Respiratory
GCA_023932465.1,CF_Respiratory
GCA_023932505.1,CF_Respiratory
GCA_023932585.1,CF_Respiratory
GCA_023932625.1,CF_Respiratory
GCA_023932645.1,CF_Respiratory
GCA_023932665.1,CF_Respiratory
GCA_023932705.1,CF_Respiratory
GCA_023932765.1,CF_Respiratory
GCA_023932805.1,CF_Respiratory
GCA_023932825.1,CF_Respiratory
GCA_023932875.1,CF_Respiratory
GCA_023932865.1,CF_Respiratory
GCA_023932925.1,CF_Respiratory
GCA_023932965.1,CF_Respiratory
GCA_023933045.1,CF_Respiratory
GCA_023933035.1,CF_Respiratory
GCA_023933025.1,CF_Respiratory
GCA_023933105.1,CF_Respiratory
GCA_023933145.1,CF_Respiratory
GCA_023933165.1,CF_Respiratory
GCA_023933175.1,CF_Respiratory
GCA_023933195.1,CF_Respiratory
GCA_023933225.1,CF_Respiratory
GCA_023933245.1,CF_Respiratory
GCA_023933285.1,CF_Respiratory
GCA_023933265.1,CF_Respiratory
GCA_023933295.1,CF_Respiratory
GCA_023933325.1,CF_Respiratory
GCA_023933345.1,CF_Respiratory
GCA_023933365.1,CF_Respiratory
GCA_023933385.1,CF_Respiratory
GCA_023933405.1,CF_Respiratory
GCA_023933425.1,CF_Respiratory
GCA_023933445.1,CF_Respiratory
GCA_023933465.1,CF_Respiratory
GCA_023933485.1,CF_Respiratory
GCA_023933495.1,CF_Respiratory
GCA_023933505.1,CF_Respiratory
GCA_023933545.1,CF_Respiratory
GCA_023933565.1,CF_Respiratory
GCA_023933585.1,CF_Respiratory
GCA_023933595.1,CF_Respiratory
GCA_023933625.1,CF_Respiratory
GCA_023933645.1,CF_Respiratory
GCA_023933665.1,CF_Respiratory
GCA_023933685.1,CF_Respiratory
GCA_023933705.1,CF_Respiratory
GCA_023933725.1,CF_Respiratory
GCA_023933745.1,CF_Respiratory
GCA_023933765.1,CF_Respiratory
GCA_023933785.1,CF_Respiratory
GCA_023933795.1,CF_Respiratory
GCA_023933825.1,CF_Respiratory
GCA_023933845.1,CF_Respiratory
GCA_023933865.1,CF_Respiratory
GCA_023933885.1,CF_Respiratory
GCA_023933905.1,CF_Respiratory
GCA_023933925.1,CF_Respiratory
GCA_023933945.1,CF_Respiratory
GCA_023933965.1,CF_Respiratory
GCA_023933985.1,CF_Respiratory
GCA_023934005.1,CF_Respiratory
GCA_023934025.1,CF_Respiratory
GCA_023958495.2,Urinary
GCA_023958525.1,Ear_Nose_Throat
GCA_023982915.1,Gastrointestinal
GCA_024106435.1,CF_Respiratory
GCA_024106455.1,CF_Respiratory
GCA_024106475.1,CF_Respiratory
GCA_024106465.1,CF_Respiratory
GCA_024106515.1,CF_Respiratory
GCA_024106535.1,CF_Respiratory
GCA_024106555.1,CF_Respiratory
GCA_024106575.1,CF_Respiratory
GCA_024106585.1,CF_Respiratory
GCA_024106605.1,CF_Respiratory
GCA_024106625.1,CF_Respiratory
GCA_024106675.1,CF_Respiratory
GCA_024106685.1,CF_Respiratory
GCA_024106665.1,CF_Respiratory
GCA_024106655.1,CF_Respiratory
GCA_024106735.1,CF_Respiratory
GCA_024106755.1,CF_Respiratory
GCA_024106775.1,CF_Respiratory
GCA_024106795.1,CF_Respiratory
GCA_024106785.1,CF_Respiratory
GCA_024106835.1,CF_Respiratory
GCA_024106855.1,CF_Respiratory
GCA_024106875.1,CF_Respiratory
GCA_024106895.1,CF_Respiratory
GCA_024106915.1,CF_Respiratory
GCA_024106935.1,CF_Respiratory
GCA_024106955.1,CF_Respiratory
GCA_024106975.1,CF_Respiratory
GCA_024106995.1,CF_Respiratory
GCA_024107015.1,CF_Respiratory
GCA_024107025.1,CF_Respiratory
GCA_024107055.1,CF_Respiratory
GCA_024107075.1,CF_Respiratory
GCA_024107095.1,CF_Respiratory
GCA_024107115.1,CF_Respiratory
GCA_024107145.1,CF_Respiratory
GCA_024107135.1,CF_Respiratory
GCA_024107175.1,CF_Respiratory
GCA_024107195.1,CF_Respiratory
GCA_024107215.1,CF_Respiratory
GCA_024107235.1,CF_Respiratory
GCA_024107245.1,CF_Respiratory
GCA_024107275.1,CF_Respiratory
GCA_024107255.1,CF_Respiratory
GCA_024107315.1,CF_Respiratory
GCA_024107345.1,CF_Respiratory
GCA_024107375.1,CF_Respiratory
GCA_024107385.1,CF_Respiratory
GCA_024133545.1,Urinary
GCA_024126335.1,Skin_Soft_Tissue
GCA_024126355.1,Skin_Soft_Tissue
GCA_024179125.1,Respiratory
GCA_024179135.1,Respiratory
GCA_024179165.1,Respiratory
GCA_024179205.1,Skin_Soft_Tissue
GCA_024179225.1,Gastrointestinal
GCA_024179235.1,Skin_Soft_Tissue
GCA_024179265.1,Respiratory
GCA_024212995.1,Soil
GCA_024213115.1,Soil
GCA_024225835.1,Respiratory
GCA_024244425.1,Respiratory
GCA_024256745.1,Respiratory
GCA_024244775.1,Respiratory
GCA_024253935.1,Respiratory
GCA_024264885.1,Respiratory
GCA_024264765.1,Bloodstream
GCA_024267575.1,Respiratory
GCA_024267695.1,Respiratory
GCA_024268625.1,Respiratory
GCA_024272185.1,Respiratory
GCA_024272245.1,Respiratory
GCA_024272165.1,Respiratory
GCA_024272205.1,Bloodstream
GCA_024272145.1,Respiratory
GCA_024272065.1,Respiratory
GCA_024272005.1,Respiratory
GCA_024262065.1,Soil
GCA_024262085.1,Gastrointestinal
GCA_024266805.1,Soil
GCA_024266915.1,Urinary
GCA_024266935.1,Respiratory
GCA_024301465.1,Respiratory
GCA_024301445.1,Respiratory
GCA_024303385.1,Respiratory
GCA_024301405.1,Respiratory
GCA_024303365.1,Respiratory
GCA_024301245.1,Respiratory
GCA_024301225.1,Respiratory
GCA_024303345.1,Respiratory
GCA_024301185.1,Respiratory
GCA_024302365.1,Respiratory
GCA_024301205.1,Respiratory
GCA_024303245.1,Respiratory
GCA_024303225.1,Respiratory
GCA_024302345.1,Respiratory
GCA_024301145.1,Respiratory
GCA_024302045.1,Respiratory
GCA_024298145.1,Respiratory
GCA_024298365.1,Respiratory
GCA_024320675.1,Urinary
GCA_024319695.1,Urinary
GCA_024320635.1,Respiratory
GCA_024320095.1,Respiratory
GCA_024320575.1,Respiratory
GCA_024319955.1,Respiratory
GCA_024319935.1,Respiratory
GCA_024320735.1,Respiratory
GCA_024324775.1,Respiratory
GCA_024319655.1,Respiratory
GCA_024320275.1,Urinary
GCA_024320615.1,Skin_Soft_Tissue
GCA_024319595.1,Respiratory
GCA_024324735.1,Respiratory
GCA_024319135.1,Respiratory
GCA_024320255.1,Respiratory
GCA_024322555.1,Respiratory
GCA_024319675.1,Respiratory
GCA_024319635.1,Water
GCA_024319855.1,Respiratory
GCA_024319615.1,Medical_Device
GCA_024319915.1,Respiratory
GCA_024319575.1,Respiratory
GCA_024319895.1,Respiratory
GCA_024319535.1,Respiratory
GCA_024320655.1,Bloodstream
GCA_024319515.1,Respiratory
GCA_024351585.1,Respiratory
GCA_024319155.1,Skin_Soft_Tissue
GCA_024319115.1,Respiratory
GCA_024320015.1,Urinary
GCA_024319085.1,Urinary
GCA_024351565.1,Medical_Device
GCA_024319875.1,Urinary
GCA_024319835.1,Respiratory
GCA_024320595.1,Respiratory
GCA_024319475.1,Skin_Soft_Tissue
GCA_024351545.1,Urinary
GCA_024320555.1,Respiratory
GCA_024319015.1,Respiratory
GCA_024323035.1,Respiratory
GCA_024323015.1,Urinary
GCA_024350565.1,Urinary
GCA_024737695.1,Skin_Soft_Tissue
GCA_024319815.1,Gastrointestinal
GCA_024322535.1,Respiratory
GCA_024320535.1,Respiratory
GCA_024320035.1,Urinary
GCA_024319795.1,Respiratory
GCA_024322495.1,Respiratory
GCA_024319495.1,Respiratory
GCA_024322515.1,Respiratory
GCA_024322455.1,Respiratory
GCA_024323065.1,Bloodstream
GCA_024322475.1,Respiratory
GCA_024319775.1,Respiratory
GCA_024351465.1,Skin_Soft_Tissue
GCA_024318975.1,Respiratory
GCA_024320115.1,Urinary
GCA_024323315.1,Respiratory
GCA_024320055.1,Respiratory
GCA_024351405.1,Respiratory
GCA_024323455.1,Respiratory
GCA_024320215.1,Respiratory
GCA_024322415.1,Respiratory
GCA_024319975.1,Respiratory
GCA_024319035.1,Respiratory
GCA_024319415.1,Respiratory
GCA_024319275.1,Respiratory
GCA_024351425.1,Respiratory
GCA_024319555.1,Respiratory
GCA_024320495.1,Water
GCA_024320475.1,Respiratory
GCA_024351505.1,Respiratory
GCA_024319395.1,Respiratory
GCA_024319755.1,Skin_Soft_Tissue
GCA_024320355.1,Respiratory
GCA_024319295.1,Respiratory
GCA_024322995.1,Bloodstream
GCA_024324715.1,Water
GCA_024319255.1,Bloodstream
GCA_024351525.1,Bloodstream
GCA_024319215.1,Respiratory
GCA_024319735.1,Respiratory
GCA_024320695.1,Urinary
GCA_024322975.1,Urinary
GCA_024320235.1,Urinary
GCA_024319435.1,Bloodstream
GCA_024319455.1,Skin_Soft_Tissue
GCA_024320315.1,Urinary
GCA_024319055.1,Urinary
GCA_024319995.1,Bloodstream
GCA_024320415.1,Respiratory
GCA_024320135.1,Urinary
GCA_024322395.1,Urinary
GCA_024320455.1,Bloodstream
GCA_024321935.1,Medical_Device
GCA_024319235.1,Bloodstream
GCA_024351485.1,Bloodstream
GCA_024320395.1,Urinary
GCA_024319355.1,Urinary
GCA_024324675.1,Skin_Soft_Tissue
GCA_024319315.1,Respiratory
GCA_024327105.1,Urinary
GCA_024320335.1,Urinary
GCA_024320155.1,Urinary
GCA_024319175.1,Respiratory
GCA_024319375.1,Urinary
GCA_024321855.1,Respiratory
GCA_024320375.1,Urinary
GCA_024322435.1,Urinary
GCA_024322955.1,Medical_Device
GCA_024320435.1,Respiratory
GCA_024351385.1,Respiratory
GCA_024319075.1,Respiratory
GCA_024319715.1,Urinary
GCA_024319335.1,Respiratory
GCA_024320295.1,Respiratory
GCA_024321875.1,Respiratory
GCA_024352545.1,Respiratory
GCA_024351825.1,Respiratory
GCA_024371915.1,Respiratory
GCA_024371895.1,Respiratory
GCA_024371865.1,Respiratory
GCA_024352045.1,Respiratory
GCA_024352145.1,Respiratory
GCA_024371775.1,Respiratory
GCA_024352865.1,Respiratory
GCA_024352085.1,Respiratory
GCA_024356045.1,Respiratory
GCA_024352505.1,Respiratory
GCA_024353625.1,Respiratory
GCA_024351785.1,Respiratory
GCA_024351745.1,Respiratory
GCA_024371785.1,Respiratory
GCA_024371755.1,Respiratory
GCA_024371765.1,Respiratory
GCA_024351765.1,Respiratory
GCA_024371645.1,Respiratory
GCA_024371725.1,Respiratory
GCA_024352325.1,Respiratory
GCA_024371675.1,Respiratory
GCA_024352385.1,Respiratory
GCA_024371635.1,Respiratory
GCA_024371605.1,Respiratory
GCA_024371495.1,Respiratory
GCA_024371455.1,Respiratory
GCA_024371435.1,Respiratory
GCA_024352005.1,Respiratory
GCA_024371485.1,Respiratory
GCA_024350985.1,Respiratory
GCA_024351725.1,Respiratory
GCA_024371525.1,Respiratory
GCA_024350965.1,Respiratory
GCA_024371335.1,Respiratory
GCA_024350945.1,Respiratory
GCA_024371315.1,Respiratory
GCA_024371295.1,Respiratory
GCA_024350925.1,Respiratory
GCA_024351705.1,Respiratory
GCA_024350905.1,Respiratory
GCA_024371355.1,Respiratory
GCA_024371055.1,Hospital
GCA_024352025.1,Hospital
GCA_024371035.1,Hospital
GCA_024371015.1,Hospital
GCA_024350805.1,Hospital
GCA_024351665.1,Hospital
GCA_024370995.1,Hospital
GCA_024370975.1,Hospital
GCA_024370955.1,Hospital
GCA_024352065.1,Hospital
GCA_024352265.1,Hospital
GCA_024353525.1,Hospital
GCA_024353545.1,Hospital
GCA_024353245.1,Hospital
GCA_024351645.1,Hospital
GCA_024352105.1,Hospital
GCA_024370895.1,Hospital
GCA_024353325.1,Respiratory
GCA_024300845.1,Water
GCA_024369735.1,Respiratory
GCA_024353705.1,Respiratory
GCA_024369575.1,Respiratory
GCA_024369555.1,Respiratory
GCA_024353645.1,Respiratory
GCA_024353225.1,Respiratory
GCA_024353305.1,Respiratory
GCA_024355765.1,Respiratory
GCA_024369535.1,Respiratory
GCA_024364595.1,Respiratory
GCA_024364575.1,Respiratory
GCA_024369515.1,Respiratory
GCA_024369435.1,Bloodstream
GCA_024359685.1,Respiratory
GCA_024369335.1,Respiratory
GCA_024369375.1,Respiratory
GCA_024355565.1,Respiratory
GCA_024369355.1,Respiratory
GCA_024363855.1,Respiratory
GCA_024363735.1,Respiratory
GCA_024355525.1,Respiratory
GCA_024369235.1,Bloodstream
GCA_024368995.1,Respiratory
GCA_024367355.4,Respiratory
GCA_024366055.1,Respiratory
GCA_024366115.1,Respiratory
GCA_024372435.1,Respiratory
GCA_024372415.1,Respiratory
GCA_024372765.1,Respiratory
GCA_024440075.1,Respiratory
GCA_024440055.1,Respiratory
GCA_024439955.1,Respiratory
GCA_024440015.1,Respiratory
GCA_024379935.1,Respiratory
GCA_024439995.1,Respiratory
GCA_024439975.1,Respiratory
GCA_024439935.1,Respiratory
GCA_024439835.1,Bloodstream
GCA_024377755.1,Urinary
GCA_024375405.1,Urinary
GCA_024424755.1,Respiratory
GCA_024419255.4,Skin_Soft_Tissue
GCA_024418565.1,Urinary
GCA_024418465.4,Respiratory
GCA_024425195.1,Respiratory
GCA_024708035.1,Respiratory
GCA_024395995.1,Respiratory
GCA_024397355.1,Soil
GCA_024468375.4,Respiratory
GCA_024542575.1,Respiratory
GCA_024542355.1,Respiratory
GCA_024482545.1,Respiratory
GCA_024483345.1,Respiratory
GCA_024542375.1,Respiratory
GCA_024482525.1,Respiratory
GCA_024482485.1,Respiratory
GCA_024481305.1,Respiratory
GCA_024481285.1,Respiratory
GCA_024482505.1,Respiratory
GCA_024542555.1,Respiratory
GCA_024481265.1,Respiratory
GCA_024481245.1,Respiratory
GCA_024483325.1,Respiratory
GCA_024481785.1,Respiratory
GCA_024481225.1,Respiratory
GCA_024482965.1,Respiratory
GCA_024482445.1,Respiratory
GCA_024542515.1,Respiratory
GCA_024542495.1,Respiratory
GCA_024482465.1,Respiratory
GCA_024487905.1,Respiratory
GCA_024481205.1,Respiratory
GCA_024482925.1,Respiratory
GCA_024482405.1,Respiratory
GCA_024482425.1,Respiratory
GCA_024481185.1,Respiratory
GCA_024482385.1,Respiratory
GCA_024482365.1,Respiratory
GCA_024482345.1,Respiratory
GCA_024482985.1,Respiratory
GCA_024481165.1,Respiratory
GCA_024481145.1,Respiratory
GCA_024481105.1,Respiratory
GCA_024542335.1,Respiratory
GCA_024481085.1,Respiratory
GCA_024481125.1,Respiratory
GCA_024481045.1,Respiratory
GCA_024481025.1,Respiratory
GCA_024481765.1,Respiratory
GCA_024542315.1,Respiratory
GCA_024482325.1,Respiratory
GCA_024483085.1,Respiratory
GCA_024482285.1,Respiratory
GCA_024481065.1,Respiratory
GCA_024481005.1,Respiratory
GCA_024487845.1,Respiratory
GCA_024480985.1,Respiratory
GCA_024482945.1,Respiratory
GCA_024487825.1,Respiratory
GCA_024482305.1,Respiratory
GCA_024487805.1,Respiratory
GCA_024542295.1,Respiratory
GCA_024482905.1,Respiratory
GCA_024542475.1,Respiratory
GCA_024482885.1,Respiratory
GCA_024483825.1,Respiratory
GCA_024483245.1,Respiratory
GCA_024542535.1,Respiratory
GCA_024542275.1,Respiratory
GCA_024483285.1,Respiratory
GCA_024542255.1,Respiratory
GCA_024482825.1,Respiratory
GCA_024483125.1,Respiratory
GCA_024483045.1,Respiratory
GCA_024482865.1,Respiratory
GCA_024483225.1,Respiratory
GCA_024542235.1,Respiratory
GCA_024542215.1,Respiratory
GCA_024482845.1,Respiratory
GCA_024487525.1,Bloodstream
GCA_024487485.1,Bloodstream
GCA_024537975.1,Bloodstream
GCA_024541875.1,Bloodstream
GCA_024487345.1,Bloodstream
GCA_024527635.1,Respiratory
GCA_024490015.1,Respiratory
GCA_024488725.1,Respiratory
GCA_024527595.1,Respiratory
GCA_024488445.1,Respiratory
GCA_024488385.1,Respiratory
GCA_024534695.4,Gastrointestinal
GCA_024533775.4,Gastrointestinal
GCA_024534655.4,Gastrointestinal
GCA_024537855.4,Gastrointestinal
GCA_024533695.1,Gastrointestinal
GCA_024528645.4,Respiratory
GCA_024484125.4,Respiratory
GCA_024485725.4,Gastrointestinal
GCA_024505895.4,Respiratory
GCA_024487885.1,Urinary
GCA_024542795.4,Urinary
GCA_024534615.1,Gastrointestinal
GCA_024489075.4,Skin_Soft_Tissue
GCA_024530035.4,Urinary
GCA_024537655.4,Skin_Soft_Tissue
GCA_024537635.1,Gastrointestinal
GCA_024521215.1,Respiratory
GCA_024520995.1,Respiratory
GCA_024521195.1,Respiratory
GCA_024524395.1,Bloodstream
GCA_024518495.1,Respiratory
GCA_024574255.4,Urinary
GCA_024571475.4,Urinary
GCA_024574235.4,Gastrointestinal
GCA_024736685.4,Medical_Device
GCA_024571955.4,Urinary
GCA_024571935.4,Urinary
GCA_024569225.1,Respiratory
GCA_024464615.1,Water
GCA_024464635.1,Water
GCA_024464665.1,Water
GCA_024510925.1,Respiratory
GCA_024509715.1,Bloodstream
GCA_024495345.1,Water
GCA_024560925.4,Urinary
GCA_024559405.4,Respiratory
GCA_024566845.4,Gastrointestinal
GCA_024575875.4,Urinary
GCA_024542815.1,Respiratory
GCA_024584495.1,Respiratory
GCA_024587385.1,Respiratory
GCA_024587375.1,Ear_Nose_Throat
GCA_024587415.1,Respiratory
GCA_024587475.1,Ear_Nose_Throat
GCA_024587515.1,Respiratory
GCA_024587505.1,Respiratory
GCA_024587625.1,Respiratory
GCA_024587665.1,Respiratory
GCA_024587705.1,Respiratory
GCA_024587735.1,Respiratory
GCA_024587815.1,Respiratory
GCA_024587855.1,Respiratory
GCA_024587995.1,Respiratory
GCA_024588015.1,Respiratory
GCA_024588025.1,Respiratory
GCA_024588055.1,Respiratory
GCA_024588075.1,Respiratory
GCA_024588085.1,Respiratory
GCA_024588115.1,Respiratory
GCA_024588125.1,Respiratory
GCA_024588155.1,Respiratory
GCA_024588175.1,Respiratory
GCA_024588195.1,Respiratory
GCA_024615725.1,Gastrointestinal
GCA_024615665.1,Gastrointestinal
GCA_024633395.1,Gastrointestinal
GCA_024618265.1,Gastrointestinal
GCA_024656775.1,Gastrointestinal
GCA_024615745.1,Gastrointestinal
GCA_024615685.1,Gastrointestinal
GCA_024633375.1,Gastrointestinal
GCA_024656795.1,Gastrointestinal
GCA_024656755.1,Gastrointestinal
GCA_024618245.1,Gastrointestinal
GCA_024652945.3,Medical_Device
GCA_025001705.1,Respiratory
GCA_025001685.1,Respiratory
GCA_025001665.1,Respiratory
GCA_025001605.1,Respiratory
GCA_025001645.1,Respiratory
GCA_025001625.1,Respiratory
GCA_025001585.1,Respiratory
GCA_025001565.1,Respiratory
GCA_025001535.1,Respiratory
GCA_025001525.1,Respiratory
GCA_025001485.1,Respiratory
GCA_025001505.1,Respiratory
GCA_025001465.1,Respiratory
GCA_025001445.1,Respiratory
GCA_025001365.1,Respiratory
GCA_025001425.1,Respiratory
GCA_025001395.1,Respiratory
GCA_025000665.1,Respiratory
GCA_025000615.1,Respiratory
GCA_025001385.1,Respiratory
GCA_025001345.1,Respiratory
GCA_025001305.1,Respiratory
GCA_025001285.1,Respiratory
GCA_025001245.1,Respiratory
GCA_025001325.1,Respiratory
GCA_025000605.1,Respiratory
GCA_025000585.1,Respiratory
GCA_025001265.1,Respiratory
GCA_025001225.1,Respiratory
GCA_025001165.1,Respiratory
GCA_025001185.1,Respiratory
GCA_025001195.1,Respiratory
GCA_025001145.1,Respiratory
GCA_025001075.1,Respiratory
GCA_025001125.1,Respiratory
GCA_025001065.1,Respiratory
GCA_025001105.1,Respiratory
GCA_025001045.1,Respiratory
GCA_025001025.1,Respiratory
GCA_025000975.1,Respiratory
GCA_025000945.1,Respiratory
GCA_025001005.1,Respiratory
GCA_024999985.1,Respiratory
GCA_025000965.1,Respiratory
GCA_025000805.1,Respiratory
GCA_025000825.1,Respiratory
GCA_025000885.1,Respiratory
GCA_025000865.1,Respiratory
GCA_025000925.1,Respiratory
GCA_025000905.1,Respiratory
GCA_024999905.1,Respiratory
GCA_025000845.1,Respiratory
GCA_025000785.1,Respiratory
GCA_025000765.1,Respiratory
GCA_025000745.1,Respiratory
GCA_025000725.1,Respiratory
GCA_025000705.1,Respiratory
GCA_025000685.1,Respiratory
GCA_024999855.1,Respiratory
GCA_024999885.1,Respiratory
GCA_024999825.1,Respiratory
GCA_024999805.1,Respiratory
GCA_024999735.1,Respiratory
GCA_024999635.1,Respiratory
GCA_024999665.1,Respiratory
GCA_024999625.1,Respiratory
GCA_024999575.1,Respiratory
GCA_024999525.1,Respiratory
GCA_024999465.1,Respiratory
GCA_024999485.1,Respiratory
GCA_024999445.1,Respiratory
GCA_024999335.1,Respiratory
GCA_024999305.1,Respiratory
GCA_024999285.1,Respiratory
GCA_024999265.1,Respiratory
GCA_024999385.1,Respiratory
GCA_024997745.1,Respiratory
GCA_024997725.1,Respiratory
GCA_024997665.1,Respiratory
GCA_024997685.1,Respiratory
GCA_024997705.1,Respiratory
GCA_024997625.1,Respiratory
GCA_024997565.1,Respiratory
GCA_024997605.1,Respiratory
GCA_024997505.1,Respiratory
GCA_024997585.1,Respiratory
GCA_024997465.1,Respiratory
GCA_024963565.4,Urinary
GCA_024963585.4,Urinary
GCA_024963405.4,Urinary
GCA_024963165.1,Skin_Soft_Tissue
GCA_024963065.4,Respiratory
GCA_024963045.4,Urinary
GCA_024962965.1,Respiratory
GCA_024962465.1,Urinary
GCA_024962325.4,Urinary
GCA_024962125.4,Skin_Soft_Tissue
GCA_024961225.4,Urinary
GCA_024706435.1,Industrial
GCA_024714515.1,Respiratory
GCA_024714535.1,Urinary
GCA_024714555.1,Urinary
GCA_024714565.1,Respiratory
GCA_024714595.1,Respiratory
GCA_024714615.1,Respiratory
GCA_024714635.1,Respiratory
GCA_024714655.1,Skin_Soft_Tissue
GCA_024714665.1,Skin_Soft_Tissue
GCA_024714695.1,Respiratory
GCA_024714715.1,Respiratory
GCA_024714735.1,Respiratory
GCA_024714755.1,Respiratory
GCA_024714765.1,Respiratory
GCA_024714795.1,Respiratory
GCA_024714815.1,Respiratory
GCA_024714835.1,Respiratory
GCA_024714845.1,Respiratory
GCA_024714865.1,Respiratory
GCA_024714895.1,Respiratory
GCA_024714915.1,Respiratory
GCA_024714935.1,Respiratory
GCA_024714955.1,Respiratory
GCA_024714975.1,Urinary
GCA_024714985.1,Urinary
GCA_024715015.1,Respiratory
GCA_024715035.1,Urinary
GCA_024715055.1,Urinary
GCA_024715075.1,Urinary
GCA_024715095.1,Urinary
GCA_024715115.1,Urinary
GCA_024715135.1,Urinary
GCA_024715145.1,Urinary
GCA_024715195.1,Urinary
GCA_024715205.1,Bloodstream
GCA_024715215.1,Urinary
GCA_024715255.1,Bloodstream
GCA_024715275.1,Urinary
GCA_024715295.1,Skin_Soft_Tissue
GCA_024715355.1,Urinary
GCA_024715395.1,Urinary
GCA_024715415.1,Urinary
GCA_024715425.1,Urinary
GCA_024715455.1,Urinary
GCA_024715465.1,Urinary
GCA_024715495.1,Urinary
GCA_024715515.1,Urinary
GCA_024715505.1,Urinary
GCA_024715555.1,Urinary
GCA_024715565.1,Bloodstream
GCA_024715575.1,Urinary
GCA_024715615.1,Urinary
GCA_024715635.1,Urinary
GCA_024715655.1,Urinary
GCA_024715675.1,Respiratory
GCA_024715695.1,Respiratory
GCA_024715715.1,Urinary
GCA_024715735.1,Respiratory
GCA_024715725.1,Urinary
GCA_024715775.1,Urinary
GCA_024715795.1,Respiratory
GCA_024715815.1,Skin_Soft_Tissue
GCA_024715835.1,Urinary
GCA_024715845.1,Urinary
GCA_024715875.1,Urinary
GCA_024715895.1,Skin_Soft_Tissue
GCA_024715935.1,Urinary
GCA_024715915.1,Urinary
GCA_024715925.1,Urinary
GCA_024715975.1,Urinary
GCA_024715995.1,Urinary
GCA_024716015.1,Urinary
GCA_024716035.1,Urinary
GCA_024716055.1,Urinary
GCA_024716095.1,Urinary
GCA_024716115.1,Respiratory
GCA_024716135.1,Urinary
GCA_024716155.1,Respiratory
GCA_024716175.1,Respiratory
GCA_024716185.1,Respiratory
GCA_024716215.1,Respiratory
GCA_024716225.1,Respiratory
GCA_024716255.1,Bloodstream
GCA_024716275.1,Respiratory
GCA_024716295.1,Respiratory
GCA_024716305.1,Respiratory
GCA_024716355.1,Respiratory
GCA_024716375.1,Urinary
GCA_024716405.1,Respiratory
GCA_024716395.1,Urinary
GCA_024716435.1,Urinary
GCA_024716455.1,Respiratory
GCA_024716475.1,Bloodstream
GCA_024716495.1,Urinary
GCA_024716515.1,Urinary
GCA_024716525.1,Skin_Soft_Tissue
GCA_024716555.1,Respiratory
GCA_024716575.1,Bloodstream
GCA_024716595.1,Urinary
GCA_024716615.1,Urinary
GCA_024716635.1,Respiratory
GCA_024716645.1,Urinary
GCA_024716655.1,Urinary
GCA_024716705.1,Respiratory
GCA_024716685.1,Urinary
GCA_024716735.1,Respiratory
GCA_024716755.1,Respiratory
GCA_024716765.1,Urinary
GCA_024716785.1,Urinary
GCA_024716815.1,Respiratory
GCA_024716825.1,Respiratory
GCA_024716855.1,Urinary
GCA_024716875.1,Respiratory
GCA_024716895.1,Urinary
GCA_024716905.1,Respiratory
GCA_024716945.1,Respiratory
GCA_024716935.1,Respiratory
GCA_024716975.1,Respiratory
GCA_024716995.1,Respiratory
GCA_024717035.1,Respiratory
GCA_024717015.1,Respiratory
GCA_024717075.1,Respiratory
GCA_024717065.1,Urinary
GCA_024717055.1,Respiratory
GCA_024717125.1,Respiratory
GCA_024717115.1,Urinary
GCA_024717155.1,Respiratory
GCA_024717175.1,Urinary
GCA_024717195.1,Respiratory
GCA_024717215.1,Urinary
GCA_024717235.1,Urinary
GCA_024717255.1,Urinary
GCA_024717275.1,Respiratory
GCA_024717285.1,Respiratory
GCA_024717315.1,Respiratory
GCA_024717375.1,Respiratory
GCA_024717415.1,Skin_Soft_Tissue
GCA_024718565.1,Urinary
GCA_024718605.1,Skin_Soft_Tissue
GCA_024718625.1,Urinary
GCA_024718655.1,Respiratory
GCA_024718675.1,Respiratory
GCA_024718695.1,Respiratory
GCA_024718715.1,Urinary
GCA_024718735.1,Respiratory
GCA_024718755.1,Urinary
GCA_024718775.1,Urinary
GCA_024718795.1,Urinary
GCA_024718815.1,Urinary
GCA_024718855.1,Urinary
GCA_024718885.1,Respiratory
GCA_024718935.1,Skin_Soft_Tissue
GCA_024718945.1,Urinary
GCA_024718985.1,Skin_Soft_Tissue
GCA_024719005.1,Skin_Soft_Tissue
GCA_024719025.1,Skin_Soft_Tissue
GCA_024719045.1,Skin_Soft_Tissue
GCA_024719065.1,Urinary
GCA_024719085.1,Respiratory
GCA_024719115.1,Respiratory
GCA_024719165.1,Urinary
GCA_024719195.1,Respiratory
GCA_024719205.1,Respiratory
GCA_024719275.1,Respiratory
GCA_024719295.1,Urinary
GCA_024719315.1,Skin_Soft_Tissue
GCA_024719335.1,Respiratory
GCA_024719395.1,Respiratory
GCA_024719435.1,Respiratory
GCA_024719455.1,Respiratory
GCA_024719475.1,Respiratory
GCA_024719495.1,Respiratory
GCA_024719515.1,Respiratory
GCA_024719535.1,Respiratory
GCA_024719555.1,Respiratory
GCA_024719575.1,Skin_Soft_Tissue
GCA_024719585.1,Urinary
GCA_024719615.1,Urinary
GCA_024719635.1,Urinary
GCA_024719655.1,Urinary
GCA_024719675.1,Urinary
GCA_024719695.1,Respiratory
GCA_024719725.1,Urinary
GCA_024719715.1,Urinary
GCA_024719735.1,Respiratory
GCA_024719775.1,Urinary
GCA_024719795.1,Respiratory
GCA_024719815.1,Respiratory
GCA_024719835.1,Respiratory
GCA_024719845.1,Respiratory
GCA_024719875.1,Respiratory
GCA_024719895.1,Urinary
GCA_024719915.1,Respiratory
GCA_024719925.1,Respiratory
GCA_024719935.1,Urinary
GCA_024719975.1,Respiratory
GCA_024719995.1,Skin_Soft_Tissue
GCA_024720015.1,Urinary
GCA_024720035.1,Urinary
GCA_024720055.1,Respiratory
GCA_024720065.1,Urinary
GCA_024720095.1,Urinary
GCA_024720165.1,Urinary
GCA_024720195.1,Urinary
GCA_024720215.1,Respiratory
GCA_024720245.1,Skin_Soft_Tissue
GCA_024720275.1,Respiratory
GCA_024720315.1,Urinary
GCA_024720325.1,Respiratory
GCA_024720355.1,Respiratory
GCA_024720385.1,Respiratory
GCA_024720375.1,Urinary
GCA_024720415.1,Respiratory
GCA_024720435.1,Urinary
GCA_024720475.1,Respiratory
GCA_024720485.1,Respiratory
GCA_024720515.1,Respiratory
GCA_024720525.1,Respiratory
GCA_024720555.1,Respiratory
GCA_024720575.1,Respiratory
GCA_024720595.1,Urinary
GCA_024720605.1,Urinary
GCA_024720615.1,Respiratory
GCA_024720655.1,Respiratory
GCA_024720675.1,Urinary
GCA_024720695.1,Respiratory
GCA_024720725.1,Respiratory
GCA_024867285.4,Gastrointestinal
GCA_024867265.4,Gastrointestinal
GCA_024865405.4,Gastrointestinal
GCA_024865345.4,Gastrointestinal
GCA_024734795.1,Respiratory
GCA_024734815.1,Skin_Soft_Tissue
GCA_024760445.1,Water
GCA_028058275.4,Urinary
GCA_024922025.4,Respiratory
GCA_024922045.4,Skin_Soft_Tissue
GCA_024921865.4,Respiratory
GCA_024921885.4,Urinary
GCA_024921765.4,Respiratory
GCA_024921725.4,Urinary
GCA_024972855.1,Respiratory
GCA_025000305.1,Skin_Soft_Tissue
GCA_025040515.1,Gastrointestinal
GCA_025079255.1,Respiratory
GCA_025103985.1,Respiratory
GCA_025103995.1,Respiratory
GCA_025104005.1,Respiratory
GCA_025104045.1,Respiratory
GCA_025104065.1,Respiratory
GCA_025104085.1,Respiratory
GCA_025104095.1,Respiratory
GCA_025104145.1,Respiratory
GCA_025104165.1,Respiratory
GCA_025104185.1,Respiratory
GCA_025104205.1,Respiratory
GCA_025104215.1,Respiratory
GCA_025104325.1,Respiratory
GCA_025104345.1,Respiratory
GCA_025104365.1,Respiratory
GCA_025104425.1,Respiratory
GCA_025104435.1,Respiratory
GCA_025104445.1,Respiratory
GCA_025104545.1,Respiratory
GCA_025104605.1,Respiratory
GCA_025104615.1,Respiratory
GCA_025104705.1,Respiratory
GCA_025104715.1,Respiratory
GCA_025104745.1,Respiratory
GCA_025104805.1,Respiratory
GCA_025104815.1,Respiratory
GCA_025104885.1,Respiratory
GCA_025104905.1,Respiratory
GCA_025104915.1,Respiratory
GCA_025104945.1,Respiratory
GCA_025104965.1,Respiratory
GCA_025104985.1,Respiratory
GCA_025105005.1,Respiratory
GCA_025105025.1,Respiratory
GCA_025105045.1,Respiratory
GCA_025105065.1,Respiratory
GCA_025105075.1,Respiratory
GCA_025105105.1,Respiratory
GCA_025105125.1,Respiratory
GCA_025105145.1,Respiratory
GCA_025105165.1,Respiratory
GCA_025105175.1,Respiratory
GCA_025105205.1,Respiratory
GCA_025105225.1,Respiratory
GCA_025105245.1,Respiratory
GCA_025105255.1,Respiratory
GCA_025105265.1,Respiratory
GCA_025105305.1,Respiratory
GCA_025105325.1,Respiratory
GCA_025105345.1,Respiratory
GCA_025105355.1,Respiratory
GCA_025105385.1,Respiratory
GCA_025105405.1,Respiratory
GCA_025105425.1,Respiratory
GCA_025105445.1,Respiratory
GCA_025105465.1,Respiratory
GCA_025105485.1,Respiratory
GCA_025105505.1,Respiratory
GCA_025105525.1,Respiratory
GCA_025105545.1,Respiratory
GCA_025105565.1,Respiratory
GCA_025105575.1,Respiratory
GCA_025105605.1,Respiratory
GCA_025105625.1,Respiratory
GCA_025105645.1,Respiratory
GCA_025105665.1,Respiratory
GCA_025105675.1,Respiratory
GCA_025105705.1,Respiratory
GCA_025105725.1,Respiratory
GCA_025105755.1,Respiratory
GCA_025105745.1,Respiratory
GCA_025105785.1,Respiratory
GCA_025105805.1,Respiratory
GCA_025105825.1,Respiratory
GCA_025105845.1,Respiratory
GCA_025105865.1,Respiratory
GCA_025105855.1,Respiratory
GCA_025105895.1,Respiratory
GCA_025105925.1,Respiratory
GCA_025105945.1,Respiratory
GCA_025105955.1,Respiratory
GCA_025105985.1,Respiratory
GCA_025106015.1,Respiratory
GCA_025106005.1,Respiratory
GCA_025106045.1,Respiratory
GCA_025106085.1,Respiratory
GCA_025106105.1,Respiratory
GCA_025106125.1,Respiratory
GCA_025106135.1,Respiratory
GCA_025106165.1,Respiratory
GCA_025106185.1,Respiratory
GCA_025106205.1,Respiratory
GCA_025106245.1,Respiratory
GCA_025106305.1,Respiratory
GCA_025106315.1,Respiratory
GCA_025106385.1,Respiratory
GCA_025106395.1,Respiratory
GCA_025106445.1,Respiratory
GCA_025106485.1,Respiratory
GCA_025106495.1,Respiratory
GCA_025106585.1,Respiratory
GCA_025106655.1,Respiratory
GCA_025106645.1,Respiratory
GCA_025106705.1,Respiratory
GCA_025106765.1,Respiratory
GCA_025106785.1,Respiratory
GCA_025106845.1,Respiratory
GCA_025106855.1,Respiratory
GCA_025106925.1,Respiratory
GCA_025106875.1,Respiratory
GCA_025107025.1,Respiratory
GCA_025107075.1,Respiratory
GCA_025107065.1,Respiratory
GCA_025107105.1,Respiratory
GCA_025107155.1,Respiratory
GCA_025107225.1,Respiratory
GCA_025107335.1,Respiratory
GCA_025107325.1,Respiratory
GCA_025107345.1,Respiratory
GCA_025107355.1,Respiratory
GCA_025107365.1,Respiratory
GCA_025107505.1,Respiratory
GCA_025107525.1,Respiratory
GCA_025107575.1,Respiratory
GCA_025107585.2,Respiratory
GCA_025107565.1,Respiratory
GCA_025107705.1,Respiratory
GCA_025107765.1,Respiratory
GCA_025107775.1,Respiratory
GCA_025107785.1,Respiratory
GCA_025107825.1,Respiratory
GCA_025107845.1,Respiratory
GCA_025107865.1,Respiratory
GCA_025107875.1,Respiratory
GCA_025107905.1,Respiratory
GCA_025107925.1,Respiratory
GCA_025107945.1,Respiratory
GCA_025107965.1,Respiratory
GCA_025107985.1,Respiratory
GCA_025108005.1,Respiratory
GCA_025108025.1,Respiratory
GCA_025108045.1,Respiratory
GCA_025108065.1,Respiratory
GCA_025108085.1,Respiratory
GCA_025108075.2,Respiratory
GCA_025108125.1,Respiratory
GCA_025108145.1,Respiratory
GCA_025108165.2,Respiratory
GCA_025108185.2,Respiratory
GCA_025108175.1,Respiratory
GCA_025108225.2,Respiratory
GCA_025108245.1,Respiratory
GCA_025108265.1,Respiratory
GCA_025108285.1,Respiratory
GCA_025108305.1,Respiratory
GCA_025108365.1,Respiratory
GCA_025108385.1,Respiratory
GCA_025108405.1,Respiratory
GCA_025108425.1,Respiratory
GCA_025108445.1,Respiratory
GCA_025108455.1,Respiratory
GCA_025108485.1,Respiratory
GCA_025108495.1,Respiratory
GCA_025108525.1,Respiratory
GCA_025108545.1,Respiratory
GCA_025108555.1,Respiratory
GCA_025108585.1,Respiratory
GCA_025108615.1,Respiratory
GCA_025108605.1,Respiratory
GCA_025122615.1,Respiratory
GCA_025122635.1,Respiratory
GCA_025122655.1,Respiratory
GCA_025122675.1,Respiratory
GCA_025122695.1,Respiratory
GCA_025122715.1,Respiratory
GCA_025122735.1,Respiratory
GCA_025122755.1,Respiratory
GCA_025122775.1,Respiratory
GCA_025122795.1,Respiratory
GCA_025122815.1,Respiratory
GCA_025122835.1,Respiratory
GCA_025122855.1,Respiratory
GCA_025122875.1,Respiratory
GCA_025122895.1,Respiratory
GCA_025122915.1,Respiratory
GCA_025122935.1,Respiratory
GCA_025122955.1,Respiratory
GCA_025122975.1,Respiratory
GCA_025122995.1,Respiratory
GCA_025123015.1,Respiratory
GCA_025123035.1,Respiratory
GCA_025123075.1,Respiratory
GCA_025123055.1,Respiratory
GCA_025123095.1,Respiratory
GCA_025123115.1,Respiratory
GCA_025123135.1,Respiratory
GCA_025123155.1,Respiratory
GCA_025123175.1,Respiratory
GCA_025123195.1,Respiratory
GCA_025123215.1,Respiratory
GCA_025123235.1,Respiratory
GCA_025123255.1,Respiratory
GCA_025123275.1,Respiratory
GCA_025123295.1,Respiratory
GCA_025123315.1,Respiratory
GCA_025123325.1,Respiratory
GCA_025123355.1,Respiratory
GCA_025123375.1,Respiratory
GCA_025123395.1,Respiratory
GCA_025123415.1,Respiratory
GCA_025123435.1,Respiratory
GCA_025123455.1,Respiratory
GCA_025123475.1,Respiratory
GCA_025123495.1,Respiratory
GCA_025123515.1,Respiratory
GCA_025123525.1,Respiratory
GCA_025123555.1,Respiratory
GCA_025123565.1,Respiratory
GCA_025123595.1,Respiratory
GCA_025123615.1,Respiratory
GCA_025123635.1,Respiratory
GCA_025123655.1,Respiratory
GCA_025123675.1,Respiratory
GCA_025123695.1,Respiratory
GCA_025123715.1,Respiratory
GCA_025123735.1,Respiratory
GCA_025123755.1,Respiratory
GCA_025123775.1,Respiratory
GCA_025123795.1,Respiratory
GCA_025123815.1,Respiratory
GCA_025123835.1,Respiratory
GCA_025123855.1,Respiratory
GCA_025123875.1,Respiratory
GCA_025123895.1,Respiratory
GCA_025123915.1,Respiratory
GCA_025123935.1,Respiratory
GCA_025123955.1,Respiratory
GCA_025123975.1,Respiratory
GCA_025123995.1,Respiratory
GCA_025124015.1,Respiratory
GCA_025124035.1,Respiratory
GCA_025124055.1,Respiratory
GCA_025124075.1,Respiratory
GCA_025124095.1,Respiratory
GCA_025124115.1,Respiratory
GCA_025124135.1,Respiratory
GCA_025124155.1,Respiratory
GCA_025124175.1,Respiratory
GCA_025124195.1,Respiratory
GCA_025124215.1,Respiratory
GCA_025124235.1,Respiratory
GCA_025124255.1,Respiratory
GCA_025124275.1,Respiratory
GCA_025124295.1,Respiratory
GCA_025124315.1,Respiratory
GCA_025124335.1,Respiratory
GCA_025124355.1,Respiratory
GCA_025124365.1,Respiratory
GCA_025124395.1,Respiratory
GCA_025124415.1,Respiratory
GCA_025124435.1,Respiratory
GCA_025124455.1,Respiratory
GCA_025124475.1,Respiratory
GCA_025124495.1,Respiratory
GCA_025124505.1,Respiratory
GCA_025124535.1,Respiratory
GCA_025124555.1,Respiratory
GCA_025124575.1,Respiratory
GCA_025124595.1,Respiratory
GCA_025124615.1,Respiratory
GCA_025124635.1,Respiratory
GCA_025124655.1,Respiratory
GCA_025124675.1,Respiratory
GCA_025124695.1,Respiratory
GCA_025124715.1,Respiratory
GCA_025124735.1,Respiratory
GCA_025124755.1,Respiratory
GCA_025124775.1,Respiratory
GCA_025124795.1,Respiratory
GCA_025124815.1,Respiratory
GCA_025124835.1,Respiratory
GCA_025124855.1,Respiratory
GCA_025124875.1,Respiratory
GCA_025124895.1,Respiratory
GCA_025124915.1,Respiratory
GCA_025124935.1,Respiratory
GCA_025124955.1,Respiratory
GCA_025124975.1,Respiratory
GCA_025124995.1,Respiratory
GCA_025125015.1,Respiratory
GCA_025125035.1,Respiratory
GCA_025125055.1,Respiratory
GCA_025125075.1,Respiratory
GCA_025125095.1,Respiratory
GCA_025125115.1,Respiratory
GCA_025125135.1,Respiratory
GCA_025125155.1,Respiratory
GCA_025125175.1,Respiratory
GCA_025125195.1,Respiratory
GCA_025125215.1,Respiratory
GCA_025125235.1,Respiratory
GCA_025125255.1,Respiratory
GCA_025125275.1,Respiratory
GCA_025125295.1,Respiratory
GCA_025125315.1,Respiratory
GCA_025125335.1,Respiratory
GCA_025125355.1,Respiratory
GCA_025125375.1,Respiratory
GCA_025125395.1,Respiratory
GCA_025125415.1,Respiratory
GCA_025125435.1,Respiratory
GCA_025125455.1,Respiratory
GCA_025125475.1,Respiratory
GCA_025125495.1,Respiratory
GCA_025125515.1,Respiratory
GCA_025125535.1,Respiratory
GCA_025125555.1,Respiratory
GCA_025125575.1,Respiratory
GCA_025125595.1,Respiratory
GCA_025125615.1,Respiratory
GCA_025125635.1,Respiratory
GCA_025125655.1,Respiratory
GCA_025125695.1,Respiratory
GCA_025125675.1,Respiratory
GCA_025125715.1,Respiratory
GCA_025125735.1,Respiratory
GCA_025125755.1,Respiratory
GCA_025125775.1,Respiratory
GCA_025125795.1,Respiratory
GCA_025125815.1,Respiratory
GCA_025125835.1,Respiratory
GCA_025125855.1,Respiratory
GCA_025125875.1,Respiratory
GCA_025125895.1,Respiratory
GCA_025125915.1,Respiratory
GCA_025125935.1,Respiratory
GCA_025125955.1,Respiratory
GCA_025125975.1,Respiratory
GCA_025125995.1,Respiratory
GCA_025126015.1,Respiratory
GCA_025126035.1,Respiratory
GCA_025126055.1,Respiratory
GCA_025126075.1,Respiratory
GCA_025126095.1,Respiratory
GCA_025126115.1,Respiratory
GCA_025126135.1,Respiratory
GCA_025126155.1,Respiratory
GCA_025126175.1,Respiratory
GCA_025126195.1,Respiratory
GCA_025126215.1,Respiratory
GCA_025126235.1,Respiratory
GCA_025126255.1,Respiratory
GCA_025126275.1,Respiratory
GCA_025126285.1,Respiratory
GCA_025126315.1,Respiratory
GCA_025126335.1,Respiratory
GCA_025126355.1,Respiratory
GCA_025126375.1,Respiratory
GCA_025126395.1,Respiratory
GCA_025126415.1,Respiratory
GCA_025126435.1,Respiratory
GCA_025126455.1,Respiratory
GCA_025126475.1,Respiratory
GCA_025126495.1,Respiratory
GCA_025126515.1,Respiratory
GCA_025126535.1,Respiratory
GCA_025126555.1,Respiratory
GCA_025126575.1,Respiratory
GCA_025126595.1,Respiratory
GCA_025126615.1,Respiratory
GCA_025126635.2,Respiratory
GCA_025126655.2,Respiratory
GCA_025126675.1,Respiratory
GCA_025126695.1,Respiratory
GCA_025126715.1,Respiratory
GCA_025126735.1,Respiratory
GCA_025126755.1,Respiratory
GCA_025126775.1,Respiratory
GCA_025126795.1,Respiratory
GCA_025126815.1,Respiratory
GCA_025126835.1,Respiratory
GCA_025126855.1,Respiratory
GCA_025126875.1,Respiratory
GCA_025126895.1,Respiratory
GCA_025126915.1,Respiratory
GCA_025126935.1,Respiratory
GCA_025126955.1,Respiratory
GCA_025126975.1,Respiratory
GCA_025126995.1,Respiratory
GCA_025127015.1,Respiratory
GCA_025127035.1,Respiratory
GCA_025127305.1,Respiratory
GCA_025127335.1,Respiratory
GCA_025127355.1,Respiratory
GCA_025127375.1,Respiratory
GCA_025127395.1,Respiratory
GCA_025127415.1,Respiratory
GCA_025127435.1,Respiratory
GCA_025127455.1,Respiratory
GCA_025127475.1,Respiratory
GCA_025127495.1,Respiratory
GCA_025127515.1,Respiratory
GCA_025127535.1,Respiratory
GCA_025127555.1,Respiratory
GCA_025127575.1,Respiratory
GCA_025127595.1,Respiratory
GCA_025127615.1,Respiratory
GCA_025127635.1,Respiratory
GCA_025127655.1,Respiratory
GCA_025127675.1,Respiratory
GCA_025127715.1,Respiratory
GCA_025127745.1,Respiratory
GCA_025129375.1,Respiratory
GCA_025129395.1,Respiratory
GCA_025129415.1,Respiratory
GCA_025129435.1,Respiratory
GCA_025129455.1,Respiratory
GCA_025129475.1,Respiratory
GCA_025129485.1,Respiratory
GCA_025129515.1,Respiratory
GCA_025129535.1,Respiratory
GCA_025129545.1,Respiratory
GCA_025129575.1,Respiratory
GCA_025129595.1,Respiratory
GCA_025129615.1,Respiratory
GCA_025129635.1,Respiratory
GCA_025129655.1,Respiratory
GCA_025129675.1,Respiratory
GCA_025129695.1,Respiratory
GCA_025129715.1,Respiratory
GCA_025129735.1,Respiratory
GCA_025129755.1,Respiratory
GCA_025129775.1,Respiratory
GCA_025129795.1,Respiratory
GCA_025129815.1,Respiratory
GCA_025129835.1,Respiratory
GCA_025129845.1,Respiratory
GCA_025129875.1,Respiratory
GCA_025129895.1,Respiratory
GCA_025129915.1,Respiratory
GCA_025129935.1,Respiratory
GCA_025129955.1,Respiratory
GCA_025129975.1,Respiratory
GCA_025129995.1,Respiratory
GCA_025130015.1,Respiratory
GCA_025130035.1,Respiratory
GCA_025130055.1,Respiratory
GCA_025130075.1,Respiratory
GCA_025130095.1,Respiratory
GCA_025130115.1,Respiratory
GCA_025130135.1,Respiratory
GCA_025130155.1,Respiratory
GCA_025130175.1,Respiratory
GCA_025130195.1,Respiratory
GCA_025130215.1,Respiratory
GCA_025130235.1,Respiratory
GCA_025130255.1,Respiratory
GCA_025130275.1,Respiratory
GCA_025130295.1,Respiratory
GCA_025130315.1,Respiratory
GCA_025130335.1,Respiratory
GCA_025130355.1,Respiratory
GCA_025130375.1,Respiratory
GCA_025130395.1,Respiratory
GCA_025130415.1,Respiratory
GCA_025130455.1,Respiratory
GCA_025130475.1,Respiratory
GCA_025130495.1,Respiratory
GCA_025130515.1,Respiratory
GCA_025130535.1,Respiratory
GCA_025130555.1,Respiratory
GCA_025130575.1,Respiratory
GCA_025130595.1,Respiratory
GCA_025130615.1,Respiratory
GCA_025130635.1,Respiratory
GCA_025130655.1,Respiratory
GCA_025130675.1,Respiratory
GCA_025130695.1,Respiratory
GCA_025130715.1,Respiratory
GCA_025130735.1,Respiratory
GCA_025130755.1,Respiratory
GCA_025130775.1,Respiratory
GCA_025130795.1,Respiratory
GCA_025131235.1,Respiratory
GCA_025131255.1,Respiratory
GCA_025131275.1,Respiratory
GCA_025131295.1,Respiratory
GCA_025131315.1,Respiratory
GCA_025131335.1,Respiratory
GCA_025131355.1,Respiratory
GCA_025131375.1,Respiratory
GCA_025131395.1,Respiratory
GCA_025131415.1,Respiratory
GCA_025131435.1,Respiratory
GCA_025131455.1,Respiratory
GCA_025131465.1,Respiratory
GCA_025131495.1,Respiratory
GCA_025131515.1,Respiratory
GCA_025131535.1,Respiratory
GCA_025131555.1,Respiratory
GCA_025131575.1,Respiratory
GCA_025131595.1,Respiratory
GCA_025131615.1,Respiratory
GCA_025131635.1,Respiratory
GCA_025131655.1,Respiratory
GCA_025131675.1,Respiratory
GCA_025131695.1,Respiratory
GCA_025131715.1,Respiratory
GCA_025131745.1,Respiratory
GCA_025131735.1,Respiratory
GCA_025131775.1,Respiratory
GCA_025131795.1,Respiratory
GCA_025131815.1,Respiratory
GCA_025131835.1,Respiratory
GCA_025131855.1,Respiratory
GCA_025131875.1,Respiratory
GCA_025131895.1,Respiratory
GCA_025131915.1,Respiratory
GCA_025131935.1,Respiratory
GCA_025131955.1,Respiratory
GCA_025131975.1,Respiratory
GCA_025131995.1,Respiratory
GCA_025132015.1,Respiratory
GCA_025132035.1,Respiratory
GCA_025132055.1,Respiratory
GCA_025132075.1,Respiratory
GCA_025132095.1,Respiratory
GCA_025132115.1,Respiratory
GCA_025132135.1,Respiratory
GCA_025132155.1,Respiratory
GCA_025132175.1,Respiratory
GCA_025132195.1,Respiratory
GCA_025132215.1,Respiratory
GCA_025132235.1,Respiratory
GCA_025132255.1,Respiratory
GCA_025132275.1,Respiratory
GCA_025132295.1,Respiratory
GCA_025132315.1,Respiratory
GCA_025132335.1,Respiratory
GCA_025132355.1,Respiratory
GCA_025132365.1,Respiratory
GCA_025132385.1,Respiratory
GCA_025132415.1,Respiratory
GCA_025132435.1,Respiratory
GCA_025132455.1,Respiratory
GCA_025132475.1,Respiratory
GCA_025132495.1,Respiratory
GCA_025132515.1,Respiratory
GCA_025132535.1,Respiratory
GCA_025132555.1,Respiratory
GCA_025132575.1,Respiratory
GCA_025132595.1,Respiratory
GCA_025132615.1,Respiratory
GCA_025132635.1,Respiratory
GCA_025132655.1,Respiratory
GCA_025132675.1,Respiratory
GCA_025132695.1,Respiratory
GCA_025132725.1,Respiratory
GCA_025152895.1,Respiratory
GCA_025152995.1,Respiratory
GCA_025153375.1,Respiratory
GCA_025153405.1,Skin_Soft_Tissue
GCA_025224815.1,Respiratory
GCA_025224795.4,Respiratory
GCA_025224135.1,Bloodstream
GCA_025223375.4,Respiratory
GCA_028058155.4,Urinary
GCA_025200845.1,Hospital
GCA_025311715.4,Gastrointestinal
GCA_025243645.1,Gastrointestinal
GCA_025244585.1,Gastrointestinal
GCA_025247315.4,Gastrointestinal
GCA_025240505.4,Gastrointestinal
GCA_025243605.4,Gastrointestinal
GCA_025243565.4,Gastrointestinal
GCA_025244025.4,Skin_Soft_Tissue
GCA_025244365.4,Urinary
GCA_025244065.4,Gastrointestinal
GCA_025244005.4,Gastrointestinal
GCA_025311035.4,Gastrointestinal
GCA_025244285.4,Gastrointestinal
GCA_025244325.4,Gastrointestinal
GCA_025243545.1,Gastrointestinal
GCA_025243925.1,Skin_Soft_Tissue
GCA_025234945.1,Ear_Nose_Throat
GCA_025234955.1,Ear_Nose_Throat
GCA_025234985.1,Ear_Nose_Throat
GCA_025234995.1,Ear_Nose_Throat
GCA_025235015.1,Ear_Nose_Throat
GCA_025235045.1,Ear_Nose_Throat
GCA_025235065.1,Ear_Nose_Throat
GCA_025235085.1,Ear_Nose_Throat
GCA_025235105.1,Ear_Nose_Throat
GCA_025235125.1,Ear_Nose_Throat
GCA_025235145.1,Ear_Nose_Throat
GCA_025235155.1,Ear_Nose_Throat
GCA_025235175.1,Ear_Nose_Throat
GCA_025235205.1,Ear_Nose_Throat
GCA_025235225.1,Ear_Nose_Throat
GCA_025235245.1,Ear_Nose_Throat
GCA_025235265.1,Ear_Nose_Throat
GCA_025235285.1,Ear_Nose_Throat
GCA_025235305.1,Ear_Nose_Throat
GCA_025235325.1,Ear_Nose_Throat
GCA_025235345.1,Ear_Nose_Throat
GCA_025235365.1,Ear_Nose_Throat
GCA_025235385.1,Ear_Nose_Throat
GCA_025235395.1,Ear_Nose_Throat
GCA_025235425.1,Ear_Nose_Throat
GCA_025235445.1,Ear_Nose_Throat
GCA_025235465.1,Ear_Nose_Throat
GCA_025235485.1,Ear_Nose_Throat
GCA_025235505.1,Ear_Nose_Throat
GCA_025235515.1,Ear_Nose_Throat
GCA_025235545.1,Ear_Nose_Throat
GCA_025235565.1,Ear_Nose_Throat
GCA_025235585.1,Ear_Nose_Throat
GCA_025235605.1,Ear_Nose_Throat
GCA_025235625.1,Ear_Nose_Throat
GCA_025235645.1,Ear_Nose_Throat
GCA_025235665.1,Ear_Nose_Throat
GCA_025235685.1,Ear_Nose_Throat
GCA_025235705.1,Ear_Nose_Throat
GCA_025235715.1,Ear_Nose_Throat
GCA_025235745.1,Ear_Nose_Throat
GCA_025235765.1,Ear_Nose_Throat
GCA_025235785.1,Ear_Nose_Throat
GCA_025235805.1,Ear_Nose_Throat
GCA_025235825.1,Ear_Nose_Throat
GCA_025235845.1,Ear_Nose_Throat
GCA_025235865.1,Ear_Nose_Throat
GCA_025235875.1,Ear_Nose_Throat
GCA_025235905.1,Ear_Nose_Throat
GCA_025235925.1,Ear_Nose_Throat
GCA_025235945.1,Ear_Nose_Throat
GCA_025235965.1,Ear_Nose_Throat
GCA_025235985.1,Ear_Nose_Throat
GCA_025236005.1,Ear_Nose_Throat
GCA_025236025.1,Ear_Nose_Throat
GCA_025236045.1,Ear_Nose_Throat
GCA_025236065.1,Ear_Nose_Throat
GCA_025236085.1,Ear_Nose_Throat
GCA_025236095.1,Ear_Nose_Throat
GCA_025236125.1,Ear_Nose_Throat
GCA_025236145.1,Ear_Nose_Throat
GCA_025236165.1,Ear_Nose_Throat
GCA_025236185.1,Ear_Nose_Throat
GCA_025236205.1,Ear_Nose_Throat
GCA_025236225.1,Ear_Nose_Throat
GCA_025236245.1,Ear_Nose_Throat
GCA_025236265.1,Ear_Nose_Throat
GCA_025236285.1,Ear_Nose_Throat
GCA_025236295.1,Ear_Nose_Throat
GCA_025236325.1,Ear_Nose_Throat
GCA_025236365.1,Ear_Nose_Throat
GCA_025236355.1,Ear_Nose_Throat
GCA_025236415.1,Ear_Nose_Throat
GCA_025236405.1,Ear_Nose_Throat
GCA_025236445.1,Ear_Nose_Throat
GCA_025236465.1,Ear_Nose_Throat
GCA_025236485.1,Ear_Nose_Throat
GCA_025236505.1,Ear_Nose_Throat
GCA_025236515.1,Ear_Nose_Throat
GCA_025236545.1,Ear_Nose_Throat
GCA_025236565.1,Ear_Nose_Throat
GCA_025236595.1,Ear_Nose_Throat
GCA_025236585.1,Ear_Nose_Throat
GCA_025236625.1,Ear_Nose_Throat
GCA_025236645.1,Ear_Nose_Throat
GCA_025236665.1,Ear_Nose_Throat
GCA_025236685.1,Ear_Nose_Throat
GCA_025236705.1,Ear_Nose_Throat
GCA_025236725.1,Ear_Nose_Throat
GCA_025236745.1,Ear_Nose_Throat
GCA_025236765.1,Ear_Nose_Throat
GCA_025236785.1,Ear_Nose_Throat
GCA_025236805.1,Ear_Nose_Throat
GCA_025236815.1,Ear_Nose_Throat
GCA_025236845.1,Ear_Nose_Throat
GCA_025236865.1,Ear_Nose_Throat
GCA_025236885.1,Ear_Nose_Throat
GCA_025236905.1,Ear_Nose_Throat
GCA_025236925.1,Ear_Nose_Throat
GCA_025236945.1,Ear_Nose_Throat
GCA_025236975.1,Ear_Nose_Throat
GCA_025237005.1,Ear_Nose_Throat
GCA_025237025.1,Ear_Nose_Throat
GCA_025237045.1,Ear_Nose_Throat
GCA_025237065.1,Ear_Nose_Throat
GCA_025237075.1,Ear_Nose_Throat
GCA_025237105.1,Ear_Nose_Throat
GCA_025237125.1,Ear_Nose_Throat
GCA_025237145.1,Ear_Nose_Throat
GCA_025237155.1,Ear_Nose_Throat
GCA_025237185.1,Ear_Nose_Throat
GCA_025237205.1,Ear_Nose_Throat
GCA_025237225.1,Ear_Nose_Throat
GCA_025237245.1,Ear_Nose_Throat
GCA_025237265.1,Ear_Nose_Throat
GCA_025237285.1,Ear_Nose_Throat
GCA_025237295.1,Ear_Nose_Throat
GCA_025237325.1,Ear_Nose_Throat
GCA_025237345.1,Ear_Nose_Throat
GCA_025237365.1,Ear_Nose_Throat
GCA_025237385.1,Ear_Nose_Throat
GCA_025237405.1,Ear_Nose_Throat
GCA_025237425.1,Ear_Nose_Throat
GCA_025237445.1,Ear_Nose_Throat
GCA_025237465.1,Ear_Nose_Throat
GCA_025237485.1,Ear_Nose_Throat
GCA_025237505.1,Ear_Nose_Throat
GCA_025237525.1,Ear_Nose_Throat
GCA_025237545.1,Ear_Nose_Throat
GCA_025237565.1,Ear_Nose_Throat
GCA_025237585.1,Ear_Nose_Throat
GCA_025237605.1,Ear_Nose_Throat
GCA_025237625.1,Ear_Nose_Throat
GCA_025237645.1,Ear_Nose_Throat
GCA_025237665.1,Ear_Nose_Throat
GCA_025237685.1,Ear_Nose_Throat
GCA_025237705.1,Ear_Nose_Throat
GCA_025237735.1,Ear_Nose_Throat
GCA_025237725.1,Ear_Nose_Throat
GCA_025237765.1,Ear_Nose_Throat
GCA_025237785.1,Ear_Nose_Throat
GCA_025237805.1,Ear_Nose_Throat
GCA_025237825.1,Ear_Nose_Throat
GCA_025237845.1,Ear_Nose_Throat
GCA_025237865.1,Ear_Nose_Throat
GCA_025237875.1,Ear_Nose_Throat
GCA_025237885.1,Ear_Nose_Throat
GCA_025237945.1,Ear_Nose_Throat
GCA_025237965.1,Ear_Nose_Throat
GCA_025237975.1,Ear_Nose_Throat
GCA_025237985.1,Ear_Nose_Throat
GCA_025238025.1,Ear_Nose_Throat
GCA_025238045.1,Ear_Nose_Throat
GCA_025238065.1,Ear_Nose_Throat
GCA_025238085.1,Ear_Nose_Throat
GCA_025238105.1,Ear_Nose_Throat
GCA_025238125.1,Ear_Nose_Throat
GCA_025238115.1,Ear_Nose_Throat
GCA_025238165.1,Ear_Nose_Throat
GCA_025238185.1,Ear_Nose_Throat
GCA_025238205.1,Ear_Nose_Throat
GCA_025238225.1,Ear_Nose_Throat
GCA_025238245.1,Ear_Nose_Throat
GCA_025238285.1,Ear_Nose_Throat
GCA_025238305.1,Ear_Nose_Throat
GCA_025238325.1,Ear_Nose_Throat
GCA_025238345.1,Ear_Nose_Throat
GCA_025238365.1,Ear_Nose_Throat
GCA_025238375.1,Ear_Nose_Throat
GCA_025238405.1,Ear_Nose_Throat
GCA_025238445.1,Ear_Nose_Throat
GCA_025238455.1,Ear_Nose_Throat
GCA_025238485.1,Ear_Nose_Throat
GCA_025238495.1,Ear_Nose_Throat
GCA_025238525.1,Ear_Nose_Throat
GCA_025238545.1,Ear_Nose_Throat
GCA_025238565.1,Ear_Nose_Throat
GCA_025238555.1,Ear_Nose_Throat
GCA_025238605.1,Ear_Nose_Throat
GCA_025238625.1,Ear_Nose_Throat
GCA_025238645.1,Ear_Nose_Throat
GCA_025238665.1,Ear_Nose_Throat
GCA_025238685.1,Ear_Nose_Throat
GCA_025238705.1,Ear_Nose_Throat
GCA_025238725.1,Ear_Nose_Throat
GCA_025238745.1,Ear_Nose_Throat
GCA_025238765.1,Ear_Nose_Throat
GCA_025238785.1,Ear_Nose_Throat
GCA_025238795.1,Ear_Nose_Throat
GCA_025238825.1,Ear_Nose_Throat
GCA_025244965.1,Water
GCA_025336425.1,Ocular
GCA_025370235.1,Bird
GCA_025408345.4,Gastrointestinal
GCA_025408365.4,Gastrointestinal
GCA_025408385.4,Gastrointestinal
GCA_025410565.4,Gastrointestinal
GCA_025444195.4,Urinary
GCA_025452135.1,Water
GCA_025456545.1,Water
GCA_025456555.1,Water
GCA_025456605.1,Water
GCA_025456615.1,Water
GCA_025456625.1,Water
GCA_025456665.1,Water
GCA_025456685.1,Water
GCA_025456705.1,Water
GCA_025456695.1,Water
GCA_025456715.1,Water
GCA_025459385.1,Water
GCA_025459465.1,Water
GCA_025459495.1,Water
GCA_025459485.1,Water
GCA_025494525.4,Respiratory
GCA_025496205.4,Urinary
GCA_028057675.4,Respiratory
GCA_025515535.1,Ocular
GCA_025515545.1,Ocular
GCA_025515575.1,Ocular
GCA_025515605.1,Ocular
GCA_025515595.1,Ocular
GCA_025515675.1,Ocular
GCA_025579705.4,Gastrointestinal
GCA_025579465.4,Urinary
GCA_025603195.1,Respiratory
GCA_025603685.1,Respiratory
GCA_025603705.1,Respiratory
GCA_025603585.1,Respiratory
GCA_025603605.1,Respiratory
GCA_025606035.1,Respiratory
GCA_025603235.1,Respiratory
GCA_025603965.1,Respiratory
GCA_025603565.1,Respiratory
GCA_025603665.1,Bloodstream
GCA_025603505.1,Respiratory
GCA_025603525.1,Respiratory
GCA_025671105.1,Bone_Joint
GCA_025670165.4,Respiratory
GCA_025670185.1,Urinary
GCA_032995945.3,Urinary
GCA_032864995.3,Urinary
GCA_032995905.3,Respiratory
GCA_033286355.3,Skin_Soft_Tissue
GCA_025657935.1,Respiratory
GCA_025658075.1,Ear_Nose_Throat
GCA_025658085.1,Gastrointestinal
GCA_025658335.1,Respiratory
GCA_025661715.1,Respiratory
GCA_025661735.1,Respiratory
GCA_025661775.1,Respiratory
GCA_025661795.1,Respiratory
GCA_025661815.1,Respiratory
GCA_025661825.1,Respiratory
GCA_025661895.1,Respiratory
GCA_025661915.1,Respiratory
GCA_025661925.1,Respiratory
GCA_025661955.1,Respiratory
GCA_025661965.1,Respiratory
GCA_025661995.1,Respiratory
GCA_025662015.1,Respiratory
GCA_025662025.1,Respiratory
GCA_025662095.1,Respiratory
GCA_025662115.1,Respiratory
GCA_025662205.1,Respiratory
GCA_025662275.1,Respiratory
GCA_025676885.1,Urinary
GCA_025676865.4,Gastrointestinal
GCA_028057475.1,Urinary
GCA_025712465.4,Urinary
GCA_025716885.1,Bloodstream
GCA_025716915.1,Bloodstream
GCA_025716925.1,Bloodstream
GCA_025723085.1,Bloodstream
GCA_025736955.1,Ear_Nose_Throat
GCA_025736975.1,Ear_Nose_Throat
GCA_025764935.4,Respiratory
GCA_025776015.4,Gastrointestinal
GCA_025775975.4,Gastrointestinal
GCA_025779695.1,Gastrointestinal
GCA_025779835.4,Urinary
GCA_025778995.4,Gastrointestinal
GCA_025778415.4,Respiratory
GCA_025779595.1,Urinary
GCA_025778435.1,Skin_Soft_Tissue
GCA_025779075.1,Gastrointestinal
GCA_025780215.1,Respiratory
GCA_025780235.1,Respiratory
GCA_025780275.1,Respiratory
GCA_025780265.1,Respiratory
GCA_025780255.1,Respiratory
GCA_025780315.1,Respiratory
GCA_025780335.1,Respiratory
GCA_025780345.1,Respiratory
GCA_025780375.1,Respiratory
GCA_025780385.1,Respiratory
GCA_025780415.1,Respiratory
GCA_025780435.1,Respiratory
GCA_025780455.1,Respiratory
GCA_025780475.1,Respiratory
GCA_025780495.1,Respiratory
GCA_025780515.1,Respiratory
GCA_025780545.1,Respiratory
GCA_025780535.1,Respiratory
GCA_025780585.1,Respiratory
GCA_025780565.1,Respiratory
GCA_025780615.1,Respiratory
GCA_025780635.1,Respiratory
GCA_025780655.1,Respiratory
GCA_025780675.1,Respiratory
GCA_025780705.1,Respiratory
GCA_025780695.1,Respiratory
GCA_025780735.1,Respiratory
GCA_025780755.1,Respiratory
GCA_025780775.1,Respiratory
GCA_025780795.1,Respiratory
GCA_025780805.1,Respiratory
GCA_025780835.1,Respiratory
GCA_025780855.1,Respiratory
GCA_025780875.1,Respiratory
GCA_025780895.1,Respiratory
GCA_025780905.1,Respiratory
GCA_025780935.1,Respiratory
GCA_025780955.1,Respiratory
GCA_025790885.1,Urinary
GCA_025791095.1,Reproductive
GCA_025791105.1,Respiratory
GCA_025791115.1,Reproductive
GCA_025791125.1,Skin_Soft_Tissue
GCA_025791145.1,Reproductive
GCA_025791195.1,Respiratory
GCA_025791215.1,Reproductive
GCA_025791225.1,Reproductive
GCA_025791255.1,Reproductive
GCA_025791315.1,Reproductive
GCA_025791345.1,Hospital
GCA_025791355.1,Skin_Soft_Tissue
GCA_025791415.1,Respiratory
GCA_025791435.1,Reproductive
GCA_025791455.1,Reproductive
GCA_025791465.1,Reproductive
GCA_025791515.1,Respiratory
GCA_025791555.1,Reproductive
GCA_025791575.1,Skin_Soft_Tissue
GCA_025791595.1,Respiratory
GCA_025791615.1,Reproductive
GCA_025791645.1,Ocular
GCA_025791635.1,Reproductive
GCA_025791675.1,Ocular
GCA_025791735.1,Reproductive
GCA_025791755.1,Hospital
GCA_025792175.1,Hospital
GCA_025792185.1,Respiratory
GCA_025792215.1,Reproductive
GCA_025792225.1,Hospital
GCA_025792235.1,Skin_Soft_Tissue
GCA_025792275.1,Reproductive
GCA_025792295.1,Hospital
GCA_025798585.1,Urinary
GCA_025798605.1,Urinary
GCA_025798625.1,Urinary
GCA_025798645.1,Respiratory
GCA_025798655.1,Gastrointestinal
GCA_025798685.1,Gastrointestinal
GCA_025798705.1,Respiratory
GCA_025798725.1,Respiratory
GCA_025798735.1,Respiratory
GCA_025798765.1,Respiratory
GCA_025798785.1,Ear_Nose_Throat
GCA_025798805.1,Urinary
GCA_025798825.1,Urinary
GCA_025798845.1,Urinary
GCA_025798865.1,Gastrointestinal
GCA_025798905.1,Respiratory
GCA_025798945.1,Gastrointestinal
GCA_025798965.1,Urinary
GCA_025798985.1,Gastrointestinal
GCA_025799005.1,Urinary
GCA_025799025.1,Urinary
GCA_025799045.1,Respiratory
GCA_025799065.1,Medical_Device
GCA_025799085.1,Respiratory
GCA_025799105.1,Urinary
GCA_025799125.1,Respiratory
GCA_025799145.1,Urinary
GCA_025799165.1,Respiratory
GCA_025799185.1,Bloodstream
GCA_025799205.1,Urinary
GCA_025799215.1,Bloodstream
GCA_025799255.1,Skin_Soft_Tissue
GCA_025799245.1,Bloodstream
GCA_025799275.1,Bloodstream
GCA_025799305.1,Skin_Soft_Tissue
GCA_025799325.1,Urinary
GCA_025799345.1,Water
GCA_025799375.1,Water
GCA_025799405.1,Water
GCA_025799415.1,Water
GCA_025799445.1,Water
GCA_025799465.1,Water
GCA_025799485.1,Water
GCA_025799495.1,Water
GCA_025799505.1,Water
GCA_025799545.1,Water
GCA_025799565.1,Water
GCA_025799595.1,Water
GCA_025799585.1,Water
GCA_025799645.1,Water
GCA_025799665.1,Water
GCA_025799675.1,Water
GCA_025799685.1,Water
GCA_025799725.1,Water
GCA_025799745.1,Water
GCA_025799765.1,Water
GCA_025799775.1,Water
GCA_025799805.1,Water
GCA_025799825.1,Water
GCA_025799855.1,Water
GCA_025799845.1,Water
GCA_025799885.1,Water
GCA_025799905.1,Water
GCA_025799925.1,Water
GCA_025799945.1,Water
GCA_025799965.1,Water
GCA_025799985.1,Water
GCA_025800005.1,Water
GCA_025800025.1,Water
GCA_025800015.1,Water
GCA_025800065.1,Water
GCA_025800085.1,Water
GCA_025800165.1,Water
GCA_025868555.3,Urinary
GCA_025885855.1,Respiratory
GCA_025887045.1,Respiratory
GCA_025886975.1,Urinary
GCA_025887085.4,Urinary
GCA_025933235.4,Bloodstream
GCA_025910095.1,Bloodstream
GCA_025910125.1,Water
GCA_025978985.1,Urinary
GCA_025974805.4,Respiratory
GCA_026071255.4,Respiratory
GCA_026071275.4,Respiratory
GCA_026071295.4,Respiratory
GCA_026071235.4,Respiratory
GCA_026071175.4,Urinary
GCA_026071195.4,Respiratory
GCA_026071155.1,Urinary
GCA_026069135.4,Skin_Soft_Tissue
GCA_026046215.4,Gastrointestinal
GCA_026046155.4,Gastrointestinal
GCA_026046135.4,Gastrointestinal
GCA_026045715.4,Urinary
GCA_026058855.4,Urinary
GCA_026059815.4,Respiratory
GCA_026059795.1,Respiratory
GCA_026059755.4,Urinary
GCA_026059775.4,Urinary
GCA_026062015.4,Respiratory
GCA_026059735.1,Urinary
GCA_026059695.1,Respiratory
GCA_026059675.4,Respiratory
GCA_026077785.1,Respiratory
GCA_026075755.1,Respiratory
GCA_026081065.1,Respiratory
GCA_026014145.1,Skin_Soft_Tissue
GCA_026014185.1,Skin_Soft_Tissue
GCA_026014195.1,Urinary
GCA_026014215.1,Urinary
GCA_026014245.1,Skin_Soft_Tissue
GCA_026014265.1,Respiratory
GCA_026014275.1,Respiratory
GCA_026014295.1,Respiratory
GCA_026014325.1,Urinary
GCA_026014345.1,Urinary
GCA_026014365.1,Respiratory
GCA_026014385.1,Bloodstream
GCA_026014395.1,Respiratory
GCA_026014405.1,Urinary
GCA_026014445.1,Skin_Soft_Tissue
GCA_026113925.1,Water
GCA_026113975.1,Water
GCA_026178425.4,Gastrointestinal
GCA_026179535.4,Urinary
GCA_026178895.1,Urinary
GCA_026182685.4,Gastrointestinal
GCA_026182765.4,Skin_Soft_Tissue
GCA_026183715.1,Bloodstream
GCA_026221655.4,Urinary
GCA_026221175.4,Urinary
GCA_026221675.4,Urinary
GCA_026221295.4,Respiratory
GCA_026222315.4,Urinary
GCA_026221215.4,Urinary
GCA_026220735.4,Respiratory
GCA_026222335.1,Respiratory
GCA_026222295.4,Urinary
GCA_026222255.3,Urinary
GCA_026222275.1,Urinary
GCA_026222215.4,Urinary
GCA_026221335.4,Urinary
GCA_026221255.4,Skin_Soft_Tissue
GCA_026221715.1,Urinary
GCA_026221095.4,Urinary
GCA_026222235.4,Urinary
GCA_028057155.4,Urinary
GCA_026251495.1,Respiratory
GCA_026251435.1,Respiratory
GCA_026249125.1,Urinary
GCA_026249145.4,Respiratory
GCA_026239835.1,Skin_Soft_Tissue
GCA_026239875.1,Bloodstream
GCA_026239955.1,Respiratory
GCA_026361775.1,Respiratory
GCA_026304295.1,Respiratory
GCA_026361475.1,Respiratory
GCA_026361395.1,Respiratory
GCA_026360935.1,Respiratory
GCA_026353135.1,Skin_Soft_Tissue
GCA_026304015.1,Urinary
GCA_026351875.1,Urinary
GCA_026351755.1,Respiratory
GCA_026359395.1,Respiratory
GCA_026359335.1,Respiratory
GCA_026359295.1,Respiratory
GCA_026359355.1,Respiratory
GCA_026359275.1,Respiratory
GCA_026359235.1,Skin_Soft_Tissue
GCA_026359215.1,Respiratory
GCA_026359175.1,Urinary
GCA_026359195.1,Bloodstream
GCA_026359135.1,Skin_Soft_Tissue
GCA_026359155.1,Urinary
GCA_026359075.1,Respiratory
GCA_026359095.1,Urinary
GCA_026359055.1,Respiratory
GCA_026303895.1,Respiratory
GCA_026359035.1,Urinary
GCA_026359015.1,Respiratory
GCA_026358995.1,Urinary
GCA_026358975.1,Bloodstream
GCA_026314895.1,Bloodstream
GCA_026314875.1,Urinary
GCA_026358955.1,Respiratory
GCA_026358915.1,Respiratory
GCA_026358775.1,Urinary
GCA_026352395.1,Urinary
GCA_026352315.1,Urinary
GCA_026351315.1,Respiratory
GCA_026314435.1,Urinary
GCA_026351255.1,Bloodstream
GCA_026351235.1,Skin_Soft_Tissue
GCA_026314415.1,Bloodstream
GCA_026349595.1,Respiratory
GCA_026349575.1,Respiratory
GCA_026349555.1,Respiratory
GCA_026349515.1,Urinary
GCA_026349475.1,Urinary
GCA_026349495.1,Bloodstream
GCA_026349375.1,Respiratory
GCA_026345895.1,Respiratory
GCA_026345845.1,Respiratory
GCA_026345835.1,Urinary
GCA_026345875.1,Urinary
GCA_026343765.1,Urinary
GCA_026343695.1,Urinary
GCA_026340895.1,Respiratory
GCA_026337875.1,Urinary
GCA_026337955.1,Urinary
GCA_026337775.1,Bloodstream
GCA_026311795.1,Bloodstream
GCA_026337725.1,Respiratory
GCA_026312675.1,Urinary
GCA_026312655.1,Skin_Soft_Tissue
GCA_026336135.1,Urinary
GCA_026335415.1,Skin_Soft_Tissue
GCA_026335435.1,Respiratory
GCA_026335375.1,Skin_Soft_Tissue
GCA_026336015.1,Skin_Soft_Tissue
GCA_026335355.1,Skin_Soft_Tissue
GCA_026334315.1,Urinary
GCA_026334335.1,Urinary
GCA_026331795.1,Respiratory
GCA_026330875.1,Respiratory
GCA_026329555.1,Skin_Soft_Tissue
GCA_026338495.1,Urinary
GCA_026329515.1,Urinary
GCA_026329495.1,Respiratory
GCA_026327575.1,Skin_Soft_Tissue
GCA_026327555.1,Urinary
GCA_026325335.1,Urinary
GCA_026324495.1,Urinary
GCA_026324215.1,Urinary
GCA_026317925.1,Respiratory
GCA_026317865.1,Bloodstream
GCA_026317065.1,Urinary
GCA_026317085.1,Respiratory
GCA_026321635.1,Skin_Soft_Tissue
GCA_026322295.1,Respiratory
GCA_026321435.1,Respiratory
GCA_026322175.1,Respiratory
GCA_026321395.1,Skin_Soft_Tissue
GCA_026321375.1,Bloodstream
GCA_026322055.1,Respiratory
GCA_026319065.1,Respiratory
GCA_026319025.1,Skin_Soft_Tissue
GCA_026320615.1,Bloodstream
GCA_026344395.1,Bloodstream
GCA_026320455.1,Skin_Soft_Tissue
GCA_026320415.1,Respiratory
GCA_026320375.1,Bloodstream
GCA_026320335.1,Respiratory
GCA_026320135.1,Respiratory
GCA_026318745.1,Bloodstream
GCA_026318725.1,Urinary
GCA_026318705.1,Respiratory
GCA_026318685.1,Skin_Soft_Tissue
GCA_026318665.1,Urinary
GCA_026318645.1,Urinary
GCA_026318545.1,Bloodstream
GCA_026318325.1,Skin_Soft_Tissue
GCA_026368775.4,Skin_Soft_Tissue
GCA_026368755.4,Urinary
GCA_026372135.1,Respiratory
GCA_026371535.1,Urinary
GCA_026371495.4,Respiratory
GCA_026043735.2,Urinary
GCA_026337635.1,Skin_Soft_Tissue
GCA_026337675.1,Skin_Soft_Tissue
GCA_026341305.1,Respiratory
GCA_026341285.1,Respiratory
GCA_026481425.4,Respiratory
GCA_026521435.1,Gastrointestinal
GCA_026551915.1,Hospital
GCA_026552195.1,Hospital
GCA_026552115.1,Hospital
GCA_026551895.1,Hospital
GCA_026551875.1,Hospital
GCA_026551855.1,Hospital
GCA_026552275.1,Hospital
GCA_026552095.1,Hospital
GCA_026552175.1,Hospital
GCA_026551805.1,Hospital
GCA_026551775.1,Hospital
GCA_026551735.1,Hospital
GCA_026552035.1,Hospital
GCA_026551715.1,Hospital
GCA_026552075.1,Hospital
GCA_026551655.1,Hospital
GCA_026551675.1,Hospital
GCA_026551635.1,Hospital
GCA_026552235.1,Hospital
GCA_026551575.1,Hospital
GCA_026551555.1,Hospital
GCA_026551535.1,Hospital
GCA_026552215.1,Hospital
GCA_026552355.1,Hospital
GCA_028057075.4,Ear_Nose_Throat
GCA_026649405.1,Urinary
GCA_026647535.4,Respiratory
GCA_026647455.4,Urinary
GCA_028056975.4,Skin_Soft_Tissue
GCA_026623065.1,Respiratory
GCA_026623075.1,Respiratory
GCA_026623105.1,Respiratory
GCA_026623125.1,Respiratory
GCA_026623145.1,Respiratory
GCA_026623175.1,Respiratory
GCA_026623185.1,Respiratory
GCA_026623165.1,Respiratory
GCA_026623225.1,Respiratory
GCA_026623265.1,Respiratory
GCA_026623255.1,Respiratory
GCA_026623305.1,Respiratory
GCA_026623325.1,Respiratory
GCA_026623345.1,Respiratory
GCA_026623365.1,Respiratory
GCA_026702305.1,Skin_Soft_Tissue
GCA_026702565.4,Respiratory
GCA_026720005.1,Respiratory
GCA_026730595.4,Urinary
GCA_026733275.1,Urinary
GCA_026731635.4,Respiratory
GCA_026739515.1,Respiratory
GCA_026739545.4,Urinary
GCA_026739535.1,Urinary
GCA_026739275.1,Urinary
GCA_026758915.3,Urinary
GCA_026727695.1,Hospital
GCA_026727715.1,Hospital
GCA_026727735.1,Hospital
GCA_026784845.1,Skin_Soft_Tissue
GCA_026886775.4,Domestic
GCA_026870135.1,Respiratory
GCA_026890985.1,Water
GCA_026926315.4,Urinary
GCA_026913035.1,Bloodstream
GCA_026960135.1,Bloodstream
GCA_026958955.1,Bloodstream
GCA_026961165.1,Bloodstream
GCA_026961625.1,Bloodstream
GCA_026958895.1,Bloodstream
GCA_027102275.4,Respiratory
GCA_027102255.4,Skin_Soft_Tissue
GCA_027102215.4,Respiratory
GCA_027265155.4,Gastrointestinal
GCA_027265115.4,Gastrointestinal
GCA_027264475.4,Gastrointestinal
GCA_027264255.4,Gastrointestinal
GCA_027264055.4,Gastrointestinal
GCA_028056415.4,Respiratory
GCA_027261535.1,Urinary
GCA_027359235.1,Bloodstream
GCA_027908795.1,Skin_Soft_Tissue
GCA_027908815.1,Skin_Soft_Tissue
GCA_027908735.1,Medical_Device
GCA_027908675.1,Skin_Soft_Tissue
GCA_027908655.1,Skin_Soft_Tissue
GCA_027562385.1,Urinary
GCA_027562295.1,Respiratory
GCA_027560445.4,Bloodstream
GCA_027560485.4,Respiratory
GCA_027877105.1,Urinary
GCA_027570415.1,Respiratory
GCA_027570435.1,Respiratory
GCA_027570455.1,Respiratory
GCA_027570475.1,Respiratory
GCA_027570495.1,Respiratory
GCA_027570515.1,Respiratory
GCA_027570535.1,Respiratory
GCA_027570555.1,Respiratory
GCA_027570575.1,Respiratory
GCA_027570595.1,Respiratory
GCA_027570615.1,Respiratory
GCA_027570635.1,Respiratory
GCA_027570655.1,Respiratory
GCA_027570675.1,Respiratory
GCA_027570715.1,Respiratory
GCA_027570735.1,Respiratory
GCA_027570755.1,Respiratory
GCA_027570775.1,Respiratory
GCA_027570795.1,Respiratory
GCA_027570835.1,Respiratory
GCA_027570915.1,Respiratory
GCA_027570935.1,Respiratory
GCA_027570955.1,Respiratory
GCA_027570975.1,Respiratory
GCA_027570995.1,Respiratory
GCA_027571015.1,Respiratory
GCA_027571035.1,Respiratory
GCA_027571055.1,Respiratory
GCA_027571075.1,Respiratory
GCA_027571115.1,Respiratory
GCA_027571155.1,Respiratory
GCA_027571175.1,Respiratory
GCA_027571195.1,Respiratory
GCA_027571215.1,Respiratory
GCA_027571285.1,Respiratory
GCA_027571305.1,Respiratory
GCA_027571325.1,Respiratory
GCA_027571345.1,Respiratory
GCA_027571365.1,Respiratory
GCA_027583375.1,Respiratory
GCA_027583395.3,Urinary
GCA_027583415.3,Respiratory
GCA_027583435.2,Respiratory
GCA_027583445.1,Respiratory
GCA_027583465.1,Skin_Soft_Tissue
GCA_027583495.1,Urinary
GCA_027583535.1,Respiratory
GCA_027583515.1,Water
GCA_027583525.1,Respiratory
GCA_027583575.1,Respiratory
GCA_027583585.1,Respiratory
GCA_027583615.1,Respiratory
GCA_027583635.1,Respiratory
GCA_027583655.1,Respiratory
GCA_027583675.1,Respiratory
GCA_027583695.1,Respiratory
GCA_027583705.1,Respiratory
GCA_027583735.1,Respiratory
GCA_027583755.1,Respiratory
GCA_027583775.1,Respiratory
GCA_027583795.1,Respiratory
GCA_027583815.1,Respiratory
GCA_027587275.3,Urinary
GCA_027587295.3,Respiratory
GCA_027587305.1,Respiratory
GCA_027587335.1,Respiratory
GCA_027594685.1,Respiratory
GCA_027594965.1,Bloodstream
GCA_027626995.1,Respiratory
GCA_027627015.1,Respiratory
GCA_027627025.1,Respiratory
GCA_027627115.1,Respiratory
GCA_027627125.1,Respiratory
GCA_027627175.1,Respiratory
GCA_027627185.1,Respiratory
GCA_027627285.1,Respiratory
GCA_028023005.4,Urinary
GCA_031389365.2,Urinary
GCA_031388465.2,Bloodstream
GCA_027992985.4,Urinary
GCA_027992965.1,Respiratory
GCA_027992885.4,Urinary
GCA_028037195.4,Respiratory
GCA_027856155.1,Water
GCA_027856195.1,Air
GCA_027856215.1,Skin_Soft_Tissue
GCA_027856235.1,Urinary
GCA_027857055.1,Water
GCA_027857155.1,Water
GCA_027857165.1,Water
GCA_027857185.1,Water
GCA_027857215.1,Water
GCA_027857235.1,Water
GCA_027857255.1,Water
GCA_027857275.1,Water
GCA_027857285.1,Water
GCA_027857315.1,Water
GCA_027959685.4,Skin_Soft_Tissue
GCA_027891115.1,Respiratory
GCA_028060075.4,Urinary
GCA_028053995.4,Urinary
GCA_028055175.1,Respiratory
GCA_028060015.1,Urinary
GCA_028055775.4,Urinary
GCA_028056815.1,Ocular
GCA_028059875.1,Bloodstream
GCA_028056775.1,Urinary
GCA_028056755.4,Respiratory
GCA_028085655.4,Respiratory
GCA_028071255.4,Respiratory
GCA_028073455.4,Ocular
GCA_028170385.4,Skin_Soft_Tissue
GCA_028170845.1,Urinary
GCA_028174965.4,Ocular
GCA_028188985.4,Ocular
GCA_028366315.1,Urinary
GCA_028366495.4,Urinary
GCA_028369895.4,Gastrointestinal
GCA_028369875.4,Respiratory
GCA_028307885.1,Respiratory
GCA_028331285.1,Domestic
GCA_028331455.1,Ear_Nose_Throat
GCA_028331485.1,Ear_Nose_Throat
GCA_028331495.1,Ear_Nose_Throat
GCA_028331545.1,Ear_Nose_Throat
GCA_028331555.1,Ear_Nose_Throat
GCA_028331605.1,Ear_Nose_Throat
GCA_028331645.1,Ear_Nose_Throat
GCA_032979825.3,Respiratory
GCA_026531255.2,Ear_Nose_Throat
GCA_026531595.2,Respiratory
GCA_026531615.2,Urinary
GCA_028367665.1,Urinary
GCA_028433585.4,Respiratory
GCA_028433565.4,Urinary
GCA_028432305.4,Urinary
GCA_028403965.1,Respiratory
GCA_028403985.1,Bone_Joint
GCA_028404005.1,Urinary
GCA_028404025.1,Respiratory
GCA_028404045.1,Respiratory
GCA_028404065.1,Medical_Device
GCA_028404085.1,Respiratory
GCA_028404105.1,Urinary
GCA_028404125.1,Gastrointestinal
GCA_028461425.4,Respiratory
GCA_028507995.4,Gastrointestinal
GCA_028435275.1,Respiratory
GCA_028435405.1,Respiratory
GCA_028435425.1,Respiratory
GCA_028435445.1,Respiratory
GCA_028435455.1,Respiratory
GCA_028435485.1,Respiratory
GCA_028435515.1,Respiratory
GCA_028435505.1,Respiratory
GCA_028435555.1,Respiratory
GCA_028435545.1,Respiratory
GCA_028435585.1,Respiratory
GCA_028435605.1,Respiratory
GCA_028435625.1,Ear_Nose_Throat
GCA_028435645.1,Respiratory
GCA_028435665.1,Respiratory
GCA_028435685.1,Respiratory
GCA_028435705.1,Respiratory
GCA_028435745.1,Ear_Nose_Throat
GCA_028435765.1,Respiratory
GCA_028435785.1,Respiratory
GCA_028435805.1,Respiratory
GCA_028435815.1,Respiratory
GCA_028435825.1,Respiratory
GCA_028435865.1,Respiratory
GCA_028435945.1,Respiratory
GCA_028439485.1,Gastrointestinal
GCA_028517585.4,Urinary
GCA_949077895.1,Skin_Soft_Tissue
GCA_949073505.1,Skin_Soft_Tissue
GCA_949079135.1,Skin_Soft_Tissue
GCA_949077705.1,Skin_Soft_Tissue
GCA_949120935.1,Urinary
GCA_949055305.1,Skin_Soft_Tissue
GCA_949077695.1,Respiratory
GCA_949073165.1,Urinary
GCA_949077665.1,Respiratory
GCA_949076225.1,Skin_Soft_Tissue
GCA_949072665.1,Skin_Soft_Tissue
GCA_949075835.1,Skin_Soft_Tissue
GCA_949077905.1,Urinary
GCA_949075205.1,Skin_Soft_Tissue
GCA_949077315.1,Skin_Soft_Tissue
GCA_949079095.1,Urinary
GCA_949077525.1,Skin_Soft_Tissue
GCA_949070115.1,Reproductive
GCA_949075965.1,Skin_Soft_Tissue
GCA_949073485.1,Skin_Soft_Tissue
GCA_949072555.1,Respiratory
GCA_949077635.1,Skin_Soft_Tissue
GCA_949075855.1,Urinary
GCA_949120945.1,Urinary
GCA_949079005.1,Skin_Soft_Tissue
GCA_949078845.1,Respiratory
GCA_949069575.1,Skin_Soft_Tissue
GCA_949069615.1,Skin_Soft_Tissue
GCA_949079065.1,Skin_Soft_Tissue
GCA_949074655.1,Skin_Soft_Tissue
GCA_949077305.1,Skin_Soft_Tissue
GCA_949079015.1,Skin_Soft_Tissue
GCA_949078985.1,Skin_Soft_Tissue
GCA_949077485.1,Skin_Soft_Tissue
GCA_949073345.1,Skin_Soft_Tissue
GCA_949077845.1,Skin_Soft_Tissue
GCA_949079025.1,Skin_Soft_Tissue
GCA_949074815.1,Skin_Soft_Tissue
GCA_949073195.1,Skin_Soft_Tissue
GCA_949077495.1,Skin_Soft_Tissue
GCA_949060405.1,Urinary
GCA_949074865.1,Skin_Soft_Tissue
GCA_949077455.1,Skin_Soft_Tissue
GCA_949073465.1,Skin_Soft_Tissue
GCA_949057645.1,Skin_Soft_Tissue
GCA_949075165.1,Skin_Soft_Tissue
GCA_949073605.1,Skin_Soft_Tissue
GCA_949078685.1,Skin_Soft_Tissue
GCA_949075635.1,Skin_Soft_Tissue
GCA_949077415.1,Skin_Soft_Tissue
GCA_949073495.1,Skin_Soft_Tissue
GCA_949077565.1,Skin_Soft_Tissue
GCA_949078725.1,Skin_Soft_Tissue
GCA_949077445.1,Urinary
GCA_949074665.1,Skin_Soft_Tissue
GCA_949054815.1,Skin_Soft_Tissue
GCA_949073865.1,Skin_Soft_Tissue
GCA_949073275.1,Skin_Soft_Tissue
GCA_949077325.1,Skin_Soft_Tissue
GCA_949054975.1,Skin_Soft_Tissue
GCA_949078765.1,Skin_Soft_Tissue
GCA_949077555.1,Skin_Soft_Tissue
GCA_949073895.1,Skin_Soft_Tissue
GCA_949073125.1,Skin_Soft_Tissue
GCA_949077835.1,Urinary
GCA_949073135.1,Domestic
GCA_949078735.1,Medical_Device
GCA_949077335.1,Domestic
GCA_949076735.1,Skin_Soft_Tissue
GCA_949077345.1,Urinary
GCA_949054925.1,Respiratory
GCA_949073595.1,Urinary
GCA_949056195.1,Skin_Soft_Tissue
GCA_949077865.1,Skin_Soft_Tissue
GCA_949074505.1,Skin_Soft_Tissue
GCA_949078275.1,Respiratory
GCA_949074765.1,Skin_Soft_Tissue
GCA_949073835.1,Skin_Soft_Tissue
GCA_949077655.1,Skin_Soft_Tissue
GCA_949073215.1,Skin_Soft_Tissue
GCA_949075615.1,Ear_Nose_Throat
GCA_949073725.1,Skin_Soft_Tissue
GCA_949079035.1,Skin_Soft_Tissue
GCA_949070295.1,Respiratory
GCA_949073435.1,Skin_Soft_Tissue
GCA_949079045.1,Skin_Soft_Tissue
GCA_949070315.1,Skin_Soft_Tissue
GCA_949077435.1,Medical_Device
GCA_949078955.1,Skin_Soft_Tissue
GCA_949076115.1,Skin_Soft_Tissue
GCA_949077425.1,Urinary
GCA_949062205.1,Skin_Soft_Tissue
GCA_949070495.1,Skin_Soft_Tissue
GCA_949072975.1,Skin_Soft_Tissue
GCA_949077595.1,Skin_Soft_Tissue
GCA_949062625.1,Urinary
GCA_949078855.1,Skin_Soft_Tissue
GCA_949075595.1,Urinary
GCA_949077505.1,Medical_Device
GCA_949079075.1,Urinary
GCA_949072375.1,Urinary
GCA_949075585.1,Ear_Nose_Throat
GCA_949079115.1,Skin_Soft_Tissue
GCA_949077475.1,Urinary
GCA_949077605.1,Skin_Soft_Tissue
GCA_949062235.1,Urinary
GCA_949077535.1,Urinary
GCA_949072905.1,Skin_Soft_Tissue
GCA_949073145.1,Skin_Soft_Tissue
GCA_949073155.1,Urinary
GCA_949077465.1,Skin_Soft_Tissue
GCA_949078905.1,Ear_Nose_Throat
GCA_949075865.1,Skin_Soft_Tissue
GCA_028542195.4,Respiratory
GCA_028547095.1,Respiratory
GCA_028545735.4,Urinary
GCA_028546515.4,Urinary
GCA_028547055.4,Urinary
GCA_028546495.4,Urinary
GCA_028546455.4,Urinary
GCA_028547015.1,Respiratory
GCA_028546475.4,Bloodstream
GCA_028546435.4,Gastrointestinal
GCA_028545655.1,Urinary
GCA_028551535.1,Gastrointestinal
GCA_028573715.4,Urinary
GCA_028573475.1,Urinary
GCA_028572925.1,Respiratory
GCA_028572885.1,Urinary
GCA_028567125.1,Respiratory
GCA_028567115.1,Respiratory
GCA_028567155.1,Respiratory
GCA_028567175.1,Respiratory
GCA_028567195.1,Respiratory
GCA_028567215.1,Respiratory
GCA_028567235.1,Respiratory
GCA_028567255.1,Respiratory
GCA_028567265.1,Respiratory
GCA_028567275.1,Respiratory
GCA_028567285.1,Respiratory
GCA_028567335.1,Respiratory
GCA_028567365.1,Respiratory
GCA_028567355.1,Respiratory
GCA_028567395.1,Respiratory
GCA_028567415.1,Respiratory
GCA_028567435.1,Respiratory
GCA_028567455.1,Respiratory
GCA_028567465.1,Respiratory
GCA_028567475.1,Respiratory
GCA_028567535.1,Respiratory
GCA_028567515.1,Respiratory
GCA_028567555.1,Respiratory
GCA_028567575.1,Respiratory
GCA_028567585.1,Respiratory
GCA_028567625.1,Respiratory
GCA_028567615.1,Respiratory
GCA_028567655.1,Respiratory
GCA_028567675.1,Respiratory
GCA_028567695.1,Respiratory
GCA_028567705.1,Respiratory
GCA_028567735.1,Respiratory
GCA_028567755.1,Respiratory
GCA_028567775.1,Respiratory
GCA_028567785.1,Respiratory
GCA_028567815.1,Respiratory
GCA_028567845.1,Respiratory
GCA_028567835.1,Respiratory
GCA_028567875.1,Respiratory
GCA_028567895.1,Respiratory
GCA_028567925.1,Respiratory
GCA_028567915.1,Respiratory
GCA_028567955.1,Respiratory
GCA_028567975.1,Respiratory
GCA_028567995.1,Respiratory
GCA_028568015.1,Respiratory
GCA_028568035.1,Respiratory
GCA_028568055.1,Respiratory
GCA_028568085.1,Respiratory
GCA_028568075.1,Respiratory
GCA_028568115.1,Respiratory
GCA_028568135.1,Respiratory
GCA_028568155.1,Respiratory
GCA_028568175.1,Respiratory
GCA_028568195.1,Respiratory
GCA_028568215.1,Respiratory
GCA_028568235.1,Respiratory
GCA_028568245.1,Respiratory
GCA_028568275.1,Respiratory
GCA_028568295.1,Respiratory
GCA_028568325.1,Respiratory
GCA_028568315.1,Respiratory
GCA_028568355.1,Respiratory
GCA_028568375.1,Respiratory
GCA_028568385.1,Respiratory
GCA_028568415.1,Respiratory
GCA_028568425.1,Respiratory
GCA_028568455.1,Respiratory
GCA_028568485.1,Respiratory
GCA_028568475.1,Skin_Soft_Tissue
GCA_028568515.1,Respiratory
GCA_028568535.1,Respiratory
GCA_028568555.1,Skin_Soft_Tissue
GCA_028568585.1,Respiratory
GCA_028568575.1,Soil
GCA_028568615.1,Respiratory
GCA_028568635.1,Respiratory
GCA_028568665.1,Respiratory
GCA_028568655.1,Bloodstream
GCA_028568695.1,Respiratory
GCA_028568715.1,Respiratory
GCA_028568735.1,Respiratory
GCA_028568755.1,Respiratory
GCA_028568775.1,Respiratory
GCA_028568785.1,Respiratory
GCA_028568815.1,Respiratory
GCA_028568835.1,Respiratory
GCA_028568855.1,Respiratory
GCA_028568865.1,Respiratory
GCA_028568895.1,Respiratory
GCA_028568915.1,Respiratory
GCA_028568935.1,Respiratory
GCA_028568955.1,Respiratory
GCA_028568975.1,Respiratory
GCA_028568995.1,Respiratory
GCA_028569015.1,Respiratory
GCA_028569035.1,Respiratory
GCA_028569045.1,Respiratory
GCA_028569075.1,Respiratory
GCA_028569095.1,Respiratory
GCA_028569115.1,Respiratory
GCA_028569135.1,Respiratory
GCA_028569155.1,Respiratory
GCA_028569175.1,Respiratory
GCA_028569195.1,Respiratory
GCA_028569215.1,Respiratory
GCA_028569235.1,Respiratory
GCA_028569245.1,Respiratory
GCA_028569255.1,Respiratory
GCA_028569295.1,Respiratory
GCA_028569325.1,Respiratory
GCA_028569315.1,Respiratory
GCA_028569335.1,Respiratory
GCA_028569375.1,Respiratory
GCA_028569395.1,Respiratory
GCA_028569435.1,Respiratory
GCA_028569405.1,Respiratory
GCA_028569425.1,Respiratory
GCA_028569475.1,Respiratory
GCA_028569495.1,Respiratory
GCA_028569515.1,Respiratory
GCA_028569525.1,Respiratory
GCA_028569555.1,Respiratory
GCA_028569575.1,Respiratory
GCA_028569595.1,Respiratory
GCA_028569605.1,Respiratory
GCA_028569635.1,Respiratory
GCA_028569655.1,Respiratory
GCA_028569675.1,Respiratory
GCA_028569695.1,Respiratory
GCA_028569715.1,Respiratory
GCA_028569745.1,Respiratory
GCA_028569735.1,Respiratory
GCA_028569785.1,Respiratory
GCA_028569775.1,Respiratory
GCA_028569815.1,Respiratory
GCA_028569835.1,Respiratory
GCA_028569865.1,Respiratory
GCA_028569875.1,Respiratory
GCA_028569905.1,Respiratory
GCA_028569925.1,Respiratory
GCA_028569945.1,Respiratory
GCA_028569965.1,Respiratory
GCA_028593825.1,Urinary
GCA_028594365.1,Urinary
GCA_028595335.1,Medical_Device
GCA_028595385.1,Medical_Device
GCA_028595405.1,Medical_Device
GCA_028595425.1,Medical_Device
GCA_028595445.1,Medical_Device
GCA_028595435.1,Medical_Device
GCA_028595485.1,Medical_Device
GCA_028595505.2,Medical_Device
GCA_028595525.2,Medical_Device
GCA_028595545.1,Urinary
GCA_028595535.1,Medical_Device
GCA_028595585.1,Medical_Device
GCA_028595605.1,Medical_Device
GCA_028595615.2,Medical_Device
GCA_028595635.1,Medical_Device
GCA_028595665.1,Medical_Device
GCA_028595685.1,Medical_Device
GCA_028595705.1,Urinary
GCA_028595725.1,Medical_Device
GCA_028595755.1,Medical_Device
GCA_028595745.1,Medical_Device
GCA_028595795.1,Medical_Device
GCA_028595805.1,Medical_Device
GCA_028595815.1,Medical_Device
GCA_028595785.1,Medical_Device
GCA_028595875.1,Medical_Device
GCA_028595865.2,Medical_Device
GCA_028595885.1,Medical_Device
GCA_028595895.1,Medical_Device
GCA_028595945.1,Medical_Device
GCA_028595985.1,Medical_Device
GCA_028603045.4,Respiratory
GCA_028603025.4,Bloodstream
GCA_028623885.1,Bloodstream
GCA_028624165.1,Urinary
GCA_028629845.4,Skin_Soft_Tissue
GCA_028627755.4,Gastrointestinal
GCA_028628495.4,Respiratory
GCA_028629005.1,Respiratory
GCA_028639115.4,Respiratory
GCA_028639305.4,Skin_Soft_Tissue
GCA_028631965.1,Urinary
GCA_028632475.1,Urinary
GCA_028640065.3,Urinary
GCA_028657855.4,Ocular
GCA_028657875.4,Respiratory
GCA_028657255.1,Urinary
GCA_028645005.4,Skin_Soft_Tissue
GCA_028644805.4,Urinary
GCA_028644255.4,Gastrointestinal
GCA_028662895.4,Urinary
GCA_028672525.1,Urinary
GCA_028448065.2,Urinary
GCA_028622015.1,Bloodstream
GCA_028622895.1,Bloodstream
GCA_028678235.3,Urinary
GCA_028741455.1,Respiratory
GCA_028741405.4,Urinary
GCA_028741375.1,Ear_Nose_Throat
GCA_028683175.1,Respiratory
GCA_028683195.1,Respiratory
GCA_028683205.1,Respiratory
GCA_028683235.1,Urinary
GCA_028683285.1,Respiratory
GCA_028753615.4,Ocular
GCA_028753595.4,Urinary
GCA_028761605.4,Respiratory
GCA_028762085.4,Urinary
GCA_028762185.4,Urinary
GCA_028764505.4,Respiratory
GCA_028826655.1,Respiratory
GCA_028826735.1,Respiratory
GCA_028826575.1,Respiratory
GCA_028826695.1,Respiratory
GCA_028826715.1,Respiratory
GCA_028804205.1,Respiratory
GCA_028805985.1,Respiratory
GCA_028808435.1,Respiratory
GCA_028808415.1,Respiratory
GCA_028808395.1,Respiratory
GCA_028804155.1,Respiratory
GCA_028813995.1,Respiratory
GCA_028805965.1,Respiratory
GCA_028826595.1,Respiratory
GCA_028805815.1,Respiratory
GCA_028805835.1,Respiratory
GCA_028804055.1,Respiratory
GCA_028805725.1,Respiratory
GCA_028805785.1,Respiratory
GCA_028808335.1,Respiratory
GCA_028826635.1,Respiratory
GCA_028814015.1,Respiratory
GCA_028805755.1,Respiratory
GCA_028804095.1,Respiratory
GCA_028805645.1,Respiratory
GCA_028804015.1,Respiratory
GCA_028803995.1,Respiratory
GCA_028808355.1,Respiratory
GCA_028826675.1,Respiratory
GCA_028826605.1,Respiratory
GCA_028751785.1,Urinary
GCA_028830175.4,Urinary
GCA_028829935.3,Ocular
GCA_028913805.1,Urinary
GCA_028879595.1,Respiratory
GCA_028886905.4,Urinary
GCA_028906715.4,Gastrointestinal
GCA_028906675.1,Urinary
GCA_028906615.1,Urinary
GCA_028907155.1,Respiratory
GCA_028906485.1,Urinary
GCA_028905465.1,Medical_Device
GCA_028905245.4,Gastrointestinal
GCA_028904995.4,Urinary
GCA_028937265.4,Bloodstream
GCA_028895145.1,Bloodstream
GCA_028895265.1,Ear_Nose_Throat
GCA_028960245.4,Ocular
GCA_028956365.4,Respiratory
GCA_028999965.4,Respiratory
GCA_028970225.1,Soil
GCA_028994295.1,Urinary
GCA_028994335.1,Urinary
GCA_028994375.1,Respiratory
GCA_028994405.1,Urinary
GCA_028994395.2,Respiratory
GCA_028994415.1,Urinary
GCA_028994475.1,Urinary
GCA_029048705.4,Urinary
GCA_029047285.4,Gastrointestinal
GCA_029049845.4,Skin_Soft_Tissue
GCA_029049685.4,Bone_Joint
GCA_029049765.4,Ocular
GCA_029127245.1,Urinary
GCA_029174605.4,Urinary
GCA_029102685.1,Respiratory
GCA_029102715.1,Urinary
GCA_029102705.1,Respiratory
GCA_029102905.1,Respiratory
GCA_029102915.1,Water
GCA_029102935.1,Water
GCA_029103055.1,Water
GCA_029214105.3,Ocular
GCA_029233625.4,Respiratory
GCA_029210305.1,Bloodstream
GCA_029223505.1,Bloodstream
GCA_029274265.4,Skin_Soft_Tissue
GCA_029273525.4,Urinary
GCA_029273445.4,Ear_Nose_Throat
GCA_029316455.4,Respiratory
GCA_029323435.4,Ear_Nose_Throat
GCA_029323475.4,Respiratory
GCA_029323395.1,Respiratory
GCA_029331655.1,Respiratory
GCA_029340525.4,Gastrointestinal
GCA_029380325.1,Respiratory
GCA_029380265.1,Respiratory
GCA_029409595.1,Respiratory
GCA_029409535.1,Respiratory
GCA_029409575.1,Bloodstream
GCA_029409555.1,Respiratory
GCA_029409495.1,Respiratory
GCA_029409515.1,Respiratory
GCA_029409455.1,Respiratory
GCA_029409475.1,Respiratory
GCA_029409435.1,Respiratory
GCA_029409395.1,Respiratory
GCA_029409415.1,Respiratory
GCA_029409375.1,Respiratory
GCA_029409355.1,Respiratory
GCA_029409335.1,Respiratory
GCA_029409315.1,Urinary
GCA_029409295.1,Respiratory
GCA_029408255.1,Respiratory
GCA_029408135.1,Respiratory
GCA_029400515.1,Water
GCA_029400465.1,Water
GCA_029400455.1,Water
GCA_029399275.1,Water
GCA_029400435.1,Water
GCA_029400415.1,Water
GCA_029399255.1,Respiratory
GCA_029399235.1,Respiratory
GCA_029399215.1,Urinary
GCA_029399195.1,Water
GCA_029400395.1,Respiratory
GCA_029399155.1,Skin_Soft_Tissue
GCA_029399175.1,Respiratory
GCA_029399095.1,Respiratory
GCA_029399115.1,Respiratory
GCA_029645555.1,Bloodstream
GCA_029399075.1,Skin_Soft_Tissue
GCA_029400495.1,Respiratory
GCA_029399035.1,Respiratory
GCA_029400335.1,Respiratory
GCA_029399015.1,Water
GCA_029398975.1,Water
GCA_029400315.1,Water
GCA_029398915.1,Water
GCA_029398955.1,Water
GCA_029399055.1,Respiratory
GCA_029398935.1,Respiratory
GCA_029398895.1,Respiratory
GCA_029400235.1,Respiratory
GCA_029398875.1,Water
GCA_029398835.1,Water
GCA_029398855.1,Respiratory
GCA_029398815.1,Respiratory
GCA_029398795.1,Medical_Device
GCA_029398755.1,Water
GCA_029398735.1,Water
GCA_029398715.1,Water
GCA_029398775.1,Water
GCA_029398695.1,Water
GCA_029398675.1,Water
GCA_029398655.1,Water
GCA_029398635.1,Water
GCA_029398615.1,Water
GCA_029398595.1,Water
GCA_029398555.1,Water
GCA_029398535.1,Respiratory
GCA_029398515.1,Skin_Soft_Tissue
GCA_029398495.1,Skin_Soft_Tissue
GCA_029398455.1,Skin_Soft_Tissue
GCA_029398435.1,Respiratory
GCA_029398415.1,Skin_Soft_Tissue
GCA_029398355.1,Skin_Soft_Tissue
GCA_029398365.1,Respiratory
GCA_029398335.1,Respiratory
GCA_029398315.1,Skin_Soft_Tissue
GCA_029398395.1,Skin_Soft_Tissue
GCA_029398295.1,Urinary
GCA_029398255.1,Respiratory
GCA_029398275.1,Skin_Soft_Tissue
GCA_029398195.1,Respiratory
GCA_029398155.1,Water
GCA_029398165.1,Water
GCA_029398235.1,Respiratory
GCA_029398135.1,Water
GCA_029398115.1,Water
GCA_029398095.1,Water
GCA_029398075.1,Water
GCA_029398055.1,Respiratory
GCA_029398035.1,Medical_Device
GCA_029398015.1,Water
GCA_029397995.1,Skin_Soft_Tissue
GCA_029397975.1,Respiratory
GCA_029397935.1,Water
GCA_029397915.1,Skin_Soft_Tissue
GCA_029397955.1,Respiratory
GCA_029397895.1,Skin_Soft_Tissue
GCA_029397855.1,Skin_Soft_Tissue
GCA_029397815.1,Skin_Soft_Tissue
GCA_029397795.1,Respiratory
GCA_029397775.1,Respiratory
GCA_029397735.1,Skin_Soft_Tissue
GCA_029397215.1,Skin_Soft_Tissue
GCA_029397755.1,Water
GCA_029397715.1,Medical_Device
GCA_029397695.1,Respiratory
GCA_029397875.1,Respiratory
GCA_029397235.1,Skin_Soft_Tissue
GCA_029397675.1,Urinary
GCA_029397635.1,Respiratory
GCA_029397655.1,Medical_Device
GCA_029397195.1,Respiratory
GCA_029397155.1,Respiratory
GCA_029397615.1,Respiratory
GCA_029397595.1,Urinary
GCA_029397255.1,Respiratory
GCA_029397135.1,Skin_Soft_Tissue
GCA_029397555.1,Water
GCA_029397535.1,Water
GCA_029397515.1,Water
GCA_029397495.1,Water
GCA_029397475.1,Water
GCA_029397415.1,Water
GCA_029397095.1,Water
GCA_029397035.1,Water
GCA_029397055.1,Water
GCA_029397435.1,Water
GCA_029397375.1,Respiratory
GCA_029397015.1,Respiratory
GCA_029396995.1,Skin_Soft_Tissue
GCA_029397395.1,Respiratory
GCA_029397355.1,Medical_Device
GCA_029397335.1,Medical_Device
GCA_029396975.1,Skin_Soft_Tissue
GCA_029396955.1,Skin_Soft_Tissue
GCA_029396935.1,Respiratory
GCA_029397455.1,Respiratory
GCA_029397075.1,Skin_Soft_Tissue
GCA_029397315.1,Skin_Soft_Tissue
GCA_029396915.1,Skin_Soft_Tissue
GCA_029396895.1,Skin_Soft_Tissue
GCA_029396875.1,Respiratory
GCA_029397295.1,Respiratory
GCA_029396835.1,Skin_Soft_Tissue
GCA_029397275.1,Respiratory
GCA_029400215.1,Respiratory
GCA_029400195.1,Skin_Soft_Tissue
GCA_029400175.1,Water
GCA_029400115.1,Respiratory
GCA_029400155.1,Water
GCA_029400075.1,Respiratory
GCA_029399855.4,Respiratory
GCA_029399955.1,Ear_Nose_Throat
GCA_029399775.1,Urinary
GCA_029399815.1,Respiratory
GCA_029399795.1,Urinary
GCA_029399755.1,Respiratory
GCA_029399835.1,Urinary
GCA_029399735.1,Respiratory
GCA_029399715.1,Skin_Soft_Tissue
GCA_029399695.1,Respiratory
GCA_029399655.1,Urinary
GCA_029420875.4,Urinary
GCA_029420855.4,Urinary
GCA_029423715.4,Urinary
GCA_029421795.4,Urinary
GCA_029422195.4,Respiratory
GCA_029448395.4,Respiratory
GCA_029477295.4,Respiratory
GCA_029514295.4,Gastrointestinal
GCA_029516195.4,Urinary
GCA_029519695.1,Hospital
GCA_029520895.1,Hospital
GCA_029520775.1,Hospital
GCA_029520755.1,Hospital
GCA_029519675.1,Hospital
GCA_029520735.1,Hospital
GCA_029520875.1,Hospital
GCA_029519635.1,Hospital
GCA_029520675.1,Hospital
GCA_029520715.1,Hospital
GCA_029520615.1,Hospital
GCA_029531315.1,Hospital
GCA_029520195.1,Hospital
GCA_029520635.1,Hospital
GCA_029520175.1,Hospital
GCA_029521335.1,Hospital
GCA_029520595.1,Hospital
GCA_029520575.1,Hospital
GCA_029520555.1,Hospital
GCA_029519655.1,Hospital
GCA_029520855.1,Hospital
GCA_029521295.1,Hospital
GCA_029520535.1,Hospital
GCA_029520155.1,Hospital
GCA_029520515.1,Hospital
GCA_029520135.1,Hospital
GCA_029520495.1,Hospital
GCA_029048445.2,Urinary
GCA_029722455.4,Gastrointestinal
GCA_029722435.4,Gastrointestinal
GCA_029723315.4,Gastrointestinal
GCA_029723135.4,Gastrointestinal
GCA_029723515.4,Gastrointestinal
GCA_029544215.4,Respiratory
GCA_029570665.1,Respiratory
GCA_029570505.1,Urinary
GCA_029570535.1,Gastrointestinal
GCA_029570445.1,Gastrointestinal
GCA_029570485.1,Bloodstream
GCA_029571395.1,Skin_Soft_Tissue
GCA_029570415.1,Urinary
GCA_029570295.1,Urinary
GCA_029570335.1,Bloodstream
GCA_029570275.1,Water
GCA_029570135.1,Gastrointestinal
GCA_029570065.1,Skin_Soft_Tissue
GCA_029570105.1,Respiratory
GCA_029570085.1,Urinary
GCA_029570025.1,Gastrointestinal
GCA_029569985.1,Respiratory
GCA_029571365.1,Respiratory
GCA_029569895.1,Respiratory
GCA_029569625.1,Respiratory
GCA_029569555.1,Respiratory
GCA_029568945.1,Respiratory
GCA_029568965.1,Respiratory
GCA_029568895.1,Respiratory
GCA_029568865.1,Respiratory
GCA_029568915.1,Respiratory
GCA_029568795.1,Respiratory
GCA_029574455.1,Respiratory
GCA_029568805.1,Respiratory
GCA_029568765.1,Respiratory
GCA_029568665.1,Respiratory
GCA_029564555.1,Respiratory
GCA_029572565.1,Respiratory
GCA_029568635.1,Respiratory
GCA_029569915.1,Respiratory
GCA_029568705.1,Respiratory
GCA_029571325.1,Respiratory
GCA_029577385.1,Respiratory
GCA_029568615.1,Respiratory
GCA_029568675.1,Respiratory
GCA_029572455.1,Respiratory
GCA_029569845.1,Respiratory
GCA_029568525.1,Respiratory
GCA_029568445.1,Urinary
GCA_029568505.1,Bloodstream
GCA_029571245.1,Bloodstream
GCA_029580535.4,Urinary
GCA_029580015.4,Skin_Soft_Tissue
GCA_029586795.4,Bloodstream
GCA_029588415.4,Ear_Nose_Throat
GCA_029598485.4,Gastrointestinal
GCA_029599285.4,Urinary
GCA_029603115.1,Respiratory
GCA_029603265.1,Skin_Soft_Tissue
GCA_029603285.1,Respiratory
GCA_029603315.1,Respiratory
GCA_029603305.1,Skin_Soft_Tissue
GCA_029603345.1,Respiratory
GCA_029603365.1,Skin_Soft_Tissue
GCA_029603375.1,Skin_Soft_Tissue
GCA_029603405.1,Skin_Soft_Tissue
GCA_029603415.1,Respiratory
GCA_029603445.1,Bloodstream
GCA_029603465.1,Bloodstream
GCA_029603475.1,Respiratory
GCA_029603505.1,Skin_Soft_Tissue
GCA_029603525.1,Respiratory
GCA_029603545.1,Skin_Soft_Tissue
GCA_029603565.1,Skin_Soft_Tissue
GCA_029603575.1,Skin_Soft_Tissue
GCA_029603595.1,Urinary
GCA_029603625.1,Bloodstream
GCA_029603645.1,Skin_Soft_Tissue
GCA_029603655.1,Skin_Soft_Tissue
GCA_029603665.1,Skin_Soft_Tissue
GCA_029603705.1,Skin_Soft_Tissue
GCA_029603725.1,Respiratory
GCA_029603745.1,Urinary
GCA_029603755.1,Skin_Soft_Tissue
GCA_029603785.1,Bloodstream
GCA_029603805.1,Respiratory
GCA_029603835.1,Respiratory
GCA_029603825.1,Respiratory
GCA_029603865.1,Urinary
GCA_029603875.1,Urinary
GCA_029603905.1,Respiratory
GCA_029603925.1,Skin_Soft_Tissue
GCA_029603945.1,Skin_Soft_Tissue
GCA_029603955.1,Skin_Soft_Tissue
GCA_029603985.1,Skin_Soft_Tissue
GCA_029604005.1,Skin_Soft_Tissue
GCA_029604025.1,Skin_Soft_Tissue
GCA_029604045.1,Respiratory
GCA_029604065.1,Skin_Soft_Tissue
GCA_029604075.1,Bloodstream
GCA_029604105.1,Skin_Soft_Tissue
GCA_029604125.1,Respiratory
GCA_029604145.1,Respiratory
GCA_029604175.1,Bloodstream
GCA_029604165.1,Bloodstream
GCA_029604215.1,Respiratory
GCA_029604245.1,Respiratory
GCA_029604265.1,Respiratory
GCA_029604275.1,Urinary
GCA_029604285.1,Skin_Soft_Tissue
GCA_029604315.1,Skin_Soft_Tissue
GCA_029604345.1,Bloodstream
GCA_029604385.1,Respiratory
GCA_029604395.1,Respiratory
GCA_029604425.1,Skin_Soft_Tissue
GCA_029604445.1,Respiratory
GCA_029604465.1,Respiratory
GCA_029604485.1,Respiratory
GCA_029604505.1,Skin_Soft_Tissue
GCA_029604525.1,Respiratory
GCA_029604545.1,Urinary
GCA_029604535.1,Urinary
GCA_029604575.1,Skin_Soft_Tissue
GCA_029604605.1,Urinary
GCA_029604625.1,Respiratory
GCA_029604645.1,Bloodstream
GCA_029604665.1,Respiratory
GCA_029604685.1,Skin_Soft_Tissue
GCA_029604705.1,Respiratory
GCA_029604725.1,Bloodstream
GCA_029604735.1,Urinary
GCA_029604765.1,Bloodstream
GCA_029604785.1,Respiratory
GCA_029604805.1,Skin_Soft_Tissue
GCA_029604815.1,Urinary
GCA_029604845.1,Respiratory
GCA_029604865.1,Bloodstream
GCA_029604885.1,Urinary
GCA_029604925.1,Skin_Soft_Tissue
GCA_029604935.1,Skin_Soft_Tissue
GCA_029604945.1,Respiratory
GCA_029604975.1,Respiratory
GCA_029605005.1,Bloodstream
GCA_029605025.1,Bloodstream
GCA_029605045.1,Skin_Soft_Tissue
GCA_029605065.1,Skin_Soft_Tissue
GCA_029605085.1,Bloodstream
GCA_029605105.1,Urinary
GCA_029605125.1,Respiratory
GCA_029605145.1,Respiratory
GCA_029605155.1,Respiratory
GCA_029605185.1,Skin_Soft_Tissue
GCA_029605205.1,Bloodstream
GCA_029605225.1,Skin_Soft_Tissue
GCA_029605245.1,Bloodstream
GCA_029605255.1,Skin_Soft_Tissue
GCA_029605285.1,Skin_Soft_Tissue
GCA_029605295.1,Respiratory
GCA_029605325.1,Respiratory
GCA_029605345.1,Respiratory
GCA_029605365.1,Skin_Soft_Tissue
GCA_029605385.1,Skin_Soft_Tissue
GCA_029605405.1,Bloodstream
GCA_029605425.1,Respiratory
GCA_029605435.1,Respiratory
GCA_029605465.1,Respiratory
GCA_029605485.1,Respiratory
GCA_029605505.1,Skin_Soft_Tissue
GCA_029605525.1,Respiratory
GCA_029605555.1,Skin_Soft_Tissue
GCA_029605535.1,Skin_Soft_Tissue
GCA_029605585.1,Urinary
GCA_029605605.1,Respiratory
GCA_029605625.1,Skin_Soft_Tissue
GCA_029605635.1,Respiratory
GCA_029605665.1,Respiratory
GCA_029605685.1,Skin_Soft_Tissue
GCA_029605705.1,Urinary
GCA_029605735.1,Respiratory
GCA_029605725.1,Skin_Soft_Tissue
GCA_029605765.1,Skin_Soft_Tissue
GCA_029605785.1,Skin_Soft_Tissue
GCA_029605805.1,Skin_Soft_Tissue
GCA_029605835.1,Respiratory
GCA_029605825.1,Respiratory
GCA_029605845.1,Skin_Soft_Tissue
GCA_029605885.1,Bloodstream
GCA_029605905.1,Respiratory
GCA_029605935.1,Respiratory
GCA_029605925.1,Skin_Soft_Tissue
GCA_029605955.1,Skin_Soft_Tissue
GCA_029605975.1,Respiratory
GCA_029606005.1,Skin_Soft_Tissue
GCA_029606025.1,Respiratory
GCA_029606035.1,Urinary
GCA_029606045.1,Urinary
GCA_029606065.1,Skin_Soft_Tissue
GCA_029622995.1,Urinary
GCA_029636245.4,Respiratory
GCA_029636105.4,Urinary
GCA_029635985.1,Bloodstream
GCA_029636025.2,Respiratory
GCA_029635965.2,Bloodstream
GCA_029635925.2,Respiratory
GCA_029623895.1,Bloodstream
GCA_029632735.1,Respiratory
GCA_029632725.1,Respiratory
GCA_029632705.1,Respiratory
GCA_029632685.1,Respiratory
GCA_029632645.1,Respiratory
GCA_029632665.1,Respiratory
GCA_029632625.1,Respiratory
GCA_029632605.1,Respiratory
GCA_029632545.1,Respiratory
GCA_029632565.1,Respiratory
GCA_029632525.1,Respiratory
GCA_029632485.1,Respiratory
GCA_029632505.1,Respiratory
GCA_029632465.1,Respiratory
GCA_029632445.1,Respiratory
GCA_029632425.1,Respiratory
GCA_029632405.1,Respiratory
GCA_029632385.1,Respiratory
GCA_029632365.1,Respiratory
GCA_029632345.1,Respiratory
GCA_029632305.1,Respiratory
GCA_029632325.1,Respiratory
GCA_029632265.1,Respiratory
GCA_029632285.1,Respiratory
GCA_029632245.1,Respiratory
GCA_029632225.1,Respiratory
GCA_029632205.1,Respiratory
GCA_029632185.1,Respiratory
GCA_029632145.1,Respiratory
GCA_029632165.1,Respiratory
GCA_029632105.1,Respiratory
GCA_029632125.1,Respiratory
GCA_029632085.1,Respiratory
GCA_029632045.1,Respiratory
GCA_029632065.1,Respiratory
GCA_029631965.1,Respiratory
GCA_029631985.1,Respiratory
GCA_029632025.1,Respiratory
GCA_029631945.1,Respiratory
GCA_029632005.1,Respiratory
GCA_029631925.1,Respiratory
GCA_029631905.1,Respiratory
GCA_029631865.1,Respiratory
GCA_029631885.1,Respiratory
GCA_029631845.1,Respiratory
GCA_029631825.1,Respiratory
GCA_029631805.1,Respiratory
GCA_029631785.1,Respiratory
GCA_029631765.1,Respiratory
GCA_029631745.1,Respiratory
GCA_029631725.1,Respiratory
GCA_029631685.1,Respiratory
GCA_029631705.1,Respiratory
GCA_029631665.1,Respiratory
GCA_029631645.1,Respiratory
GCA_029631625.1,Respiratory
GCA_029631605.1,Respiratory
GCA_029631585.1,Respiratory
GCA_029631565.1,Respiratory
GCA_029631525.1,Respiratory
GCA_029631505.1,Respiratory
GCA_029631485.1,Respiratory
GCA_029631445.1,Respiratory
GCA_029631405.1,Respiratory
GCA_029631465.1,Respiratory
GCA_029631425.1,Respiratory
GCA_029631545.1,Respiratory
GCA_029631385.1,Respiratory
GCA_029631365.1,Respiratory
GCA_029631345.1,Respiratory
GCA_029631305.1,Respiratory
GCA_029631325.1,Respiratory
GCA_029631285.1,Respiratory
GCA_029631265.1,Respiratory
GCA_029631245.1,Respiratory
GCA_029631225.1,Respiratory
GCA_029631185.1,Respiratory
GCA_029631205.1,Respiratory
GCA_029631165.1,Respiratory
GCA_029631125.1,Respiratory
GCA_029631145.1,Respiratory
GCA_029631105.1,Respiratory
GCA_029631025.1,Respiratory
GCA_029631085.1,Respiratory
GCA_029631045.1,Respiratory
GCA_029631055.1,Respiratory
GCA_029631005.1,Respiratory
GCA_029630965.1,Respiratory
GCA_029630985.1,Respiratory
GCA_029630925.1,Respiratory
GCA_029630945.1,Respiratory
GCA_029630905.1,Respiratory
GCA_029630865.1,Respiratory
GCA_029630885.1,Respiratory
GCA_029630825.1,Respiratory
GCA_029630845.1,Respiratory
GCA_029630805.1,Respiratory
GCA_029630785.1,Respiratory
GCA_029630765.1,Respiratory
GCA_029630745.1,Respiratory
GCA_029630705.1,Respiratory
GCA_029630725.1,Respiratory
GCA_029630685.1,Respiratory
GCA_029630665.1,Respiratory
GCA_029630645.1,Respiratory
GCA_029630625.1,Respiratory
GCA_029630585.1,Respiratory
GCA_029630605.1,Respiratory
GCA_029630565.1,Respiratory
GCA_029630545.1,Respiratory
GCA_029643525.1,Respiratory
GCA_029630525.1,Respiratory
GCA_029643505.1,Respiratory
GCA_029630485.1,Respiratory
GCA_029630465.1,Respiratory
GCA_029630505.1,Respiratory
GCA_029630445.1,Respiratory
GCA_029630425.1,Respiratory
GCA_029630405.1,Respiratory
GCA_029630385.1,Respiratory
GCA_029630345.1,Respiratory
GCA_029630365.1,Respiratory
GCA_029629905.1,Respiratory
GCA_029630325.1,Respiratory
GCA_029630285.1,Respiratory
GCA_029630265.1,Respiratory
GCA_029629885.1,Respiratory
GCA_029630305.1,Respiratory
GCA_029630245.1,Respiratory
GCA_029629865.1,Respiratory
GCA_029630225.1,Respiratory
GCA_029643405.1,Respiratory
GCA_029630205.1,Respiratory
GCA_029630185.1,Respiratory
GCA_029630165.1,Respiratory
GCA_029630145.1,Respiratory
GCA_029629845.1,Respiratory
GCA_029629825.1,Respiratory
GCA_029629805.1,Respiratory
GCA_029629765.1,Respiratory
GCA_029630125.1,Respiratory
GCA_029630105.1,Respiratory
GCA_029629785.1,Respiratory
GCA_029629745.1,Respiratory
GCA_029630075.1,Respiratory
GCA_029630065.1,Respiratory
GCA_029630045.1,Respiratory
GCA_029629725.1,Respiratory
GCA_029630025.1,Respiratory
GCA_029629985.1,Respiratory
GCA_029630005.1,Respiratory
GCA_029629965.1,Respiratory
GCA_029629685.1,Respiratory
GCA_029629705.1,Respiratory
GCA_029643385.1,Respiratory
GCA_029629945.1,Respiratory
GCA_029629665.1,Respiratory
GCA_029629645.1,Respiratory
GCA_029629925.1,Respiratory
GCA_029629585.1,Respiratory
GCA_029629565.1,Respiratory
GCA_029629605.1,Respiratory
GCA_029629545.1,Respiratory
GCA_029629625.1,Respiratory
GCA_029629525.1,Respiratory
GCA_029629505.1,Respiratory
GCA_029629485.1,Respiratory
GCA_029629465.1,Respiratory
GCA_029629445.1,Respiratory
GCA_029629425.1,Respiratory
GCA_029629405.1,Respiratory
GCA_029629385.1,Respiratory
GCA_029629365.1,Respiratory
GCA_029629345.1,Respiratory
GCA_029629305.1,Respiratory
GCA_029629285.1,Respiratory
GCA_029629325.1,Respiratory
GCA_029629265.1,Respiratory
GCA_029629245.1,Respiratory
GCA_029629225.1,Respiratory
GCA_029629205.1,Respiratory
GCA_029629185.1,Respiratory
GCA_029629165.1,Respiratory
GCA_029629145.1,Respiratory
GCA_029629125.1,Respiratory
GCA_029629085.1,Respiratory
GCA_029629105.1,Respiratory
GCA_029629065.1,Respiratory
GCA_029629045.1,Respiratory
GCA_029629025.1,Respiratory
GCA_029628965.1,Respiratory
GCA_029676085.1,Respiratory
GCA_029628995.1,Respiratory
GCA_029628945.1,Respiratory
GCA_029628985.1,Respiratory
GCA_029628925.1,Respiratory
GCA_029628905.1,Respiratory
GCA_029628845.1,Respiratory
GCA_029628885.1,Respiratory
GCA_029628865.1,Respiratory
GCA_029628825.1,Respiratory
GCA_029628805.1,Respiratory
GCA_029628785.1,Respiratory
GCA_029628745.1,Respiratory
GCA_029628725.1,Respiratory
GCA_029628685.1,Respiratory
GCA_029628755.1,Respiratory
GCA_029628665.1,Respiratory
GCA_029628645.1,Respiratory
GCA_029628605.1,Respiratory
GCA_029628705.1,Respiratory
GCA_029628565.1,Respiratory
GCA_029628585.1,Respiratory
GCA_029628625.1,Respiratory
GCA_029628525.1,Respiratory
GCA_029628545.1,Respiratory
GCA_029628505.1,Respiratory
GCA_029628445.1,Respiratory
GCA_029628405.1,Respiratory
GCA_029628425.1,Respiratory
GCA_029628385.1,Respiratory
GCA_029628345.1,Respiratory
GCA_029628305.1,Respiratory
GCA_029628485.1,Respiratory
GCA_029628465.1,Respiratory
GCA_029628365.1,Respiratory
GCA_029628325.1,Respiratory
GCA_029628285.1,Respiratory
GCA_029628265.1,Respiratory
GCA_029628225.1,Respiratory
GCA_029628245.1,Respiratory
GCA_029627945.1,Respiratory
GCA_029628205.1,Respiratory
GCA_029628185.1,Respiratory
GCA_029628165.1,Respiratory
GCA_029627965.1,Respiratory
GCA_029628145.1,Respiratory
GCA_029628125.1,Respiratory
GCA_029628105.1,Respiratory
GCA_029628085.1,Respiratory
GCA_029628045.1,Respiratory
GCA_029628065.1,Respiratory
GCA_029628005.1,Respiratory
GCA_029627905.1,Respiratory
GCA_029627885.1,Respiratory
GCA_029627925.1,Respiratory
GCA_029627865.1,Respiratory
GCA_029627825.1,Respiratory
GCA_029628025.1,Respiratory
GCA_029627845.1,Respiratory
GCA_029627765.1,Respiratory
GCA_029627785.1,Respiratory
GCA_029627805.1,Respiratory
GCA_029627745.1,Respiratory
GCA_029627705.1,Respiratory
GCA_029627985.1,Respiratory
GCA_029627725.1,Respiratory
GCA_029627645.1,Respiratory
GCA_029627665.1,Respiratory
GCA_029627625.1,Respiratory
GCA_029627685.1,Respiratory
GCA_029627605.1,Respiratory
GCA_029627585.1,Respiratory
GCA_029627525.1,Respiratory
GCA_029627545.1,Respiratory
GCA_029627505.1,Respiratory
GCA_029627565.1,Respiratory
GCA_029627485.1,Respiratory
GCA_029627465.1,Respiratory
GCA_029627425.1,Respiratory
GCA_029627445.1,Respiratory
GCA_029627405.1,Respiratory
GCA_029627385.1,Respiratory
GCA_029627365.1,Respiratory
GCA_029627325.1,Respiratory
GCA_029627305.1,Respiratory
GCA_029627345.1,Respiratory
GCA_029627265.1,Respiratory
GCA_029627285.1,Respiratory
GCA_029627205.1,Respiratory
GCA_029627225.1,Respiratory
GCA_029687805.1,Bloodstream
GCA_029688505.1,Urinary
GCA_029687525.1,Urinary
GCA_029707565.4,Skin_Soft_Tissue
GCA_029708555.4,Respiratory
GCA_029748935.4,Ocular
GCA_029736955.4,Urinary
GCA_029736655.4,Respiratory
GCA_029735775.1,Respiratory
GCA_029735615.4,Urinary
GCA_029815295.4,Urinary
GCA_029824875.3,Bloodstream
GCA_029824855.4,Respiratory
GCA_029833775.4,Skin_Soft_Tissue
GCA_029834375.4,Gastrointestinal
GCA_032864795.3,Urinary
GCA_030904505.1,Urinary
GCA_032979645.3,Urinary
GCA_032864835.3,Urinary
GCA_032864735.3,Respiratory
GCA_030897125.1,Water
GCA_029856995.1,Respiratory
GCA_029857015.1,Respiratory
GCA_031819115.1,Gastrointestinal
GCA_032979725.3,Gastrointestinal
GCA_032864615.3,Gastrointestinal
GCA_032864595.3,Respiratory
GCA_030725445.1,Bone_Joint
GCA_029870395.1,Urinary
GCA_029870425.1,Respiratory
GCA_029870445.1,Respiratory
GCA_029870495.1,Respiratory
GCA_029870505.1,Respiratory
GCA_029870525.1,Respiratory
GCA_029870535.1,Respiratory
GCA_029870575.1,Urinary
GCA_029870995.1,Respiratory
GCA_029871015.1,Respiratory
GCA_029871035.1,Respiratory
GCA_029871055.1,Respiratory
GCA_029871045.1,Respiratory
GCA_029871095.1,Respiratory
GCA_029871115.1,Respiratory
GCA_029871135.1,Respiratory
GCA_029871145.1,Respiratory
GCA_029872935.1,Respiratory
GCA_029872955.1,Respiratory
GCA_029872975.1,Respiratory
GCA_029873015.1,Respiratory
GCA_029873035.1,Respiratory
GCA_029873055.1,Respiratory
GCA_029873085.1,Respiratory
GCA_029873075.1,Respiratory
GCA_032864515.3,Gastrointestinal
GCA_032864535.3,Urinary
GCA_032273625.1,Gastrointestinal
GCA_032864455.3,Urinary
GCA_032864555.3,Skin_Soft_Tissue
GCA_032273565.1,Gastrointestinal
GCA_031474635.1,Urinary
GCA_029888185.1,Respiratory
GCA_032864095.3,Ocular
GCA_029907785.1,Respiratory
GCA_033760395.1,Skin_Soft_Tissue
GCA_032979225.3,Urinary
GCA_033323425.3,Urinary
GCA_033728815.1,Respiratory
GCA_033728755.1,Respiratory
GCA_033728775.1,Respiratory
GCA_033701135.1,Skin_Soft_Tissue
GCA_033700815.1,Urinary
GCA_033700795.1,Skin_Soft_Tissue
GCA_033695555.1,Soil
GCA_033695495.1,Ocular
GCA_033695475.1,Ocular
GCA_033695435.1,Ear_Nose_Throat
GCA_033695455.1,Ear_Nose_Throat
GCA_033695415.1,Ocular
GCA_033695395.1,Ocular
GCA_033691975.1,Water
GCA_029953735.1,Water
GCA_029953745.1,Respiratory
GCA_029953765.1,Respiratory
GCA_029953755.1,Respiratory
GCA_029953835.1,Respiratory
GCA_029953855.1,Respiratory
GCA_029953875.1,Respiratory
GCA_029953885.1,Water
GCA_029953915.1,Respiratory
GCA_029953935.1,Bloodstream
GCA_029953955.1,Water
GCA_029953965.1,Water
GCA_029953995.1,Respiratory
GCA_029954015.1,Water
GCA_029954035.1,Water
GCA_029954065.1,Water
GCA_029954055.1,Respiratory
GCA_029954085.1,Respiratory
GCA_029954115.1,Respiratory
GCA_029954135.1,Water
GCA_029954155.1,Skin_Soft_Tissue
GCA_029954195.1,Water
GCA_029954175.1,Respiratory
GCA_029954205.1,Water
GCA_029954255.1,Respiratory
GCA_029954275.1,Respiratory
GCA_029954305.1,Respiratory
GCA_029954335.1,Water
GCA_029954365.1,Urinary
GCA_029954405.1,Urinary
GCA_029954395.1,Water
GCA_029954415.1,Respiratory
GCA_029954455.1,Respiratory
GCA_029954475.1,Urinary
GCA_029954495.1,Respiratory
GCA_029954515.1,Respiratory
GCA_029954535.1,Respiratory
GCA_029954555.1,Respiratory
GCA_033691675.1,Respiratory
GCA_033691695.1,Respiratory
GCA_033691655.1,Respiratory
GCA_033691635.1,Respiratory
GCA_033691615.1,Respiratory
GCA_033691575.1,Respiratory
GCA_033691595.1,Respiratory
GCA_033691555.1,Respiratory
GCA_033691535.1,Respiratory
GCA_033691475.1,Respiratory
GCA_033691515.1,Respiratory
GCA_033691495.1,Respiratory
GCA_033691435.1,Water
GCA_033691455.1,Skin_Soft_Tissue
GCA_033691395.1,Skin_Soft_Tissue
GCA_033691415.1,Respiratory
GCA_033691375.1,Respiratory
GCA_033691355.1,Ear_Nose_Throat
GCA_033691315.1,Ocular
GCA_033691295.1,Soil
GCA_033691275.1,Hospital
GCA_033691255.1,Reproductive
GCA_029954585.1,Respiratory
GCA_029954575.1,Respiratory
GCA_029954615.1,Respiratory
GCA_029954635.1,Respiratory
GCA_029954655.1,Respiratory
GCA_029954685.1,Gastrointestinal
GCA_029954675.1,Respiratory
GCA_029954715.1,Respiratory
GCA_029954705.1,Respiratory
GCA_029954755.1,Respiratory
GCA_029954775.1,Respiratory
GCA_029954805.1,Respiratory
GCA_029954795.1,Respiratory
GCA_029954835.1,Respiratory
GCA_029954855.1,Respiratory
GCA_029954875.1,Respiratory
GCA_029954895.1,Respiratory
GCA_029954905.1,Respiratory
GCA_029954935.1,Respiratory
GCA_029954955.1,Urinary
GCA_029954975.1,Respiratory
GCA_029954995.1,Respiratory
GCA_029955035.1,Respiratory
GCA_029955055.1,Respiratory
GCA_029955065.1,Respiratory
GCA_029955095.1,Respiratory
GCA_029955105.1,Respiratory
GCA_029955135.1,Respiratory
GCA_029955995.1,Bloodstream
GCA_029956085.1,Bloodstream
GCA_032862335.3,Urinary
GCA_032862375.3,Urinary
GCA_032977685.3,Urinary
GCA_033668285.1,Respiratory
GCA_029961245.1,Skin_Soft_Tissue
GCA_029961265.1,Skin_Soft_Tissue
GCA_029961285.1,Skin_Soft_Tissue
GCA_029961305.1,Skin_Soft_Tissue
GCA_029961325.1,Skin_Soft_Tissue
GCA_029961345.1,Skin_Soft_Tissue
GCA_029961385.1,Skin_Soft_Tissue
GCA_029961405.1,Skin_Soft_Tissue
GCA_029961425.1,Skin_Soft_Tissue
GCA_029961445.1,Skin_Soft_Tissue
GCA_029961465.1,Skin_Soft_Tissue
GCA_029961485.1,Respiratory
GCA_029961505.1,Skin_Soft_Tissue
GCA_029961525.1,Skin_Soft_Tissue
GCA_029961565.1,Respiratory
GCA_029961585.1,Skin_Soft_Tissue
GCA_029961605.1,Skin_Soft_Tissue
GCA_029961625.1,Skin_Soft_Tissue
GCA_029961665.1,Skin_Soft_Tissue
GCA_029962145.1,Skin_Soft_Tissue
GCA_029962165.1,Bloodstream
GCA_029962185.1,Skin_Soft_Tissue
GCA_029962205.1,Skin_Soft_Tissue
GCA_029962505.1,Soil
GCA_033656965.1,Water
GCA_029980215.1,Urinary
GCA_032977585.3,Respiratory
GCA_025580225.2,Bloodstream
GCA_023615765.2,Urinary
GCA_033634585.2,Respiratory
GCA_033634545.2,Urinary
GCA_033634565.2,Urinary
GCA_033629345.1,Respiratory
GCA_033629265.1,Respiratory
GCA_033629245.1,Respiratory
GCA_033629305.1,Respiratory
GCA_033629225.1,Respiratory
GCA_033629285.1,Respiratory
GCA_033629185.1,Respiratory
GCA_033629135.1,Respiratory
GCA_033629125.1,Respiratory
GCA_033629165.1,Respiratory
GCA_033629085.1,Respiratory
GCA_033629095.1,Respiratory
GCA_033629065.1,Respiratory
GCA_030005615.1,Soil
GCA_949076355.1,Skin_Soft_Tissue
GCA_030016895.1,Bloodstream
GCA_033624235.1,Water
GCA_033605555.2,Respiratory
GCA_033584595.2,Reproductive
GCA_033578135.1,Water
GCA_033568815.2,Respiratory
GCA_033568565.2,Gastrointestinal
GCA_033537395.1,Gastrointestinal
GCA_033537335.2,Gastrointestinal
GCA_033537355.2,Gastrointestinal
GCA_033537315.2,Gastrointestinal
GCA_033537295.2,Gastrointestinal
GCA_033537275.2,Urinary
GCA_033537255.1,Gastrointestinal
GCA_033537235.1,Gastrointestinal
GCA_033515815.2,Respiratory
GCA_033509315.1,Gastrointestinal
GCA_033509295.2,Gastrointestinal
GCA_030028275.1,Soil
GCA_030034615.1,Respiratory
GCA_030034635.1,Urinary
GCA_030034655.1,Respiratory
GCA_030034675.1,Respiratory
GCA_033503495.2,Ear_Nose_Throat
GCA_951691365.2,Bloodstream
GCA_030055745.1,Bloodstream
GCA_030055845.1,Bloodstream
GCA_030056235.1,Bloodstream
GCA_030056245.1,Bloodstream
GCA_030056295.1,Bloodstream
GCA_030056335.1,Bloodstream
GCA_030056385.1,Urinary
GCA_033239025.2,Skin_Soft_Tissue
GCA_033204415.1,Respiratory
GCA_033059615.2,Urinary
GCA_030121675.1,Soil
GCA_030121875.1,Respiratory
GCA_030121995.1,Urinary
GCA_030122015.1,Respiratory
GCA_030122055.1,Respiratory
GCA_030122075.1,Medical_Device
GCA_030122115.1,Respiratory
GCA_951802375.2,Ear_Nose_Throat
GCA_033017835.1,Water
GCA_031494465.2,Gastrointestinal
GCA_031493125.2,Respiratory
GCA_021644505.2,Skin_Soft_Tissue
GCA_021660815.2,Skin_Soft_Tissue
GCA_021644425.4,Skin_Soft_Tissue
GCA_021645445.2,Gastrointestinal
GCA_021645325.2,Skin_Soft_Tissue
GCA_031488995.2,Urinary
GCA_031488975.2,Skin_Soft_Tissue
GCA_031488955.2,Respiratory
GCA_031486835.2,Respiratory
GCA_951805275.2,Urinary
GCA_032204445.2,Urinary
GCA_032204425.2,Gastrointestinal
GCA_032865115.2,Respiratory
GCA_032977105.1,Water
GCA_032977145.1,Water
GCA_032977125.1,Water
GCA_032977085.1,Water
GCA_032860625.2,Gastrointestinal
GCA_032860585.2,Gastrointestinal
GCA_030179765.1,Water
GCA_030183065.1,Respiratory
GCA_030183055.1,Skin_Soft_Tissue
GCA_030183115.1,Skin_Soft_Tissue
GCA_030183175.1,Bloodstream
GCA_030183215.1,Bloodstream
GCA_030183235.1,Respiratory
GCA_030183295.1,Urinary
GCA_030183315.1,Skin_Soft_Tissue
GCA_030183335.1,Bloodstream
GCA_030183355.2,Skin_Soft_Tissue
GCA_030183415.1,Respiratory
GCA_030183445.1,Skin_Soft_Tissue
GCA_030183595.1,Skin_Soft_Tissue
GCA_030183735.1,Urinary
GCA_030183745.1,Skin_Soft_Tissue
GCA_030183855.2,Bloodstream
GCA_030185635.1,Respiratory
GCA_030185655.1,Skin_Soft_Tissue
GCA_030185775.1,Urinary
GCA_030185815.2,Urinary
GCA_030185895.1,Bloodstream
GCA_030185915.2,Respiratory
GCA_030185965.2,Skin_Soft_Tissue
GCA_030186195.2,Urinary
GCA_030186295.2,Urinary
GCA_030186335.2,Urinary
GCA_030186385.2,Skin_Soft_Tissue
GCA_030186505.1,Urinary
GCA_030186875.1,Urinary
GCA_030186885.2,Respiratory
GCA_030186915.2,Urinary
GCA_030226995.1,Lab_Strain
GCA_030226985.1,Lab_Strain
GCA_030227055.1,Lab_Strain
GCA_030227045.1,Lab_Strain
GCA_030227085.1,Lab_Strain
GCA_030227125.1,Lab_Strain
GCA_030227385.1,Lab_Strain
GCA_030227405.1,Lab_Strain
GCA_030227425.1,Lab_Strain
GCA_030228785.1,Lab_Strain
GCA_030235825.1,Bloodstream
GCA_032946495.2,Urinary
GCA_021601685.2,Skin_Soft_Tissue
GCA_030248805.1,CF_Respiratory
GCA_030248835.1,CF_Respiratory
GCA_032905085.1,Ocular
GCA_032905045.1,Ocular
GCA_032755975.1,Ocular
GCA_030252465.1,Respiratory
GCA_032893325.2,Respiratory
GCA_030253475.1,Ocular
GCA_030264075.1,Lab_Strain
GCA_032831015.2,Urinary
GCA_032888645.2,Respiratory
GCA_032828975.1,Bone_Joint
GCA_032827015.2,Respiratory
GCA_032822875.2,Respiratory
GCA_030915285.1,Ear_Nose_Throat
GCA_032817925.2,Respiratory
GCA_030283265.1,Gastrointestinal
GCA_030283365.1,Gastrointestinal
GCA_030283505.1,Skin_Soft_Tissue
GCA_030283545.1,Gastrointestinal
GCA_030284605.1,Gastrointestinal
GCA_032771975.2,Urinary
GCA_032771495.1,Water
GCA_032771435.1,Water
GCA_032766565.1,Respiratory
GCA_032766475.1,Skin_Soft_Tissue
GCA_032734565.2,Urinary
GCA_032686445.2,Respiratory
GCA_032686385.2,Urinary
GCA_032686365.2,Respiratory
GCA_032684445.2,Urinary
GCA_030345775.1,Urinary
GCA_030345835.1,Skin_Soft_Tissue
GCA_030345855.1,Skin_Soft_Tissue
GCA_030345885.1,Gastrointestinal
GCA_032675755.1,Urinary
GCA_032675665.1,Respiratory
GCA_032675695.1,Respiratory
GCA_032675505.2,Urinary
GCA_030369815.1,Gastrointestinal
GCA_030369835.1,Gastrointestinal
GCA_031443085.2,Gastrointestinal
GCA_031443065.2,Bloodstream
GCA_016924255.2,Bloodstream
GCA_031409035.1,Ear_Nose_Throat
GCA_031408995.1,Ear_Nose_Throat
GCA_031399785.1,Ear_Nose_Throat
GCA_031399855.1,Ear_Nose_Throat
GCA_031399815.1,Ear_Nose_Throat
GCA_031399725.1,Ear_Nose_Throat
GCA_031394685.2,Skin_Soft_Tissue
GCA_031393325.2,Urinary
GCA_030376865.1,Urinary
GCA_030377005.1,Urinary
GCA_032247455.2,Urinary
GCA_030388285.1,Soil
GCA_032185805.2,Urinary
GCA_032165435.1,Ear_Nose_Throat
GCA_032165595.1,Skin_Soft_Tissue
GCA_032165395.1,Skin_Soft_Tissue
GCA_032165445.1,Urinary
GCA_032165475.1,Urinary
GCA_032165415.1,Ear_Nose_Throat
GCA_032164145.1,Respiratory
GCA_032164105.1,Bloodstream
GCA_032164125.1,Respiratory
GCA_032643565.1,Urinary
GCA_032164065.1,Urinary
GCA_032164085.1,Respiratory
GCA_032164045.1,Skin_Soft_Tissue
GCA_032164025.1,Respiratory
GCA_032164005.1,Respiratory
GCA_032163945.1,Ear_Nose_Throat
GCA_032163985.1,Respiratory
GCA_032163965.1,Respiratory
GCA_032163925.1,Respiratory
GCA_032163885.1,Ear_Nose_Throat
GCA_032163905.1,Respiratory
GCA_032163865.1,Urinary
GCA_032163845.1,Respiratory
GCA_032163825.1,Urinary
GCA_032163805.1,Respiratory
GCA_030406925.1,Skin_Soft_Tissue
GCA_030410115.2,Respiratory
GCA_030410195.1,Respiratory
GCA_030410215.1,Respiratory
GCA_030410875.1,Respiratory
GCA_030410895.1,Respiratory
GCA_030410935.1,Respiratory
GCA_030410955.1,Respiratory
GCA_030410975.1,Respiratory
GCA_030410985.1,Respiratory
GCA_030411015.1,Respiratory
GCA_030411355.1,Respiratory
GCA_030411375.1,Respiratory
GCA_030411385.1,Respiratory
GCA_032161345.2,Urinary
GCA_032643225.2,Respiratory
GCA_032643145.2,Urinary
GCA_032643185.1,Urinary
GCA_032641685.2,Gastrointestinal
GCA_032641605.1,Gastrointestinal
GCA_032641645.1,Gastrointestinal
GCA_032641625.1,Skin_Soft_Tissue
GCA_032641585.1,Gastrointestinal
GCA_032641525.2,Urinary
GCA_032641545.1,Urinary
GCA_032641305.1,Gastrointestinal
GCA_032641265.1,Gastrointestinal
GCA_032641245.2,Urinary
GCA_032641485.2,Skin_Soft_Tissue
GCA_032580575.2,Respiratory
GCA_032580415.2,Gastrointestinal
GCA_032579155.1,Gastrointestinal
GCA_032579075.2,Skin_Soft_Tissue
GCA_032578255.2,Respiratory
GCA_032569935.2,Respiratory
GCA_032542785.1,Skin_Soft_Tissue
GCA_032542745.1,Skin_Soft_Tissue
GCA_030434895.1,Urinary
GCA_032529245.1,Respiratory
GCA_032529265.1,Respiratory
GCA_032529225.1,Respiratory
GCA_032529185.1,Respiratory
GCA_032529405.1,Respiratory
GCA_032529365.1,Respiratory
GCA_032529385.1,Soil
GCA_032529205.1,Hospital
GCA_032529145.1,Hospital
GCA_032529165.1,Respiratory
GCA_032529125.1,Urinary
GCA_032529105.1,Hospital
GCA_032529085.1,Hospital
GCA_032529025.1,Gastrointestinal
GCA_032529005.1,Respiratory
GCA_032528985.1,Ear_Nose_Throat
GCA_032528205.1,Bloodstream
GCA_032522725.2,Urinary
GCA_032522565.2,Urinary
GCA_030444495.1,Respiratory
GCA_032513015.2,Respiratory
GCA_032597995.2,Urinary
GCA_032509615.2,Respiratory
GCA_032509605.1,Skin_Soft_Tissue
GCA_032509545.2,Urinary
GCA_032503465.2,Urinary
GCA_032457295.2,Respiratory
GCA_032457235.2,Skin_Soft_Tissue
GCA_032457055.2,Respiratory
GCA_030489625.1,Respiratory
GCA_030504675.1,Respiratory
GCA_030504695.1,Medical_Device
GCA_031804255.2,Urinary
GCA_032422505.2,Urinary
GCA_031924765.2,Urinary
GCA_031924825.2,Respiratory
GCA_031924625.2,Urinary
GCA_031924485.2,Urinary
GCA_032390295.2,Respiratory
GCA_030540965.1,Hospital
GCA_030540985.1,Hospital
GCA_030541805.1,Respiratory
GCA_030541825.1,Respiratory
GCA_030541865.1,Respiratory
GCA_030541895.1,Bloodstream
GCA_030541885.1,Respiratory
GCA_032362085.2,Urinary
GCA_030544365.1,Respiratory
GCA_030544385.1,Respiratory
GCA_030544405.1,Respiratory
GCA_032335095.2,Respiratory
GCA_032332875.2,Skin_Soft_Tissue
GCA_032332855.2,Urinary
GCA_032332835.2,Urinary
GCA_032329515.2,Skin_Soft_Tissue
GCA_033198755.2,Gastrointestinal
GCA_030554915.1,Soil
GCA_031985795.2,Urinary
GCA_030563585.1,Respiratory
GCA_030563765.1,Respiratory
GCA_030564045.1,Respiratory
GCA_030580665.1,Bloodstream
GCA_030580715.1,Bloodstream
GCA_030587625.1,Bloodstream
GCA_030587645.1,Bloodstream
GCA_031926345.2,Skin_Soft_Tissue
GCA_031926225.2,Respiratory
GCA_031980625.2,Gastrointestinal
GCA_031909565.1,Respiratory
GCA_031909605.1,Urinary
GCA_031909545.1,Urinary
GCA_030676715.1,Ear_Nose_Throat
GCA_031840525.2,Respiratory
GCA_031840495.2,Urinary
GCA_031840475.2,Urinary
GCA_031840435.2,Skin_Soft_Tissue
GCA_031836355.2,Respiratory
GCA_031836335.2,Urinary
GCA_028366415.3,Gastrointestinal
GCA_030688825.1,Respiratory
GCA_030688875.1,Respiratory
GCA_030688835.1,Respiratory
GCA_033197155.2,Urinary
GCA_031766355.2,Respiratory
GCA_031766415.2,Respiratory
GCA_031765855.2,Skin_Soft_Tissue
GCA_030711445.1,Respiratory
GCA_030711435.1,Respiratory
GCA_030711455.1,Respiratory
GCA_030711485.1,Respiratory
GCA_030711525.1,Respiratory
GCA_030711515.1,Respiratory
GCA_030711535.1,Respiratory
GCA_030711545.1,Respiratory
GCA_030711615.1,Respiratory
GCA_030711625.1,Respiratory
GCA_030711665.1,Respiratory
GCA_030711655.1,Respiratory
GCA_030711695.1,Respiratory
GCA_030711705.1,Respiratory
GCA_030711735.1,Respiratory
GCA_030711755.1,Respiratory
GCA_030711775.1,Respiratory
GCA_030711795.1,Respiratory
GCA_030711805.1,Respiratory
GCA_030711785.1,Respiratory
GCA_030711855.1,Respiratory
GCA_030711875.1,Respiratory
GCA_030711895.1,Respiratory
GCA_030711905.1,Respiratory
GCA_030711915.1,Respiratory
GCA_030711955.1,Respiratory
GCA_030711975.1,Respiratory
GCA_030711985.1,Respiratory
GCA_030712015.1,Respiratory
GCA_030712025.1,Respiratory
GCA_030712055.1,Respiratory
GCA_030712075.1,Respiratory
GCA_030712095.1,Respiratory
GCA_030712115.1,Respiratory
GCA_030712125.1,Respiratory
GCA_030712155.1,Respiratory
GCA_030712175.1,Respiratory
GCA_030712205.1,Respiratory
GCA_030712195.1,Respiratory
GCA_030712235.1,Respiratory
GCA_030712255.1,Respiratory
GCA_030712315.1,Respiratory
GCA_030714835.1,Respiratory
GCA_030714855.1,Respiratory
GCA_030714875.1,Respiratory
GCA_030714895.1,Respiratory
GCA_030714955.1,Respiratory
GCA_031678825.2,Urinary
GCA_031678785.2,Urinary
GCA_031678765.1,Urinary
GCA_031667815.1,Water
GCA_031665495.2,Respiratory
GCA_030737955.1,Respiratory
GCA_030737975.1,Respiratory
GCA_030737995.1,Respiratory
GCA_030738015.1,Respiratory
GCA_030738035.1,Respiratory
GCA_030738055.1,Respiratory
GCA_030738065.1,Respiratory
GCA_030738095.1,Respiratory
GCA_030738135.1,Bloodstream
GCA_030738195.1,Bloodstream
GCA_030738215.1,Respiratory
GCA_030738235.1,Respiratory
GCA_030738265.1,Respiratory
GCA_030738255.1,Respiratory
GCA_030738295.1,Respiratory
GCA_030738305.1,Respiratory
GCA_030738335.1,Bloodstream
GCA_030738355.1,Respiratory
GCA_030738375.1,Bloodstream
GCA_030738385.1,Respiratory
GCA_030738415.1,Respiratory
GCA_030738435.1,Respiratory
GCA_030738455.1,Bloodstream
GCA_030738475.1,Bloodstream
GCA_030738525.1,Water
GCA_030738515.1,Respiratory
GCA_030738555.1,Bloodstream
GCA_030738585.1,Bloodstream
GCA_030738575.1,Bloodstream
GCA_030738595.1,Gastrointestinal
GCA_030738655.1,Respiratory
GCA_030738675.1,Respiratory
GCA_030738695.1,Respiratory
GCA_030738715.1,Respiratory
GCA_030738735.1,Respiratory
GCA_030738755.1,Respiratory
GCA_030738785.1,Bloodstream
GCA_030738805.1,Urinary
GCA_030738775.1,Bloodstream
GCA_030738855.1,Urinary
GCA_030738895.1,Bloodstream
GCA_030738935.1,Bloodstream
GCA_030738975.1,Bloodstream
GCA_030738995.1,Respiratory
GCA_030739015.1,Respiratory
GCA_030739035.1,Respiratory
GCA_030739055.1,Respiratory
GCA_030739075.1,Respiratory
GCA_030739085.1,Respiratory
GCA_030739125.1,Respiratory
GCA_030739115.1,Respiratory
GCA_030739155.1,Respiratory
GCA_030739175.1,Respiratory
GCA_030739185.1,Respiratory
GCA_030739215.1,Respiratory
GCA_030739235.1,Respiratory
GCA_030739255.1,Respiratory
GCA_030739275.1,Respiratory
GCA_030739295.1,Respiratory
GCA_030739305.1,Respiratory
GCA_030739335.1,Respiratory
GCA_030739355.1,Respiratory
GCA_030739375.1,Respiratory
GCA_030739395.1,Respiratory
GCA_030739415.1,Respiratory
GCA_030739435.1,Respiratory
GCA_030739445.1,Respiratory
GCA_030741955.1,Respiratory
GCA_030741965.1,Respiratory
GCA_030741975.1,Respiratory
GCA_030742025.1,Respiratory
GCA_030742055.1,Respiratory
GCA_030742075.1,Respiratory
GCA_030742105.1,Respiratory
GCA_030742115.1,Respiratory
GCA_030742085.1,Respiratory
GCA_030742155.1,Respiratory
GCA_030742165.1,Respiratory
GCA_030742215.1,Respiratory
GCA_030742195.1,Respiratory
GCA_030742205.1,Respiratory
GCA_030742255.1,Respiratory
GCA_030742275.1,Respiratory
GCA_030742265.1,Respiratory
GCA_030742305.1,Respiratory
GCA_030742295.1,Respiratory
GCA_030742365.1,Respiratory
GCA_030742375.1,Urinary
GCA_030742385.1,Respiratory
GCA_030742435.1,Respiratory
GCA_030742465.1,Respiratory
GCA_031650865.2,Respiratory
GCA_030758435.1,Respiratory
GCA_021664795.2,Skin_Soft_Tissue
GCA_021661655.3,Skin_Soft_Tissue
GCA_021666875.3,Skin_Soft_Tissue
GCA_021601745.3,Skin_Soft_Tissue
GCA_021601605.3,Skin_Soft_Tissue
GCA_031641435.2,Urinary
GCA_031637275.1,Urinary
GCA_031637255.1,Urinary
GCA_031627935.2,Respiratory
GCA_031627815.2,Respiratory
GCA_031627755.2,Gastrointestinal
GCA_031627875.2,Respiratory
GCA_030846315.1,Respiratory
GCA_030846375.1,Respiratory
GCA_030846395.1,Lab_Strain
GCA_030846415.1,Lab_Strain
GCA_030846425.1,Lab_Strain
GCA_030846455.1,Lab_Strain
GCA_031564415.1,Gastrointestinal
GCA_031564395.2,Urinary
GCA_030848745.1,Bloodstream
GCA_031543925.2,Respiratory
GCA_030850305.1,Respiratory
GCA_030850435.1,Respiratory
GCA_030850475.1,Urinary
GCA_030850615.1,Respiratory
GCA_030850645.1,Respiratory
GCA_030850965.1,Respiratory
GCA_030851665.1,Respiratory
GCA_030851945.1,Urinary
GCA_030851965.2,Urinary
GCA_030851985.2,Respiratory
GCA_031536605.2,Ear_Nose_Throat
GCA_031536585.2,Urinary
GCA_031536545.2,Respiratory
GCA_030865165.1,Gastrointestinal
GCA_030865135.1,Bloodstream
GCA_030865205.1,Urinary
GCA_030865245.1,Respiratory
GCA_030865255.1,Respiratory
GCA_030865265.1,Respiratory
GCA_030865305.1,Respiratory
GCA_030865345.1,Skin_Soft_Tissue
GCA_030865355.1,Bloodstream
GCA_030865435.1,Urinary
GCA_030865465.1,Respiratory
GCA_030865485.1,Gastrointestinal
GCA_030865505.1,Respiratory
GCA_030865535.1,Skin_Soft_Tissue
GCA_030865575.1,Urinary
GCA_030865565.1,Respiratory
GCA_030865625.1,Bloodstream
GCA_030865645.1,Urinary
GCA_030865655.1,Gastrointestinal
GCA_030865665.1,Urinary
GCA_030865675.1,Urinary
GCA_030865745.1,Respiratory
GCA_030865785.1,Soil
GCA_030866885.1,Respiratory
GCA_030866905.1,Respiratory
GCA_030866925.2,Respiratory
GCA_030908425.1,Skin_Soft_Tissue
GCA_030908445.1,Respiratory
GCA_030913445.1,Gastrointestinal
GCA_030987075.1,Respiratory
GCA_031033205.2,Skin_Soft_Tissue
GCA_031032865.2,Urinary
GCA_031026205.1,Ear_Nose_Throat
GCA_031055755.2,Skin_Soft_Tissue
GCA_031157565.1,Respiratory
GCA_031157575.1,Skin_Soft_Tissue
GCA_031158715.1,Respiratory
GCA_031158735.1,Ear_Nose_Throat
GCA_031237285.2,Urinary
GCA_031237225.2,Skin_Soft_Tissue
GCA_031214325.2,Skin_Soft_Tissue
GCA_031214245.2,Skin_Soft_Tissue
GCA_031210285.2,Respiratory
GCA_031209585.1,Bloodstream
GCA_031209255.2,Respiratory
GCA_031309205.1,Skin_Soft_Tissue
GCA_031177475.1,Water
GCA_031203965.1,Respiratory
GCA_031203975.1,Respiratory
GCA_031204015.1,Respiratory
GCA_031204035.1,Bloodstream
GCA_031204085.1,Respiratory
GCA_031204225.1,Skin_Soft_Tissue
GCA_031204235.1,Urinary
GCA_031204275.1,Urinary
GCA_031204255.1,Respiratory
GCA_031204265.1,Respiratory
GCA_031204455.1,Respiratory
GCA_031204495.1,Respiratory
GCA_031205085.1,Respiratory
GCA_031205145.1,Respiratory
GCA_031205245.1,Respiratory
GCA_031205235.1,Respiratory
GCA_031205275.1,Skin_Soft_Tissue
GCA_031205335.1,Urinary
GCA_031205345.1,Respiratory
GCA_031205365.1,Respiratory
GCA_031205455.1,Skin_Soft_Tissue
GCA_031205555.1,Respiratory
GCA_031205565.1,Skin_Soft_Tissue
GCA_031205615.1,Respiratory
GCA_031205585.1,Respiratory
GCA_031205665.1,Respiratory
GCA_031205775.1,Respiratory
GCA_031205865.1,Respiratory
GCA_031205835.1,Respiratory
GCA_031205885.1,Skin_Soft_Tissue
GCA_031205955.1,Skin_Soft_Tissue
GCA_031205965.1,Urinary
GCA_031206055.1,Respiratory
GCA_031206065.1,Respiratory
GCA_031206075.1,Skin_Soft_Tissue
GCA_031206155.1,Respiratory
GCA_031206165.1,Respiratory
GCA_031206255.1,Respiratory
GCA_031206275.1,Respiratory
GCA_031206285.1,Urinary
GCA_031206315.1,Skin_Soft_Tissue
GCA_031206325.1,Skin_Soft_Tissue
GCA_031206355.1,Urinary
GCA_031206375.1,Respiratory
GCA_031206395.1,Respiratory
GCA_031206415.1,Respiratory
GCA_031206425.1,Respiratory
GCA_031206465.1,Respiratory
GCA_031206455.1,Urinary
GCA_031206495.1,Respiratory
GCA_031206515.1,Skin_Soft_Tissue
GCA_031206525.1,Skin_Soft_Tissue
GCA_031206555.1,Respiratory
GCA_031206575.1,Respiratory
GCA_031206565.1,Respiratory
GCA_031206615.1,Respiratory
GCA_031206625.1,Respiratory
GCA_031206655.1,Respiratory
GCA_031206685.1,Respiratory
GCA_031206675.1,Bloodstream
GCA_031206695.1,Respiratory
GCA_031206735.1,Urinary
GCA_031206755.1,Respiratory
GCA_031206775.1,Respiratory
GCA_031206785.1,Urinary
GCA_031206795.1,Respiratory
GCA_031206835.1,Respiratory
GCA_031206865.1,Respiratory
GCA_031206855.1,Respiratory
GCA_031206875.1,Urinary
GCA_031206915.1,Skin_Soft_Tissue
GCA_031206925.1,Urinary
GCA_031206955.1,Respiratory
GCA_031206985.1,Respiratory
GCA_031207025.1,Respiratory
GCA_031207005.1,Respiratory
GCA_031207035.1,Respiratory
GCA_031207075.1,Respiratory
GCA_031207095.1,Respiratory
GCA_031207105.1,Skin_Soft_Tissue
GCA_031207145.1,Respiratory
GCA_031207135.1,Urinary
GCA_031207275.1,Respiratory
GCA_031207285.1,Respiratory
GCA_031207295.1,Respiratory
GCA_031207325.1,Urinary
GCA_031207415.1,Respiratory
GCA_031207455.1,Urinary
GCA_031207485.1,Urinary
GCA_031207495.1,Respiratory
GCA_031207515.1,Respiratory
GCA_031207595.1,Respiratory
GCA_031207675.1,Respiratory
GCA_031207685.1,Respiratory
GCA_031207695.1,Respiratory
GCA_031207745.1,Respiratory
GCA_031207835.1,Respiratory
GCA_031207875.1,Respiratory
GCA_031207895.1,Skin_Soft_Tissue
GCA_031207915.1,Respiratory
GCA_031207905.1,Urinary
GCA_031208035.1,Respiratory
GCA_031208075.1,Respiratory
GCA_031208095.1,Respiratory
GCA_031208105.1,Bloodstream
GCA_031208165.1,Respiratory
GCA_031208205.1,Respiratory
GCA_031208255.1,Urinary
GCA_031208315.1,Skin_Soft_Tissue
GCA_031208325.1,Respiratory
GCA_031208335.1,Respiratory
GCA_031208345.1,Respiratory
GCA_031208375.1,Urinary
GCA_031208475.1,Urinary
GCA_031208495.1,Urinary
GCA_031208525.1,Respiratory
GCA_031208515.1,Respiratory
GCA_031208535.1,Respiratory
GCA_031208575.1,Respiratory
GCA_031208585.1,Respiratory
GCA_031208615.1,Respiratory
GCA_031208635.1,Respiratory
GCA_031208835.1,Respiratory
GCA_031208995.1,Respiratory
GCA_031209135.1,Respiratory
GCA_031209295.1,Skin_Soft_Tissue
GCA_031209455.1,Urinary
GCA_031209655.1,Respiratory
GCA_031209845.1,Respiratory
GCA_031209905.1,Bloodstream
GCA_031210065.1,Respiratory
GCA_031210185.1,Respiratory
GCA_031210355.1,Respiratory
GCA_031210405.1,Respiratory
GCA_031210535.1,Respiratory
GCA_031210565.1,Respiratory
GCA_031210595.1,Respiratory
GCA_031210615.1,Respiratory
GCA_031210635.1,Respiratory
GCA_031210655.1,Skin_Soft_Tissue
GCA_031210675.1,Respiratory
GCA_031210695.1,Skin_Soft_Tissue
GCA_031210715.1,Urinary
GCA_031210735.1,Respiratory
GCA_031210765.1,Water
GCA_031210785.1,Urinary
GCA_031210805.1,Respiratory
GCA_031210825.1,Urinary
GCA_031210845.1,Urinary
GCA_031210865.1,Respiratory
GCA_031210885.1,Respiratory
GCA_031210905.1,Respiratory
GCA_031210915.1,Respiratory
GCA_031210945.1,Respiratory
GCA_031210965.1,Respiratory
GCA_031210985.1,Respiratory
GCA_031210995.1,Skin_Soft_Tissue
GCA_031211025.1,Respiratory
GCA_031211045.1,Urinary
GCA_031211065.1,Respiratory
GCA_031211085.1,Respiratory
GCA_031211205.1,Respiratory
GCA_031211485.1,Urinary
GCA_031212645.1,Urinary
GCA_031218375.1,Respiratory
GCA_031219395.1,Respiratory
GCA_031221745.1,Respiratory
GCA_031223175.1,Respiratory
GCA_031224255.1,Respiratory
GCA_031224875.1,Respiratory
GCA_031340055.2,Skin_Soft_Tissue
GCA_031326305.1,Respiratory
GCA_031326325.1,Respiratory
GCA_031436685.1,Bloodstream
GCA_031435265.2,Urinary
GCA_031433925.2,Respiratory
GCA_031433885.2,Respiratory
GCA_031433905.2,Skin_Soft_Tissue
GCA_031463955.2,Skin_Soft_Tissue
GCA_031588335.1,Urinary
GCA_031580535.1,Bloodstream
GCA_031580635.1,Bloodstream
GCA_031660755.2,Respiratory
GCA_031657995.2,Skin_Soft_Tissue
GCA_031658015.2,Respiratory
GCA_031657815.2,Skin_Soft_Tissue
GCA_031657795.2,Respiratory
GCA_031657775.2,Skin_Soft_Tissue
GCA_031629475.1,Bloodstream
GCA_031902525.2,Urinary
GCA_031902465.2,Respiratory
GCA_031902345.2,Gastrointestinal
GCA_031895775.2,Bloodstream
GCA_031881095.1,Urinary
GCA_031731655.1,Respiratory
GCA_031732515.1,Respiratory
GCA_031733195.1,Crop
GCA_031822475.1,Respiratory
GCA_031822515.1,Respiratory
GCA_031822535.1,Respiratory
GCA_031822555.1,Respiratory
GCA_031822575.1,Respiratory
GCA_031822595.1,Respiratory
GCA_031822615.1,Urinary
GCA_031822635.1,Respiratory
GCA_031822655.1,Urinary
GCA_031822675.1,Bloodstream
GCA_031822695.1,Respiratory
GCA_031822715.1,Skin_Soft_Tissue
GCA_031822735.1,Skin_Soft_Tissue
GCA_031822755.1,Respiratory
GCA_031822775.1,Urinary
GCA_031822815.1,Urinary
GCA_031822845.1,Ear_Nose_Throat
GCA_031822835.1,Respiratory
GCA_031822875.1,Skin_Soft_Tissue
GCA_031822945.1,Urinary
GCA_031823015.1,Respiratory
GCA_031823035.1,Respiratory
GCA_031823055.1,Urinary
GCA_031823075.1,Respiratory
GCA_031823135.1,Skin_Soft_Tissue
GCA_031823195.1,Skin_Soft_Tissue
GCA_031823235.1,Water
GCA_031823255.1,Urinary
GCA_031823335.1,Respiratory
GCA_031823435.1,Respiratory
GCA_031823515.1,Gastrointestinal
GCA_031823555.1,Respiratory
GCA_031823575.1,Skin_Soft_Tissue
GCA_031823595.1,Respiratory
GCA_031823655.1,Urinary
GCA_031823735.1,Skin_Soft_Tissue
GCA_031823755.1,Urinary
GCA_031823775.1,Respiratory
GCA_031823855.1,Urinary
GCA_031823875.1,Skin_Soft_Tissue
GCA_031823935.1,Skin_Soft_Tissue
GCA_031823895.1,Urinary
GCA_031823975.1,Skin_Soft_Tissue
GCA_031824055.1,Skin_Soft_Tissue
GCA_031824075.1,Respiratory
GCA_031824115.1,Urinary
GCA_031824135.1,Urinary
GCA_031824195.1,Urinary
GCA_031824235.1,Urinary
GCA_031824275.1,Urinary
GCA_031824345.1,Respiratory
GCA_031824365.1,Respiratory
GCA_031824335.1,Respiratory
GCA_031824435.1,Skin_Soft_Tissue
GCA_031824455.1,Respiratory
GCA_031824475.1,Respiratory
GCA_031824505.1,Respiratory
GCA_031824495.1,Urinary
GCA_031824535.1,Skin_Soft_Tissue
GCA_031824555.1,Urinary
GCA_031824575.1,Urinary
GCA_031824595.1,Respiratory
GCA_031824615.1,Urinary
GCA_031824635.1,Respiratory
GCA_031824655.1,Ear_Nose_Throat
GCA_031824675.1,Medical_Device
GCA_031824695.1,Respiratory
GCA_031824715.1,Respiratory
GCA_031824735.1,Skin_Soft_Tissue
GCA_031824755.1,Urinary
GCA_031824775.1,Respiratory
GCA_031824795.1,Urinary
GCA_031825255.1,Medical_Device
GCA_031825295.1,Urinary
GCA_031825315.1,Skin_Soft_Tissue
GCA_031825335.1,Skin_Soft_Tissue
GCA_031825355.1,Urinary
GCA_031825395.1,Skin_Soft_Tissue
GCA_031825435.1,Bloodstream
GCA_031825515.1,Respiratory
GCA_031825535.1,Bloodstream
GCA_031825555.1,Respiratory
GCA_031825635.1,Urinary
GCA_031825675.1,Urinary
GCA_031825955.1,Respiratory
GCA_031825995.1,Urinary
GCA_031826235.1,Urinary
GCA_031826255.1,Respiratory
GCA_031892925.2,Gastrointestinal
GCA_031892905.2,Respiratory
GCA_031846125.1,Gastrointestinal
GCA_031851725.1,Water
GCA_032089575.1,Urinary
GCA_032184105.2,Skin_Soft_Tissue
GCA_032185005.2,Skin_Soft_Tissue
GCA_032184125.2,Respiratory
GCA_032144475.1,Air
GCA_032263545.2,Urinary
GCA_032231025.1,Ear_Nose_Throat
GCA_032231045.1,Urinary
GCA_032231065.1,Urinary
GCA_032231085.1,Skin_Soft_Tissue
GCA_032231105.1,Respiratory
GCA_032251755.1,Urinary
GCA_032251875.1,Urinary
GCA_032251935.1,Respiratory
GCA_032252055.2,Urinary
GCA_032252135.1,Urinary
GCA_032252255.1,Urinary
GCA_032252495.1,Urinary
GCA_032252935.1,Soil
GCA_032252955.1,Respiratory
GCA_032296145.2,Urinary
GCA_032292165.2,Urinary
GCA_032252975.1,Respiratory
GCA_032290545.1,Urinary
GCA_032290565.1,Urinary
GCA_032290585.1,Skin_Soft_Tissue
GCA_032290665.1,Urinary
GCA_032334455.1,Medical_Device
GCA_032447555.2,Urinary
GCA_032453255.1,Skin_Soft_Tissue
GCA_032463705.1,Respiratory
GCA_032466305.1,Respiratory
GCA_032464475.1,Respiratory
GCA_032464455.1,Respiratory
GCA_032464595.1,Respiratory
GCA_032634425.2,Respiratory
GCA_032633405.2,Urinary
GCA_032618815.1,Water
GCA_032607815.1,Urinary
GCA_032607715.2,Respiratory
GCA_032607695.2,Urinary
GCA_032604775.1,Urinary
GCA_032603215.2,Urinary
GCA_032602985.1,Bloodstream
GCA_032602495.2,Skin_Soft_Tissue
GCA_032602145.1,Respiratory
GCA_032602055.2,Urinary
GCA_032601185.2,Respiratory
GCA_032601085.1,Respiratory
GCA_032600345.2,Gastrointestinal
GCA_032600245.2,Skin_Soft_Tissue
GCA_032600185.1,Gastrointestinal
GCA_032600225.2,Gastrointestinal
GCA_032600325.1,Gastrointestinal
GCA_032599885.1,Respiratory
GCA_032599825.1,Gastrointestinal
GCA_032599785.1,Gastrointestinal
GCA_032599665.1,Gastrointestinal
GCA_032655215.2,Respiratory
GCA_032654355.2,Urinary
GCA_032655145.2,Urinary
GCA_032654345.2,Respiratory
GCA_032654385.2,Urinary
GCA_032598925.1,Respiratory
GCA_032704645.1,Respiratory
GCA_032764825.1,Urinary
GCA_032764805.1,Urinary
GCA_032750575.1,Urinary
GCA_032744195.1,Urinary
GCA_032750535.1,Skin_Soft_Tissue
GCA_032744165.1,Skin_Soft_Tissue
GCA_032744015.1,Urinary
GCA_032750555.1,Gastrointestinal
GCA_032743395.1,Skin_Soft_Tissue
GCA_032764665.1,Skin_Soft_Tissue
GCA_032764695.1,Urinary
GCA_032743355.1,Respiratory
GCA_032743115.1,Urinary
GCA_032764585.1,Urinary
GCA_032764605.1,Gastrointestinal
GCA_032743155.1,Skin_Soft_Tissue
GCA_032750055.1,Urinary
GCA_032750435.1,Urinary
GCA_032742315.1,Bloodstream
GCA_032764565.1,Urinary
GCA_032738425.1,Skin_Soft_Tissue
GCA_032764445.1,Urinary
GCA_032749955.1,Skin_Soft_Tissue
GCA_032764485.1,Urinary
GCA_032742075.1,Skin_Soft_Tissue
GCA_032764425.1,Urinary
GCA_032764405.1,Urinary
GCA_032742095.1,Urinary
GCA_032781225.1,Domestic
GCA_032782845.1,Domestic
GCA_032782825.1,Domestic
GCA_032696765.1,Skin_Soft_Tissue
GCA_032699645.1,Respiratory
GCA_032856365.2,Respiratory
GCA_032761935.1,Ear_Nose_Throat
GCA_032852345.2,Skin_Soft_Tissue
GCA_032849565.2,Gastrointestinal
GCA_032848545.2,Skin_Soft_Tissue
GCA_032847755.2,Respiratory
GCA_032847045.1,Urinary
GCA_032841675.1,Bloodstream
GCA_032841715.1,Bloodstream
GCA_032843285.1,Respiratory
GCA_032843325.1,Bloodstream
GCA_032843345.1,Respiratory
GCA_032843365.1,Bloodstream
GCA_032843385.1,Respiratory
GCA_032843405.1,Respiratory
GCA_032843425.1,Bloodstream
GCA_032843445.1,Bloodstream
GCA_032843465.1,Bloodstream
GCA_032843485.3,Respiratory
GCA_032843525.1,Respiratory
GCA_032843545.1,Respiratory
GCA_032843565.1,Respiratory
GCA_032843585.1,Respiratory
GCA_032843605.1,Bloodstream
GCA_032843725.1,Bloodstream
GCA_032843745.1,Respiratory
GCA_032843765.1,Respiratory
GCA_032843785.1,Bloodstream
GCA_032843805.1,Bloodstream
GCA_032843925.1,Respiratory
GCA_032843945.1,Respiratory
GCA_032844105.1,Respiratory
GCA_033011915.2,Skin_Soft_Tissue
GCA_032934835.1,Skin_Soft_Tissue
GCA_032941915.1,Bloodstream
GCA_033040155.2,Skin_Soft_Tissue
GCA_033074675.2,Urinary
GCA_032604635.2,Urinary
GCA_033089535.1,CF_Respiratory
GCA_033089555.1,CF_Respiratory
GCA_033089575.1,CF_Respiratory
GCA_033089595.1,CF_Respiratory
GCA_033089615.1,CF_Respiratory
GCA_033089735.1,CF_Respiratory
GCA_033089755.1,CF_Respiratory
GCA_033089775.1,CF_Respiratory
GCA_033089815.1,CF_Respiratory
GCA_033089795.1,CF_Respiratory
GCA_033089875.1,CF_Respiratory
GCA_033089915.1,CF_Respiratory
GCA_033089975.1,CF_Respiratory
GCA_033090005.1,CF_Respiratory
GCA_033090045.1,CF_Respiratory
GCA_033090075.1,CF_Respiratory
GCA_033090095.1,CF_Respiratory
GCA_033090115.1,CF_Respiratory
GCA_033090135.1,CF_Respiratory
GCA_033090155.1,CF_Respiratory
GCA_033090175.1,CF_Respiratory
GCA_033090195.1,CF_Respiratory
GCA_033090235.1,CF_Respiratory
GCA_033090255.1,CF_Respiratory
GCA_033090275.1,CF_Respiratory
GCA_033090295.1,CF_Respiratory
GCA_033090315.1,CF_Respiratory
GCA_033090335.1,CF_Respiratory
GCA_033090355.1,CF_Respiratory
GCA_033090375.1,CF_Respiratory
GCA_033090395.1,CF_Respiratory
GCA_033090415.1,CF_Respiratory
GCA_033090435.1,CF_Respiratory
GCA_033090455.1,CF_Respiratory
GCA_033090475.1,CF_Respiratory
GCA_033090495.1,CF_Respiratory
GCA_033090515.1,CF_Respiratory
GCA_033090535.1,CF_Respiratory
GCA_033090555.1,CF_Respiratory
GCA_033090575.1,CF_Respiratory
GCA_033090595.1,CF_Respiratory
GCA_033090615.1,CF_Respiratory
GCA_033090625.1,CF_Respiratory
GCA_033090655.1,CF_Respiratory
GCA_033090675.1,CF_Respiratory
GCA_033090715.1,CF_Respiratory
GCA_033090695.1,CF_Respiratory
GCA_033090735.1,CF_Respiratory
GCA_033090755.1,CF_Respiratory
GCA_033090775.1,CF_Respiratory
GCA_033090795.1,CF_Respiratory
GCA_033090815.1,CF_Respiratory
GCA_033090835.1,CF_Respiratory
GCA_033090845.1,CF_Respiratory
GCA_033090875.1,CF_Respiratory
GCA_033090905.1,CF_Respiratory
GCA_033090895.1,CF_Respiratory
GCA_033090935.1,CF_Respiratory
GCA_033090945.1,CF_Respiratory
GCA_033090975.1,CF_Respiratory
GCA_033090995.1,CF_Respiratory
GCA_033091015.1,CF_Respiratory
GCA_033091035.1,CF_Respiratory
GCA_033091055.1,CF_Respiratory
GCA_033091075.1,CF_Respiratory
GCA_033091095.1,CF_Respiratory
GCA_033091115.1,CF_Respiratory
GCA_033091135.1,CF_Respiratory
GCA_033091155.1,CF_Respiratory
GCA_033091175.1,CF_Respiratory
GCA_033091195.1,CF_Respiratory
GCA_033091215.1,CF_Respiratory
GCA_033091235.1,CF_Respiratory
GCA_033091255.1,CF_Respiratory
GCA_033091275.1,CF_Respiratory
GCA_033091295.1,CF_Respiratory
GCA_033091315.1,CF_Respiratory
GCA_033091335.1,CF_Respiratory
GCA_033091355.1,CF_Respiratory
GCA_033091375.1,CF_Respiratory
GCA_033091395.1,CF_Respiratory
GCA_033091415.1,CF_Respiratory
GCA_033091435.1,CF_Respiratory
GCA_033091455.1,CF_Respiratory
GCA_033091475.1,CF_Respiratory
GCA_033091495.1,CF_Respiratory
GCA_033091515.1,CF_Respiratory
GCA_033091535.1,CF_Respiratory
GCA_033091555.1,CF_Respiratory
GCA_033091575.1,CF_Respiratory
GCA_033091595.1,CF_Respiratory
GCA_033091615.1,CF_Respiratory
GCA_033091635.1,CF_Respiratory
GCA_033091655.1,CF_Respiratory
GCA_033091715.1,CF_Respiratory
GCA_033091795.1,CF_Respiratory
GCA_033186895.2,Skin_Soft_Tissue
GCA_033138085.1,Urinary
GCA_033137885.2,Urinary
GCA_033147455.2,Urinary
GCA_033108345.1,Respiratory
GCA_033180605.3,Urinary
GCA_033180265.2,Gastrointestinal
GCA_033180245.1,Gastrointestinal
GCA_033180205.1,Gastrointestinal
GCA_033180145.1,Gastrointestinal
GCA_033175145.1,Urinary
GCA_033140525.1,Skin_Soft_Tissue
GCA_033140545.1,Skin_Soft_Tissue
GCA_033140565.1,Skin_Soft_Tissue
GCA_033140585.1,Skin_Soft_Tissue
GCA_033140605.1,Skin_Soft_Tissue
GCA_033140625.1,Skin_Soft_Tissue
GCA_033140645.1,Skin_Soft_Tissue
GCA_033140685.1,Skin_Soft_Tissue
GCA_033140705.1,Skin_Soft_Tissue
GCA_033140725.1,Skin_Soft_Tissue
GCA_033140745.1,Skin_Soft_Tissue
GCA_033140765.1,Skin_Soft_Tissue
GCA_033140785.1,Skin_Soft_Tissue
GCA_033140805.1,Skin_Soft_Tissue
GCA_033140825.1,Skin_Soft_Tissue
GCA_033140845.1,Skin_Soft_Tissue
GCA_033140865.1,Skin_Soft_Tissue
GCA_033140885.1,Skin_Soft_Tissue
GCA_033140905.1,Skin_Soft_Tissue
GCA_033140925.1,Skin_Soft_Tissue
GCA_033140945.1,Skin_Soft_Tissue
GCA_033140965.1,Skin_Soft_Tissue
GCA_033140985.1,Skin_Soft_Tissue
GCA_033142615.1,Skin_Soft_Tissue
GCA_033142635.1,Skin_Soft_Tissue
GCA_033142655.1,Skin_Soft_Tissue
GCA_033142675.1,Skin_Soft_Tissue
GCA_033142695.1,Skin_Soft_Tissue
GCA_033142735.1,Skin_Soft_Tissue
GCA_033142755.1,Skin_Soft_Tissue
GCA_021644285.3,Skin_Soft_Tissue
GCA_021669335.3,Skin_Soft_Tissue
GCA_021661475.3,Skin_Soft_Tissue
GCA_021660875.3,Skin_Soft_Tissue
GCA_033264085.1,Bloodstream
GCA_021660855.2,Skin_Soft_Tissue
GCA_021646285.2,Skin_Soft_Tissue
GCA_033282945.1,Bloodstream
GCA_033335935.1,Ocular
GCA_033345415.2,Soil
GCA_033374175.1,Urinary
GCA_033375015.1,Urinary
GCA_033375815.1,Urinary
GCA_033378895.1,Bloodstream
GCA_021645225.2,Urinary
GCA_028053975.4,Respiratory
GCA_033677925.1,Respiratory
GCA_033655545.1,Respiratory
GCA_033655585.1,Respiratory
GCA_033655525.1,Respiratory
GCA_033656905.1,Respiratory
GCA_033656885.1,Respiratory
GCA_033677945.1,Respiratory
GCA_033655565.1,Respiratory
GCA_033656865.1,Respiratory
GCA_033656845.1,Respiratory
GCA_033656825.1,Respiratory
GCA_033662985.1,Respiratory
GCA_033655505.1,Respiratory
GCA_033656805.1,Respiratory
GCA_033677905.1,Respiratory
GCA_033664225.1,Respiratory
GCA_033655445.1,Respiratory
GCA_033655485.1,Respiratory
GCA_033655465.1,Respiratory
GCA_033656785.1,Respiratory
GCA_033655425.1,Respiratory
GCA_033656765.1,Respiratory
GCA_033655405.1,Respiratory
GCA_033655365.1,Respiratory
GCA_033662905.1,Respiratory
GCA_033656745.1,Respiratory
GCA_033655385.1,Respiratory
GCA_033655345.1,Respiratory
GCA_033655305.1,Respiratory
GCA_033662935.1,Respiratory
GCA_033655325.1,Respiratory
GCA_033677885.1,Respiratory
GCA_033660505.1,Respiratory
GCA_033660475.1,Respiratory
GCA_033656725.1,Respiratory
GCA_033656685.1,Respiratory
GCA_033655285.1,Respiratory
GCA_033655245.1,Respiratory
GCA_033655205.1,Respiratory
GCA_033677825.1,Respiratory
GCA_033660405.1,Respiratory
GCA_033677845.1,Respiratory
GCA_033655225.1,Respiratory
GCA_033655265.1,Respiratory
GCA_033656705.1,Respiratory
GCA_033664165.1,Respiratory
GCA_033655115.1,Respiratory
GCA_033657535.1,Urinary
GCA_034494205.1,Skin_Soft_Tissue
GCA_033726175.1,Urinary
GCA_033822055.1,Urinary
GCA_033822035.1,Gastrointestinal
GCA_033822015.1,Skin_Soft_Tissue
GCA_033821935.1,Urinary
GCA_033821955.1,Bloodstream
GCA_028053955.3,Respiratory
GCA_021666815.3,Skin_Soft_Tissue
GCA_021669275.3,Skin_Soft_Tissue
GCA_021660795.4,Skin_Soft_Tissue
GCA_022916475.3,Urinary
GCA_022915975.2,Urinary
GCA_022593675.3,Respiratory
GCA_028366335.3,Gastrointestinal
GCA_028366535.3,Respiratory
GCA_033821315.1,Respiratory
GCA_033796445.1,Medical_Device
GCA_033796485.1,Skin_Soft_Tissue
GCA_033796495.1,Water
GCA_033796585.1,Skin_Soft_Tissue
GCA_033796595.1,Water
GCA_033796645.1,Ear_Nose_Throat
GCA_033796665.1,Water
GCA_033796765.1,Water
GCA_033796775.1,Water
GCA_033796805.1,Ear_Nose_Throat
GCA_033796825.1,Water
GCA_033796845.1,Ear_Nose_Throat
GCA_033796865.1,Skin_Soft_Tissue
GCA_033796885.1,Water
GCA_033796905.1,Urinary
GCA_033796925.1,Respiratory
GCA_033796945.1,Respiratory
GCA_033796965.1,Respiratory
GCA_033797005.1,Respiratory
GCA_033797025.1,Respiratory
GCA_033797035.1,Respiratory
GCA_033797065.1,Respiratory
GCA_033797075.1,Respiratory
GCA_033797105.1,Respiratory
GCA_033797125.1,Respiratory
GCA_033797155.1,Respiratory
GCA_033797145.1,Respiratory
GCA_033797165.1,Respiratory
GCA_033797175.1,Respiratory
GCA_033797225.1,Respiratory
GCA_033797245.1,Respiratory
GCA_033797275.1,Respiratory
GCA_033797285.1,Respiratory
GCA_033797325.1,Respiratory
GCA_033797345.1,Respiratory
GCA_033797395.1,Respiratory
GCA_033797415.1,Respiratory
GCA_033797435.1,Respiratory
GCA_033797455.1,Respiratory
GCA_033797475.1,Respiratory
GCA_033797495.1,Respiratory
GCA_033797515.1,Respiratory
GCA_033797535.1,Respiratory
GCA_033797575.1,Respiratory
GCA_033797595.1,Respiratory
GCA_033797615.1,Respiratory
GCA_033797635.1,Respiratory
GCA_033797675.1,Water
GCA_033797695.1,Ear_Nose_Throat
GCA_033797385.1,Respiratory
GCA_033797365.1,Respiratory
GCA_033797375.1,Respiratory
GCA_033797745.1,Respiratory
GCA_033797765.1,Respiratory
GCA_033797785.1,Ear_Nose_Throat
GCA_033797805.1,Respiratory
GCA_033797825.1,Respiratory
GCA_033797845.1,Respiratory
GCA_033797865.1,Respiratory
GCA_033797885.1,Respiratory
GCA_033797905.1,Respiratory
GCA_033797925.1,Respiratory
GCA_033797945.1,Respiratory
GCA_033797965.1,Bloodstream
GCA_033797985.1,Bloodstream
GCA_033798005.1,Gastrointestinal
GCA_033798015.1,Ear_Nose_Throat
GCA_033798045.1,Respiratory
GCA_033798065.1,Skin_Soft_Tissue
GCA_033798125.1,Gastrointestinal
GCA_033798145.1,Water
GCA_033798225.1,Water
GCA_033798265.1,Respiratory
GCA_033798305.1,Medical_Device
GCA_033798325.1,Skin_Soft_Tissue
GCA_033798345.1,Respiratory
GCA_033798365.1,Skin_Soft_Tissue
GCA_033798385.1,Respiratory
GCA_033798425.1,Respiratory
GCA_033798395.1,Respiratory
GCA_033798445.1,Respiratory
GCA_033850335.1,Respiratory
GCA_033850255.1,Respiratory
GCA_033850235.1,Respiratory
GCA_033895945.1,Gastrointestinal
GCA_033895925.1,Respiratory
GCA_033895905.1,Respiratory
GCA_033895825.1,Ear_Nose_Throat
GCA_033895845.1,Skin_Soft_Tissue
GCA_033895805.1,Skin_Soft_Tissue
GCA_033895745.1,Bloodstream
GCA_033895785.1,Respiratory
GCA_033895765.1,Skin_Soft_Tissue
GCA_033895705.1,Urinary
GCA_033895685.1,Urinary
GCA_033895625.1,Respiratory
GCA_033895645.1,Respiratory
GCA_033895585.1,Skin_Soft_Tissue
GCA_033895605.1,Skin_Soft_Tissue
GCA_033895565.1,Urinary
GCA_033895525.1,Urinary
GCA_033895505.1,Respiratory
GCA_033895485.1,Respiratory
GCA_033895465.1,Skin_Soft_Tissue
GCA_033895445.1,Urinary
GCA_033895425.1,Bloodstream
GCA_033895405.1,Bloodstream
GCA_033895345.1,Urinary
GCA_033895365.1,Urinary
GCA_033895305.1,Urinary
GCA_033895325.1,Respiratory
GCA_033895285.1,Respiratory
GCA_033871455.1,Respiratory
GCA_033895185.1,Skin_Soft_Tissue
GCA_033895195.1,Urinary
GCA_033895145.1,Respiratory
GCA_033895125.1,Respiratory
GCA_033895085.1,Skin_Soft_Tissue
GCA_033895065.1,Respiratory
GCA_033895025.1,Respiratory
GCA_033895045.1,Respiratory
GCA_033895005.1,Respiratory
GCA_033894925.1,Respiratory
GCA_033894945.1,Respiratory
GCA_033894905.1,Respiratory
GCA_033894885.1,Respiratory
GCA_033894865.1,Respiratory
GCA_033894845.1,Skin_Soft_Tissue
GCA_033894805.1,Skin_Soft_Tissue
GCA_033894745.1,Respiratory
GCA_033894765.1,Urinary
GCA_033894785.1,Urinary
GCA_033894705.1,Respiratory
GCA_033894725.1,Respiratory
GCA_033894685.1,Skin_Soft_Tissue
GCA_033894645.1,Bloodstream
GCA_033894595.1,Respiratory
GCA_033894625.1,Respiratory
GCA_033894585.1,Skin_Soft_Tissue
GCA_033894545.1,Respiratory
GCA_033894565.1,Skin_Soft_Tissue
GCA_033894505.1,Respiratory
GCA_033894525.1,Respiratory
GCA_033894465.1,Respiratory
GCA_033894485.1,Respiratory
GCA_033894445.1,Skin_Soft_Tissue
GCA_033894425.1,Urinary
GCA_033894385.1,Respiratory
GCA_033894365.1,Respiratory
GCA_033894345.1,Respiratory
GCA_033894305.1,Respiratory
GCA_033894325.1,Respiratory
GCA_033894245.1,Bloodstream
GCA_033894205.1,Respiratory
GCA_033894225.1,Respiratory
GCA_033894185.1,Respiratory
GCA_033894145.1,Respiratory
GCA_033894165.1,Respiratory
GCA_033871395.1,Respiratory
GCA_033894105.1,Respiratory
GCA_033894085.1,Respiratory
GCA_033894045.1,Skin_Soft_Tissue
GCA_033894025.1,Urinary
GCA_033894005.1,Urinary
GCA_033893985.1,Urinary
GCA_033893965.1,Urinary
GCA_033893945.1,Respiratory
GCA_033893925.1,Respiratory
GCA_033893905.1,Respiratory
GCA_033893885.1,Skin_Soft_Tissue
GCA_033893865.1,Respiratory
GCA_033893845.1,Respiratory
GCA_033893825.1,Skin_Soft_Tissue
GCA_033893805.1,Skin_Soft_Tissue
GCA_033893785.1,Skin_Soft_Tissue
GCA_033893765.1,Respiratory
GCA_033893745.1,Respiratory
GCA_033893725.1,Respiratory
GCA_033893705.1,Respiratory
GCA_033893665.1,Bloodstream
GCA_033893685.1,Respiratory
GCA_033893625.1,Skin_Soft_Tissue
GCA_033893585.1,Respiratory
GCA_033893605.1,Respiratory
GCA_033893565.1,Urinary
GCA_033893545.1,Skin_Soft_Tissue
GCA_033893525.1,Ear_Nose_Throat
GCA_033893505.1,Respiratory
GCA_033893445.1,Respiratory
GCA_033893465.1,Respiratory
GCA_033893485.1,Respiratory
GCA_033893425.1,Respiratory
GCA_033893385.1,Respiratory
GCA_033893405.1,Respiratory
GCA_033893365.1,Respiratory
GCA_033893305.1,Skin_Soft_Tissue
GCA_033893325.1,Respiratory
GCA_033893285.1,Respiratory
GCA_033893265.1,Respiratory
GCA_033871095.1,Respiratory
GCA_033893245.1,Bloodstream
GCA_033893205.1,Bloodstream
GCA_033893225.1,Bloodstream
GCA_033893185.1,Respiratory
GCA_033893165.1,Respiratory
GCA_033893145.1,Respiratory
GCA_033871055.1,Respiratory
GCA_033893125.1,Respiratory
GCA_033893065.1,Ear_Nose_Throat
GCA_033893085.1,Respiratory
GCA_033893105.1,Respiratory
GCA_033893025.1,Respiratory
GCA_033892985.1,Respiratory
GCA_033892945.1,Respiratory
GCA_033892925.1,Skin_Soft_Tissue
GCA_033892905.1,Skin_Soft_Tissue
GCA_033892875.1,Bloodstream
GCA_033892865.1,Bloodstream
GCA_033892785.1,Skin_Soft_Tissue
GCA_033892765.1,Respiratory
GCA_033892745.1,Respiratory
GCA_033875075.1,Skin_Soft_Tissue
GCA_033875135.1,Respiratory
GCA_033875095.1,Respiratory
GCA_033875055.1,Respiratory
GCA_033871415.1,Respiratory
GCA_033875035.1,Urinary
GCA_033875015.1,Urinary
GCA_033874995.1,Urinary
GCA_033874955.1,Urinary
GCA_033874935.1,Urinary
GCA_033874915.1,Urinary
GCA_033873015.1,Urinary
GCA_033874895.1,Skin_Soft_Tissue
GCA_033874975.1,Urinary
GCA_033874875.1,Respiratory
GCA_033874855.1,Respiratory
GCA_033872415.1,Respiratory
GCA_033874795.1,Respiratory
GCA_033872395.1,Respiratory
GCA_033874815.1,Respiratory
GCA_033874775.1,Respiratory
GCA_033892685.1,Respiratory
GCA_033874755.1,Respiratory
GCA_033871355.1,Skin_Soft_Tissue
GCA_033874735.1,Skin_Soft_Tissue
GCA_033892725.1,Skin_Soft_Tissue
GCA_033874835.1,Skin_Soft_Tissue
GCA_033874695.1,Skin_Soft_Tissue
GCA_033872375.1,Skin_Soft_Tissue
GCA_033872295.1,Respiratory
GCA_033874675.1,Respiratory
GCA_033874635.1,Respiratory
GCA_033874595.1,Respiratory
GCA_033874615.1,Respiratory
GCA_033874575.1,Skin_Soft_Tissue
GCA_033874535.1,Skin_Soft_Tissue
GCA_033874555.1,Bloodstream
GCA_033874515.1,Urinary
GCA_033872315.1,Urinary
GCA_033874495.1,Skin_Soft_Tissue
GCA_033874455.1,Skin_Soft_Tissue
GCA_033874435.1,Urinary
GCA_033874475.1,Respiratory
GCA_033874385.1,Respiratory
GCA_033892695.1,Respiratory
GCA_033872275.1,Respiratory
GCA_033874415.1,Respiratory
GCA_033874335.1,Skin_Soft_Tissue
GCA_033874375.1,Skin_Soft_Tissue
GCA_033874355.1,Skin_Soft_Tissue
GCA_033872215.1,Skin_Soft_Tissue
GCA_033872235.1,Skin_Soft_Tissue
GCA_033872995.1,Respiratory
GCA_033874295.1,Skin_Soft_Tissue
GCA_033874275.1,Respiratory
GCA_033874235.1,Bloodstream
GCA_033873855.1,Urinary
GCA_033874215.1,Urinary
GCA_033872195.1,Urinary
GCA_033874195.1,Skin_Soft_Tissue
GCA_033874175.1,Skin_Soft_Tissue
GCA_033873815.1,Respiratory
GCA_033892645.1,Skin_Soft_Tissue
GCA_033874135.1,Respiratory
GCA_033871035.1,Respiratory
GCA_033874155.1,Respiratory
GCA_033874115.1,Respiratory
GCA_033874075.1,Bloodstream
GCA_033873795.1,Urinary
GCA_033955295.1,Respiratory
GCA_033874095.1,Skin_Soft_Tissue
GCA_033870995.1,Bloodstream
GCA_033872955.1,Urinary
GCA_033870975.1,Respiratory
GCA_033874035.1,Respiratory
GCA_033873835.1,Respiratory
GCA_033874045.1,Respiratory
GCA_033871015.1,Skin_Soft_Tissue
GCA_033873995.1,Respiratory
GCA_033873975.1,Skin_Soft_Tissue
GCA_033873915.1,Respiratory
GCA_033870955.1,Skin_Soft_Tissue
GCA_033873935.1,Skin_Soft_Tissue
GCA_033873715.1,Respiratory
GCA_033873735.1,Respiratory
GCA_033873675.1,Respiratory
GCA_033873685.1,Respiratory
GCA_033872975.1,Skin_Soft_Tissue
GCA_033873635.1,Skin_Soft_Tissue
GCA_033873655.1,Respiratory
GCA_033873615.1,Respiratory
GCA_033873575.1,Skin_Soft_Tissue
GCA_033873595.1,Skin_Soft_Tissue
GCA_033873555.1,Urinary
GCA_033873535.1,Urinary
GCA_033870935.1,Respiratory
GCA_033873515.1,Respiratory
GCA_033955245.1,Respiratory
GCA_033873495.1,Respiratory
GCA_033872135.1,Respiratory
GCA_033870915.1,Respiratory
GCA_033873435.1,Skin_Soft_Tissue
GCA_033873475.1,Respiratory
GCA_033873415.1,Respiratory
GCA_033872095.1,Respiratory
GCA_033872075.1,Respiratory
GCA_033873455.1,Respiratory
GCA_033873395.1,Skin_Soft_Tissue
GCA_033873375.1,Skin_Soft_Tissue
GCA_033872115.1,Bloodstream
GCA_033870855.1,Bloodstream
GCA_033873335.1,Urinary
GCA_033873315.1,Respiratory
GCA_033873275.1,Skin_Soft_Tissue
GCA_033871475.1,Respiratory
GCA_033872035.1,Urinary
GCA_033873285.1,Respiratory
GCA_033872895.1,Respiratory
GCA_033871495.1,Respiratory
GCA_033873255.1,Respiratory
GCA_033872875.1,Skin_Soft_Tissue
GCA_033873215.1,Respiratory
GCA_033873195.1,Respiratory
GCA_033872775.1,Bloodstream
GCA_033873155.1,Respiratory
GCA_033870875.1,Bloodstream
GCA_033872855.1,Respiratory
GCA_033873175.1,Urinary
GCA_033873135.1,Urinary
GCA_033872815.1,Urinary
GCA_033870895.1,Urinary
GCA_033872835.1,Respiratory
GCA_033872795.1,Respiratory
GCA_033872745.1,Bloodstream
GCA_033873095.1,Respiratory
GCA_033872735.1,Bloodstream
GCA_033871295.1,Skin_Soft_Tissue
GCA_033872715.1,Respiratory
GCA_033871315.1,Respiratory
GCA_033870815.1,Skin_Soft_Tissue
GCA_033871975.1,Urinary
GCA_033872675.1,Respiratory
GCA_033892625.1,Respiratory
GCA_033872635.1,Respiratory
GCA_033892605.1,Bloodstream
GCA_033871955.1,Urinary
GCA_033872655.1,Skin_Soft_Tissue
GCA_033871915.1,Urinary
GCA_033871275.1,Respiratory
GCA_033871935.1,Urinary
GCA_033871235.1,Urinary
GCA_033872615.1,Urinary
GCA_033872595.1,Respiratory
GCA_033872575.1,Respiratory
GCA_033873955.1,Urinary
GCA_033872555.1,Respiratory
GCA_033872535.1,Respiratory
GCA_033871895.1,Urinary
GCA_033892585.1,Respiratory
GCA_033872495.1,Urinary
GCA_033872515.1,Respiratory
GCA_033871875.1,Respiratory
GCA_033871855.1,Skin_Soft_Tissue
GCA_033871815.1,Skin_Soft_Tissue
GCA_033871835.1,Skin_Soft_Tissue
GCA_033871775.1,Skin_Soft_Tissue
GCA_033892545.1,Respiratory
GCA_033871255.1,Respiratory
GCA_033871215.1,Bloodstream
GCA_033871755.1,Respiratory
GCA_033871735.1,Respiratory
GCA_033871705.1,Skin_Soft_Tissue
GCA_033871155.1,Respiratory
GCA_033871695.1,Respiratory
GCA_033871635.1,Urinary
GCA_033871675.1,Bloodstream
GCA_033871615.1,Urinary
GCA_033871565.1,Urinary
GCA_033871135.1,Bloodstream
GCA_033871175.1,Respiratory
GCA_033871555.1,Urinary
GCA_033872435.1,Urinary
GCA_033871535.1,Urinary
GCA_033892565.1,Urinary
GCA_033892525.1,Bloodstream
GCA_033892505.1,Respiratory
GCA_033892445.1,Respiratory
GCA_033892425.1,Respiratory
GCA_033892385.1,Urinary
GCA_033892365.1,Urinary
GCA_033892345.1,Urinary
GCA_033892325.1,Respiratory
GCA_033892285.1,Respiratory
GCA_033892205.1,Skin_Soft_Tissue
GCA_033892165.1,Skin_Soft_Tissue
GCA_033892145.1,Respiratory
GCA_033892105.1,Respiratory
GCA_033892085.1,Respiratory
GCA_033892065.1,Respiratory
GCA_033892025.1,Urinary
GCA_033892005.1,Respiratory
GCA_033892045.1,Respiratory
GCA_033891985.1,Respiratory
GCA_033891965.1,Ear_Nose_Throat
GCA_033891905.1,Respiratory
GCA_033891885.1,Urinary
GCA_033891865.1,Skin_Soft_Tissue
GCA_033891845.1,Skin_Soft_Tissue
GCA_033891825.1,Respiratory
GCA_033891805.1,Respiratory
GCA_033891785.1,Respiratory
GCA_033891725.1,Respiratory
GCA_033891745.1,Respiratory
GCA_033891705.1,Respiratory
GCA_033891685.1,Respiratory
GCA_033891665.1,Skin_Soft_Tissue
GCA_033891645.1,Respiratory
GCA_033891605.1,Skin_Soft_Tissue
GCA_033891585.1,Respiratory
GCA_033891565.1,Skin_Soft_Tissue
GCA_033891545.1,Bloodstream
GCA_033891525.1,Urinary
GCA_033891505.1,Urinary
GCA_033891485.1,Respiratory
GCA_033891425.1,Bloodstream
GCA_033891385.1,Bloodstream
GCA_033891405.1,Urinary
GCA_033891365.1,Skin_Soft_Tissue
GCA_033891345.1,Respiratory
GCA_033891325.1,Respiratory
GCA_033891305.1,Respiratory
GCA_033891285.1,Respiratory
GCA_033891245.1,Respiratory
GCA_033891225.1,Bloodstream
GCA_033891185.1,Skin_Soft_Tissue
GCA_033891205.1,Urinary
GCA_033891145.1,Urinary
GCA_033891125.1,Respiratory
GCA_033891165.1,Respiratory
GCA_033891105.1,Respiratory
GCA_033891085.1,Respiratory
GCA_033891035.1,Respiratory
GCA_033891065.1,Respiratory
GCA_033891005.1,Skin_Soft_Tissue
GCA_033890985.1,Bloodstream
GCA_033890965.1,Respiratory
GCA_033890935.1,Urinary
GCA_033890885.1,Respiratory
GCA_033890895.1,Urinary
GCA_033890825.1,Skin_Soft_Tissue
GCA_033890845.1,Skin_Soft_Tissue
GCA_033890805.1,Respiratory
GCA_033890725.1,Respiratory
GCA_033890745.1,Respiratory
GCA_033890755.1,Urinary
GCA_033890705.1,Urinary
GCA_033890685.1,Respiratory
GCA_033890625.1,Respiratory
GCA_033890665.1,Respiratory
GCA_033890595.1,Urinary
GCA_033890585.1,Respiratory
GCA_033890565.1,Respiratory
GCA_033890525.1,Respiratory
GCA_033890545.1,Respiratory
GCA_033890505.1,Skin_Soft_Tissue
GCA_033890445.1,Bloodstream
GCA_033955385.1,Respiratory
GCA_033890485.1,Urinary
GCA_033890465.1,Bloodstream
GCA_033890405.1,Respiratory
GCA_033890325.1,Respiratory
GCA_033890385.1,Ear_Nose_Throat
GCA_033890365.1,Urinary
GCA_033890345.1,Skin_Soft_Tissue
GCA_033890305.1,Skin_Soft_Tissue
GCA_033890225.1,Respiratory
GCA_033890265.1,Respiratory
GCA_033890245.1,Respiratory
GCA_033890205.1,Urinary
GCA_033890125.1,Respiratory
GCA_033890285.1,Respiratory
GCA_033890185.1,Respiratory
GCA_033890155.1,Urinary
GCA_033890065.1,Urinary
GCA_033890145.1,Respiratory
GCA_033890095.1,Respiratory
GCA_033890045.1,Respiratory
GCA_033890085.1,Urinary
GCA_033890025.1,Urinary
GCA_033889965.1,Respiratory
GCA_033889985.1,Respiratory
GCA_033889925.1,Urinary
GCA_033889945.1,Urinary
GCA_033889825.1,Ear_Nose_Throat
GCA_033889865.1,Skin_Soft_Tissue
GCA_033889845.1,Bloodstream
GCA_033889905.1,Urinary
GCA_033889805.1,Bloodstream
GCA_033889785.1,Respiratory
GCA_033889765.1,Urinary
GCA_033889725.1,Skin_Soft_Tissue
GCA_033889745.1,Respiratory
GCA_033889705.1,Respiratory
GCA_033889625.1,Urinary
GCA_033889645.1,Respiratory
GCA_033889605.1,Respiratory
GCA_033889585.1,Respiratory
GCA_033889565.1,Urinary
GCA_033889545.1,Respiratory
GCA_033889505.1,Respiratory
GCA_033889525.1,Skin_Soft_Tissue
GCA_033889485.1,Urinary
GCA_033889465.1,Urinary
GCA_033889445.1,Respiratory
GCA_033889405.1,Respiratory
GCA_033889425.1,Respiratory
GCA_033889385.1,Skin_Soft_Tissue
GCA_033889365.1,Urinary
GCA_033889345.1,Bloodstream
GCA_033889285.1,Respiratory
GCA_033889325.1,Respiratory
GCA_033889305.1,Bloodstream
GCA_033889205.1,Urinary
GCA_033889235.1,Urinary
GCA_033889185.1,Respiratory
GCA_033889195.1,Medical_Device
GCA_033889155.1,Respiratory
GCA_033889145.1,Respiratory
GCA_033889115.1,Respiratory
GCA_033889105.1,Respiratory
GCA_033889005.1,Bloodstream
GCA_033889025.1,Respiratory
GCA_033888945.1,Respiratory
GCA_033888965.1,Respiratory
GCA_033888925.1,Respiratory
GCA_033888985.1,Skin_Soft_Tissue
GCA_033888905.1,Skin_Soft_Tissue
GCA_033888885.1,Respiratory
GCA_033888865.1,Urinary
GCA_033888825.1,Skin_Soft_Tissue
GCA_033888805.1,Urinary
GCA_033888765.1,Respiratory
GCA_033888785.1,Respiratory
GCA_033888745.1,Respiratory
GCA_033888705.1,Respiratory
GCA_033888725.1,Bloodstream
GCA_033888685.1,Respiratory
GCA_033888645.1,Respiratory
GCA_033888655.1,Respiratory
GCA_033888625.1,Respiratory
GCA_033888595.1,Skin_Soft_Tissue
GCA_033888585.1,Skin_Soft_Tissue
GCA_033888525.1,Urinary
GCA_033888485.1,Respiratory
GCA_033888425.1,Respiratory
GCA_033888445.1,Respiratory
GCA_033888385.1,Skin_Soft_Tissue
GCA_033888405.1,Skin_Soft_Tissue
GCA_033888365.1,Respiratory
GCA_033888345.1,Respiratory
GCA_033888325.1,Urinary
GCA_033888305.1,Urinary
GCA_033888285.1,Urinary
GCA_033888225.1,Skin_Soft_Tissue
GCA_033888185.1,Skin_Soft_Tissue
GCA_033888265.1,Ear_Nose_Throat
GCA_033888125.1,Respiratory
GCA_033888105.1,Bloodstream
GCA_033888045.1,Skin_Soft_Tissue
GCA_033888065.1,Skin_Soft_Tissue
GCA_033888025.1,Skin_Soft_Tissue
GCA_033888005.1,Respiratory
GCA_033887945.1,Respiratory
GCA_033887985.1,Respiratory
GCA_033887905.1,Respiratory
GCA_033887965.1,Bloodstream
GCA_033887885.1,Urinary
GCA_033887845.1,Urinary
GCA_033887865.1,Respiratory
GCA_033887765.1,Urinary
GCA_033887805.1,Respiratory
GCA_033887745.1,Urinary
GCA_033887645.1,Skin_Soft_Tissue
GCA_033887605.1,Skin_Soft_Tissue
GCA_033887625.1,Respiratory
GCA_033887565.1,Respiratory
GCA_033887585.1,Urinary
GCA_033887545.1,Skin_Soft_Tissue
GCA_033887465.1,Skin_Soft_Tissue
GCA_033887485.1,Respiratory
GCA_033887425.1,Respiratory
GCA_033887445.1,Respiratory
GCA_033887405.1,Respiratory
GCA_033887385.1,Respiratory
GCA_033887345.1,Respiratory
GCA_033887365.1,Respiratory
GCA_033887325.1,Respiratory
GCA_033887305.1,Respiratory
GCA_033887265.1,Respiratory
GCA_033887245.1,Skin_Soft_Tissue
GCA_033887205.1,Urinary
GCA_033887165.1,Respiratory
GCA_033887145.1,Respiratory
GCA_033887125.1,Respiratory
GCA_033887105.1,Respiratory
GCA_033887065.1,Respiratory
GCA_033887085.1,Respiratory
GCA_033887015.1,Urinary
GCA_033887045.1,Urinary
GCA_033886985.1,Respiratory
GCA_033886965.1,Respiratory
GCA_033886945.1,Respiratory
GCA_033886925.1,Respiratory
GCA_033886905.1,Respiratory
GCA_033886885.1,Skin_Soft_Tissue
GCA_033886845.1,Respiratory
GCA_033886825.1,Respiratory
GCA_033886785.1,Respiratory
GCA_033886765.1,Respiratory
GCA_033886745.1,Skin_Soft_Tissue
GCA_033886725.1,Respiratory
GCA_033886705.1,Respiratory
GCA_033886645.1,Skin_Soft_Tissue
GCA_033886665.1,Respiratory
GCA_033886585.1,Respiratory
GCA_033886625.1,Urinary
GCA_033886605.1,Urinary
GCA_033886545.1,Skin_Soft_Tissue
GCA_033886525.1,Skin_Soft_Tissue
GCA_033886555.1,Respiratory
GCA_033886505.1,Respiratory
GCA_033886485.1,Respiratory
GCA_033886445.1,Bloodstream
GCA_033886465.1,Respiratory
GCA_033886405.1,Urinary
GCA_033886425.1,Urinary
GCA_033886385.1,Respiratory
GCA_033886365.1,Respiratory
GCA_033886325.1,Skin_Soft_Tissue
GCA_033886345.1,Skin_Soft_Tissue
GCA_033886285.1,Skin_Soft_Tissue
GCA_033886225.1,Skin_Soft_Tissue
GCA_033886245.1,Respiratory
GCA_033886265.1,Respiratory
GCA_033886185.1,Respiratory
GCA_033886205.1,Ear_Nose_Throat
GCA_033886165.1,Respiratory
GCA_033886145.1,Respiratory
GCA_033886125.1,Bloodstream
GCA_033886105.1,Urinary
GCA_033886065.1,Respiratory
GCA_033886025.1,Respiratory
GCA_033886045.1,Respiratory
GCA_033885985.1,Respiratory
GCA_033885965.1,Urinary
GCA_033885925.1,Respiratory
GCA_033885945.1,Urinary
GCA_033885905.1,Respiratory
GCA_033885885.1,Respiratory
GCA_033885845.1,Bloodstream
GCA_033885825.1,Urinary
GCA_033885865.1,Skin_Soft_Tissue
GCA_033885805.1,Skin_Soft_Tissue
GCA_033885785.1,Skin_Soft_Tissue
GCA_033885765.1,Respiratory
GCA_033885745.1,Respiratory
GCA_033885705.1,Respiratory
GCA_033885665.1,Skin_Soft_Tissue
GCA_033885645.1,Skin_Soft_Tissue
GCA_033885605.1,Skin_Soft_Tissue
GCA_033885565.1,Respiratory
GCA_033885625.1,Respiratory
GCA_033885545.1,Respiratory
GCA_033885525.1,Respiratory
GCA_033885505.1,Respiratory
GCA_033885465.1,Ear_Nose_Throat
GCA_033885425.1,Respiratory
GCA_033885445.1,Respiratory
GCA_033885385.1,Skin_Soft_Tissue
GCA_033885365.1,Respiratory
GCA_033885345.1,Respiratory
GCA_033885245.1,Respiratory
GCA_033885305.1,Respiratory
GCA_033885325.1,Skin_Soft_Tissue
GCA_033885205.1,Skin_Soft_Tissue
GCA_033885185.1,Urinary
GCA_033955325.1,Skin_Soft_Tissue
GCA_033885145.1,Respiratory
GCA_033885165.1,Respiratory
GCA_033885125.1,Respiratory
GCA_033885085.1,Skin_Soft_Tissue
GCA_033885105.1,Urinary
GCA_033885065.1,Respiratory
GCA_033885045.1,Skin_Soft_Tissue
GCA_033885005.1,Respiratory
GCA_033884985.1,Respiratory
GCA_033885025.1,Respiratory
GCA_033884945.1,Respiratory
GCA_033884855.1,Urinary
GCA_033884925.1,Urinary
GCA_033884835.1,Skin_Soft_Tissue
GCA_033884795.1,Urinary
GCA_033884775.1,Urinary
GCA_033884755.1,Urinary
GCA_033884715.1,Skin_Soft_Tissue
GCA_033884725.1,Respiratory
GCA_033884695.1,Respiratory
GCA_033884675.1,Respiratory
GCA_033884625.1,Skin_Soft_Tissue
GCA_033884645.1,Skin_Soft_Tissue
GCA_033884605.1,Bloodstream
GCA_033884585.1,Urinary
GCA_033884565.1,Urinary
GCA_033884545.1,Skin_Soft_Tissue
GCA_033884525.1,Urinary
GCA_033884505.1,Respiratory
GCA_033884465.1,Urinary
GCA_033884445.1,Skin_Soft_Tissue
GCA_033884405.1,Respiratory
GCA_033884385.1,Ear_Nose_Throat
GCA_033884365.1,Skin_Soft_Tissue
GCA_033884415.1,Urinary
GCA_033884345.1,Bloodstream
GCA_033884325.1,Urinary
GCA_033884265.1,Urinary
GCA_033884285.1,Skin_Soft_Tissue
GCA_033884305.1,Bloodstream
GCA_033884245.1,Respiratory
GCA_033884205.1,Bloodstream
GCA_033884175.1,Urinary
GCA_033884085.1,Urinary
GCA_033884145.1,Respiratory
GCA_033884095.1,Respiratory
GCA_033884125.1,Respiratory
GCA_033884065.1,Respiratory
GCA_033884045.1,Respiratory
GCA_033884015.1,Respiratory
GCA_033883985.1,Respiratory
GCA_033883975.1,Respiratory
GCA_033883935.1,Respiratory
GCA_033883915.1,Bloodstream
GCA_033883875.1,Respiratory
GCA_033883895.1,Respiratory
GCA_033883855.1,Respiratory
GCA_033883735.1,Urinary
GCA_033883715.1,Skin_Soft_Tissue
GCA_033883695.1,Skin_Soft_Tissue
GCA_033883675.1,Respiratory
GCA_033883635.1,Ear_Nose_Throat
GCA_033883655.1,Respiratory
GCA_033883615.1,Respiratory
GCA_033883595.1,Skin_Soft_Tissue
GCA_033883575.1,Respiratory
GCA_033883515.1,Respiratory
GCA_033883535.1,Urinary
GCA_033883555.1,Respiratory
GCA_033883415.1,Respiratory
GCA_033883455.1,Skin_Soft_Tissue
GCA_033883435.1,Respiratory
GCA_033883475.1,Respiratory
GCA_033883375.1,Respiratory
GCA_033883355.1,Respiratory
GCA_033883335.1,Skin_Soft_Tissue
GCA_033883315.1,Respiratory
GCA_033883255.1,Urinary
GCA_033883225.1,Urinary
GCA_033883205.1,Respiratory
GCA_033883185.1,Skin_Soft_Tissue
GCA_033883165.1,Respiratory
GCA_033883145.1,Urinary
GCA_033883115.1,Respiratory
GCA_033883095.1,Respiratory
GCA_033883065.1,Respiratory
GCA_033883045.1,Respiratory
GCA_033882965.1,Urinary
GCA_033882915.1,Respiratory
GCA_033882885.1,Respiratory
GCA_033882845.1,Respiratory
GCA_033882865.1,Respiratory
GCA_033882775.1,Respiratory
GCA_033882805.1,Urinary
GCA_033882735.1,Urinary
GCA_033879675.1,Respiratory
GCA_033879755.1,Urinary
GCA_033878895.1,Respiratory
GCA_033843105.1,Respiratory
GCA_033941945.1,Urinary
GCA_033941845.1,Skin_Soft_Tissue
GCA_033941585.1,Gastrointestinal
GCA_033938745.1,Skin_Soft_Tissue
GCA_033938765.1,Skin_Soft_Tissue
GCA_033938705.1,Skin_Soft_Tissue
GCA_033938685.1,Urinary
GCA_033938645.1,Respiratory
GCA_033938565.1,Urinary
GCA_033938585.1,Skin_Soft_Tissue
GCA_033938525.1,Skin_Soft_Tissue
GCA_033938465.1,Skin_Soft_Tissue
GCA_033938505.1,Bloodstream
GCA_033938445.1,Urinary
GCA_033938405.1,Respiratory
GCA_033938345.1,Bloodstream
GCA_033938305.1,Respiratory
GCA_033938325.1,Respiratory
GCA_033938285.1,Respiratory
GCA_033938225.1,Respiratory
GCA_033938245.1,Respiratory
GCA_033938205.1,Respiratory
GCA_033938265.1,Respiratory
GCA_033938185.1,Respiratory
GCA_033938165.1,Respiratory
GCA_033938125.1,Urinary
GCA_033938105.1,Bloodstream
GCA_033938085.1,Urinary
GCA_033938065.1,Urinary
GCA_033938045.1,Urinary
GCA_033938025.1,Urinary
GCA_033938005.1,Respiratory
GCA_033937985.1,Respiratory
GCA_033937965.1,Skin_Soft_Tissue
GCA_033937925.1,Bloodstream
GCA_033937905.1,Respiratory
GCA_033937885.1,Respiratory
GCA_033937845.1,Urinary
GCA_033937865.1,Respiratory
GCA_033937825.1,Respiratory
GCA_033937805.1,Respiratory
GCA_033937785.1,Respiratory
GCA_033937765.1,Respiratory
GCA_033937745.1,Respiratory
GCA_033937725.1,Respiratory
GCA_033937685.1,Skin_Soft_Tissue
GCA_033937665.1,Urinary
GCA_033937605.1,Respiratory
GCA_033937625.1,Respiratory
GCA_033937585.1,Respiratory
GCA_033937565.1,Ear_Nose_Throat
GCA_033937525.1,Urinary
GCA_033937505.1,Urinary
GCA_033937485.1,Urinary
GCA_033937545.1,Respiratory
GCA_033937445.1,Respiratory
GCA_033937405.1,Respiratory
GCA_033937365.1,Bloodstream
GCA_033937305.1,Urinary
GCA_033937325.1,Respiratory
GCA_033937285.1,Respiratory
GCA_033937265.1,Respiratory
GCA_033937165.1,Respiratory
GCA_033937145.1,Skin_Soft_Tissue
GCA_033936965.1,Skin_Soft_Tissue
GCA_033936705.1,Respiratory
GCA_033936485.1,Respiratory
GCA_033936265.1,Respiratory
GCA_033936085.1,Respiratory
GCA_033935825.1,Respiratory
GCA_033935605.1,Respiratory
GCA_033935365.1,Urinary
GCA_033935145.1,Urinary
GCA_033934945.1,Respiratory
GCA_033934905.1,Respiratory
GCA_033934725.1,Respiratory
GCA_033934525.1,Skin_Soft_Tissue
GCA_033934245.1,Urinary
GCA_033934265.1,Respiratory
GCA_033934025.1,Urinary
GCA_033933885.1,Respiratory
GCA_033933765.1,Urinary
GCA_033933745.1,Urinary
GCA_033933705.1,Respiratory
GCA_033933685.1,Respiratory
GCA_033933725.1,Respiratory
GCA_033933665.1,Respiratory
GCA_033933645.1,Urinary
GCA_033933625.1,Urinary
GCA_033933585.1,Respiratory
GCA_033933565.1,Skin_Soft_Tissue
GCA_033933545.1,Respiratory
GCA_033933525.1,Respiratory
GCA_033933485.1,Skin_Soft_Tissue
GCA_033933505.1,Skin_Soft_Tissue
GCA_033933425.1,Urinary
GCA_033933445.1,Urinary
GCA_033933405.1,Urinary
GCA_033933365.1,Respiratory
GCA_033933385.1,Respiratory
GCA_033933345.1,Skin_Soft_Tissue
GCA_033933305.1,Respiratory
GCA_033933325.1,Respiratory
GCA_033933285.1,Respiratory
GCA_033933265.1,Respiratory
GCA_033933245.1,Respiratory
GCA_033933225.1,Respiratory
GCA_033933205.1,Respiratory
GCA_033933185.1,Respiratory
GCA_033933145.1,Skin_Soft_Tissue
GCA_033933125.1,Skin_Soft_Tissue
GCA_033933105.1,Urinary
GCA_033933045.1,Urinary
GCA_033933065.1,Respiratory
GCA_033933005.1,Respiratory
GCA_033933025.1,Respiratory
GCA_033932945.1,Respiratory
GCA_033932965.1,Respiratory
GCA_033932925.1,Skin_Soft_Tissue
GCA_033932905.1,Respiratory
GCA_033932865.1,Respiratory
GCA_033932845.1,Respiratory
GCA_033932825.1,Skin_Soft_Tissue
GCA_033932805.1,Skin_Soft_Tissue
GCA_033932785.1,Urinary
GCA_033932745.1,Respiratory
GCA_033932685.1,Respiratory
GCA_033932665.1,Bloodstream
GCA_033932645.1,Urinary
GCA_033932625.1,Urinary
GCA_033932605.1,Skin_Soft_Tissue
GCA_033932565.1,Respiratory
GCA_033932585.1,Respiratory
GCA_033932485.1,Respiratory
GCA_033932545.1,Urinary
GCA_033932505.1,Respiratory
GCA_033932345.1,Respiratory
GCA_033932185.1,Bloodstream
GCA_033932045.1,Urinary
GCA_033931105.1,Skin_Soft_Tissue
GCA_033930925.1,Skin_Soft_Tissue
GCA_033930725.1,Respiratory
GCA_033930505.1,Respiratory
GCA_033930445.1,Skin_Soft_Tissue
GCA_033930385.1,Urinary
GCA_033930365.1,Respiratory
GCA_033930305.1,Respiratory
GCA_033930325.1,Respiratory
GCA_033930345.1,Respiratory
GCA_033930285.1,Respiratory
GCA_033930245.1,Skin_Soft_Tissue
GCA_033930205.1,Bloodstream
GCA_033930265.1,Skin_Soft_Tissue
GCA_033930165.1,Respiratory
GCA_033930145.1,Respiratory
GCA_033930125.1,Respiratory
GCA_033930085.1,Respiratory
GCA_033930105.1,Respiratory
GCA_033930065.1,Skin_Soft_Tissue
GCA_033930045.1,Skin_Soft_Tissue
GCA_033930025.1,Urinary
GCA_033929985.1,Respiratory
GCA_033929965.1,Ear_Nose_Throat
GCA_033929945.1,Skin_Soft_Tissue
GCA_033929925.1,Skin_Soft_Tissue
GCA_033929865.1,Skin_Soft_Tissue
GCA_033929905.1,Bloodstream
GCA_033929885.1,Urinary
GCA_033929845.1,Urinary
GCA_033929825.1,Urinary
GCA_033929785.1,Respiratory
GCA_033929805.1,Respiratory
GCA_033929765.1,Respiratory
GCA_033929745.1,Skin_Soft_Tissue
GCA_033929725.1,Skin_Soft_Tissue
GCA_033929665.1,Skin_Soft_Tissue
GCA_033929705.1,Skin_Soft_Tissue
GCA_033929685.1,Skin_Soft_Tissue
GCA_033929605.1,Skin_Soft_Tissue
GCA_033929565.1,Bloodstream
GCA_033929645.1,Respiratory
GCA_033929625.1,Urinary
GCA_033929585.1,Respiratory
GCA_033929545.1,Respiratory
GCA_033929485.1,Respiratory
GCA_033929445.1,Respiratory
GCA_033929385.1,Skin_Soft_Tissue
GCA_033929365.1,Bloodstream
GCA_033929325.1,Urinary
GCA_033929345.1,Urinary
GCA_033929305.1,Urinary
GCA_033929285.1,Urinary
GCA_033929265.1,Respiratory
GCA_033929245.1,Respiratory
GCA_033929225.1,Respiratory
GCA_033929205.1,Respiratory
GCA_033929165.1,Skin_Soft_Tissue
GCA_033929185.1,Skin_Soft_Tissue
GCA_033929125.1,Respiratory
GCA_033929105.1,Skin_Soft_Tissue
GCA_033929065.1,Urinary
GCA_033929085.1,Urinary
GCA_033929025.1,Urinary
GCA_033929005.1,Urinary
GCA_033929045.1,Respiratory
GCA_033928925.1,Respiratory
GCA_033928965.1,Respiratory
GCA_033928985.1,Respiratory
GCA_033928905.1,Respiratory
GCA_033928945.1,Respiratory
GCA_033928885.1,Respiratory
GCA_033928865.1,Respiratory
GCA_033928825.1,Skin_Soft_Tissue
GCA_033928845.1,Skin_Soft_Tissue
GCA_033928785.1,Skin_Soft_Tissue
GCA_033928745.1,Bloodstream
GCA_033928765.1,Urinary
GCA_033928705.1,Respiratory
GCA_033928465.1,Respiratory
GCA_033928305.1,Respiratory
GCA_033928265.1,Urinary
GCA_033928025.1,Bloodstream
GCA_033927865.1,Urinary
GCA_033927705.1,Respiratory
GCA_033927565.1,Bloodstream
GCA_033927545.1,Skin_Soft_Tissue
GCA_033927505.1,Skin_Soft_Tissue
GCA_033927445.1,Skin_Soft_Tissue
GCA_033927405.1,Urinary
GCA_033927385.1,Urinary
GCA_033927365.1,Respiratory
GCA_033927345.1,Skin_Soft_Tissue
GCA_033927305.1,Bloodstream
GCA_033927285.1,Bloodstream
GCA_033927225.1,Bloodstream
GCA_033927245.1,Urinary
GCA_033927175.1,Respiratory
GCA_033927165.1,Respiratory
GCA_033927205.1,Respiratory
GCA_033927145.1,Respiratory
GCA_033927105.1,Respiratory
GCA_033927065.1,Respiratory
GCA_033927085.1,Respiratory
GCA_033927125.1,Skin_Soft_Tissue
GCA_033927045.1,Skin_Soft_Tissue
GCA_033926905.1,Respiratory
GCA_033926665.1,Respiratory
GCA_033926465.1,Respiratory
GCA_033926285.1,Respiratory
GCA_033926105.1,Respiratory
GCA_033925905.1,Respiratory
GCA_033925765.1,Respiratory
GCA_033925545.1,Respiratory
GCA_033925345.1,Respiratory
GCA_033925145.1,Skin_Soft_Tissue
GCA_033924925.1,Skin_Soft_Tissue
GCA_033924745.1,Urinary
GCA_033924605.1,Urinary
GCA_033924625.1,Respiratory
GCA_033924665.1,Respiratory
GCA_033924645.1,Respiratory
GCA_033924585.1,Respiratory
GCA_033924565.1,Respiratory
GCA_033924545.1,Respiratory
GCA_033924525.1,Skin_Soft_Tissue
GCA_033924465.1,Urinary
GCA_033924425.1,Respiratory
GCA_033924385.1,Bloodstream
GCA_033924365.1,Urinary
GCA_033924405.1,Urinary
GCA_033924325.1,Urinary
GCA_033924345.1,Urinary
GCA_033924305.1,Urinary
GCA_033924265.1,Urinary
GCA_033924285.1,Urinary
GCA_033924225.1,Urinary
GCA_033924205.1,Respiratory
GCA_033924185.1,Respiratory
GCA_033924165.1,Respiratory
GCA_033924125.1,Respiratory
GCA_033924145.1,Respiratory
GCA_033924105.1,Respiratory
GCA_033924085.1,Respiratory
GCA_033924065.1,Respiratory
GCA_033924025.1,Respiratory
GCA_033923985.1,Urinary
GCA_033924005.1,Bloodstream
GCA_033923955.1,Urinary
GCA_033923925.1,Respiratory
GCA_033923945.1,Respiratory
GCA_033923905.1,Respiratory
GCA_033923885.1,Respiratory
GCA_033923865.1,Respiratory
GCA_033923805.1,Respiratory
GCA_033923845.1,Skin_Soft_Tissue
GCA_033923825.1,Skin_Soft_Tissue
GCA_033923765.1,Skin_Soft_Tissue
GCA_033923785.1,Urinary
GCA_033923745.1,Urinary
GCA_033923725.1,Urinary
GCA_033923705.1,Respiratory
GCA_033923685.1,Respiratory
GCA_033923645.1,Respiratory
GCA_033923665.1,Skin_Soft_Tissue
GCA_033923605.1,Respiratory
GCA_033923585.1,Respiratory
GCA_033923545.1,Respiratory
GCA_033923565.1,Respiratory
GCA_033923525.1,Respiratory
GCA_033923505.1,Respiratory
GCA_033923485.1,Respiratory
GCA_033923445.1,Respiratory
GCA_033923465.1,Respiratory
GCA_033923425.1,Respiratory
GCA_033923405.1,Respiratory
GCA_033923385.1,Respiratory
GCA_033923365.1,Skin_Soft_Tissue
GCA_033923345.1,Skin_Soft_Tissue
GCA_033923285.1,Urinary
GCA_033923325.1,Urinary
GCA_033923245.1,Urinary
GCA_033923225.1,Respiratory
GCA_033923195.1,Skin_Soft_Tissue
GCA_033923145.1,Urinary
GCA_033923125.1,Urinary
GCA_033923085.1,Urinary
GCA_033923105.1,Respiratory
GCA_033923025.1,Urinary
GCA_033923065.1,Respiratory
GCA_033923035.1,Respiratory
GCA_033922985.1,Respiratory
GCA_033923005.1,Respiratory
GCA_033922965.1,Respiratory
GCA_033922945.1,Respiratory
GCA_033922905.1,Urinary
GCA_033922885.1,Respiratory
GCA_033922865.1,Respiratory
GCA_033922845.1,Skin_Soft_Tissue
GCA_033922715.1,Urinary
GCA_033922545.1,Respiratory
GCA_033922305.1,Respiratory
GCA_033922225.1,Skin_Soft_Tissue
GCA_033922045.1,Skin_Soft_Tissue
GCA_033921905.1,Bloodstream
GCA_033921505.1,Respiratory
GCA_033921175.1,Skin_Soft_Tissue
GCA_033904285.1,Urinary
GCA_033954695.1,Urinary
GCA_033963785.1,Ocular
GCA_033969945.1,Urinary
GCA_033971305.1,Water
GCA_034043915.1,Urinary
GCA_034165325.1,Respiratory
GCA_034165205.1,Respiratory
GCA_034127035.1,Urinary
GCA_034190815.1,Respiratory
GCA_963430645.1,Respiratory
GCA_963443225.1,Respiratory
GCA_963441115.1,Respiratory
GCA_963427815.1,Respiratory
GCA_963446175.1,Respiratory
GCA_963452935.1,Respiratory
GCA_963427545.1,Respiratory
GCA_963442995.1,Respiratory
GCA_963451495.1,Respiratory
GCA_963441275.1,Respiratory
GCA_963442695.1,Respiratory
GCA_963438075.1,Respiratory
GCA_963439015.1,Respiratory
GCA_963435085.1,Respiratory
GCA_963445075.1,Respiratory
GCA_963452535.1,Respiratory
GCA_963453865.1,Respiratory
GCA_963442805.1,Respiratory
GCA_963437335.1,Respiratory
GCA_963446205.1,Respiratory
GCA_963437455.1,Respiratory
GCA_963441685.1,Respiratory
GCA_963433275.1,Respiratory
GCA_963433735.1,Respiratory
GCA_963449965.1,Respiratory
GCA_963431565.1,Respiratory
GCA_963447585.1,Respiratory
GCA_963432945.1,Respiratory
GCA_963430585.1,Respiratory
GCA_963434545.1,Respiratory
GCA_963438845.1,Respiratory
GCA_963447245.1,Respiratory
GCA_963454195.1,Respiratory
GCA_963444795.1,Respiratory
GCA_963440145.1,Respiratory
GCA_963446455.1,Respiratory
GCA_963427455.1,Respiratory
GCA_963433935.1,Respiratory
GCA_963428485.1,Respiratory
GCA_963451435.1,Respiratory
GCA_963446975.1,Respiratory
GCA_963453005.1,Respiratory
GCA_963436245.1,Respiratory
GCA_963451705.1,Respiratory
GCA_963437305.1,Respiratory
GCA_963438855.1,Respiratory
GCA_963446045.1,Respiratory
GCA_963430595.1,Respiratory
GCA_963429805.1,Respiratory
GCA_963436735.1,Respiratory
GCA_963441135.1,Respiratory
GCA_963447665.1,Respiratory
GCA_963432505.1,Respiratory
GCA_963430765.1,Respiratory
GCA_963430295.1,Respiratory
GCA_963442255.1,Respiratory
GCA_963427015.1,Respiratory
GCA_963430945.1,Respiratory
GCA_963444225.1,Respiratory
GCA_963450875.1,Respiratory
GCA_963451925.1,Respiratory
GCA_963435645.1,Respiratory
GCA_963435245.1,Respiratory
GCA_963439205.1,Respiratory
GCA_963436525.1,Respiratory
GCA_963433515.1,Respiratory
GCA_963434035.1,Respiratory
GCA_963446325.1,Respiratory
GCA_963441645.1,Respiratory
GCA_963435405.1,Respiratory
GCA_963430675.1,Respiratory
GCA_963450365.1,Respiratory
GCA_963452585.1,Respiratory
GCA_963430125.1,Respiratory
GCA_963448285.1,Respiratory
GCA_963448305.1,Respiratory
GCA_963433075.1,Respiratory
GCA_963430185.1,Respiratory
GCA_963450545.1,Respiratory
GCA_963440595.1,Respiratory
GCA_963443845.1,Respiratory
GCA_963447315.1,Respiratory
GCA_963454565.1,Respiratory
GCA_963429445.1,Respiratory
GCA_963433245.1,Respiratory
GCA_963436035.1,Respiratory
GCA_963427465.1,Respiratory
GCA_963447885.1,Respiratory
GCA_963442765.1,Respiratory
GCA_963445925.1,Respiratory
GCA_963437205.1,Respiratory
GCA_963431555.1,Respiratory
GCA_963444045.1,Respiratory
GCA_963437175.1,Respiratory
GCA_963451985.1,Respiratory
GCA_963449385.1,Respiratory
GCA_963429515.1,Respiratory
GCA_963431745.1,Respiratory
GCA_963450375.1,Respiratory
GCA_963454205.1,Respiratory
GCA_963437795.1,Respiratory
GCA_963429285.1,Respiratory
GCA_963440955.1,Respiratory
GCA_963428395.1,Respiratory
GCA_963436055.1,Respiratory
GCA_963427225.1,Respiratory
GCA_963430825.1,Respiratory
GCA_963426825.1,Respiratory
GCA_963442785.1,Respiratory
GCA_963433345.1,Respiratory
GCA_963427255.1,Respiratory
GCA_963437645.1,Respiratory
GCA_963449865.1,Respiratory
GCA_963442415.1,Respiratory
GCA_963448365.1,Respiratory
GCA_963441035.1,Respiratory
GCA_963428775.1,Respiratory
GCA_963431115.1,Respiratory
GCA_963449485.1,Respiratory
GCA_963441235.1,Respiratory
GCA_963451955.1,Respiratory
GCA_963446315.1,Respiratory
GCA_963453355.1,Respiratory
GCA_963447035.1,Respiratory
GCA_963429065.1,Respiratory
GCA_963437165.1,Respiratory
GCA_963447575.1,Respiratory
GCA_963430895.1,Respiratory
GCA_963432455.1,Respiratory
GCA_963433575.1,Respiratory
GCA_963448045.1,Respiratory
GCA_963450165.1,Respiratory
GCA_963446895.1,Respiratory
GCA_963443795.1,Respiratory
GCA_963430565.1,Respiratory
GCA_963453215.1,Respiratory
GCA_963430955.1,Respiratory
GCA_963436265.1,Respiratory
GCA_963438865.1,Respiratory
GCA_963450505.1,Respiratory
GCA_963442795.1,Respiratory
GCA_963427655.1,Respiratory
GCA_963449435.1,Respiratory
GCA_963445575.1,Respiratory
GCA_963441285.1,Respiratory
GCA_963443355.1,Respiratory
GCA_963444625.1,Respiratory
GCA_963444605.1,Respiratory
GCA_963432695.1,Respiratory
GCA_963447775.1,Respiratory
GCA_963444205.1,Respiratory
GCA_963452785.1,Respiratory
GCA_963449775.1,Respiratory
GCA_963433305.1,Respiratory
GCA_963447155.1,Respiratory
GCA_963437385.1,Respiratory
GCA_963429235.1,Respiratory
GCA_963432475.1,Respiratory
GCA_963452485.1,Respiratory
GCA_963439735.1,Respiratory
GCA_963439775.1,Respiratory
GCA_963445785.1,Respiratory
GCA_963438095.1,Respiratory
GCA_963435725.1,Respiratory
GCA_963431075.1,Respiratory
GCA_963443945.1,Respiratory
GCA_963431805.1,Respiratory
GCA_963436875.1,Respiratory
GCA_963449925.1,Respiratory
GCA_963454035.1,Respiratory
GCA_963447495.1,Respiratory
GCA_963453995.1,Respiratory
GCA_963444775.1,Respiratory
GCA_963453515.1,Respiratory
GCA_963442205.1,Respiratory
GCA_963433655.1,Respiratory
GCA_963436645.1,Respiratory
GCA_963438205.1,Respiratory
GCA_963432415.1,Respiratory
GCA_963446245.1,Respiratory
GCA_963436215.1,Respiratory
GCA_963444405.1,Respiratory
GCA_963431475.1,Respiratory
GCA_963448725.1,Respiratory
GCA_963444375.1,Respiratory
GCA_963435865.1,Respiratory
GCA_963428915.1,Respiratory
GCA_963436605.1,Respiratory
GCA_963453255.1,Respiratory
GCA_963428855.1,Respiratory
GCA_963451895.1,Respiratory
GCA_963454515.1,Respiratory
GCA_963430465.1,Respiratory
GCA_963440215.1,Respiratory
GCA_963453565.1,Respiratory
GCA_963443185.1,Respiratory
GCA_963453775.1,Respiratory
GCA_963441655.1,Respiratory
GCA_963436695.1,Respiratory
GCA_963448315.1,Respiratory
GCA_963439625.1,Respiratory
GCA_963439305.1,Respiratory
GCA_963453555.1,Respiratory
GCA_963441215.1,Respiratory
GCA_963452885.1,Respiratory
GCA_963435065.1,Respiratory
GCA_963429765.1,Respiratory
GCA_963442705.1,Respiratory
GCA_963449895.1,Respiratory
GCA_963427895.1,Respiratory
GCA_963432355.1,Respiratory
GCA_963447655.1,Respiratory
GCA_963439335.1,Respiratory
GCA_963432585.1,Respiratory
GCA_963431575.1,Respiratory
GCA_963451915.1,Respiratory
GCA_963448755.1,Respiratory
GCA_963430605.1,Respiratory
GCA_963429255.1,Respiratory
GCA_963444915.1,Respiratory
GCA_963443095.1,Respiratory
GCA_963433395.1,Respiratory
GCA_963447755.1,Respiratory
GCA_963429625.1,Respiratory
GCA_963439675.1,Respiratory
GCA_963449685.1,Respiratory
GCA_963432335.1,Respiratory
GCA_963430305.1,Respiratory
GCA_963428055.1,Respiratory
GCA_963434515.1,Respiratory
GCA_963435365.1,Respiratory
GCA_963442505.1,Respiratory
GCA_963442525.1,Respiratory
GCA_963434565.1,Respiratory
GCA_963449705.1,Respiratory
GCA_963437755.1,Respiratory
GCA_963427445.1,Respiratory
GCA_963450515.1,Respiratory
GCA_963442735.1,Respiratory
GCA_963452375.1,Respiratory
GCA_963441865.1,Respiratory
GCA_963449595.1,Respiratory
GCA_963426925.1,Respiratory
GCA_963443295.1,Respiratory
GCA_963454105.1,Respiratory
GCA_963438505.1,Respiratory
GCA_963435945.1,Respiratory
GCA_963436795.1,Respiratory
GCA_963448165.1,Respiratory
GCA_963453435.1,Respiratory
GCA_963439135.1,Respiratory
GCA_963453645.1,Respiratory
GCA_963426705.1,Respiratory
GCA_963449815.1,Respiratory
GCA_963428815.1,Respiratory
GCA_963427775.1,Respiratory
GCA_963434525.1,Respiratory
GCA_963452455.1,Respiratory
GCA_963444925.1,Respiratory
GCA_963446705.1,Respiratory
GCA_963448425.1,Respiratory
GCA_963439885.1,Respiratory
GCA_963441475.1,Respiratory
GCA_963450225.1,Respiratory
GCA_963442055.1,Respiratory
GCA_963440685.1,Respiratory
GCA_963435505.1,Respiratory
GCA_963429005.1,Respiratory
GCA_963445625.1,Respiratory
GCA_963446865.1,Respiratory
GCA_963444325.1,Respiratory
GCA_963450325.1,Respiratory
GCA_963445255.1,Respiratory
GCA_963434735.1,Respiratory
GCA_963439865.1,Respiratory
GCA_963445775.1,Respiratory
GCA_963432725.1,Respiratory
GCA_963437875.1,Respiratory
GCA_963446565.1,Respiratory
GCA_963442485.1,Respiratory
GCA_963452965.1,Respiratory
GCA_963427615.1,Respiratory
GCA_963443815.1,Respiratory
GCA_963439045.1,Respiratory
GCA_963439065.1,Respiratory
GCA_963431855.1,Respiratory
GCA_963450785.1,Respiratory
GCA_963430375.1,Respiratory
GCA_963437685.1,Respiratory
GCA_963444435.1,Respiratory
GCA_963436145.1,Respiratory
GCA_963434365.1,Respiratory
GCA_963438315.1,Respiratory
GCA_963443735.1,Respiratory
GCA_963438755.1,Respiratory
GCA_963450855.1,Respiratory
GCA_963449395.1,Respiratory
GCA_963440225.1,Respiratory
GCA_963429755.1,Respiratory
GCA_963431345.1,Respiratory
GCA_963437905.1,Respiratory
GCA_963429725.1,Respiratory
GCA_963447675.1,Respiratory
GCA_963447455.1,Respiratory
GCA_963436175.1,Respiratory
GCA_963434755.1,Respiratory
GCA_963439835.1,Respiratory
GCA_963433805.1,Respiratory
GCA_963429795.1,Respiratory
GCA_963434115.1,Respiratory
GCA_963435295.1,Respiratory
GCA_963443365.1,Respiratory
GCA_963442035.1,Respiratory
GCA_963429195.1,Respiratory
GCA_963432315.1,Respiratory
GCA_963444095.1,Respiratory
GCA_963441545.1,Respiratory
GCA_963446355.1,Respiratory
GCA_963438295.1,Respiratory
GCA_963449455.1,Respiratory
GCA_963432665.1,Respiratory
GCA_963437435.1,Respiratory
GCA_963433355.1,Respiratory
GCA_963442565.1,Respiratory
GCA_963448805.1,Respiratory
GCA_963441525.1,Respiratory
GCA_963429555.1,Respiratory
GCA_963434655.1,Respiratory
GCA_963429185.1,Respiratory
GCA_963435805.1,Respiratory
GCA_963438465.1,Respiratory
GCA_963449475.1,Respiratory
GCA_963427035.1,Respiratory
GCA_963452115.1,Respiratory
GCA_963431045.1,Respiratory
GCA_963449315.1,Respiratory
GCA_963436995.1,Respiratory
GCA_963448385.1,Respiratory
GCA_963453125.1,Respiratory
GCA_963451135.1,Respiratory
GCA_963427855.1,Respiratory
GCA_963434065.1,Respiratory
GCA_963435925.1,Respiratory
GCA_963429345.1,Respiratory
GCA_963433605.1,Respiratory
GCA_963440035.1,Respiratory
GCA_963441795.1,Respiratory
GCA_963427305.1,Respiratory
GCA_963444825.1,Respiratory
GCA_963428765.1,Respiratory
GCA_963440525.1,Respiratory
GCA_963438405.1,Respiratory
GCA_963445505.1,Respiratory
GCA_963451735.1,Respiratory
GCA_963437665.1,Respiratory
GCA_963431935.1,Respiratory
GCA_963440465.1,Respiratory
GCA_963442665.1,Respiratory
GCA_963436065.1,Respiratory
GCA_963440755.1,Respiratory
GCA_963443415.1,Respiratory
GCA_963430805.1,Respiratory
GCA_963446425.1,Respiratory
GCA_963436225.1,Respiratory
GCA_963437255.1,Respiratory
GCA_963428945.1,Respiratory
GCA_963441805.1,Respiratory
GCA_963447615.1,Respiratory
GCA_963428235.1,Respiratory
GCA_963449765.1,Respiratory
GCA_963431275.1,Respiratory
GCA_963440505.1,Respiratory
GCA_963428715.1,Respiratory
GCA_963451865.1,Respiratory
GCA_963442915.1,Respiratory
GCA_963448925.1,Respiratory
GCA_963447205.1,Respiratory
GCA_963432145.1,Respiratory
GCA_963435775.1,Respiratory
GCA_963444395.1,Respiratory
GCA_963435335.1,Respiratory
GCA_963432045.1,Respiratory
GCA_963436755.1,Respiratory
GCA_963448555.1,Respiratory
GCA_963428345.1,Respiratory
GCA_963440745.1,Respiratory
GCA_963442835.1,Respiratory
GCA_963432235.1,Respiratory
GCA_963451485.1,Respiratory
GCA_963428295.1,Respiratory
GCA_963449695.1,Respiratory
GCA_963446695.1,Respiratory
GCA_963442825.1,Respiratory
GCA_963427725.1,Respiratory
GCA_963427735.1,Respiratory
GCA_963438065.1,Respiratory
GCA_963450955.1,Respiratory
GCA_963428355.1,Respiratory
GCA_963443965.1,Respiratory
GCA_963452525.1,Respiratory
GCA_963438105.1,Respiratory
GCA_963427995.1,Respiratory
GCA_963434075.1,Respiratory
GCA_963447565.1,Respiratory
GCA_963438535.1,Respiratory
GCA_963428845.1,Respiratory
GCA_963453715.1,Respiratory
GCA_963441395.1,Respiratory
GCA_963431435.1,Respiratory
GCA_963428285.1,Respiratory
GCA_963439965.1,Respiratory
GCA_963454635.1,Respiratory
GCA_963432635.1,Respiratory
GCA_963452945.1,Respiratory
GCA_963438525.1,Respiratory
GCA_963446125.1,Respiratory
GCA_963444055.1,Respiratory
GCA_963429675.1,Respiratory
GCA_963427135.1,Respiratory
GCA_963439405.1,Respiratory
GCA_963446905.1,Respiratory
GCA_963441905.1,Respiratory
GCA_963428535.1,Respiratory
GCA_963431095.1,Respiratory
GCA_963445125.1,Respiratory
GCA_963440795.1,Respiratory
GCA_963442265.1,Respiratory
GCA_963448545.1,Respiratory
GCA_963446555.1,Respiratory
GCA_963433325.1,Respiratory
GCA_963433725.1,Respiratory
GCA_963437835.1,Respiratory
GCA_963449255.1,Respiratory
GCA_963427635.1,Respiratory
GCA_963441935.1,Respiratory
GCA_963433705.1,Respiratory
GCA_963453575.1,Respiratory
GCA_963428215.1,Respiratory
GCA_034258885.1,Respiratory
GCA_034259025.1,Skin_Soft_Tissue
GCA_963430725.1,Respiratory
GCA_963437445.1,Respiratory
GCA_963438085.1,Respiratory
GCA_963443995.1,Respiratory
GCA_963438925.1,Respiratory
GCA_963439225.1,Respiratory
GCA_963437215.1,Respiratory
GCA_963452325.1,Respiratory
GCA_963433535.1,Respiratory
GCA_963450525.1,Respiratory
GCA_963442885.1,Respiratory
GCA_963445885.1,Respiratory
GCA_963444995.1,Respiratory
GCA_963447595.1,Respiratory
GCA_963428025.1,Respiratory
GCA_963438715.1,Respiratory
GCA_963439765.1,Respiratory
GCA_963453765.1,Respiratory
GCA_963447225.1,Respiratory
GCA_963452875.1,Respiratory
GCA_963430345.1,Respiratory
GCA_963454875.1,Respiratory
GCA_963435605.1,Respiratory
GCA_963448775.1,Respiratory
GCA_963433045.1,Respiratory
GCA_963446605.1,Respiratory
GCA_963435115.1,Respiratory
GCA_963450825.1,Respiratory
GCA_963446655.1,Respiratory
GCA_963454225.1,Respiratory
GCA_963451905.1,Respiratory
GCA_963449345.1,Respiratory
GCA_963443425.1,Respiratory
GCA_963453135.1,Respiratory
GCA_963433265.1,Respiratory
GCA_963437145.1,Respiratory
GCA_963430215.1,Respiratory
GCA_963443075.1,Respiratory
GCA_963441575.1,Respiratory
GCA_963431365.1,Respiratory
GCA_963436115.1,Respiratory
GCA_963428655.1,Respiratory
GCA_963451475.1,Respiratory
GCA_963443745.1,Respiratory
GCA_963450385.1,Respiratory
GCA_963433625.1,Respiratory
GCA_963432155.1,Respiratory
GCA_963441885.1,Respiratory
GCA_963436715.1,Respiratory
GCA_963427245.1,Respiratory
GCA_963436855.1,Respiratory
GCA_963435465.1,Respiratory
GCA_963438945.1,Respiratory
GCA_963444635.1,Respiratory
GCA_963452335.1,Respiratory
GCA_963430265.1,Respiratory
GCA_963447305.1,Respiratory
GCA_963453015.1,Respiratory
GCA_963431455.1,Respiratory
GCA_963448465.1,Respiratory
GCA_963454235.1,Respiratory
GCA_963444085.1,Respiratory
GCA_963452285.1,Respiratory
GCA_963445435.1,Respiratory
GCA_963438145.1,Respiratory
GCA_963437635.1,Respiratory
GCA_963436365.1,Respiratory
GCA_963428375.1,Respiratory
GCA_963452035.1,Respiratory
GCA_963436625.1,Respiratory
GCA_963439175.1,Respiratory
GCA_963435385.1,Respiratory
GCA_963451975.1,Respiratory
GCA_963447715.1,Respiratory
GCA_963448685.1,Respiratory
GCA_963427425.1,Respiratory
GCA_963435655.1,Respiratory
GCA_963435815.1,Respiratory
GCA_963427395.1,Respiratory
GCA_963442515.1,Respiratory
GCA_963449555.1,Respiratory
GCA_963427435.1,Respiratory
GCA_963442685.1,Respiratory
GCA_963432135.1,Respiratory
GCA_963434835.1,Respiratory
GCA_963450585.1,Respiratory
GCA_963453835.1,Respiratory
GCA_963439145.1,Respiratory
GCA_963454365.1,Respiratory
GCA_963434725.1,Respiratory
GCA_963444345.1,Respiratory
GCA_963441185.1,Respiratory
GCA_963453085.1,Respiratory
GCA_963440245.1,Respiratory
GCA_963444305.1,Respiratory
GCA_963430515.1,Respiratory
GCA_963447625.1,Respiratory
GCA_963434215.1,Respiratory
GCA_963450815.1,Respiratory
GCA_963427175.1,Respiratory
GCA_963438815.1,Respiratory
GCA_963437535.1,Respiratory
GCA_963438795.1,Respiratory
GCA_963427205.1,Respiratory
GCA_963428695.1,Respiratory
GCA_963427075.1,Respiratory
GCA_963453855.1,Respiratory
GCA_963446035.1,Respiratory
GCA_963436475.1,Respiratory
GCA_963437345.1,Respiratory
GCA_963443175.1,Respiratory
GCA_963429415.1,Respiratory
GCA_963437245.1,Respiratory
GCA_963443035.1,Respiratory
GCA_963427585.1,Respiratory
GCA_963431425.1,Respiratory
GCA_963449715.1,Respiratory
GCA_963433175.1,Respiratory
GCA_963426915.1,Respiratory
GCA_963451535.1,Respiratory
GCA_963450685.1,Respiratory
GCA_963433065.1,Respiratory
GCA_963427365.1,Respiratory
GCA_963447725.1,Respiratory
GCA_963438245.1,Respiratory
GCA_963443755.1,Respiratory
GCA_963432735.1,Respiratory
GCA_963452435.1,Respiratory
GCA_963454165.1,Respiratory
GCA_963448205.1,Respiratory
GCA_963434585.1,Respiratory
GCA_963431445.1,Respiratory
GCA_963447915.1,Respiratory
GCA_963437885.1,Respiratory
GCA_963433755.1,Respiratory
GCA_963440665.1,Respiratory
GCA_963441595.1,Respiratory
GCA_963429465.1,Respiratory
GCA_963431585.1,Respiratory
GCA_963448895.1,Respiratory
GCA_963447145.1,Respiratory
GCA_963451045.1,Respiratory
GCA_963447135.1,Respiratory
GCA_963452915.1,Respiratory
GCA_963437185.1,Respiratory
GCA_963426725.1,Respiratory
GCA_963441965.1,Respiratory
GCA_963443005.1,Respiratory
GCA_963453235.1,Respiratory
GCA_963428795.1,Respiratory
GCA_963435275.1,Respiratory
GCA_963439975.1,Respiratory
GCA_963431215.1,Respiratory
GCA_963441245.1,Respiratory
GCA_963439905.1,Respiratory
GCA_963433525.1,Respiratory
GCA_963426775.1,Respiratory
GCA_963454835.1,Respiratory
GCA_963444165.1,Respiratory
GCA_963438335.1,Respiratory
GCA_963437285.1,Respiratory
GCA_963426905.1,Respiratory
GCA_963434785.1,Respiratory
GCA_963449465.1,Respiratory
GCA_963435985.1,Respiratory
GCA_963446475.1,Respiratory
GCA_963434845.1,Respiratory
GCA_963436165.1,Respiratory
GCA_963439745.1,Respiratory
GCA_963442325.1,Respiratory
GCA_963435575.1,Respiratory
GCA_963427415.1,Respiratory
GCA_963445655.1,Respiratory
GCA_963444945.1,Respiratory
GCA_963448965.1,Respiratory
GCA_963453695.1,Respiratory
GCA_963446595.1,Respiratory
GCA_963443435.1,Respiratory
GCA_963435565.1,Respiratory
GCA_963435625.1,Respiratory
GCA_963442715.1,Respiratory
GCA_963445995.1,Respiratory
GCA_963448955.1,Respiratory
GCA_963430165.1,Respiratory
GCA_963454115.1,Respiratory
GCA_963435305.1,Respiratory
GCA_963431985.1,Respiratory
GCA_963446335.1,Respiratory
GCA_963445475.1,Respiratory
GCA_963444265.1,Respiratory
GCA_963426895.1,Respiratory
GCA_963440625.1,Respiratory
GCA_963439425.1,Respiratory
GCA_963431775.1,Respiratory
GCA_963430365.1,Respiratory
GCA_963429155.1,Respiratory
GCA_963452775.1,Respiratory
GCA_963441265.1,Respiratory
GCA_963428415.1,Respiratory
GCA_963441345.1,Respiratory
GCA_963444555.1,Respiratory
GCA_963435615.1,Respiratory
GCA_963445275.1,Respiratory
GCA_963435215.1,Respiratory
GCA_963448645.1,Respiratory
GCA_963447735.1,Respiratory
GCA_963439785.1,Respiratory
GCA_963437135.1,Respiratory
GCA_963447465.1,Respiratory
GCA_963427065.1,Respiratory
GCA_963431495.1,Respiratory
GCA_963429925.1,Respiratory
GCA_963426795.1,Respiratory
GCA_963451465.1,Respiratory
GCA_963441845.1,Respiratory
GCA_963449745.1,Respiratory
GCA_963440845.1,Respiratory
GCA_963445045.1,Respiratory
GCA_963450745.1,Respiratory
GCA_963430555.1,Respiratory
GCA_963433835.1,Respiratory
GCA_963446755.1,Respiratory
GCA_963444475.1,Respiratory
GCA_963450755.1,Respiratory
GCA_963445835.1,Respiratory
GCA_963444495.1,Respiratory
GCA_963440945.1,Respiratory
GCA_963438775.1,Respiratory
GCA_963434705.1,Respiratory
GCA_963452275.1,Respiratory
GCA_963430025.1,Respiratory
GCA_963434605.1,Respiratory
GCA_963443315.1,Respiratory
GCA_963440255.1,Respiratory
GCA_963451795.1,Respiratory
GCA_963441095.1,Respiratory
GCA_963449855.1,Respiratory
GCA_963437955.1,Respiratory
GCA_963435355.1,Respiratory
GCA_963437545.1,Respiratory
GCA_963443775.1,Respiratory
GCA_963438685.1,Respiratory
GCA_963436385.1,Respiratory
GCA_963444245.1,Respiratory
GCA_963437925.1,Respiratory
GCA_963447415.1,Respiratory
GCA_963454865.1,Respiratory
GCA_963433485.1,Respiratory
GCA_963437225.1,Respiratory
GCA_963453685.1,Respiratory
GCA_963445895.1,Respiratory
GCA_963430425.1,Respiratory
GCA_963452315.1,Respiratory
GCA_963452365.1,Respiratory
GCA_963437655.1,Respiratory
GCA_963427525.1,Respiratory
GCA_963451155.1,Respiratory
GCA_963445025.1,Respiratory
GCA_963433455.1,Respiratory
GCA_963450045.1,Respiratory
GCA_963442115.1,Respiratory
GCA_963451145.1,Respiratory
GCA_963427535.1,Respiratory
GCA_963428995.1,Respiratory
GCA_963435545.1,Respiratory
GCA_963430075.1,Respiratory
GCA_963452755.1,Respiratory
GCA_963454385.1,Respiratory
GCA_963435025.1,Respiratory
GCA_963452025.1,Respiratory
GCA_963453975.1,Respiratory
GCA_963446285.1,Respiratory
GCA_963441785.1,Respiratory
GCA_963430255.1,Respiratory
GCA_963450135.1,Respiratory
GCA_963435495.1,Respiratory
GCA_963432605.1,Respiratory
GCA_963430525.1,Respiratory
GCA_963432575.1,Respiratory
GCA_963430505.1,Respiratory
GCA_963446435.1,Respiratory
GCA_963431885.1,Respiratory
GCA_963432055.1,Respiratory
GCA_963448035.1,Respiratory
GCA_963429865.1,Respiratory
GCA_963431255.1,Respiratory
GCA_963435035.1,Respiratory
GCA_963443625.1,Respiratory
GCA_963442955.1,Respiratory
GCA_963445285.1,Respiratory
GCA_963451215.1,Respiratory
GCA_963444105.1,Respiratory
GCA_963439795.1,Respiratory
GCA_963427005.1,Respiratory
GCA_963445975.1,Respiratory
GCA_963429325.1,Respiratory
GCA_963450295.1,Respiratory
GCA_963433975.1,Respiratory
GCA_963434025.1,Respiratory
GCA_963428115.1,Respiratory
GCA_963448675.1,Respiratory
GCA_963446065.1,Respiratory
GCA_963443975.1,Respiratory
GCA_963430325.1,Respiratory
GCA_963446385.1,Respiratory
GCA_963437735.1,Respiratory
GCA_963428455.1,Respiratory
GCA_963451815.1,Respiratory
GCA_963439695.1,Respiratory
GCA_963451245.1,Respiratory
GCA_963445415.1,Respiratory
GCA_963443535.1,Respiratory
GCA_963454555.1,Respiratory
GCA_963436845.1,Respiratory
GCA_963448455.1,Respiratory
GCA_963447335.1,Respiratory
GCA_963443785.1,Respiratory
GCA_963451255.1,Respiratory
GCA_963442075.1,Respiratory
GCA_963436665.1,Respiratory
GCA_963445185.1,Respiratory
GCA_963450425.1,Respiratory
GCA_963433315.1,Respiratory
GCA_963444135.1,Respiratory
GCA_963438125.1,Respiratory
GCA_963428265.1,Respiratory
GCA_963432995.1,Respiratory
GCA_963430535.1,Respiratory
GCA_963442155.1,Respiratory
GCA_963444255.1,Respiratory
GCA_963451305.1,Respiratory
GCA_963446815.1,Respiratory
GCA_963441725.1,Respiratory
GCA_963442435.1,Respiratory
GCA_963444415.1,Respiratory
GCA_963449505.1,Respiratory
GCA_963440135.1,Respiratory
GCA_963427115.1,Respiratory
GCA_963448995.1,Respiratory
GCA_963439525.1,Respiratory
GCA_963436805.1,Respiratory
GCA_963429175.1,Respiratory
GCA_963435885.1,Respiratory
GCA_963429935.1,Respiratory
GCA_963432175.1,Respiratory
GCA_963427215.1,Respiratory
GCA_963428445.1,Respiratory
GCA_963449235.1,Respiratory
GCA_963446015.1,Respiratory
GCA_963443305.1,Respiratory
GCA_963428275.1,Respiratory
GCA_963433995.1,Respiratory
GCA_963450605.1,Respiratory
GCA_963444315.1,Respiratory
GCA_963439105.1,Respiratory
GCA_963446945.1,Respiratory
GCA_963443705.1,Respiratory
GCA_963452595.1,Respiratory
GCA_963451565.1,Respiratory
GCA_963446915.1,Respiratory
GCA_963431925.1,Respiratory
GCA_963454645.1,Respiratory
GCA_963453845.1,Respiratory
GCA_963442245.1,Respiratory
GCA_963448785.1,Respiratory
GCA_963435225.1,Respiratory
GCA_963432745.1,Respiratory
GCA_963431385.1,Respiratory
GCA_963427145.1,Respiratory
GCA_963440475.1,Respiratory
GCA_963434395.1,Respiratory
GCA_963440485.1,Respiratory
GCA_963452675.1,Respiratory
GCA_963447705.1,Respiratory
GCA_963429665.1,Respiratory
GCA_963448415.1,Respiratory
GCA_963444365.1,Respiratory
GCA_963442495.1,Respiratory
GCA_963434295.1,Respiratory
GCA_963450935.1,Respiratory
GCA_963440405.1,Respiratory
GCA_963442625.1,Respiratory
GCA_963446405.1,Respiratory
GCA_963438955.1,Respiratory
GCA_963437505.1,Respiratory
GCA_963447355.1,Respiratory
GCA_963438355.1,Respiratory
GCA_963436395.1,Respiratory
GCA_963442315.1,Respiratory
GCA_963430875.1,Respiratory
GCA_963450835.1,Respiratory
GCA_963451745.1,Respiratory
GCA_963440605.1,Respiratory
GCA_963434235.1,Respiratory
GCA_963435875.1,Respiratory
GCA_963435835.1,Respiratory
GCA_963441875.1,Respiratory
GCA_963448275.1,Respiratory
GCA_963449725.1,Respiratory
GCA_963433965.1,Respiratory
GCA_963449025.1,Respiratory
GCA_963432495.1,Respiratory
GCA_963428465.1,Respiratory
GCA_963445945.1,Respiratory
GCA_963438545.1,Respiratory
GCA_963454065.1,Respiratory
GCA_963426865.1,Respiratory
GCA_963452105.1,Respiratory
GCA_963427325.1,Respiratory
GCA_963446965.1,Respiratory
GCA_963442895.1,Respiratory
GCA_963432595.1,Respiratory
GCA_963444725.1,Respiratory
GCA_963434805.1,Respiratory
GCA_963432105.1,Respiratory
GCA_963441755.1,Respiratory
GCA_963426955.1,Respiratory
GCA_963443615.1,Respiratory
GCA_963430155.1,Respiratory
GCA_963433255.1,Respiratory
GCA_963452695.1,Respiratory
GCA_963434155.1,Respiratory
GCA_963438575.1,Respiratory
GCA_963432345.1,Respiratory
GCA_963436745.1,Respiratory
GCA_963450175.1,Respiratory
GCA_963438975.1,Respiratory
GCA_963442185.1,Respiratory
GCA_963445805.1,Respiratory
GCA_963448655.1,Respiratory
GCA_963443905.1,Respiratory
GCA_963430145.1,Respiratory
GCA_963440295.1,Respiratory
GCA_963430775.1,Respiratory
GCA_963453965.1,Respiratory
GCA_963438325.1,Respiratory
GCA_963441955.1,Respiratory
GCA_963428755.1,Respiratory
GCA_963453445.1,Respiratory
GCA_963443385.1,Respiratory
GCA_963450015.1,Respiratory
GCA_963449985.1,Respiratory
GCA_963442465.1,Respiratory
GCA_963448765.1,Respiratory
GCA_963437095.1,Respiratory
GCA_963446805.1,Respiratory
GCA_963454415.1,Respiratory
GCA_963444275.1,Respiratory
GCA_963439025.1,Respiratory
GCA_963446215.1,Respiratory
GCA_963445765.1,Respiratory
GCA_963451025.1,Respiratory
GCA_963444755.1,Respiratory
GCA_963453165.1,Respiratory
GCA_963448585.1,Respiratory
GCA_963428955.1,Respiratory
GCA_963442235.1,Respiratory
GCA_963448565.1,Respiratory
GCA_963441085.1,Respiratory
GCA_963437045.1,Respiratory
GCA_963431505.1,Respiratory
GCA_963444465.1,Respiratory
GCA_963436415.1,Respiratory
GCA_963448195.1,Respiratory
GCA_963436045.1,Respiratory
GCA_963436965.1,Respiratory
GCA_963428875.1,Respiratory
GCA_963449045.1,Respiratory
GCA_963439605.1,Respiratory
GCA_963438285.1,Respiratory
GCA_963440695.1,Respiratory
GCA_963428245.1,Respiratory
GCA_963438985.1,Respiratory
GCA_963434265.1,Respiratory
GCA_963428045.1,Respiratory
GCA_963452795.1,Respiratory
GCA_963448075.1,Respiratory
GCA_963446785.1,Respiratory
GCA_963453705.1,Respiratory
GCA_963454255.1,Respiratory
GCA_963453985.1,Respiratory
GCA_963446235.1,Respiratory
GCA_963454855.1,Respiratory
GCA_963432075.1,Respiratory
GCA_963426935.1,Respiratory
GCA_963438005.1,Respiratory
GCA_963434945.1,Respiratory
GCA_963436895.1,Respiratory
GCA_963435675.1,Respiratory
GCA_963442065.1,Respiratory
GCA_963440805.1,Respiratory
GCA_963445115.1,Respiratory
GCA_963434055.1,Respiratory
GCA_963430665.1,Respiratory
GCA_963440875.1,Respiratory
GCA_963448335.1,Respiratory
GCA_963444575.1,Respiratory
GCA_963446195.1,Respiratory
GCA_963434765.1,Respiratory
GCA_963442455.1,Respiratory
GCA_963446225.1,Respiratory
GCA_963437625.1,Respiratory
GCA_963438435.1,Respiratory
GCA_963440055.1,Respiratory
GCA_963430065.1,Respiratory
GCA_963445295.1,Respiratory
GCA_963432885.1,Respiratory
GCA_963450145.1,Respiratory
GCA_963437115.1,Respiratory
GCA_963447845.1,Respiratory
GCA_963429165.1,Respiratory
GCA_963442195.1,Respiratory
GCA_963436135.1,Respiratory
GCA_963451195.1,Respiratory
GCA_963448535.1,Respiratory
GCA_963434815.1,Respiratory
GCA_963437265.1,Respiratory
GCA_963447965.1,Respiratory
GCA_963442675.1,Respiratory
GCA_963432365.1,Respiratory
GCA_963446275.1,Respiratory
GCA_963442655.1,Respiratory
GCA_963446485.1,Respiratory
GCA_963431285.1,Respiratory
GCA_963449095.1,Respiratory
GCA_963446955.1,Respiratory
GCA_963452305.1,Respiratory
GCA_963436235.1,Respiratory
GCA_963428145.1,Respiratory
GCA_963454885.1,Respiratory
GCA_963449935.1,Respiratory
GCA_963431995.1,Respiratory
GCA_963436825.1,Respiratory
GCA_963453585.1,Respiratory
GCA_963439265.1,Respiratory
GCA_963439505.1,Respiratory
GCA_963451775.1,Respiratory
GCA_963429835.1,Respiratory
GCA_963440415.1,Respiratory
GCA_963434895.1,Respiratory
GCA_963436315.1,Respiratory
GCA_963448135.1,Respiratory
GCA_963447855.1,Respiratory
GCA_963433695.1,Respiratory
GCA_963442635.1,Respiratory
GCA_963434455.1,Respiratory
GCA_963432275.1,Respiratory
GCA_963434475.1,Respiratory
GCA_963443395.1,Respiratory
GCA_963448745.1,Respiratory
GCA_963450255.1,Respiratory
GCA_963439245.1,Respiratory
GCA_963429145.1,Respiratory
GCA_963439165.1,Respiratory
GCA_963440155.1,Respiratory
GCA_963429315.1,Respiratory
GCA_963451825.1,Respiratory
GCA_963436185.1,Respiratory
GCA_963437745.1,Respiratory
GCA_963437025.1,Respiratory
GCA_963450865.1,Respiratory
GCA_963436815.1,Respiratory
GCA_963445565.1,Respiratory
GCA_963430965.1,Respiratory
GCA_963447075.1,Respiratory
GCA_963448105.1,Respiratory
GCA_963438165.1,Respiratory
GCA_963452415.1,Respiratory
GCA_963431715.1,Respiratory
GCA_963427495.1,Respiratory
GCA_963454905.1,Respiratory
GCA_963436585.1,Respiratory
GCA_963431415.1,Respiratory
GCA_963432825.1,Respiratory
GCA_963436555.1,Respiratory
GCA_963441515.1,Respiratory
GCA_963446055.1,Respiratory
GCA_963438375.1,Respiratory
GCA_963452725.1,Respiratory
GCA_963440495.1,Respiratory
GCA_963445705.1,Respiratory
GCA_963435765.1,Respiratory
GCA_963445525.1,Respiratory
GCA_963437695.1,Respiratory
GCA_963440355.1,Respiratory
GCA_963449415.1,Respiratory
GCA_963431225.1,Respiratory
GCA_963431325.1,Respiratory
GCA_963447295.1,Respiratory
GCA_963447825.1,Respiratory
GCA_963449845.1,Respiratory
GCA_963440725.1,Respiratory
GCA_963432065.1,Respiratory
GCA_963451415.1,Respiratory
GCA_963429355.1,Respiratory
GCA_963440655.1,Respiratory
GCA_963449055.1,Respiratory
GCA_963450025.1,Respiratory
GCA_963427785.1,Respiratory
GCA_963452265.1,Respiratory
GCA_963430865.1,Respiratory
GCA_963442925.1,Respiratory
GCA_963433145.1,Respiratory
GCA_963447805.1,Respiratory
GCA_963433825.1,Respiratory
GCA_963437615.1,Respiratory
GCA_963445265.1,Respiratory
GCA_963439515.1,Respiratory
GCA_963451335.1,Respiratory
GCA_963447785.1,Respiratory
GCA_963434435.1,Respiratory
GCA_963442605.1,Respiratory
GCA_963441745.1,Respiratory
GCA_963444735.1,Respiratory
GCA_963432795.1,Respiratory
GCA_963443255.1,Respiratory
GCA_963428015.1,Respiratory
GCA_963452835.1,Respiratory
GCA_963426755.1,Respiratory
GCA_963450485.1,Respiratory
GCA_963453495.1,Respiratory
GCA_963427195.1,Respiratory
GCA_963442095.1,Respiratory
GCA_963450985.1,Respiratory
GCA_963441995.1,Respiratory
GCA_963436935.1,Respiratory
GCA_963448145.1,Respiratory
GCA_963434645.1,Respiratory
GCA_963453195.1,Respiratory
GCA_963451065.1,Respiratory
GCA_963452175.1,Respiratory
GCA_963441455.1,Respiratory
GCA_963443685.1,Respiratory
GCA_963445465.1,Respiratory
GCA_963437765.1,Respiratory
GCA_963434925.1,Respiratory
GCA_963453265.1,Respiratory
GCA_963444885.1,Respiratory
GCA_963438475.1,Respiratory
GCA_963444765.1,Respiratory
GCA_963438995.1,Respiratory
GCA_963448485.1,Respiratory
GCA_963433295.1,Respiratory
GCA_963444585.1,Respiratory
GCA_963434405.1,Respiratory
GCA_963435635.1,Respiratory
GCA_963454755.1,Respiratory
GCA_963438675.1,Respiratory
GCA_963441605.1,Respiratory
GCA_963428805.1,Respiratory
GCA_963451805.1,Respiratory
GCA_963439475.1,Respiratory
GCA_963442395.1,Respiratory
GCA_963445845.1,Respiratory
GCA_963454655.1,Respiratory
GCA_963452705.1,Respiratory
GCA_963433635.1,Respiratory
GCA_963432765.1,Respiratory
GCA_963445235.1,Respiratory
GCA_963435045.1,Respiratory
GCA_963441705.1,Respiratory
GCA_963433775.1,Respiratory
GCA_963441145.1,Respiratory
GCA_963454845.1,Respiratory
GCA_963435595.1,Respiratory
GCA_963440995.1,Respiratory
GCA_963431315.1,Respiratory
GCA_963438695.1,Respiratory
GCA_963454295.1,Respiratory
GCA_963449155.1,Respiratory
GCA_963445345.1,Respiratory
GCA_963441975.1,Respiratory
GCA_963433235.1,Respiratory
GCA_963448115.1,Respiratory
GCA_963450085.1,Respiratory
GCA_963448705.1,Respiratory
GCA_963447065.1,Respiratory
GCA_963454665.1,Respiratory
GCA_963451695.1,Respiratory
GCA_963439595.1,Respiratory
GCA_963440855.1,Respiratory
GCA_963445485.1,Respiratory
GCA_963435935.1,Respiratory
GCA_963452215.1,Respiratory
GCA_963453675.1,Respiratory
GCA_963443875.1,Respiratory
GCA_963448405.1,Respiratory
GCA_963454675.1,Respiratory
GCA_963430695.1,Respiratory
GCA_963441125.1,Respiratory
GCA_963441625.1,Respiratory
GCA_963442845.1,Respiratory
GCA_963446825.1,Respiratory
GCA_963454265.1,Respiratory
GCA_963432615.1,Respiratory
GCA_963431665.1,Respiratory
GCA_963432715.1,Respiratory
GCA_963432815.1,Respiratory
GCA_963448355.1,Respiratory
GCA_963446665.1,Respiratory
GCA_963427925.1,Respiratory
GCA_963430485.1,Respiratory
GCA_963452125.1,Respiratory
GCA_963433365.1,Respiratory
GCA_963439545.1,Respiratory
GCA_963438455.1,Respiratory
GCA_963436325.1,Respiratory
GCA_963448835.1,Respiratory
GCA_963441195.1,Respiratory
GCA_963449585.1,Respiratory
GCA_963432835.1,Respiratory
GCA_963431605.1,Respiratory
GCA_963440045.1,Respiratory
GCA_963443455.1,Respiratory
GCA_963447115.1,Respiratory
GCA_963445015.1,Respiratory
GCA_963433055.1,Respiratory
GCA_963451665.1,Respiratory
GCA_963442585.1,Respiratory
GCA_963450095.1,Respiratory
GCA_963438175.1,Respiratory
GCA_963437855.1,Respiratory
GCA_963450565.1,Respiratory
GCA_963430355.1,Respiratory
GCA_963445135.1,Respiratory
GCA_963436455.1,Respiratory
GCA_963443895.1,Respiratory
GCA_963429775.1,Respiratory
GCA_963451455.1,Respiratory
GCA_963427105.1,Respiratory
GCA_963427315.1,Respiratory
GCA_963436005.1,Respiratory
GCA_963441465.1,Respiratory
GCA_963427125.1,Respiratory
GCA_963447365.1,Respiratory
GCA_963451875.1,Respiratory
GCA_963449625.1,Respiratory
GCA_963440095.1,Respiratory
GCA_963448875.1,Respiratory
GCA_963445825.1,Respiratory
GCA_963429615.1,Respiratory
GCA_963443605.1,Respiratory
GCA_963453345.1,Respiratory
GCA_963433425.1,Respiratory
GCA_963448255.1,Respiratory
GCA_963448445.1,Respiratory
GCA_963437725.1,Respiratory
GCA_963435825.1,Respiratory
GCA_963454005.1,Respiratory
GCA_963453955.1,Respiratory
GCA_963438635.1,Respiratory
GCA_963445715.1,Respiratory
GCA_963447525.1,Respiratory
GCA_963442285.1,Respiratory
GCA_963431795.1,Respiratory
GCA_963431065.1,Respiratory
GCA_963434125.1,Respiratory
GCA_963437405.1,Respiratory
GCA_963444525.1,Respiratory
GCA_963439955.1,Respiratory
GCA_963432035.1,Respiratory
GCA_963444835.1,Respiratory
GCA_963434965.1,Respiratory
GCA_963454435.1,Respiratory
GCA_963454185.1,Respiratory
GCA_963436345.1,Respiratory
GCA_963445965.1,Respiratory
GCA_963439275.1,Respiratory
GCA_963450655.1,Respiratory
GCA_963434135.1,Respiratory
GCA_963451205.1,Respiratory
GCA_963435555.1,Respiratory
GCA_963433545.1,Respiratory
GCA_963454745.1,Respiratory
GCA_963453815.1,Respiratory
GCA_963435015.1,Respiratory
GCA_963453635.1,Respiratory
GCA_963454815.1,Respiratory
GCA_963427165.1,Respiratory
GCA_963434045.1,Respiratory
GCA_963427285.1,Respiratory
GCA_963444955.1,Respiratory
GCA_963434485.1,Respiratory
GCA_963429365.1,Respiratory
GCA_963438655.1,Respiratory
GCA_963430105.1,Respiratory
GCA_963442975.1,Respiratory
GCA_963437235.1,Respiratory
GCA_963432555.1,Respiratory
GCA_963427875.1,Respiratory
GCA_963432465.1,Respiratory
GCA_963450445.1,Respiratory
GCA_963446135.1,Respiratory
GCA_963428935.1,Respiratory
GCA_963449265.1,Respiratory
GCA_963433445.1,Respiratory
GCA_963452615.1,Respiratory
GCA_963446635.1,Respiratory
GCA_963430635.1,Respiratory
GCA_963437465.1,Respiratory
GCA_963447645.1,Respiratory
GCA_963430915.1,Respiratory
GCA_963430985.1,Respiratory
GCA_963450735.1,Respiratory
GCA_963444235.1,Respiratory
GCA_963452385.1,Respiratory
GCA_963426675.1,Respiratory
GCA_963439345.1,Respiratory
GCA_963431395.1,Respiratory
GCA_963446075.1,Respiratory
GCA_963428185.1,Respiratory
GCA_963449735.1,Respiratory
GCA_963453665.1,Respiratory
GCA_963427385.1,Respiratory
GCA_963434095.1,Respiratory
GCA_963440885.1,Respiratory
GCA_963453285.1,Respiratory
GCA_963428155.1,Respiratory
GCA_963436685.1,Respiratory
GCA_963442355.1,Respiratory
GCA_963432005.1,Respiratory
GCA_963453315.1,Respiratory
GCA_963452545.1,Respiratory
GCA_963439925.1,Respiratory
GCA_963440395.1,Respiratory
GCA_963437155.1,Respiratory
GCA_963438705.1,Respiratory
GCA_963428095.1,Respiratory
GCA_963435005.1,Respiratory
GCA_963435185.1,Respiratory
GCA_963427515.1,Respiratory
GCA_963426655.1,Respiratory
GCA_963445495.1,Respiratory
GCA_963439615.1,Respiratory
GCA_963448625.1,Respiratory
GCA_963440785.1,Respiratory
GCA_963450125.1,Respiratory
GCA_963433285.1,Respiratory
GCA_963450665.1,Respiratory
GCA_963454045.1,Respiratory
GCA_963444655.1,Respiratory
GCA_963439295.1,Respiratory
GCA_963434555.1,Respiratory
GCA_963452255.1,Respiratory
GCA_963450355.1,Respiratory
GCA_963438875.1,Respiratory
GCA_963442595.1,Respiratory
GCA_963450895.1,Respiratory
GCA_963438055.1,Respiratory
GCA_963442125.1,Respiratory
GCA_963450725.1,Respiratory
GCA_963435795.1,Respiratory
GCA_963450905.1,Respiratory
GCA_963430905.1,Respiratory
GCA_963437565.1,Respiratory
GCA_963426985.1,Respiratory
GCA_963442755.1,Respiratory
GCA_963431845.1,Respiratory
GCA_963443115.1,Respiratory
GCA_963433645.1,Respiratory
GCA_963436355.1,Respiratory
GCA_963446295.1,Respiratory
GCA_963454735.1,Respiratory
GCA_963442105.1,Respiratory
GCA_963428195.1,Respiratory
GCA_963445985.1,Respiratory
GCA_963447235.1,Respiratory
GCA_963438195.1,Respiratory
GCA_963440425.1,Respiratory
GCA_963454015.1,Respiratory
GCA_963442015.1,Respiratory
GCA_963453545.1,Respiratory
GCA_963439055.1,Respiratory
GCA_963432205.1,Respiratory
GCA_963438615.1,Respiratory
GCA_963429215.1,Respiratory
GCA_963431235.1,Respiratory
GCA_963454505.1,Respiratory
GCA_963449035.1,Respiratory
GCA_963453915.1,Respiratory
GCA_963451425.1,Respiratory
GCA_963454595.1,Respiratory
GCA_963429895.1,Respiratory
GCA_963429715.1,Respiratory
GCA_963440335.1,Respiratory
GCA_963447405.1,Respiratory
GCA_963434795.1,Respiratory
GCA_963438905.1,Respiratory
GCA_963439875.1,Respiratory
GCA_963444455.1,Respiratory
GCA_963453875.1,Respiratory
GCA_963442335.1,Respiratory
GCA_963449915.1,Respiratory
GCA_963434995.1,Respiratory
GCA_963428315.1,Respiratory
GCA_963445725.1,Respiratory
GCA_963440985.1,Respiratory
GCA_963452765.1,Respiratory
GCA_963433505.1,Respiratory
GCA_963437775.1,Respiratory
GCA_963429495.1,Respiratory
GCA_963450315.1,Respiratory
GCA_963443505.1,Respiratory
GCA_963446085.1,Respiratory
GCA_963435755.1,Respiratory
GCA_963436195.1,Respiratory
GCA_963436675.1,Respiratory
GCA_963438625.1,Respiratory
GCA_963451365.1,Respiratory
GCA_963440825.1,Respiratory
GCA_963428985.1,Respiratory
GCA_963446115.1,Respiratory
GCA_963440515.1,Respiratory
GCA_963427605.1,Respiratory
GCA_963453105.1,Respiratory
GCA_963433155.1,Respiratory
GCA_963426735.1,Respiratory
GCA_963438425.1,Respiratory
GCA_963449885.1,Respiratory
GCA_963446995.1,Respiratory
GCA_963431245.1,Respiratory
GCA_963440895.1,Respiratory
GCA_963434315.1,Respiratory
GCA_963446525.1,Respiratory
GCA_963430855.1,Respiratory
GCA_963438935.1,Respiratory
GCA_963451765.1,Respiratory
GCA_963447695.1,Respiratory
GCA_963440115.1,Respiratory
GCA_963430035.1,Respiratory
GCA_963434885.1,Respiratory
GCA_963454405.1,Respiratory
GCA_963434825.1,Respiratory
GCA_963441735.1,Respiratory
GCA_963436915.1,Respiratory
GCA_963446395.1,Respiratory
GCA_963432185.1,Respiratory
GCA_963436495.1,Respiratory
GCA_963439915.1,Respiratory
GCA_963434975.1,Respiratory
GCA_963438835.1,Respiratory
GCA_963445605.1,Respiratory
GCA_963439435.1,Respiratory
GCA_963442615.1,Respiratory
GCA_963442725.1,Respiratory
GCA_963451125.1,Respiratory
GCA_963445615.1,Respiratory
GCA_963428085.1,Respiratory
GCA_963431685.1,Respiratory
GCA_963441155.1,Respiratory
GCA_963429295.1,Respiratory
GCA_963444445.1,Respiratory
GCA_963433905.1,Respiratory
GCA_963452715.1,Respiratory
GCA_963429425.1,Respiratory
GCA_963441535.1,Respiratory
GCA_963437605.1,Respiratory
GCA_963435175.1,Respiratory
GCA_963451935.1,Respiratory
GCA_963431405.1,Respiratory
GCA_963439155.1,Respiratory
GCA_963444035.1,Respiratory
GCA_963445585.1,Respiratory
GCA_963443645.1,Respiratory
GCA_963442005.1,Respiratory
GCA_963454575.1,Respiratory
GCA_963453405.1,Respiratory
GCA_963448065.1,Respiratory
GCA_963451445.1,Respiratory
GCA_963447105.1,Respiratory
GCA_963437525.1,Respiratory
GCA_963435425.1,Respiratory
GCA_963433765.1,Respiratory
GCA_963430275.1,Respiratory
GCA_963438785.1,Respiratory
GCA_963439125.1,Respiratory
GCA_963446265.1,Respiratory
GCA_963434665.1,Respiratory
GCA_963438725.1,Respiratory
GCA_963442555.1,Respiratory
GCA_963434905.1,Respiratory
GCA_963431595.1,Respiratory
GCA_963440555.1,Respiratory
GCA_963429135.1,Respiratory
GCA_963442165.1,Respiratory
GCA_963438345.1,Respiratory
GCA_963443565.1,Respiratory
GCA_963440025.1,Respiratory
GCA_963447125.1,Respiratory
GCA_963446745.1,Respiratory
GCA_963445675.1,Respiratory
GCA_963437075.1,Respiratory
GCA_963448945.1,Respiratory
GCA_963446735.1,Respiratory
GCA_963428505.1,Respiratory
GCA_963430045.1,Respiratory
GCA_963427965.1,Respiratory
GCA_963426695.1,Respiratory
GCA_963431825.1,Respiratory
GCA_963439535.1,Respiratory
GCA_963448215.1,Respiratory
GCA_963434915.1,Respiratory
GCA_963449295.1,Respiratory
GCA_963451375.1,Respiratory
GCA_963430755.1,Respiratory
GCA_963429685.1,Respiratory
GCA_963438035.1,Respiratory
GCA_963447375.1,Respiratory
GCA_963429275.1,Respiratory
GCA_963430455.1,Respiratory
GCA_963447485.1,Respiratory
GCA_963448495.1,Respiratory
GCA_963427475.1,Respiratory
GCA_963441315.1,Respiratory
GCA_963427555.1,Respiratory
GCA_034314815.1,Respiratory
GCA_034298115.1,Urinary
GCA_034330225.1,Urinary
GCA_034330045.1,Respiratory
GCA_034328985.1,Urinary
GCA_963429545.1,Respiratory
GCA_963446765.1,Respiratory
GCA_963454305.1,Respiratory
GCA_963449285.1,Respiratory
GCA_963428175.1,Respiratory
GCA_963432865.1,Respiratory
GCA_963435665.1,Respiratory
GCA_963431755.1,Respiratory
GCA_963449565.1,Respiratory
GCA_963448435.1,Respiratory
GCA_963435145.1,Respiratory
GCA_963427045.1,Respiratory
GCA_963442305.1,Respiratory
GCA_963431725.1,Respiratory
GCA_963428645.1,Respiratory
GCA_963446545.1,Respiratory
GCA_963432385.1,Respiratory
GCA_963433195.1,Respiratory
GCA_963431895.1,Respiratory
GCA_963448595.1,Respiratory
GCA_963445735.1,Respiratory
GCA_963429915.1,Respiratory
GCA_963453785.1,Respiratory
GCA_963440775.1,Respiratory
GCA_963448085.1,Respiratory
GCA_963430195.1,Respiratory
GCA_963437375.1,Respiratory
GCA_963431945.1,Respiratory
GCA_963440705.1,Respiratory
GCA_963451615.1,Respiratory
GCA_963426715.1,Respiratory
GCA_963444815.1,Respiratory
GCA_963448975.1,Respiratory
GCA_963436595.1,Respiratory
GCA_963432255.1,Respiratory
GCA_963428225.1,Respiratory
GCA_963452075.1,Respiratory
GCA_963443835.1,Respiratory
GCA_963445745.1,Respiratory
GCA_963447255.1,Respiratory
GCA_963435075.1,Respiratory
GCA_963452045.1,Respiratory
GCA_963427565.1,Respiratory
GCA_963454135.1,Respiratory
GCA_963430885.1,Respiratory
GCA_963431815.1,Respiratory
GCA_963448155.1,Respiratory
GCA_963452635.1,Respiratory
GCA_963432985.1,Respiratory
GCA_963454145.1,Respiratory
GCA_963453295.1,Respiratory
GCA_963430745.1,Respiratory
GCA_963434325.1,Respiratory
GCA_963452975.1,Respiratory
GCA_963444685.1,Respiratory
GCA_963430625.1,Respiratory
GCA_963445445.1,Respiratory
GCA_963440715.1,Respiratory
GCA_963449185.1,Respiratory
GCA_963437355.1,Respiratory
GCA_963433585.1,Respiratory
GCA_963454375.1,Respiratory
GCA_963428885.1,Respiratory
GCA_963449305.1,Respiratory
GCA_963429565.1,Respiratory
GCA_963449995.1,Respiratory
GCA_963443335.1,Respiratory
GCA_963441005.1,Respiratory
GCA_963426835.1,Respiratory
GCA_963453625.1,Respiratory
GCA_963441385.1,Respiratory
GCA_963451185.1,Respiratory
GCA_963428895.1,Respiratory
GCA_963446685.1,Respiratory
GCA_963434225.1,Respiratory
GCA_963426605.1,Respiratory
GCA_963451655.1,Respiratory
GCA_963433845.1,Respiratory
GCA_963449005.1,Respiratory
GCA_963429595.1,Respiratory
GCA_963454715.1,Respiratory
GCA_963447085.1,Respiratory
GCA_963429585.1,Respiratory
GCA_963433375.1,Respiratory
GCA_963447935.1,Respiratory
GCA_963436775.1,Respiratory
GCA_963453185.1,Respiratory
GCA_963453025.1,Respiratory
GCA_963430545.1,Respiratory
GCA_963453935.1,Respiratory
GCA_963441835.1,Respiratory
GCA_963431195.1,Respiratory
GCA_963446585.1,Respiratory
GCA_963442385.1,Respiratory
GCA_963435705.1,Respiratory
GCA_963435265.1,Respiratory
GCA_963435155.1,Respiratory
GCA_963448865.1,Respiratory
GCA_963440085.1,Respiratory
GCA_963433785.1,Respiratory
GCA_963451715.1,Respiratory
GCA_963429905.1,Respiratory
GCA_963426965.1,Respiratory
GCA_963449575.1,Respiratory
GCA_963443275.1,Respiratory
GCA_963443635.1,Respiratory
GCA_963441485.1,Respiratory
GCA_963450005.1,Respiratory
GCA_963436095.1,Respiratory
GCA_963436375.1,Respiratory
GCA_963443025.1,Respiratory
GCA_963444145.1,Respiratory
GCA_963449195.1,Respiratory
GCA_963443325.1,Respiratory
GCA_963442985.1,Respiratory
GCA_963438745.1,Respiratory
GCA_963442145.1,Respiratory
GCA_963437595.1,Respiratory
GCA_963441925.1,Respiratory
GCA_963453615.1,Respiratory
GCA_963450775.1,Respiratory
GCA_963437195.1,Respiratory
GCA_963432325.1,Respiratory
GCA_963443475.1,Respiratory
GCA_963431625.1,Respiratory
GCA_963443085.1,Respiratory
GCA_963427085.1,Respiratory
GCA_963431965.1,Respiratory
GCA_963434675.1,Respiratory
GCA_963444065.1,Respiratory
GCA_963437705.1,Respiratory
GCA_963432685.1,Respiratory
GCA_963448605.1,Respiratory
GCA_963448125.1,Respiratory
GCA_963453595.1,Respiratory
GCA_963444015.1,Respiratory
GCA_963452085.1,Respiratory
GCA_963448615.1,Respiratory
GCA_963446875.1,Respiratory
GCA_963441415.1,Respiratory
GCA_963451035.1,Respiratory
GCA_963428365.1,Respiratory
GCA_963435485.1,Respiratory
GCA_963441105.1,Respiratory
GCA_963436885.1,Respiratory
GCA_963436615.1,Respiratory
GCA_963429455.1,Respiratory
GCA_963449515.1,Respiratory
GCA_963449125.1,Respiratory
GCA_963444695.1,Respiratory
GCA_963452095.1,Respiratory
GCA_963430085.1,Respiratory
GCA_963436435.1,Respiratory
GCA_963432535.1,Respiratory
GCA_963453795.1,Respiratory
GCA_963431735.1,Respiratory
GCA_963443925.1,Respiratory
GCA_963431005.1,Respiratory
GCA_963428435.1,Respiratory
GCA_963441205.1,Respiratory
GCA_963441295.1,Respiratory
GCA_963437915.1,Respiratory
GCA_963434745.1,Respiratory
GCA_963454495.1,Respiratory
GCA_963453535.1,Respiratory
GCA_963454795.1,Respiratory
GCA_963430655.1,Respiratory
GCA_963437825.1,Respiratory
GCA_963451845.1,Respiratory
GCA_963435475.1,Respiratory
GCA_963447685.1,Respiratory
GCA_963429395.1,Respiratory
GCA_963452995.1,Respiratory
GCA_963433795.1,Respiratory
GCA_963439655.1,Respiratory
GCA_963429635.1,Respiratory
GCA_963442275.1,Respiratory
GCA_963450915.1,Respiratory
GCA_963428165.1,Respiratory
GCA_963438915.1,Respiratory
GCA_963427335.1,Respiratory
GCA_963451395.1,Respiratory
GCA_963449615.1,Respiratory
GCA_963447195.1,Respiratory
GCA_963433435.1,Respiratory
GCA_963449825.1,Respiratory
GCA_963441015.1,Respiratory
GCA_963445695.1,Respiratory
GCA_963449605.1,Respiratory
GCA_963437965.1,Respiratory
GCA_963450805.1,Respiratory
GCA_963442815.1,Respiratory
GCA_963453885.1,Respiratory
GCA_963443205.1,Respiratory
GCA_963434855.1,Respiratory
GCA_963438495.1,Respiratory
GCA_963454425.1,Respiratory
GCA_963432545.1,Respiratory
GCA_963445085.1,Respiratory
GCA_963429575.1,Respiratory
GCA_963430115.1,Respiratory
GCA_963441055.1,Respiratory
GCA_963439035.1,Respiratory
GCA_963448665.1,Respiratory
GCA_963443915.1,Respiratory
GCA_963428835.1,Respiratory
GCA_963429645.1,Respiratory
GCA_963451225.1,Respiratory
GCA_963435515.1,Respiratory
GCA_963429245.1,Respiratory
GCA_963441555.1,Respiratory
GCA_963442935.1,Respiratory
GCA_963452625.1,Respiratory
GCA_963430055.1,Respiratory
GCA_963439555.1,Respiratory
GCA_963431205.1,Respiratory
GCA_963454705.1,Respiratory
GCA_963435715.1,Respiratory
GCA_963438645.1,Respiratory
GCA_963428615.1,Respiratory
GCA_963428925.1,Respiratory
GCA_963448695.1,Respiratory
GCA_963449545.1,Respiratory
GCA_963431015.1,Respiratory
GCA_963431035.1,Respiratory
GCA_963454085.1,Respiratory
GCA_963452925.1,Respiratory
GCA_963452425.1,Respiratory
GCA_963442535.1,Respiratory
GCA_963432925.1,Respiratory
GCA_963443405.1,Respiratory
GCA_963449905.1,Respiratory
GCA_963447605.1,Respiratory
GCA_963428905.1,Respiratory
GCA_963438025.1,Respiratory
GCA_963439565.1,Respiratory
GCA_963435135.1,Respiratory
GCA_963449875.1,Respiratory
GCA_963434615.1,Respiratory
GCA_963445405.1,Respiratory
GCA_963444545.1,Respiratory
GCA_963450465.1,Respiratory
GCA_963444615.1,Respiratory
GCA_963454535.1,Respiratory
GCA_963427625.1,Respiratory
GCA_963427755.1,Respiratory
GCA_963452055.1,Respiratory
GCA_963435845.1,Respiratory
GCA_963428515.1,Respiratory
GCA_963448575.1,Respiratory
GCA_963446495.1,Respiratory
GCA_963442135.1,Respiratory
GCA_963437975.1,Respiratory
GCA_963448715.1,Respiratory
GCA_963433565.1,Respiratory
GCA_963446255.1,Respiratory
GCA_963444645.1,Respiratory
GCA_963444505.1,Respiratory
GCA_963426615.1,Respiratory
GCA_963432935.1,Respiratory
GCA_963440865.1,Respiratory
GCA_963451835.1,Respiratory
GCA_963447925.1,Respiratory
GCA_963454155.1,Respiratory
GCA_963446105.1,Respiratory
GCA_963454465.1,Respiratory
GCA_963430815.1,Respiratory
GCA_963442085.1,Respiratory
GCA_963451355.1,Respiratory
GCA_963437055.1,Respiratory
GCA_963452065.1,Respiratory
GCA_963441775.1,Respiratory
GCA_963444535.1,Respiratory
GCA_963426765.1,Respiratory
GCA_963431155.1,Respiratory
GCA_963431175.1,Respiratory
GCA_963441025.1,Respiratory
GCA_963452135.1,Respiratory
GCA_963427945.1,Respiratory
GCA_963435205.1,Respiratory
GCA_963439195.1,Respiratory
GCA_963450965.1,Respiratory
GCA_963432785.1,Respiratory
GCA_963436985.1,Respiratory
GCA_963451325.1,Respiratory
GCA_963436835.1,Respiratory
GCA_963447815.1,Respiratory
GCA_963453225.1,Respiratory
GCA_963452805.1,Respiratory
GCA_963449215.1,Respiratory
GCA_963436425.1,Respiratory
GCA_963451995.1,Respiratory
GCA_963434385.1,Respiratory
GCA_963434195.1,Respiratory
GCA_963430225.1,Respiratory
GCA_963454895.1,Respiratory
GCA_963432215.1,Respiratory
GCA_963445305.1,Respiratory
GCA_963432895.1,Respiratory
GCA_963451755.1,Respiratory
GCA_963440235.1,Respiratory
GCA_963440675.1,Respiratory
GCA_963436335.1,Respiratory
GCA_963429525.1,Respiratory
GCA_963428035.1,Respiratory
GCA_963426665.1,Respiratory
GCA_963444875.1,Respiratory
GCA_963431915.1,Respiratory
GCA_963451685.1,Respiratory
GCA_963435905.1,Respiratory
GCA_963431355.1,Respiratory
GCA_963439255.1,Respiratory
GCA_963450275.1,Respiratory
GCA_963451525.1,Respiratory
GCA_963439825.1,Respiratory
GCA_963451965.1,Respiratory
GCA_963454315.1,Respiratory
GCA_963447425.1,Respiratory
GCA_963442445.1,Respiratory
GCA_963438585.1,Respiratory
GCA_963438255.1,Respiratory
GCA_963448845.1,Respiratory
GCA_963439095.1,Respiratory
GCA_963435165.1,Respiratory
GCA_963451115.1,Respiratory
GCA_963453925.1,Respiratory
GCA_963435915.1,Respiratory
GCA_963443935.1,Respiratory
GCA_963441895.1,Respiratory
GCA_963428255.1,Respiratory
GCA_963453095.1,Respiratory
GCA_963432675.1,Respiratory
GCA_963452495.1,Respiratory
GCA_963436305.1,Respiratory
GCA_963448915.1,Respiratory
GCA_963440635.1,Respiratory
GCA_963431765.1,Respiratory
GCA_963447045.1,Respiratory
GCA_963431125.1,Respiratory
GCA_963443545.1,Respiratory
GCA_963438385.1,Respiratory
GCA_963439575.1,Respiratory
GCA_963432855.1,Respiratory
GCA_963448295.1,Respiratory
GCA_963427405.1,Respiratory
GCA_963432905.1,Respiratory
GCA_963448885.1,Respiratory
GCA_963454805.1,Respiratory
GCA_963451645.1,Respiratory
GCA_963443195.1,Respiratory
GCA_963439805.1,Respiratory
GCA_963432115.1,Respiratory
GCA_963454095.1,Respiratory
GCA_963435745.1,Respiratory
GCA_963429975.1,Respiratory
GCA_963434695.1,Respiratory
GCA_963435345.1,Respiratory
GCA_963428625.1,Respiratory
GCA_963453365.1,Respiratory
GCA_963432015.1,Respiratory
GCA_963430845.1,Respiratory
GCA_963441825.1,Respiratory
GCA_963444935.1,Respiratory
GCA_963454125.1,Respiratory
GCA_963444595.1,Respiratory
GCA_963436405.1,Respiratory
GCA_963429745.1,Respiratory
GCA_963431335.1,Respiratory
GCA_963428205.1,Respiratory
GCA_963439705.1,Respiratory
GCA_963440835.1,Respiratory
GCA_963444385.1,Respiratory
GCA_963436285.1,Respiratory
GCA_963438225.1,Respiratory
GCA_963434285.1,Respiratory
GCA_963430385.1,Respiratory
GCA_963427275.1,Respiratory
GCA_963445245.1,Respiratory
GCA_963451005.1,Respiratory
GCA_963445195.1,Respiratory
GCA_963441945.1,Respiratory
GCA_963453825.1,Respiratory
GCA_963452405.1,Respiratory
GCA_963453805.1,Respiratory
GCA_963428335.1,Respiratory
GCA_963447005.1,Respiratory
GCA_963434575.1,Respiratory
GCA_963450595.1,Respiratory
GCA_963430445.1,Respiratory
GCA_963431835.1,Respiratory
GCA_963446365.1,Respiratory
GCA_963440265.1,Respiratory
GCA_963444175.1,Respiratory
GCA_963429875.1,Respiratory
GCA_963428565.1,Respiratory
GCA_963447505.1,Respiratory
GCA_963435375.1,Respiratory
GCA_963444125.1,Respiratory
GCA_963448005.1,Respiratory
GCA_963438445.1,Respiratory
GCA_963428425.1,Respiratory
GCA_963437895.1,Respiratory
GCA_963432285.1,Respiratory
GCA_963427595.1,Respiratory
GCA_963437125.1,Respiratory
GCA_963444705.1,Respiratory
GCA_963439415.1,Respiratory
GCA_963448985.1,Respiratory
GCA_963436955.1,Respiratory
GCA_963433205.1,Respiratory
GCA_963454775.1,Respiratory
GCA_963430235.1,Respiratory
GCA_963445425.1,Respiratory
GCA_963451075.1,Respiratory
GCA_963446795.1,Respiratory
GCA_963427885.1,Respiratory
GCA_963433465.1,Respiratory
GCA_963429605.1,Respiratory
GCA_963430925.1,Respiratory
GCA_963436295.1,Respiratory
GCA_963449225.1,Respiratory
GCA_963441675.1,Respiratory
GCA_963447905.1,Respiratory
GCA_963437415.1,Respiratory
GCA_963449785.1,Respiratory
GCA_963446415.1,Respiratory
GCA_963428705.1,Respiratory
GCA_963436865.1,Respiratory
GCA_963451055.1,Respiratory
GCA_963450695.1,Respiratory
GCA_963450715.1,Respiratory
GCA_963438155.1,Respiratory
GCA_963432975.1,Respiratory
GCA_963445395.1,Respiratory
GCA_963435685.1,Respiratory
GCA_963453525.1,Respiratory
GCA_963432645.1,Respiratory
GCA_963437365.1,Respiratory
GCA_963442945.1,Respiratory
GCA_963452515.1,Respiratory
GCA_963453385.1,Respiratory
GCA_963438895.1,Respiratory
GCA_963445635.1,Respiratory
GCA_963452655.1,Respiratory
GCA_963439485.1,Respiratory
GCA_963449015.1,Respiratory
GCA_963433865.1,Respiratory
GCA_963444965.1,Respiratory
GCA_963434425.1,Respiratory
GCA_963433125.1,Respiratory
GCA_963437005.1,Respiratory
GCA_963436015.1,Respiratory
GCA_963448095.1,Respiratory
GCA_963430395.1,Respiratory
GCA_963441915.1,Respiratory
GCA_963434105.1,Respiratory
GCA_963440905.1,Respiratory
GCA_963443445.1,Respiratory
GCA_963429785.1,Respiratory
GCA_963439585.1,Respiratory
GCA_963453655.1,Respiratory
GCA_963431535.1,Respiratory
GCA_963430995.1,Respiratory
GCA_963451165.1,Respiratory
GCA_963449645.1,Respiratory
GCA_963428735.1,Respiratory
GCA_963428975.1,Respiratory
GCA_963443215.1,Respiratory
GCA_963438595.1,Respiratory
GCA_963451575.1,Respiratory
GCA_963440315.1,Respiratory
GCA_963427955.1,Respiratory
GCA_963452205.1,Respiratory
GCA_963437715.1,Respiratory
GCA_963431615.1,Respiratory
GCA_963440925.1,Respiratory
GCA_963442295.1,Respiratory
GCA_963435955.1,Respiratory
GCA_963430095.1,Respiratory
GCA_963427985.1,Respiratory
GCA_963445005.1,Respiratory
GCA_963453115.1,Respiratory
GCA_963445865.1,Respiratory
GCA_963439115.1,Respiratory
GCA_963438275.1,Respiratory
GCA_963441695.1,Respiratory
GCA_963432225.1,Respiratory
GCA_963430735.1,Respiratory
GCA_963429055.1,Respiratory
GCA_963451265.1,Respiratory
GCA_963427935.1,Respiratory
GCA_963436705.1,Respiratory
GCA_963454825.1,Respiratory
GCA_963454275.1,Respiratory
GCA_963449275.1,Respiratory
GCA_963453905.1,Respiratory
GCA_963433595.1,Respiratory
GCA_963442745.1,Respiratory
GCA_963434715.1,Respiratory
GCA_963440385.1,Respiratory
GCA_963427235.1,Respiratory
GCA_963427155.1,Respiratory
GCA_963450845.1,Respiratory
GCA_963445545.1,Respiratory
GCA_963433955.1,Respiratory
GCA_963433495.1,Respiratory
GCA_963450245.1,Respiratory
GCA_963444075.1,Respiratory
GCA_963432955.1,Respiratory
GCA_963447955.1,Respiratory
GCA_963451555.1,Respiratory
GCA_963446935.1,Respiratory
GCA_963432755.1,Respiratory
GCA_963450265.1,Respiratory
GCA_963453485.1,Respiratory
GCA_963436905.1,Respiratory
GCA_963451785.1,Respiratory
GCA_963427485.1,Respiratory
GCA_963449445.1,Respiratory
GCA_963454345.1,Respiratory
GCA_963436485.1,Respiratory
GCA_963443285.1,Respiratory
GCA_963448815.1,Respiratory
GCA_963441505.1,Respiratory
GCA_963438605.1,Respiratory
GCA_963442045.1,Respiratory
GCA_963445905.1,Respiratory
GCA_963453325.1,Respiratory
GCA_963454725.1,Respiratory
GCA_963433115.1,Respiratory
GCA_963445055.1,Respiratory
GCA_963429025.1,Respiratory
GCA_963450945.1,Respiratory
GCA_963444285.1,Respiratory
GCA_963453275.1,Respiratory
GCA_963438825.1,Respiratory
GCA_963431485.1,Respiratory
GCA_963449335.1,Respiratory
GCA_963429985.1,Respiratory
GCA_963429485.1,Respiratory
GCA_963443765.1,Respiratory
GCA_963452685.1,Respiratory
GCA_963434185.1,Respiratory
GCA_963453395.1,Respiratory
GCA_963439935.1,Respiratory
GCA_963433475.1,Respiratory
GCA_963446465.1,Respiratory
GCA_963441075.1,Respiratory
GCA_963454785.1,Respiratory
GCA_963436535.1,Respiratory
GCA_963452005.1,Respiratory
GCA_963433875.1,Respiratory
GCA_963432025.1,Respiratory
GCA_963444485.1,Respiratory
GCA_963450455.1,Respiratory
GCA_963452245.1,Respiratory
GCA_963442375.1,Respiratory
GCA_963448905.1,Respiratory
GCA_963452475.1,Respiratory
GCA_963426565.1,Respiratory
GCA_963453155.1,Respiratory
GCA_963427765.1,Respiratory
GCA_963439455.1,Respiratory
GCA_963450155.1,Respiratory
GCA_963450105.1,Respiratory
GCA_963450795.1,Respiratory
GCA_963439085.1,Respiratory
GCA_963428475.1,Respiratory
GCA_963445145.1,Respiratory
GCA_963435415.1,Respiratory
GCA_963448375.1,Respiratory
GCA_963445355.1,Respiratory
GCA_963448015.1,Respiratory
GCA_963453725.1,Respiratory
GCA_963454055.1,Respiratory
GCA_963442215.1,Respiratory
GCA_963443065.1,Respiratory
GCA_963440565.1,Respiratory
GCA_963447175.1,Respiratory
GCA_963452465.1,Respiratory
GCA_963438365.1,Respiratory
GCA_963427675.1,Respiratory
GCA_963447475.1,Respiratory
GCA_963436975.1,Respiratory
GCA_963450435.1,Respiratory
GCA_963453305.1,Respiratory
GCA_963426625.1,Respiratory
GCA_963450075.1,Respiratory
GCA_963442365.1,Respiratory
GCA_963440105.1,Respiratory
GCA_963440975.1,Respiratory
GCA_963448515.1,Respiratory
GCA_963435895.1,Respiratory
GCA_963450285.1,Respiratory
GCA_963453045.1,Respiratory
GCA_963440615.1,Respiratory
GCA_963446025.1,Respiratory
GCA_963452575.1,Respiratory
GCA_963433165.1,Respiratory
GCA_963430435.1,Respiratory
GCA_963445385.1,Respiratory
GCA_963435445.1,Respiratory
GCA_963447265.1,Respiratory
GCA_963433555.1,Respiratory
GCA_963451285.1,Respiratory
GCA_963450645.1,Respiratory
GCA_963428585.1,Respiratory
GCA_963449115.1,Respiratory
GCA_963450495.1,Respiratory
GCA_963444845.1,Respiratory
GCA_963432125.1,Respiratory
GCA_963444335.1,Respiratory
GCA_963439075.1,Respiratory
GCA_963449835.1,Respiratory
GCA_963440445.1,Respiratory
GCA_963431525.1,Respiratory
GCA_963436725.1,Respiratory
GCA_963451295.1,Respiratory
GCA_963428525.1,Respiratory
GCA_963429965.1,Respiratory
GCA_963439945.1,Respiratory
GCA_963443805.1,Respiratory
GCA_963447535.1,Respiratory
GCA_963434535.1,Respiratory
GCA_963426645.1,Respiratory
GCA_963446575.1,Respiratory
GCA_963434175.1,Respiratory
GCA_963433035.1,Respiratory
GCA_963445645.1,Respiratory
GCA_963427685.1,Respiratory
GCA_963434445.1,Respiratory
GCA_963437315.1,Respiratory
GCA_963449175.1,Respiratory
GCA_963431705.1,Respiratory
GCA_963450555.1,Respiratory
GCA_963431055.1,Respiratory
GCA_963438265.1,Respiratory
GCA_963445105.1,Respiratory
GCA_963441435.1,Respiratory
GCA_963440815.1,Respiratory
GCA_963435695.1,Respiratory
GCA_963446725.1,Respiratory
GCA_963432395.1,Respiratory
GCA_963430575.1,Respiratory
GCA_963433015.1,Respiratory
GCA_963437015.1,Respiratory
GCA_963428495.1,Respiratory
GCA_963427795.1,Respiratory
GCA_963451725.1,Respiratory
GCA_963452605.1,Respiratory
GCA_963452645.1,Respiratory
GCA_963446375.1,Respiratory
GCA_963427805.1,Respiratory
GCA_963440125.1,Respiratory
GCA_963444355.1,Respiratory
GCA_963452555.1,Respiratory
GCA_963444855.1,Respiratory
GCA_963449135.1,Respiratory
GCA_963439375.1,Respiratory
GCA_963432775.1,Respiratory
GCA_963443865.1,Respiratory
GCA_963442475.1,Respiratory
GCA_963446715.1,Respiratory
GCA_963432435.1,Respiratory
GCA_963453335.1,Respiratory
GCA_963439715.1,Respiratory
GCA_963445315.1,Respiratory
GCA_963440165.1,Respiratory
GCA_963431875.1,Respiratory
GCA_963443825.1,Respiratory
GCA_963439665.1,Respiratory
GCA_963443015.1,Respiratory
GCA_963433225.1,Respiratory
GCA_963446095.1,Respiratory
GCA_963454525.1,Respiratory
GCA_963432515.1,Respiratory
GCA_963433215.1,Respiratory
GCA_963431655.1,Respiratory
GCA_963445685.1,Respiratory
GCA_963436275.1,Respiratory
GCA_963452565.1,Respiratory
GCA_963444975.1,Respiratory
GCA_963445815.1,Respiratory
GCA_963427745.1,Respiratory
GCA_963434625.1,Respiratory
GCA_963440545.1,Respiratory
GCA_963453605.1,Respiratory
GCA_963444295.1,Respiratory
GCA_963442225.1,Respiratory
GCA_963435975.1,Respiratory
GCA_963429105.1,Respiratory
GCA_963440765.1,Respiratory
GCA_963452145.1,Respiratory
GCA_963449655.1,Respiratory
GCA_963429085.1,Respiratory
GCA_963433885.1,Respiratory
GCA_963449955.1,Respiratory
GCA_963430005.1,Respiratory
GCA_963433665.1,Respiratory
GCA_963438395.1,Respiratory
GCA_963439495.1,Respiratory
GCA_963443165.1,Respiratory
GCA_963445955.1,Respiratory
GCA_963437485.1,Respiratory
GCA_963440535.1,Respiratory
GCA_963454585.1,Respiratory
GCA_963439645.1,Respiratory
GCA_963428575.1,Respiratory
GCA_963436575.1,Respiratory
GCA_963448235.1,Respiratory
GCA_963451105.1,Respiratory
GCA_963448245.1,Respiratory
GCA_963439755.1,Respiratory
GCA_963454395.1,Respiratory
GCA_963429405.1,Respiratory
GCA_963450185.1,Respiratory
GCA_963444905.1,Respiratory
GCA_963427905.1,Respiratory
GCA_963432915.1,Respiratory
GCA_963452445.1,Respiratory
GCA_963429385.1,Respiratory
GCA_963445205.1,Respiratory
GCA_963443985.1,Respiratory
GCA_963449205.1,Respiratory
GCA_963433405.1,Respiratory
GCA_963452745.1,Respiratory
GCA_963437865.1,Respiratory
GCA_963434245.1,Respiratory
GCA_963437425.1,Respiratory
GCA_963450615.1,Respiratory
GCA_963432265.1,Respiratory
GCA_963435055.1,Respiratory
GCA_963440645.1,Respiratory
GCA_963441815.1,Respiratory
GCA_963442775.1,Respiratory
GCA_963447895.1,Respiratory
GCA_963434375.1,Respiratory
GCA_963453755.1,Respiratory
GCA_963451855.1,Respiratory
GCA_963435585.1,Respiratory
GCA_963446625.1,Respiratory
GCA_963431265.1,Respiratory
GCA_963431905.1,Respiratory
GCA_963439445.1,Respiratory
GCA_963451385.1,Respiratory
GCA_963427505.1,Respiratory
GCA_963449495.1,Respiratory
GCA_963443135.1,Respiratory
GCA_963434865.1,Respiratory
GCA_963452905.1,Respiratory
GCA_963452825.1,Respiratory
GCA_963447275.1,Respiratory
GCA_963434465.1,Respiratory
GCA_963426945.1,Respiratory
GCA_963440015.1,Respiratory
GCA_963435995.1,Respiratory
GCA_963440065.1,Respiratory
GCA_963448395.1,Respiratory
GCA_963436505.1,Respiratory
GCA_963435395.1,Respiratory
GCA_963431295.1,Respiratory
GCA_963453065.1,Respiratory
GCA_963428745.1,Respiratory
GCA_963431865.1,Respiratory
GCA_963435235.1,Respiratory
GCA_963447165.1,Respiratory
GCA_963452155.1,Respiratory
GCA_963438485.1,Respiratory
GCA_963439855.1,Respiratory
GCA_963437815.1,Respiratory
GCA_963439465.1,Respiratory
GCA_963437785.1,Respiratory
GCA_963429115.1,Respiratory
GCA_963429885.1,Respiratory
GCA_963449665.1,Respiratory
GCA_963435195.1,Respiratory
GCA_963445455.1,Respiratory
GCA_963432165.1,Respiratory
GCA_963437085.1,Respiratory
GCA_963450475.1,Respiratory
GCA_963447325.1,Respiratory
GCA_963443375.1,Respiratory
GCA_963445915.1,Respiratory
GCA_963429075.1,Respiratory
GCA_963429125.1,Respiratory
GCA_963428135.1,Respiratory
GCA_963440205.1,Respiratory
GCA_963445515.1,Respiratory
GCA_963441165.1,Respiratory
GCA_963447515.1,Respiratory
GCA_963450885.1,Respiratory
GCA_963442865.1,Respiratory
GCA_963432625.1,Respiratory
GCA_963444665.1,Respiratory
GCA_963451545.1,Respiratory
GCA_963447745.1,Respiratory
GCA_963445095.1,Respiratory
GCA_963449635.1,Respiratory
GCA_963450635.1,Respiratory
GCA_963432085.1,Respiratory
GCA_963431785.1,Respiratory
GCA_963430175.1,Respiratory
GCA_963443235.1,Respiratory
GCA_963454445.1,Respiratory
GCA_963434505.1,Respiratory
GCA_963429955.1,Respiratory
GCA_963438305.1,Respiratory
GCA_963438115.1,Respiratory
GCA_963448795.1,Respiratory
GCA_963449535.1,Respiratory
GCA_963443695.1,Respiratory
GCA_963427915.1,Respiratory
GCA_963449795.1,Respiratory
GCA_963451505.1,Respiratory
GCA_963430615.1,Respiratory
GCA_963452355.1,Respiratory
GCA_963443485.1,Respiratory
GCA_963431135.1,Respiratory
GCA_963444865.1,Respiratory
GCA_963429265.1,Respiratory
GCA_963451275.1,Respiratory
GCA_963443585.1,Respiratory
GCA_963453425.1,Respiratory
GCA_963436765.1,Respiratory
GCA_963449405.1,Respiratory
GCA_963452865.1,Respiratory
GCA_963454075.1,Respiratory
GCA_963433415.1,Respiratory
GCA_963452015.1,Respiratory
GCA_963454355.1,Respiratory
GCA_963446345.1,Respiratory
GCA_963440375.1,Respiratory
GCA_963449145.1,Respiratory
GCA_963432965.1,Respiratory
GCA_963447975.1,Respiratory
GCA_963441255.1,Respiratory
GCA_963432295.1,Respiratory
GCA_963427345.1,Respiratory
GCA_963434495.1,Respiratory
GCA_963426995.1,Respiratory
GCA_963437475.1,Respiratory
GCA_963441635.1,Respiratory
GCA_963442905.1,Respiratory
GCA_963446845.1,Respiratory
GCA_963452895.1,Respiratory
GCA_963449425.1,Respiratory
GCA_963442875.1,Respiratory
GCA_963434595.1,Respiratory
GCA_963427825.1,Respiratory
GCA_963428555.1,Respiratory
GCA_963431085.1,Respiratory
GCA_963430405.1,Respiratory
GCA_963451585.1,Respiratory
GCA_963444675.1,Respiratory
GCA_963441495.1,Respiratory
GCA_963453735.1,Respiratory
GCA_963452165.1,Respiratory
GCA_963441405.1,Respiratory
GCA_963441365.1,Respiratory
GCA_963452955.1,Respiratory
GCA_963430935.1,Respiratory
GCA_963430475.1,Respiratory
GCA_963427295.1,Respiratory
GCA_963429735.1,Respiratory
GCA_963430315.1,Respiratory
GCA_963451175.1,Respiratory
GCA_963435285.1,Respiratory
GCA_963453035.1,Respiratory
GCA_963426575.1,Respiratory
GCA_963444515.1,Respiratory
GCA_963443105.1,Respiratory
GCA_963434335.1,Respiratory
GCA_963445855.1,Respiratory
GCA_963426975.1,Respiratory
GCA_963446155.1,Respiratory
GCA_963445365.1,Respiratory
GCA_963427265.1,Respiratory
GCA_963441715.1,Respiratory
GCA_963433715.1,Respiratory
GCA_963433185.1,Respiratory
GCA_963443575.1,Respiratory
GCA_963447545.1,Respiratory
GCA_963433005.1,Respiratory
GCA_963433685.1,Respiratory
GCA_963450065.1,Respiratory
GCA_963454625.1,Respiratory
GCA_963434775.1,Respiratory
GCA_963450235.1,Respiratory
GCA_963452735.1,Respiratory
GCA_963450335.1,Respiratory
GCA_963427375.1,Respiratory
GCA_963433985.1,Respiratory
GCA_963431145.1,Respiratory
GCA_963452195.1,Respiratory
GCA_963430415.1,Respiratory
GCA_963429815.1,Respiratory
GCA_963432195.1,Respiratory
GCA_963428405.1,Respiratory
GCA_963437585.1,Respiratory
GCA_963446885.1,Respiratory
GCA_963452845.1,Respiratory
GCA_963430205.1,Respiratory
GCA_963441665.1,Respiratory
GCA_963445165.1,Respiratory
GCA_963426585.1,Respiratory
GCA_963445665.1,Respiratory
GCA_963453415.1,Respiratory
GCA_963441045.1,Respiratory
GCA_034318365.1,Respiratory
GCA_034318885.1,Urinary
GCA_963450995.1,Respiratory
GCA_963449525.1,Respiratory
GCA_963439355.1,Respiratory
GCA_963427715.1,Respiratory
GCA_963447635.1,Respiratory
GCA_963450675.1,Respiratory
GCA_963433925.1,Respiratory
GCA_963449805.1,Respiratory
GCA_963437515.1,Respiratory
GCA_963429855.1,Respiratory
GCA_963439725.1,Respiratory
GCA_963450625.1,Respiratory
GCA_963433085.1,Respiratory
GCA_963452345.1,Respiratory
GCA_963428785.1,Respiratory
GCA_963432425.1,Respiratory
GCA_963432565.1,Respiratory
GCA_963450395.1,Respiratory
GCA_963439385.1,Respiratory
GCA_963444715.1,Respiratory
GCA_963429945.1,Respiratory
GCA_963442965.1,Respiratory
GCA_963439315.1,Respiratory
GCA_963438885.1,Respiratory
GCA_963446615.1,Respiratory
GCA_963441335.1,Respiratory
GCA_963450575.1,Respiratory
GCA_963440935.1,Respiratory
GCA_963450055.1,Respiratory
GCA_963450925.1,Respiratory
GCA_963448325.1,Respiratory
GCA_963437945.1,Respiratory
GCA_963450035.1,Respiratory
GCA_963447445.1,Respiratory
GCA_963446505.1,Respiratory
GCA_963451015.1,Respiratory
GCA_963453475.1,Respiratory
GCA_963442545.1,Respiratory
GCA_963428865.1,Respiratory
GCA_963438215.1,Respiratory
GCA_963443555.1,Respiratory
GCA_963444185.1,Respiratory
GCA_963438555.1,Respiratory
GCA_963433745.1,Respiratory
GCA_963436515.1,Respiratory
GCA_963439845.1,Respiratory
GCA_963445335.1,Respiratory
GCA_963436635.1,Respiratory
GCA_963443955.1,Respiratory
GCA_963438515.1,Respiratory
GCA_963448345.1,Respiratory
GCA_963427025.1,Respiratory
GCA_963434635.1,Respiratory
GCA_963436255.1,Respiratory
GCA_963452295.1,Respiratory
GCA_963432445.1,Respiratory
GCA_963434085.1,Respiratory
GCA_963431165.1,Respiratory
GCA_963441355.1,Respiratory
GCA_963441325.1,Respiratory
GCA_963454025.1,Respiratory
GCA_963446675.1,Respiratory
GCA_963444005.1,Respiratory
GCA_963436105.1,Respiratory
GCA_963452505.1,Respiratory
GCA_963437105.1,Respiratory
GCA_963439635.1,Respiratory
GCA_963444115.1,Respiratory
GCA_963440575.1,Respiratory
GCA_963427355.1,Respiratory
GCA_963440345.1,Respiratory
GCA_963429845.1,Respiratory
GCA_963429505.1,Respiratory
GCA_963426805.1,Respiratory
GCA_963443465.1,Respiratory
GCA_963452815.1,Respiratory
GCA_963429655.1,Respiratory
GCA_963426745.1,Respiratory
GCA_963444425.1,Respiratory
GCA_963429095.1,Respiratory
GCA_963430975.1,Respiratory
GCA_963446445.1,Respiratory
GCA_963432875.1,Respiratory
GCA_963448505.1,Respiratory
GCA_963438045.1,Respiratory
GCA_963441305.1,Respiratory
GCA_963427185.1,Respiratory
GCA_963434985.1,Respiratory
GCA_963433915.1,Respiratory
GCA_963453175.1,Respiratory
GCA_963442345.1,Respiratory
GCA_963426635.1,Respiratory
GCA_963431635.1,Respiratory
GCA_963433335.1,Respiratory
GCA_963439365.1,Respiratory
GCA_963427095.1,Respiratory
GCA_963449375.1,Respiratory
GCA_963427055.1,Respiratory
GCA_963446165.1,Respiratory
GCA_963430835.1,Respiratory
GCA_963439005.1,Respiratory
GCA_963429435.1,Respiratory
GCA_963431675.1,Respiratory
GCA_963450305.1,Respiratory
GCA_963447985.1,Respiratory
GCA_963441175.1,Respiratory
GCA_963449755.1,Respiratory
GCA_963447095.1,Respiratory
GCA_963435965.1,Respiratory
GCA_963436565.1,Respiratory
GCA_963453745.1,Respiratory
GCA_963437845.1,Respiratory
GCA_963427865.1,Respiratory
GCA_963444155.1,Respiratory
GCA_963438735.1,Respiratory
GCA_963446925.1,Respiratory
GCA_963443155.1,Respiratory
GCA_963439185.1,Respiratory
GCA_963438135.1,Respiratory
GCA_963437995.1,Respiratory
GCA_963451405.1,Respiratory
GCA_963441425.1,Respiratory
GCA_963443715.1,Respiratory
GCA_963453075.1,Respiratory
GCA_963428385.1,Respiratory
GCA_963428005.1,Respiratory
GCA_963439985.1,Respiratory
GCA_963433815.1,Respiratory
GCA_963452225.1,Respiratory
GCA_963439215.1,Respiratory
GCA_963446535.1,Respiratory
GCA_963431545.1,Respiratory
GCA_963442645.1,Respiratory
GCA_963440185.1,Respiratory
GCA_963445755.1,Respiratory
GCA_963435095.1,Respiratory
GCA_963434355.1,Respiratory
GCA_963429705.1,Respiratory
GCA_963441565.1,Respiratory
GCA_963430015.1,Respiratory
GCA_963441445.1,Respiratory
GCA_963427695.1,Respiratory
GCA_963441585.1,Respiratory
GCA_963437295.1,Respiratory
GCA_963428965.1,Respiratory
GCA_963440585.1,Respiratory
GCA_963443055.1,Respiratory
GCA_963433385.1,Respiratory
GCA_963447025.1,Respiratory
GCA_963452395.1,Respiratory
GCA_963452855.1,Respiratory
GCA_963439235.1,Respiratory
GCA_963454485.1,Respiratory
GCA_963445215.1,Respiratory
GCA_963441225.1,Respiratory
GCA_963436655.1,Respiratory
GCA_963445225.1,Respiratory
GCA_963453245.1,Respiratory
GCA_963434275.1,Respiratory
GCA_963446835.1,Respiratory
GCA_963435785.1,Respiratory
GCA_963451885.1,Respiratory
GCA_963436465.1,Respiratory
GCA_963443045.1,Respiratory
GCA_963440435.1,Respiratory
GCA_963443495.1,Respiratory
GCA_963440305.1,Respiratory
GCA_963447945.1,Respiratory
GCA_963439895.1,Respiratory
GCA_963426555.1,Respiratory
GCA_963437495.1,Respiratory
GCA_963437985.1,Respiratory
GCA_963441855.1,Respiratory
GCA_963430705.1,Respiratory
GCA_963445155.1,Respiratory
GCA_963439285.1,Respiratory
GCA_963429205.1,Respiratory
GCA_963453205.1,Respiratory
GCA_963443725.1,Respiratory
GCA_963443855.1,Respiratory
GCA_963451625.1,Respiratory
GCA_963433675.1,Respiratory
GCA_963435525.1,Respiratory
GCA_963432485.1,Respiratory
GCA_963429305.1,Respiratory
GCA_963443125.1,Respiratory
GCA_963428065.1,Respiratory
GCA_963447185.1,Respiratory
GCA_963443885.1,Respiratory
GCA_963431375.1,Respiratory
GCA_963440285.1,Respiratory
GCA_963437275.1,Respiratory
GCA_963446775.1,Respiratory
GCA_963444785.1,Respiratory
GCA_963454335.1,Respiratory
GCA_963443345.1,Respiratory
GCA_963442405.1,Respiratory
GCA_963435325.1,Respiratory
GCA_963432405.1,Respiratory
GCA_963435735.1,Respiratory
GCA_963449945.1,Respiratory
GCA_963428105.1,Respiratory
GCA_963437035.1,Respiratory
GCA_963429035.1,Respiratory
GCA_963428685.1,Respiratory
GCA_963436945.1,Respiratory
GCA_963428305.1,Respiratory
GCA_963428725.1,Respiratory
GCA_963439685.1,Respiratory
GCA_963429475.1,Respiratory
GCA_963431515.1,Respiratory
GCA_963450215.1,Respiratory
GCA_963445325.1,Respiratory
GCA_963441985.1,Respiratory
GCA_963436025.1,Respiratory
GCA_963427705.1,Respiratory
GCA_963442175.1,Respiratory
GCA_963447055.1,Respiratory
GCA_963431025.1,Respiratory
GCA_963427665.1,Respiratory
GCA_963437805.1,Respiratory
GCA_963453465.1,Respiratory
GCA_963437395.1,Respiratory
GCA_963448265.1,Respiratory
GCA_963441765.1,Respiratory
GCA_963440195.1,Respiratory
GCA_963447385.1,Respiratory
GCA_963434415.1,Respiratory
GCA_963432805.1,Respiratory
GCA_963450705.1,Respiratory
GCA_963443515.1,Respiratory
GCA_963430715.1,Respiratory
GCA_963443655.1,Respiratory
GCA_963440965.1,Respiratory
GCA_963439395.1,Respiratory
GCA_963438965.1,Respiratory
GCA_963453945.1,Respiratory
GCA_963426815.1,Respiratory
GCA_963434875.1,Respiratory
GCA_963432655.1,Respiratory
GCA_963454245.1,Respiratory
GCA_963426885.1,Respiratory
GCA_963429695.1,Respiratory
GCA_963435535.1,Respiratory
GCA_963449325.1,Respiratory
GCA_963434345.1,Respiratory
GCA_963446515.1,Respiratory
GCA_963433105.1,Respiratory
GCA_963450115.1,Respiratory
GCA_963447345.1,Respiratory
GCA_963434205.1,Respiratory
GCA_963450765.1,Respiratory
GCA_963433095.1,Respiratory
GCA_963429015.1,Respiratory
GCA_963443675.1,Respiratory
GCA_963453055.1,Respiratory
GCA_963437675.1,Respiratory
GCA_963450415.1,Respiratory
GCA_963426875.1,Respiratory
GCA_963447435.1,Respiratory
GCA_963444745.1,Respiratory
GCA_963449365.1,Respiratory
GCA_963454285.1,Respiratory
GCA_963436075.1,Respiratory
GCA_963446185.1,Respiratory
GCA_963431695.1,Respiratory
GCA_963430135.1,Respiratory
GCA_963426845.1,Respiratory
GCA_963438415.1,Respiratory
GCA_963431105.1,Respiratory
GCA_963448475.1,Respiratory
GCA_963430685.1,Respiratory
GCA_963451235.1,Respiratory
GCA_963431975.1,Respiratory
GCA_963426855.1,Respiratory
GCA_963442855.1,Respiratory
GCA_963451675.1,Respiratory
GCA_963454545.1,Respiratory
GCA_963432845.1,Respiratory
GCA_963449675.1,Respiratory
GCA_963440325.1,Respiratory
GCA_963429995.1,Respiratory
GCA_963438665.1,Respiratory
GCA_963451595.1,Respiratory
GCA_963447865.1,Respiratory
GCA_963429225.1,Respiratory
GCA_963448825.1,Respiratory
GCA_963431185.1,Respiratory
GCA_963452985.1,Respiratory
GCA_963438565.1,Respiratory
GCA_963430285.1,Respiratory
GCA_963439995.1,Respiratory
GCA_963446985.1,Respiratory
GCA_963444895.1,Respiratory
GCA_963435125.1,Respiratory
GCA_963441065.1,Respiratory
GCA_963454175.1,Respiratory
GCA_963450975.1,Respiratory
GCA_963438015.1,Respiratory
GCA_963448855.1,Respiratory
GCA_963451085.1,Respiratory
GCA_963427975.1,Respiratory
GCA_963452235.1,Respiratory
GCA_963443595.1,Respiratory
GCA_963433135.1,Respiratory
GCA_963436785.1,Respiratory
GCA_963436125.1,Respiratory
GCA_963427575.1,Respiratory
GCA_963454475.1,Respiratory
GCA_963448225.1,Respiratory
GCA_963454455.1,Respiratory
GCA_963441615.1,Respiratory
GCA_963440175.1,Respiratory
GCA_963445175.1,Respiratory
GCA_963444025.1,Respiratory
GCA_963445035.1,Respiratory
GCA_963446145.1,Respiratory
GCA_963443525.1,Respiratory
GCA_963451345.1,Respiratory
GCA_963437065.1,Respiratory
GCA_963436155.1,Respiratory
GCA_963435455.1,Respiratory
GCA_963428595.1,Respiratory
GCA_963447835.1,Respiratory
GCA_963447015.1,Respiratory
GCA_963451635.1,Respiratory
GCA_963440075.1,Respiratory
GCA_963448175.1,Respiratory
GCA_963434165.1,Respiratory
GCA_963434935.1,Respiratory
GCA_963439815.1,Respiratory
GCA_963437935.1,Respiratory
GCA_963443265.1,Respiratory
GCA_963432305.1,Respiratory
GCA_963434015.1,Respiratory
GCA_963435315.1,Respiratory
GCA_963431465.1,Respiratory
GCA_963430795.1,Respiratory
GCA_963442025.1,Respiratory
GCA_963428825.1,Respiratory
GCA_963453145.1,Respiratory
GCA_963445595.1,Respiratory
GCA_963451315.1,Respiratory
GCA_963448055.1,Respiratory
GCA_963443665.1,Respiratory
GCA_963429045.1,Respiratory
GCA_963432375.1,Respiratory
GCA_963449165.1,Respiratory
GCA_963452185.1,Respiratory
GCA_963451515.1,Respiratory
GCA_963438235.1,Respiratory
GCA_963427645.1,Respiratory
GCA_963453375.1,Respiratory
GCA_963433945.1,Respiratory
GCA_963454215.1,Respiratory
GCA_963430245.1,Respiratory
GCA_963454605.1,Respiratory
GCA_963449085.1,Respiratory
GCA_963433025.1,Respiratory
GCA_963434305.1,Respiratory
GCA_963450345.1,Respiratory
GCA_963428665.1,Respiratory
GCA_963447285.1,Respiratory
GCA_963448025.1,Respiratory
GCA_963441375.1,Respiratory
GCA_963440005.1,Respiratory
GCA_963432245.1,Respiratory
GCA_963435255.1,Respiratory
GCA_963447215.1,Respiratory
GCA_963426545.1,Respiratory
GCA_963443245.1,Respiratory
GCA_963450195.1,Respiratory
GCA_963440455.1,Respiratory
GCA_963437555.1,Respiratory
GCA_963434685.1,Respiratory
GCA_963426685.1,Respiratory
GCA_963436545.1,Respiratory
GCA_963429375.1,Respiratory
GCA_963439325.1,Respiratory
GCA_963435105.1,Respiratory
GCA_963428675.1,Respiratory
GCA_963447555.1,Respiratory
GCA_963444565.1,Respiratory
GCA_963450205.1,Respiratory
GCA_963444985.1,Respiratory
GCA_963444805.1,Respiratory
GCA_963430495.1,Respiratory
GCA_963448935.1,Respiratory
GCA_963445065.1,Respiratory
GCA_963440735.1,Respiratory
GCA_963435435.1,Respiratory
GCA_963451605.1,Respiratory
GCA_963454695.1,Respiratory
GCA_963446305.1,Respiratory
GCA_963434145.1,Respiratory
GCA_963428075.1,Respiratory
GCA_963448525.1,Respiratory
GCA_963432525.1,Respiratory
GCA_963449075.1,Respiratory
GCA_963440365.1,Respiratory
GCA_963438765.1,Respiratory
GCA_963436085.1,Respiratory
GCA_963430785.1,Respiratory
GCA_963427845.1,Respiratory
GCA_963448735.1,Respiratory
GCA_963445535.1,Respiratory
GCA_963446855.1,Respiratory
GCA_963444195.1,Respiratory
GCA_963442575.1,Respiratory
GCA_963451945.1,Respiratory
GCA_963446005.1,Respiratory
GCA_963449245.1,Respiratory
GCA_963433895.1,Respiratory
GCA_963436925.1,Respiratory
GCA_963450405.1,Respiratory
GCA_963445875.1,Respiratory
GCA_963436445.1,Respiratory
GCA_963429825.1,Respiratory
GCA_963437325.1,Respiratory
GCA_963429535.1,Respiratory
GCA_963447795.1,Respiratory
GCA_963449355.1,Respiratory
GCA_963432095.1,Respiratory
GCA_963449105.1,Respiratory
GCA_963448635.1,Respiratory
GCA_963442425.1,Respiratory
GCA_963451095.1,Respiratory
GCA_963448185.1,Respiratory
GCA_963437575.1,Respiratory
GCA_963447395.1,Respiratory
GCA_963453895.1,Respiratory
GCA_963428545.1,Respiratory
GCA_963435855.1,Respiratory
GCA_963428325.1,Respiratory
GCA_963445375.1,Respiratory
GCA_963447875.1,Respiratory
GCA_963431955.1,Respiratory
GCA_963452665.1,Respiratory
GCA_963429335.1,Respiratory
GCA_963432705.1,Respiratory
GCA_963454615.1,Respiratory
GCA_963438805.1,Respiratory
GCA_963450535.1,Respiratory
GCA_963446645.1,Respiratory
GCA_963449975.1,Respiratory
GCA_963454325.1,Respiratory
GCA_963428125.1,Respiratory
GCA_963445795.1,Respiratory
GCA_963445555.1,Respiratory
GCA_963434955.1,Respiratory
GCA_963426595.1,Respiratory
GCA_963433855.1,Respiratory
GCA_963440275.1,Respiratory
GCA_963447995.1,Respiratory
GCA_963428605.1,Respiratory
GCA_963454765.1,Respiratory
GCA_963444215.1,Respiratory
GCA_963431645.1,Respiratory
GCA_963426785.1,Respiratory
GCA_963449065.1,Respiratory
GCA_963433615.1,Respiratory
GCA_963453455.1,Respiratory
GCA_963430335.1,Respiratory
GCA_963438185.1,Respiratory
GCA_963453505.1,Respiratory
GCA_963431305.1,Respiratory
GCA_963440915.1,Respiratory
GCA_963436205.1,Respiratory
GCA_963447765.1,Respiratory
GCA_963454685.1,Respiratory
GCA_963445935.1,Respiratory
GCA_963443145.1,Respiratory
GCA_963434005.1,Respiratory
GCA_963428635.1,Respiratory
GCA_963434255.1,Respiratory
GCA_963427835.1,Respiratory
GCA_034445445.1,Respiratory
GCA_034445205.1,Respiratory
GCA_034486685.1,Urinary
GCA_034486125.1,Crop
GCA_034486105.1,Crop
GCA_034494105.1,Crop
GCA_034486085.1,Crop
GCA_034486065.1,Crop
GCA_034486025.1,Crop
GCA_034486045.1,Crop
GCA_034486665.1,Crop
GCA_034486005.1,Crop
GCA_034485985.1,Crop
GCA_034485965.1,Crop
GCA_034486165.1,Crop
GCA_034494185.1,Crop
GCA_034486625.1,Crop
GCA_034485945.1,Crop
GCA_034485905.1,Crop
GCA_034494065.1,Crop
GCA_034494045.1,Crop
GCA_034485865.1,Crop
GCA_034485925.1,Crop
GCA_034499115.1,Bloodstream
GCA_034499095.1,Respiratory
GCA_034437855.1,Respiratory
GCA_034437935.1,Gastrointestinal
GCA_034437975.1,Medical_Device
GCA_034438055.1,Medical_Device
GCA_034438115.1,Gastrointestinal
GCA_034438175.1,Respiratory
GCA_034438215.1,Gastrointestinal
GCA_034438235.1,Respiratory
GCA_034438255.1,Respiratory
GCA_034438295.1,Gastrointestinal
GCA_034438315.1,Gastrointestinal
GCA_034438335.1,Medical_Device
GCA_034438385.1,Medical_Device
GCA_034438435.1,Respiratory
GCA_034438455.1,Medical_Device
GCA_034438375.1,Bloodstream
GCA_034438495.1,Medical_Device
GCA_034438485.1,Gastrointestinal
GCA_034438475.1,Medical_Device
GCA_034438575.1,Medical_Device
GCA_034438735.1,Gastrointestinal
GCA_034480705.1,Bloodstream
GCA_034480885.1,Urinary
GCA_034576075.1,Respiratory
GCA_034576055.1,Respiratory
GCA_034575735.1,Respiratory
GCA_034575615.1,Urinary
GCA_034575495.1,Respiratory
GCA_034575535.1,Urinary
GCA_034563415.1,Respiratory
GCA_032292255.2,Skin_Soft_Tissue
GCA_034670505.1,Gastrointestinal
GCA_034560655.1,Gastrointestinal
GCA_034705855.1,Gastrointestinal
GCA_034698645.1,Urinary
GCA_034705365.1,Urinary
GCA_034705215.1,Urinary
GCA_034705175.1,Urinary
GCA_034707615.1,Respiratory
GCA_034762015.1,Respiratory
GCA_034808665.1,Respiratory
GCA_034818545.1,Respiratory
GCA_034818585.1,Urinary
GCA_034818555.1,Skin_Soft_Tissue
GCA_034818505.1,Medical_Device
GCA_034818465.1,Skin_Soft_Tissue
GCA_034818485.1,Bloodstream
GCA_034818445.1,Ear_Nose_Throat
GCA_034818425.1,Gastrointestinal
GCA_034818405.1,Gastrointestinal
GCA_034818365.1,Respiratory
GCA_034818385.1,Medical_Device
GCA_034818345.1,Respiratory
GCA_034818325.1,Respiratory
GCA_034818305.1,Respiratory
GCA_034818265.1,Skin_Soft_Tissue
GCA_034818275.1,Respiratory
GCA_034818245.1,Medical_Device
GCA_034818165.1,Medical_Device
GCA_034818225.1,Respiratory
GCA_034818205.1,Urinary
GCA_034818185.1,Urinary
GCA_034818125.1,Skin_Soft_Tissue
GCA_034818025.1,Urinary
GCA_034818065.1,Urinary
GCA_034818085.1,Urinary
GCA_034818045.1,Reproductive
GCA_034818105.1,Respiratory
GCA_034817985.1,Respiratory
GCA_034817965.1,Urinary
GCA_034817925.1,Urinary
GCA_034817945.1,Urinary
GCA_034817905.1,Respiratory
GCA_034817885.1,Gastrointestinal
GCA_034817825.1,Respiratory
GCA_034817865.1,Gastrointestinal
GCA_034817805.1,Respiratory
GCA_034817845.1,Respiratory
GCA_034817765.1,Respiratory
GCA_034817785.1,Respiratory
GCA_034817745.1,Gastrointestinal
GCA_034817685.1,Urinary
GCA_034817705.1,Urinary
GCA_034817725.1,Respiratory
GCA_034817665.1,Bloodstream
GCA_034817645.1,Skin_Soft_Tissue
GCA_034817585.1,Reproductive
GCA_034817625.1,Respiratory
GCA_034817565.1,Respiratory
GCA_034817605.1,Respiratory
GCA_034817545.1,Respiratory
GCA_034817505.1,Respiratory
GCA_034817485.1,Respiratory
GCA_034817525.1,Medical_Device
GCA_034817425.1,Respiratory
GCA_034817405.1,Bloodstream
GCA_034817445.1,Respiratory
GCA_034817465.1,Bloodstream
GCA_034817385.1,Respiratory
GCA_034817325.1,Urinary
GCA_034817345.1,Respiratory
GCA_034817305.1,Respiratory
GCA_034817265.1,Respiratory
GCA_034817285.1,Urinary
GCA_034817245.1,Reproductive
GCA_034817205.1,Respiratory
GCA_034817225.1,Respiratory
GCA_034817185.1,Bloodstream
GCA_034817165.1,Bloodstream
GCA_034817145.1,Gastrointestinal
GCA_034817125.1,Respiratory
GCA_034817105.1,Respiratory
GCA_034817085.1,Respiratory
GCA_034817065.1,Urinary
GCA_034817045.1,Respiratory
GCA_034817025.1,Bloodstream
GCA_034816985.1,Respiratory
GCA_034816995.1,Respiratory
GCA_034816925.1,Respiratory
GCA_034816965.1,Respiratory
GCA_034816905.1,Bloodstream
GCA_034816885.1,Respiratory
GCA_034816945.1,Respiratory
GCA_034816865.1,Respiratory
GCA_034816825.1,Respiratory
GCA_034816805.1,Respiratory
GCA_034816765.1,Respiratory
GCA_034816725.1,Respiratory
GCA_034816745.1,Respiratory
GCA_034816665.1,Respiratory
GCA_034816705.1,Gastrointestinal
GCA_034816645.1,Urinary
GCA_034816625.1,Bloodstream
GCA_034816605.1,Respiratory
GCA_034816585.1,Respiratory
GCA_034816565.1,Bloodstream
GCA_034816485.1,Urinary
GCA_034816465.1,Respiratory
GCA_034816505.1,Respiratory
GCA_034816525.1,Respiratory
GCA_034816545.1,Respiratory
GCA_034816445.1,Urinary
GCA_034816405.1,Respiratory
GCA_034816415.1,Urinary
GCA_034816385.1,Respiratory
GCA_034816365.1,Urinary
GCA_034816325.1,Respiratory
GCA_034816285.1,Respiratory
GCA_034816345.1,Respiratory
GCA_034816305.1,Respiratory
GCA_034816265.1,Medical_Device
GCA_034816245.1,Respiratory
GCA_034816205.1,Respiratory
GCA_034816225.1,Respiratory
GCA_034816165.1,Respiratory
GCA_034816145.1,Bloodstream
GCA_034816125.1,Respiratory
GCA_034816105.1,Skin_Soft_Tissue
GCA_034816085.1,Medical_Device
GCA_034816065.1,Respiratory
GCA_034816045.1,Urinary
GCA_034816025.1,Urinary
GCA_034815995.1,Respiratory
GCA_034815965.1,Respiratory
GCA_034815925.1,Bloodstream
GCA_034815945.1,Skin_Soft_Tissue
GCA_034815905.1,Skin_Soft_Tissue
GCA_034815865.1,Bloodstream
GCA_034815885.1,Ear_Nose_Throat
GCA_034815845.1,Respiratory
GCA_034815825.1,Medical_Device
GCA_034815805.1,Medical_Device
GCA_034815785.1,Bloodstream
GCA_034815765.1,Urinary
GCA_034815725.1,Gastrointestinal
GCA_034815685.1,Bloodstream
GCA_034815665.1,Urinary
GCA_034815705.1,Respiratory
GCA_034815645.1,Gastrointestinal
GCA_034815565.1,Respiratory
GCA_034815605.1,Respiratory
GCA_034815585.1,Bloodstream
GCA_034815545.1,Respiratory
GCA_034815625.1,Gastrointestinal
GCA_034815505.1,Gastrointestinal
GCA_034815485.1,Urinary
GCA_034815465.1,Respiratory
GCA_034815425.1,Skin_Soft_Tissue
GCA_034815445.1,Respiratory
GCA_034815405.1,Respiratory
GCA_034830405.1,Gastrointestinal
GCA_034815385.1,Respiratory
GCA_034815365.1,Respiratory
GCA_034815325.1,Skin_Soft_Tissue
GCA_034815285.1,Respiratory
GCA_034815345.1,Respiratory
GCA_034815305.1,Respiratory
GCA_034815265.1,Urinary
GCA_034815245.1,Respiratory
GCA_034815205.1,Respiratory
GCA_034815185.1,Respiratory
GCA_034835635.1,Respiratory
GCA_034815165.1,Respiratory
GCA_034815225.1,Respiratory
GCA_034815145.1,Respiratory
GCA_034815095.1,Respiratory
GCA_034815085.1,Urinary
GCA_034815105.1,Respiratory
GCA_034815025.1,Respiratory
GCA_034815045.1,Respiratory
GCA_034815065.1,Respiratory
GCA_034815005.1,Respiratory
GCA_034814965.1,Respiratory
GCA_034814945.1,Skin_Soft_Tissue
GCA_034814985.1,Respiratory
GCA_034814925.1,Respiratory
GCA_034814865.1,Urinary
GCA_034814825.1,Urinary
GCA_034814835.1,Bloodstream
GCA_034814805.1,Respiratory
GCA_034814785.1,Urinary
GCA_034814755.1,Urinary
GCA_034814745.1,Ear_Nose_Throat
GCA_034814705.1,Urinary
GCA_034814725.1,Respiratory
GCA_034814685.1,Respiratory
GCA_034814665.1,Respiratory
GCA_034814645.1,Bloodstream
GCA_034814625.1,Bloodstream
GCA_034814585.1,Gastrointestinal
GCA_034814605.1,Respiratory
GCA_034814545.1,Gastrointestinal
GCA_034814565.1,Bloodstream
GCA_034814525.1,Medical_Device
GCA_034814505.1,Urinary
GCA_034814485.1,Respiratory
GCA_034814425.1,Skin_Soft_Tissue
GCA_034814465.1,Respiratory
GCA_034814445.1,Respiratory
GCA_034814405.1,Urinary
GCA_034814365.1,Respiratory
GCA_034814325.1,Respiratory
GCA_034814385.1,Urinary
GCA_034814285.1,Bloodstream
GCA_034814245.1,Bloodstream
GCA_034814265.1,Respiratory
GCA_034814225.1,Bloodstream
GCA_034814165.1,Urinary
GCA_034814185.1,Urinary
GCA_034814145.1,Skin_Soft_Tissue
GCA_034814105.1,Urinary
GCA_034814125.1,Respiratory
GCA_034814085.1,Respiratory
GCA_034814065.1,Medical_Device
GCA_034814045.1,Urinary
GCA_034814005.1,Respiratory
GCA_034813925.1,Respiratory
GCA_034813945.1,Respiratory
GCA_034813905.1,Respiratory
GCA_034813885.1,Respiratory
GCA_034813845.1,Gastrointestinal
GCA_034813825.1,Urinary
GCA_034813865.1,Urinary
GCA_034813765.1,Respiratory
GCA_034813805.1,Respiratory
GCA_034813745.1,Bloodstream
GCA_034813785.1,Bloodstream
GCA_034813725.1,Bloodstream
GCA_034813685.1,Skin_Soft_Tissue
GCA_034813645.1,Respiratory
GCA_034813665.1,Skin_Soft_Tissue
GCA_034813625.1,Respiratory
GCA_034813605.1,Gastrointestinal
GCA_034813585.1,Respiratory
GCA_034813565.1,Respiratory
GCA_034870245.1,Bloodstream
GCA_034813525.1,Respiratory
GCA_034813545.1,Urinary
GCA_034813485.1,Skin_Soft_Tissue
GCA_034813505.1,Urinary
GCA_034813465.1,Urinary
GCA_034813445.1,Urinary
GCA_034813425.1,Urinary
GCA_034813405.1,Urinary
GCA_034813365.1,Urinary
GCA_034813385.1,Respiratory
GCA_034813345.1,Respiratory
GCA_034813325.1,Respiratory
GCA_034813305.1,Urinary
GCA_034813265.1,Respiratory
GCA_034813285.1,Respiratory
GCA_034813245.1,Respiratory
GCA_034813225.1,Respiratory
GCA_034813205.1,Respiratory
GCA_034813185.1,Gastrointestinal
GCA_034813165.1,Urinary
GCA_034813085.1,Respiratory
GCA_034813105.1,Urinary
GCA_034813125.1,Urinary
GCA_034813065.1,Medical_Device
GCA_034813045.1,Medical_Device
GCA_034813025.1,Respiratory
GCA_034813005.1,Skin_Soft_Tissue
GCA_034812965.1,Respiratory
GCA_034812985.1,Respiratory
GCA_034812945.1,Respiratory
GCA_034812925.1,Respiratory
GCA_034812905.1,Respiratory
GCA_034812885.1,Respiratory
GCA_034812845.1,Respiratory
GCA_034812805.1,Skin_Soft_Tissue
GCA_034812825.1,Bloodstream
GCA_034812785.1,Urinary
GCA_034812765.1,Urinary
GCA_034812725.1,Respiratory
GCA_034812745.1,Respiratory
GCA_034812705.1,Skin_Soft_Tissue
GCA_034812675.1,Urinary
GCA_034812665.1,Skin_Soft_Tissue
GCA_034812625.1,Ear_Nose_Throat
GCA_034812605.1,Respiratory
GCA_034812645.1,Urinary
GCA_034812585.1,Urinary
GCA_034812565.1,Respiratory
GCA_034812545.1,Respiratory
GCA_034812525.1,Respiratory
GCA_034812505.1,Urinary
GCA_034812465.1,Respiratory
GCA_034812405.1,Respiratory
GCA_034812485.1,Respiratory
GCA_034812425.1,Respiratory
GCA_034812445.1,Urinary
GCA_034812385.1,Respiratory
GCA_034812365.1,Respiratory
GCA_034812305.1,Respiratory
GCA_034812345.1,Respiratory
GCA_034812325.1,Respiratory
GCA_034812285.1,Respiratory
GCA_034812245.1,Bloodstream
GCA_034812265.1,Gastrointestinal
GCA_034812205.1,Urinary
GCA_034812225.1,Urinary
GCA_034812185.1,Gastrointestinal
GCA_034812165.1,Gastrointestinal
GCA_034812145.1,Respiratory
GCA_034812105.1,Respiratory
GCA_034812125.1,Bloodstream
GCA_034812085.1,Respiratory
GCA_034811985.1,Bloodstream
GCA_034812005.1,Gastrointestinal
GCA_034811965.1,Bloodstream
GCA_034811945.1,Bloodstream
GCA_034811925.1,Respiratory
GCA_034811905.1,Ear_Nose_Throat
GCA_034811885.1,Urinary
GCA_034811865.1,Respiratory
GCA_034811755.1,Respiratory
GCA_034811845.1,Urinary
GCA_034811825.1,Urinary
GCA_034811805.1,Respiratory
GCA_034811745.1,Skin_Soft_Tissue
GCA_034811705.1,Respiratory
GCA_034811725.1,Gastrointestinal
GCA_034811685.1,Respiratory
GCA_034811665.1,Respiratory
GCA_034811645.1,Urinary
GCA_034811625.1,Respiratory
GCA_034811585.1,Respiratory
GCA_034811605.1,Respiratory
GCA_034811565.1,Urinary
GCA_034811545.1,Urinary
GCA_034811525.1,Urinary
GCA_034811505.1,Gastrointestinal
GCA_034811465.1,Gastrointestinal
GCA_034811485.1,Skin_Soft_Tissue
GCA_034811425.1,Reproductive
GCA_034811445.1,Respiratory
GCA_034811405.1,Gastrointestinal
GCA_034811385.1,Gastrointestinal
GCA_034811325.1,Respiratory
GCA_034811365.1,Respiratory
GCA_034811345.1,Skin_Soft_Tissue
GCA_034811305.1,Skin_Soft_Tissue
GCA_034811285.1,Skin_Soft_Tissue
GCA_034811265.1,Urinary
GCA_034811245.1,Urinary
GCA_034811225.1,Respiratory
GCA_034811145.1,Respiratory
GCA_034811125.1,Urinary
GCA_034811205.1,Urinary
GCA_034811085.1,Respiratory
GCA_034811105.1,Respiratory
GCA_034811185.1,Bone_Joint
GCA_034811065.1,Respiratory
GCA_034811045.1,Respiratory
GCA_034811025.1,Respiratory
GCA_034810965.1,Respiratory
GCA_034810945.1,Respiratory
GCA_034810925.1,Bloodstream
GCA_034810905.1,Skin_Soft_Tissue
GCA_034810885.1,Respiratory
GCA_034810865.1,Urinary
GCA_034810845.1,Respiratory
GCA_034810825.1,Respiratory
GCA_034810805.1,Respiratory
GCA_034810785.1,Respiratory
GCA_034810765.1,Respiratory
GCA_034850555.1,Water
GCA_034967505.1,Respiratory
GCA_035007225.1,Water
GCA_035007245.1,Water
GCA_035007255.1,Water
GCA_035007285.1,Water
GCA_035007305.1,Water
GCA_035007325.1,Water
GCA_035007345.1,Water
GCA_035007365.1,Water
GCA_035007385.1,Gastrointestinal
GCA_035007405.1,Gastrointestinal
GCA_035007425.1,Gastrointestinal
GCA_035007445.1,Water
GCA_035007465.1,Gastrointestinal
GCA_035007485.1,Water
GCA_035007505.1,Gastrointestinal
GCA_035007525.1,Water
GCA_035007545.1,Water
GCA_035007565.1,Water
GCA_035007585.1,Gastrointestinal
GCA_035007605.1,Gastrointestinal
GCA_035007625.1,Gastrointestinal
GCA_035007645.1,Water
GCA_035007665.1,Water
GCA_035007685.1,Water
GCA_035007705.1,Water
GCA_035007725.1,Water
GCA_035007735.1,Water
GCA_035007765.1,Water
GCA_035007785.1,Water
GCA_035007805.1,Water
GCA_035007825.1,Water
GCA_035007845.1,Water
GCA_035007865.1,Water
GCA_035007885.1,Water
GCA_035007905.1,Water
GCA_035007925.1,Gastrointestinal
GCA_035007945.1,Water
GCA_035007965.1,Water
GCA_035007985.1,Water
GCA_035008005.1,Water
GCA_035008025.1,Water
GCA_035008045.1,Water
GCA_035008065.1,Gastrointestinal
GCA_035008085.1,Water
GCA_035008105.1,Gastrointestinal
GCA_035008125.1,Water
GCA_035008145.1,Water
GCA_035008165.1,Water
GCA_035008185.1,Water
GCA_035008205.1,Water
GCA_035008225.1,Gastrointestinal
GCA_035013605.1,Respiratory
GCA_035013585.1,Urinary
GCA_035013625.1,Respiratory
GCA_035013645.1,Respiratory
GCA_035013665.1,Respiratory
GCA_035013685.1,Urinary
GCA_035013735.1,Respiratory
GCA_035084735.1,Gastrointestinal
GCA_035081625.1,Gastrointestinal
GCA_035087065.1,Gastrointestinal
GCA_035084755.1,Gastrointestinal
GCA_035082565.1,Gastrointestinal
GCA_035082605.1,Gastrointestinal
GCA_035082645.1,Respiratory
GCA_035117715.1,Bloodstream
GCA_035233745.1,Respiratory
GCA_035359815.1,Urinary
GCA_035384685.1,Respiratory
GCA_035584615.1,Respiratory
GCA_035522075.1,Respiratory
GCA_035522015.1,Respiratory
GCA_035522035.1,Skin_Soft_Tissue
GCA_035197065.1,Respiratory
GCA_035197965.1,Respiratory
GCA_035205985.1,Respiratory
GCA_035562105.1,Urinary
GCA_035556875.1,Urinary
GCA_035598815.1,Urinary
GCA_035939555.1,Skin_Soft_Tissue
GCA_042770475.1,Bloodstream
GCA_042769475.1,Respiratory
GCA_042769435.1,Respiratory
GCA_042769395.1,Respiratory
GCA_042769375.1,Respiratory
GCA_042769335.1,Gastrointestinal
GCA_042769295.1,Respiratory
GCA_045007645.1,Bone_Joint
GCA_042769035.1,Respiratory
GCA_042805575.1,Bloodstream
GCA_042769015.1,Medical_Device
GCA_042768995.1,Urinary
GCA_042768955.1,Respiratory
GCA_042768935.1,Gastrointestinal
GCA_042768915.1,Gastrointestinal
GCA_042768875.1,Bone_Joint
GCA_042768895.1,Gastrointestinal
GCA_042768855.1,Respiratory
GCA_042768815.1,Bloodstream
GCA_042768775.1,Respiratory
GCA_042768795.1,Bloodstream
GCA_042768755.1,Gastrointestinal
GCA_042768695.1,Respiratory
GCA_042768715.1,Bloodstream
GCA_042768735.1,Gastrointestinal
GCA_042805595.1,Skin_Soft_Tissue
GCA_042768675.1,Ear_Nose_Throat
GCA_042768555.1,Bloodstream
GCA_042768575.1,Gastrointestinal
GCA_042768515.1,Urinary
GCA_042807355.1,Urinary
GCA_045007625.1,Respiratory
GCA_042807345.1,Respiratory
GCA_042768395.1,Urinary
GCA_042768375.1,Urinary
GCA_042768295.1,Respiratory
GCA_042768315.1,Respiratory
GCA_042768215.1,Urinary
GCA_042768195.1,Bone_Joint
GCA_042768275.1,Bloodstream
GCA_042768125.1,Urinary
GCA_042854675.1,Bloodstream
GCA_042766935.1,Bloodstream
GCA_042768095.1,Bone_Joint
GCA_042766915.1,Gastrointestinal
GCA_042768065.1,Respiratory
GCA_042766875.1,Bone_Joint
GCA_042807265.1,Urinary
GCA_042768025.1,Respiratory
GCA_042766855.1,Respiratory
GCA_042767985.1,Respiratory
GCA_042766835.1,Gastrointestinal
GCA_042766775.1,Bloodstream
GCA_042766755.1,Urinary
GCA_045007585.1,Urinary
GCA_042766695.1,Respiratory
GCA_042768045.1,Urinary
GCA_042805495.1,Respiratory
GCA_042767965.1,Respiratory
GCA_042805455.1,Gastrointestinal
GCA_042766595.1,Urinary
GCA_042766575.1,Gastrointestinal
GCA_042766555.1,Bloodstream
GCA_042766515.1,Bloodstream
GCA_042766455.1,Gastrointestinal
GCA_042766475.1,Gastrointestinal
GCA_042766435.1,Respiratory
GCA_042766375.1,Urinary
GCA_042766415.1,Bloodstream
GCA_042767945.1,Urinary
GCA_042766335.1,Respiratory
GCA_042766275.1,Bloodstream
GCA_042766255.1,Bloodstream
GCA_042806985.1,Urinary
GCA_042766215.1,Gastrointestinal
GCA_042806945.1,Respiratory
GCA_042766195.1,Urinary
GCA_035874455.1,Urinary
GCA_035666215.1,Soil
GCA_035724745.1,Respiratory
GCA_035724765.1,Respiratory
GCA_035724785.1,Respiratory
GCA_035724805.1,Respiratory
GCA_035724925.1,Respiratory
GCA_035724945.1,Respiratory
GCA_035724965.1,Respiratory
GCA_035724985.1,Respiratory
GCA_035725005.1,Respiratory
GCA_035725105.1,Respiratory
GCA_035725125.1,Respiratory
GCA_035725185.1,Respiratory
GCA_035725235.1,Respiratory
GCA_035727225.1,Respiratory
GCA_035727185.1,Respiratory
GCA_035727275.1,Respiratory
GCA_035727265.1,Respiratory
GCA_035727325.1,Respiratory
GCA_035727345.1,Respiratory
GCA_035727365.1,Respiratory
GCA_035727385.1,Respiratory
GCA_035727405.1,Respiratory
GCA_035727445.1,Respiratory
GCA_035727435.1,Respiratory
GCA_035727495.1,Respiratory
GCA_035727515.1,Respiratory
GCA_035727525.1,Respiratory
GCA_035727555.1,Respiratory
GCA_035727575.1,Respiratory
GCA_035727595.1,Respiratory
GCA_035727615.1,Respiratory
GCA_035727635.1,Respiratory
GCA_035727655.1,Respiratory
GCA_035727695.1,Respiratory
GCA_035727755.1,Respiratory
GCA_035727775.1,Respiratory
GCA_035727795.1,Respiratory
GCA_035727815.1,Respiratory
GCA_035727835.1,Respiratory
GCA_035727855.1,Respiratory
GCA_035727875.1,Respiratory
GCA_035727895.1,Respiratory
GCA_035727425.1,Respiratory
GCA_035727925.1,Respiratory
GCA_035727945.1,Respiratory
GCA_035727965.1,Respiratory
GCA_035727985.1,Respiratory
GCA_035728005.1,Respiratory
GCA_035728025.1,Respiratory
GCA_035728045.1,Respiratory
GCA_035728065.1,Respiratory
GCA_035728085.1,Respiratory
GCA_035728105.1,Respiratory
GCA_035728125.1,Respiratory
GCA_035728145.1,Respiratory
GCA_035728165.1,Respiratory
GCA_035728185.1,Respiratory
GCA_035728205.1,Respiratory
GCA_035728225.1,Respiratory
GCA_035728245.1,Respiratory
GCA_035728265.1,Respiratory
GCA_035728285.1,Respiratory
GCA_035728305.1,Respiratory
GCA_035728325.1,Respiratory
GCA_035728345.1,Respiratory
GCA_035728365.1,Respiratory
GCA_035728385.1,Respiratory
GCA_035728405.1,Respiratory
GCA_035728425.1,Respiratory
GCA_035728445.1,Respiratory
GCA_035728465.1,Respiratory
GCA_035728485.1,Respiratory
GCA_035728505.1,Respiratory
GCA_035728525.1,Respiratory
GCA_035728545.1,Respiratory
GCA_035728565.1,Respiratory
GCA_035728585.1,Respiratory
GCA_035728605.1,Respiratory
GCA_035728625.1,Respiratory
GCA_035728645.1,Respiratory
GCA_035728665.1,Respiratory
GCA_035728685.1,Respiratory
GCA_035728695.1,Respiratory
GCA_035728725.1,Respiratory
GCA_035728735.1,Respiratory
GCA_035728765.1,Respiratory
GCA_035728775.1,Respiratory
GCA_035728785.1,Respiratory
GCA_035728825.1,Respiratory
GCA_035728845.1,Respiratory
GCA_035728865.1,Respiratory
GCA_035728885.1,Respiratory
GCA_035728905.1,Respiratory
GCA_035728925.1,Respiratory
GCA_035728945.1,Respiratory
GCA_035728965.1,Respiratory
GCA_035728975.1,Respiratory
GCA_035729005.1,Respiratory
GCA_035729025.1,Respiratory
GCA_035729045.1,Respiratory
GCA_035783035.1,Respiratory
GCA_035785195.1,Respiratory
GCA_035785215.1,Gastrointestinal
GCA_035887535.1,Urinary
GCA_035885495.1,Urinary
GCA_035885475.1,Urinary
GCA_035925785.1,Respiratory
GCA_035925725.1,Urinary
GCA_035951795.1,Skin_Soft_Tissue
GCA_035977595.1,Respiratory
GCA_035966595.2,Respiratory
GCA_035969565.1,Bloodstream
GCA_036036505.1,Urinary
GCA_036037765.1,Skin_Soft_Tissue
GCA_036238815.1,Skin_Soft_Tissue
GCA_036238275.1,Respiratory
GCA_036485755.1,Urinary
GCA_036224445.1,Bone_Joint
GCA_036232065.1,Respiratory
GCA_036232085.1,Respiratory
GCA_036232105.1,Respiratory
GCA_036232125.1,Respiratory
GCA_036232145.1,Respiratory
GCA_036232165.1,Respiratory
GCA_036232185.1,Respiratory
GCA_036232205.1,Respiratory
GCA_036232225.1,Respiratory
GCA_036232245.1,Respiratory
GCA_036232265.1,Respiratory
GCA_036232285.1,Respiratory
GCA_036232305.1,Respiratory
GCA_036232325.1,Respiratory
GCA_036232345.1,Respiratory
GCA_036232365.1,Respiratory
GCA_036232385.1,Respiratory
GCA_036248885.1,Urinary
GCA_036485695.1,Urinary
GCA_036485635.1,Skin_Soft_Tissue
GCA_036232405.1,Respiratory
GCA_036232425.1,Respiratory
GCA_036232455.1,Respiratory
GCA_036232495.1,Respiratory
GCA_036232525.1,Respiratory
GCA_036232565.1,Respiratory
GCA_036232585.1,Respiratory
GCA_036232605.1,Respiratory
GCA_036232625.1,Respiratory
GCA_036232645.1,Respiratory
GCA_036232665.1,Respiratory
GCA_036232685.1,Respiratory
GCA_036232705.1,Respiratory
GCA_036232725.1,Respiratory
GCA_036232745.1,Respiratory
GCA_036232765.1,Respiratory
GCA_036232785.1,Respiratory
GCA_036232805.1,Respiratory
GCA_036232825.1,Respiratory
GCA_036232845.1,Respiratory
GCA_036232865.1,Respiratory
GCA_036232885.1,Respiratory
GCA_036232905.1,Respiratory
GCA_036232925.1,Respiratory
GCA_036232945.1,Respiratory
GCA_036233095.1,Respiratory
GCA_036233115.1,Respiratory
GCA_036233135.1,Respiratory
GCA_036233155.1,Respiratory
GCA_036233175.1,Respiratory
GCA_036233195.1,Respiratory
GCA_036233215.1,Respiratory
GCA_036233235.1,Respiratory
GCA_036233255.1,Respiratory
GCA_036233275.1,Respiratory
GCA_036233295.1,Respiratory
GCA_036233315.1,Respiratory
GCA_036233335.1,Respiratory
GCA_036233355.1,Respiratory
GCA_036233375.1,Respiratory
GCA_036233395.1,Respiratory
GCA_036233415.1,Respiratory
GCA_036233435.1,Respiratory
GCA_036233455.1,Respiratory
GCA_036233475.1,Respiratory
GCA_036233495.1,Respiratory
GCA_036233515.1,Respiratory
GCA_036233535.1,Respiratory
GCA_036233555.1,Respiratory
GCA_036233575.1,Respiratory
GCA_036233595.1,Respiratory
GCA_036233615.1,Respiratory
GCA_036233635.1,Respiratory
GCA_036233655.1,Respiratory
GCA_036233675.1,Respiratory
GCA_036233695.1,Respiratory
GCA_036233715.1,Respiratory
GCA_036233735.1,Respiratory
GCA_036233755.1,Respiratory
GCA_036234315.1,Respiratory
GCA_036236015.1,Respiratory
GCA_036236895.1,Skin_Soft_Tissue
GCA_036236935.1,Skin_Soft_Tissue
GCA_036236975.1,Respiratory
GCA_036236995.1,Respiratory
GCA_036237015.1,Respiratory
GCA_036237035.1,Respiratory
GCA_036237055.1,Respiratory
GCA_036237075.1,Respiratory
GCA_036237095.1,Respiratory
GCA_036237115.1,Respiratory
GCA_036474655.1,Urinary
GCA_036474515.1,Respiratory
GCA_036472035.1,Respiratory
GCA_036471875.1,Respiratory
GCA_036471355.1,Urinary
GCA_036471375.1,Urinary
GCA_036469395.1,Respiratory
GCA_036363925.1,Urinary
GCA_036289445.1,Respiratory
GCA_036289465.1,Respiratory
GCA_036314845.1,Bloodstream
GCA_036314865.1,Bloodstream
GCA_036314885.1,Bloodstream
GCA_036314905.1,Bloodstream
GCA_036314925.1,Bloodstream
GCA_036314945.1,Bloodstream
GCA_036314965.1,Bloodstream
GCA_036314985.1,Bloodstream
GCA_036315005.1,Bloodstream
GCA_036315025.1,Bloodstream
GCA_036315045.1,Bloodstream
GCA_036315065.1,Bloodstream
GCA_036315085.1,Bloodstream
GCA_036315095.1,Bloodstream
GCA_036315125.1,Bloodstream
GCA_036315145.1,Bloodstream
GCA_036315165.1,Bloodstream
GCA_036315185.1,Bloodstream
GCA_036315205.1,Bloodstream
GCA_036315225.1,Bloodstream
GCA_036315245.1,Bloodstream
GCA_036315265.1,Bloodstream
GCA_036315285.1,Bloodstream
GCA_036315305.1,Bloodstream
GCA_036315325.1,Bloodstream
GCA_036315345.1,Bloodstream
GCA_036315365.1,Bloodstream
GCA_036315385.1,Bloodstream
GCA_036315405.1,Bloodstream
GCA_036315425.1,Bloodstream
GCA_036315445.1,Bloodstream
GCA_036315465.1,Bloodstream
GCA_036315485.1,Bloodstream
GCA_036315505.1,Bloodstream
GCA_036315525.1,Bloodstream
GCA_036315545.1,Bloodstream
GCA_036315565.1,Bloodstream
GCA_036315605.1,Bloodstream
GCA_036315585.1,Bloodstream
GCA_036315625.1,Bloodstream
GCA_036315645.1,Bloodstream
GCA_036315665.1,Bloodstream
GCA_036315685.1,Bloodstream
GCA_036315705.1,Bloodstream
GCA_036315725.1,Bloodstream
GCA_036315745.1,Bloodstream
GCA_036315765.1,Bloodstream
GCA_036315785.1,Bloodstream
GCA_036315805.1,Bloodstream
GCA_036315825.1,Bloodstream
GCA_036315845.1,Bloodstream
GCA_036315865.1,Bloodstream
GCA_036315885.1,Bloodstream
GCA_036315905.1,Bloodstream
GCA_036315925.1,Bloodstream
GCA_036315945.1,Bloodstream
GCA_036315965.1,Bloodstream
GCA_036315985.1,Bloodstream
GCA_036316005.1,Bloodstream
GCA_036316025.1,Bloodstream
GCA_036316045.1,Bloodstream
GCA_036316065.1,Bloodstream
GCA_036316085.1,Bloodstream
GCA_036316105.1,Bloodstream
GCA_036316125.1,Bloodstream
GCA_036316145.1,Bloodstream
GCA_036316165.1,Bloodstream
GCA_036316175.1,Bloodstream
GCA_036316205.1,Bloodstream
GCA_036316225.1,Bloodstream
GCA_036316245.1,Bloodstream
GCA_036316265.1,Bloodstream
GCA_036316285.1,Bloodstream
GCA_036316305.1,Bloodstream
GCA_036316325.1,Bloodstream
GCA_036316345.1,Bloodstream
GCA_036316365.1,Bloodstream
GCA_036316385.1,Bloodstream
GCA_036316405.1,Bloodstream
GCA_036316425.1,Bloodstream
GCA_036316445.1,Bloodstream
GCA_036316465.1,Bloodstream
GCA_036316485.1,Bloodstream
GCA_036316505.1,Bloodstream
GCA_036316525.1,Bloodstream
GCA_036316545.1,Bloodstream
GCA_036316565.1,Bloodstream
GCA_036316585.1,Bloodstream
GCA_036316605.1,Bloodstream
GCA_036316625.1,Bloodstream
GCA_036316645.1,Bloodstream
GCA_036316665.1,Bloodstream
GCA_036316685.1,Bloodstream
GCA_036316705.1,Bloodstream
GCA_036316725.1,Bloodstream
GCA_036316745.1,Bloodstream
GCA_036316765.1,Bloodstream
GCA_036316785.1,Bloodstream
GCA_036316805.1,Bloodstream
GCA_036316825.1,Bloodstream
GCA_036316845.1,Bloodstream
GCA_036316865.1,Bloodstream
GCA_036316885.1,Bloodstream
GCA_036316905.1,Bloodstream
GCA_036316925.1,Bloodstream
GCA_036316945.1,Bloodstream
GCA_036316965.1,Bloodstream
GCA_036316985.1,Bloodstream
GCA_036317005.1,Bloodstream
GCA_036317025.1,Bloodstream
GCA_036317045.1,Bloodstream
GCA_036317065.1,Bloodstream
GCA_036317085.1,Bloodstream
GCA_036317115.1,Bloodstream
GCA_036317105.1,Bloodstream
GCA_036317145.1,Bloodstream
GCA_036317165.1,Bloodstream
GCA_036317185.1,Bloodstream
GCA_036317205.1,Bloodstream
GCA_036317225.1,Bloodstream
GCA_036317245.1,Bloodstream
GCA_036317265.1,Bloodstream
GCA_036317285.1,Bloodstream
GCA_036317305.1,Bloodstream
GCA_036317325.1,Bloodstream
GCA_036317345.1,Bloodstream
GCA_036317365.1,Bloodstream
GCA_036317385.1,Bloodstream
GCA_036317405.1,Bloodstream
GCA_036317425.1,Bloodstream
GCA_036317445.1,Bloodstream
GCA_036317465.1,Bloodstream
GCA_036317485.1,Bloodstream
GCA_036317505.1,Bloodstream
GCA_036317515.1,Bloodstream
GCA_036317545.1,Bloodstream
GCA_036317565.1,Bloodstream
GCA_036317585.1,Bloodstream
GCA_036317605.1,Bloodstream
GCA_036317625.1,Bloodstream
GCA_036317645.1,Bloodstream
GCA_036317665.1,Bloodstream
GCA_036317685.1,Bloodstream
GCA_036317705.1,Bloodstream
GCA_036320125.1,Bloodstream
GCA_036320165.1,Bloodstream
GCA_036320185.1,Bloodstream
GCA_036320205.1,Bloodstream
GCA_036320235.1,Bloodstream
GCA_036320225.1,Bloodstream
GCA_036320265.1,Bloodstream
GCA_036320285.1,Bloodstream
GCA_036320305.1,Bloodstream
GCA_036320325.1,Bloodstream
GCA_036320345.1,Bloodstream
GCA_036320365.1,Bloodstream
GCA_036320385.1,Bloodstream
GCA_036321415.1,Skin_Soft_Tissue
GCA_036321435.1,Skin_Soft_Tissue
GCA_036321965.1,Respiratory
GCA_036321985.1,Skin_Soft_Tissue
GCA_036322045.1,Respiratory
GCA_036322225.1,Bloodstream
GCA_036459765.1,Skin_Soft_Tissue
GCA_036326305.1,Urinary
GCA_036330305.1,Respiratory
GCA_036330365.1,Respiratory
GCA_036330385.1,Respiratory
GCA_036330395.1,Respiratory
GCA_036330425.1,Respiratory
GCA_036330445.1,Respiratory
GCA_036330465.1,Respiratory
GCA_036330505.1,Respiratory
GCA_036347245.1,Respiratory
GCA_036347255.1,Respiratory
GCA_036347265.1,Respiratory
GCA_036347235.1,Respiratory
GCA_036347335.1,Respiratory
GCA_036347345.1,Respiratory
GCA_036347355.1,Respiratory
GCA_036347385.1,Respiratory
GCA_036347415.1,Respiratory
GCA_036347435.1,Respiratory
GCA_036347455.1,Respiratory
GCA_036347495.1,Respiratory
GCA_036347485.1,Respiratory
GCA_036347475.1,Respiratory
GCA_036347535.1,Respiratory
GCA_036348195.1,Medical_Device
GCA_036351835.1,Soil
GCA_036410695.1,Respiratory
GCA_036352875.1,Urinary
GCA_036412735.1,Respiratory
GCA_036411955.1,Respiratory
GCA_036420495.1,Urinary
GCA_036417705.1,Respiratory
GCA_036417805.1,Respiratory
GCA_036417915.1,Respiratory
GCA_036417995.1,Bloodstream
GCA_036418055.1,Bloodstream
GCA_036418125.1,Bloodstream
GCA_036418185.1,Skin_Soft_Tissue
GCA_036418295.1,Gastrointestinal
GCA_036440455.1,Urinary
GCA_036440955.1,Crop
GCA_037570745.1,Respiratory
GCA_036529375.1,Urinary
GCA_036529475.1,Urinary
GCA_036529495.1,Skin_Soft_Tissue
GCA_036529515.1,Urinary
GCA_036529535.1,Skin_Soft_Tissue
GCA_036529575.1,Urinary
GCA_036529595.1,Urinary
GCA_036529615.1,Urinary
GCA_036529635.1,Respiratory
GCA_036529935.1,Skin_Soft_Tissue
GCA_036529995.1,Urinary
GCA_036530035.1,Urinary
GCA_036530115.1,Urinary
GCA_036530135.1,Urinary
GCA_036530195.1,Urinary
GCA_036530255.1,Urinary
GCA_036530275.1,Skin_Soft_Tissue
GCA_036530295.1,Urinary
GCA_036530315.1,Urinary
GCA_036530335.1,Skin_Soft_Tissue
GCA_036530855.1,Gastrointestinal
GCA_036530915.1,Gastrointestinal
GCA_036530955.1,Urinary
GCA_036530995.1,Skin_Soft_Tissue
GCA_036531015.1,Urinary
GCA_036531035.1,Urinary
GCA_036531055.1,Bloodstream
GCA_036531075.1,Urinary
GCA_036531095.1,Skin_Soft_Tissue
GCA_036531375.1,Urinary
GCA_036531415.1,Respiratory
GCA_036541435.1,Ear_Nose_Throat
GCA_036541475.1,Ear_Nose_Throat
GCA_036541485.1,Ear_Nose_Throat
GCA_036541525.1,Ear_Nose_Throat
GCA_036541535.1,Ear_Nose_Throat
GCA_036541565.1,Ear_Nose_Throat
GCA_036541585.1,Ear_Nose_Throat
GCA_036541575.1,Ear_Nose_Throat
GCA_036541625.1,Ear_Nose_Throat
GCA_036541635.1,Ear_Nose_Throat
GCA_036541665.1,Ear_Nose_Throat
GCA_036541675.1,Ear_Nose_Throat
GCA_036541685.1,Ear_Nose_Throat
GCA_036541725.1,Ear_Nose_Throat
GCA_036541745.1,Ear_Nose_Throat
GCA_036541735.1,Ear_Nose_Throat
GCA_036541765.1,Ear_Nose_Throat
GCA_036541805.1,Ear_Nose_Throat
GCA_036541825.1,Ear_Nose_Throat
GCA_036541835.1,Ear_Nose_Throat
GCA_036541865.1,Ear_Nose_Throat
GCA_036541845.1,Ear_Nose_Throat
GCA_036541905.1,Ear_Nose_Throat
GCA_036541925.1,Ear_Nose_Throat
GCA_036541935.1,Ear_Nose_Throat
GCA_036542025.1,Ear_Nose_Throat
GCA_036583975.1,Urinary
GCA_036595555.1,Urinary
GCA_036595535.1,Urinary
GCA_036542105.1,Water
GCA_036542605.1,Water
GCA_036543065.1,Respiratory
GCA_036543645.1,Urinary
GCA_036553165.1,Urinary
GCA_036553185.1,Urinary
GCA_036553245.1,Respiratory
GCA_036553405.1,Skin_Soft_Tissue
GCA_036553435.1,Respiratory
GCA_036553485.1,Urinary
GCA_036553505.1,Respiratory
GCA_036623295.1,Urinary
GCA_036624875.1,Urinary
GCA_036624345.1,Urinary
GCA_036624785.1,Urinary
GCA_036674645.1,Gastrointestinal
GCA_036669535.1,Urinary
GCA_036693685.1,Skin_Soft_Tissue
GCA_036692845.1,Urinary
GCA_044983625.1,Water
GCA_036599005.1,Respiratory
GCA_036599025.1,Respiratory
GCA_036599035.1,Respiratory
GCA_036599065.1,Respiratory
GCA_036599085.1,Respiratory
GCA_036599105.1,Respiratory
GCA_036599125.1,Respiratory
GCA_036599145.1,Respiratory
GCA_036599165.1,Respiratory
GCA_036633035.1,Respiratory
GCA_036633375.1,Respiratory
GCA_036633435.1,Respiratory
GCA_036663965.1,Respiratory
GCA_036663955.1,Medical_Device
GCA_036663995.1,Skin_Soft_Tissue
GCA_036664035.1,Water
GCA_036664075.1,Water
GCA_036664115.1,Skin_Soft_Tissue
GCA_036664135.1,Ear_Nose_Throat
GCA_036664195.1,Water
GCA_036664275.1,Water
GCA_036664295.1,Water
GCA_036664315.1,Water
GCA_036664335.1,Ear_Nose_Throat
GCA_036664355.1,Ear_Nose_Throat
GCA_036664375.1,Skin_Soft_Tissue
GCA_036664395.1,Water
GCA_036664415.1,Urinary
GCA_036664435.1,Respiratory
GCA_036664455.1,Respiratory
GCA_036664475.1,Respiratory
GCA_036664495.1,Respiratory
GCA_036664535.1,Respiratory
GCA_036664515.1,Respiratory
GCA_036664575.1,Respiratory
GCA_036664555.1,Respiratory
GCA_036664595.1,Respiratory
GCA_036664615.1,Respiratory
GCA_036664635.1,Respiratory
GCA_036664655.1,Respiratory
GCA_036664675.1,Respiratory
GCA_036664735.1,Respiratory
GCA_036664715.1,Respiratory
GCA_036664755.1,Respiratory
GCA_036664775.1,Respiratory
GCA_036664795.1,Respiratory
GCA_036664815.1,Respiratory
GCA_036664835.1,Respiratory
GCA_036664855.1,Respiratory
GCA_036664875.1,Respiratory
GCA_036664895.1,Respiratory
GCA_036664915.1,Respiratory
GCA_036664935.1,Respiratory
GCA_036664955.1,Respiratory
GCA_036664975.1,Respiratory
GCA_036664995.1,Respiratory
GCA_036665015.1,Respiratory
GCA_036665035.1,Respiratory
GCA_036665095.1,Water
GCA_036665115.1,Respiratory
GCA_036665135.1,Ear_Nose_Throat
GCA_036665155.1,Respiratory
GCA_036665175.1,Ear_Nose_Throat
GCA_036665195.1,Respiratory
GCA_036665215.1,Respiratory
GCA_036665235.1,Respiratory
GCA_036665255.1,Respiratory
GCA_036665275.1,Respiratory
GCA_036665295.1,Respiratory
GCA_036665335.1,Bloodstream
GCA_036665315.1,Respiratory
GCA_036665355.1,Bloodstream
GCA_036665375.1,Ear_Nose_Throat
GCA_036665395.1,Gastrointestinal
GCA_036665415.1,Skin_Soft_Tissue
GCA_036665455.1,Gastrointestinal
GCA_036665495.1,Water
GCA_036665575.1,Water
GCA_036665615.1,Skin_Soft_Tissue
GCA_036665635.1,Medical_Device
GCA_036665675.1,Skin_Soft_Tissue
GCA_036665685.1,Respiratory
GCA_036665715.1,Respiratory
GCA_036665735.1,Respiratory
GCA_036665755.1,Respiratory
GCA_036665795.1,Respiratory
GCA_036665775.1,Respiratory
GCA_036665815.1,Respiratory
GCA_036665835.1,Respiratory
GCA_036665855.1,Respiratory
GCA_036665875.1,Respiratory
GCA_036665895.1,Respiratory
GCA_036665915.1,Respiratory
GCA_036665935.1,Respiratory
GCA_036688165.2,Skin_Soft_Tissue
GCA_036718195.1,Respiratory
GCA_036713655.1,Urinary
GCA_036759825.1,Urinary
GCA_036765975.1,Urinary
GCA_036811795.1,Bone_Joint
GCA_036761305.1,Gastrointestinal
GCA_036761335.1,Urinary
GCA_036761435.1,Urinary
GCA_036761465.1,Gastrointestinal
GCA_036761515.1,Gastrointestinal
GCA_036761555.1,Gastrointestinal
GCA_036761605.1,Gastrointestinal
GCA_036761655.1,Gastrointestinal
GCA_036761715.1,Urinary
GCA_036761725.1,Gastrointestinal
GCA_036761765.1,Urinary
GCA_036761735.1,Bloodstream
GCA_036761825.1,Skin_Soft_Tissue
GCA_036761805.1,Respiratory
GCA_036761815.1,Urinary
GCA_036761875.1,Respiratory
GCA_036761895.1,Respiratory
GCA_036761925.1,Bloodstream
GCA_036761965.1,Bloodstream
GCA_036761955.1,Urinary
GCA_036761995.1,Respiratory
GCA_036762015.1,Gastrointestinal
GCA_036762035.1,Gastrointestinal
GCA_036762065.1,Ear_Nose_Throat
GCA_036762055.1,Respiratory
GCA_036762095.1,Respiratory
GCA_036762115.1,Respiratory
GCA_036762125.1,Respiratory
GCA_036762155.1,Skin_Soft_Tissue
GCA_036762175.1,Gastrointestinal
GCA_036762195.1,Urinary
GCA_036762205.1,Respiratory
GCA_036762225.1,Urinary
GCA_036762255.1,Skin_Soft_Tissue
GCA_036762275.1,Urinary
GCA_036762295.1,Gastrointestinal
GCA_036762315.1,Skin_Soft_Tissue
GCA_036762325.1,Gastrointestinal
GCA_036762355.1,Skin_Soft_Tissue
GCA_036762365.1,Water
GCA_036762395.1,Bloodstream
GCA_036762415.1,Bloodstream
GCA_036762445.1,Urinary
GCA_036762435.1,Urinary
GCA_036762475.1,Urinary
GCA_036762485.1,Urinary
GCA_036762515.1,Bloodstream
GCA_036762535.1,Urinary
GCA_036762585.1,Gastrointestinal
GCA_036762565.1,Urinary
GCA_036762675.1,Urinary
GCA_036762755.1,Ear_Nose_Throat
GCA_036763935.1,Skin_Soft_Tissue
GCA_036763955.1,Urinary
GCA_036763975.1,Skin_Soft_Tissue
GCA_036763995.1,Gastrointestinal
GCA_036764015.1,Bloodstream
GCA_036764035.1,Urinary
GCA_036764055.1,Respiratory
GCA_036764075.1,Bloodstream
GCA_036764095.1,Respiratory
GCA_036764115.1,Bloodstream
GCA_036764155.1,Urinary
GCA_036764175.1,Urinary
GCA_036764195.1,Urinary
GCA_036764235.1,Urinary
GCA_036764255.1,Medical_Device
GCA_036764275.1,Respiratory
GCA_036764295.1,Respiratory
GCA_036764315.1,Ear_Nose_Throat
GCA_036764335.1,Skin_Soft_Tissue
GCA_036764365.1,Urinary
GCA_036764355.1,Respiratory
GCA_036764395.1,Urinary
GCA_036764415.1,Skin_Soft_Tissue
GCA_036764435.1,Urinary
GCA_036764455.1,Gastrointestinal
GCA_036764475.1,Urinary
GCA_036764495.1,Skin_Soft_Tissue
GCA_036764515.1,Medical_Device
GCA_036764535.1,Respiratory
GCA_036764555.1,Urinary
GCA_036764575.1,Urinary
GCA_036764595.1,Respiratory
GCA_036764615.1,Urinary
GCA_036764635.1,Skin_Soft_Tissue
GCA_036764655.1,Respiratory
GCA_036764675.1,Urinary
GCA_036764695.1,Urinary
GCA_036764715.1,Urinary
GCA_036764735.1,Respiratory
GCA_036764755.1,Ear_Nose_Throat
GCA_036764775.1,Urinary
GCA_036764795.1,Urinary
GCA_036764815.1,Respiratory
GCA_036764835.1,Skin_Soft_Tissue
GCA_036764855.1,Medical_Device
GCA_036764875.1,Urinary
GCA_036764895.1,Urinary
GCA_036764915.1,Respiratory
GCA_036764935.1,Urinary
GCA_036764955.1,Urinary
GCA_036764985.1,Bloodstream
GCA_036764975.1,Ear_Nose_Throat
GCA_036765015.1,Respiratory
GCA_036765025.1,Ear_Nose_Throat
GCA_036765055.1,Urinary
GCA_036765075.1,Reproductive
GCA_036765135.1,Bloodstream
GCA_036813965.1,Water
GCA_036776515.1,Respiratory
GCA_036835625.1,Gastrointestinal
GCA_036851945.1,Water
GCA_036863815.1,Respiratory
GCA_036863835.1,Gastrointestinal
GCA_036863855.1,Respiratory
GCA_036863875.1,Bloodstream
GCA_036863915.1,Skin_Soft_Tissue
GCA_036863935.1,Medical_Device
GCA_036863955.1,Skin_Soft_Tissue
GCA_036863975.1,Bloodstream
GCA_036864015.1,Respiratory
GCA_036864075.1,Bloodstream
GCA_036864095.1,Urinary
GCA_036864115.1,Respiratory
GCA_036864135.1,Bloodstream
GCA_036864935.1,Urinary
GCA_036879225.1,Urinary
GCA_036885785.1,Respiratory
GCA_036866865.1,Respiratory
GCA_036866965.1,Bloodstream
GCA_036866995.1,Skin_Soft_Tissue
GCA_036867075.1,Skin_Soft_Tissue
GCA_036867235.1,Respiratory
GCA_036867475.1,Skin_Soft_Tissue
GCA_036872625.1,Gastrointestinal
GCA_036879265.1,Respiratory
GCA_036879305.1,Ocular
GCA_036879415.1,Respiratory
GCA_036879445.1,Respiratory
GCA_036879505.1,Respiratory
GCA_036879545.1,Respiratory
GCA_036879845.1,Respiratory
GCA_036879915.1,Medical_Device
GCA_036879925.1,Respiratory
GCA_036879985.1,Urinary
GCA_036880145.1,Respiratory
GCA_036880255.1,Respiratory
GCA_036880245.1,Ocular
GCA_036882545.1,Respiratory
GCA_036890285.1,Respiratory
GCA_036890305.1,Respiratory
GCA_036888905.1,Gastrointestinal
GCA_051997575.1,Urinary
GCA_036895005.1,Urinary
GCA_036920495.1,Bloodstream
GCA_036904415.1,Urinary
GCA_036904685.1,Urinary
GCA_036904785.1,Urinary
GCA_036905005.1,Respiratory
GCA_036905455.1,Skin_Soft_Tissue
GCA_036907035.1,Urinary
GCA_036989345.1,Urinary
GCA_037009285.1,Urinary
GCA_037008905.1,Respiratory
GCA_045182305.1,Respiratory
GCA_042913635.1,Respiratory
GCA_042913655.1,Respiratory
GCA_042913615.1,Respiratory
GCA_042914715.1,Respiratory
GCA_042914655.1,Respiratory
GCA_036981655.1,Ear_Nose_Throat
GCA_036981705.1,Ear_Nose_Throat
GCA_036981675.1,Ear_Nose_Throat
GCA_036981665.1,Ear_Nose_Throat
GCA_036981685.1,Ear_Nose_Throat
GCA_036981855.1,Ear_Nose_Throat
GCA_036981875.1,Ear_Nose_Throat
GCA_036981895.1,Ear_Nose_Throat
GCA_037000805.1,Industrial
GCA_037000845.1,Bloodstream
GCA_037000865.1,Bloodstream
GCA_037000885.1,Bloodstream
GCA_037001005.1,Bloodstream
GCA_037001025.1,Bloodstream
GCA_037001045.1,Bloodstream
GCA_037001085.1,Bloodstream
GCA_037001145.1,Bloodstream
GCA_037001165.1,Bloodstream
GCA_037001225.1,Bloodstream
GCA_037001245.1,Bloodstream
GCA_037001265.1,Bloodstream
GCA_037001285.1,Bloodstream
GCA_037001305.1,Bloodstream
GCA_037001325.1,Bloodstream
GCA_037001365.1,Respiratory
GCA_037001385.1,Respiratory
GCA_037001405.1,Urinary
GCA_037001425.1,Bloodstream
GCA_037001465.1,Bloodstream
GCA_037001485.1,Bloodstream
GCA_037001525.1,Bloodstream
GCA_037001585.1,Bloodstream
GCA_037001605.1,Bloodstream
GCA_037001625.1,Bloodstream
GCA_037001665.1,Bloodstream
GCA_037001785.1,Bloodstream
GCA_037001805.1,Bloodstream
GCA_037001815.1,Bloodstream
GCA_037001865.1,Bloodstream
GCA_037001885.1,Bloodstream
GCA_037001945.1,Bloodstream
GCA_037002005.1,Bloodstream
GCA_037002045.1,Bloodstream
GCA_037002065.1,Bloodstream
GCA_037002085.1,Respiratory
GCA_037002105.1,Respiratory
GCA_037002125.1,Bloodstream
GCA_037002145.1,Respiratory
GCA_037002165.1,Bloodstream
GCA_037002225.1,Respiratory
GCA_037002285.1,Respiratory
GCA_037002325.1,Gastrointestinal
GCA_037002345.1,Gastrointestinal
GCA_037002365.1,Gastrointestinal
GCA_037002385.1,Gastrointestinal
GCA_037002405.1,Gastrointestinal
GCA_037002425.1,Gastrointestinal
GCA_037002435.1,Gastrointestinal
GCA_037002465.1,Gastrointestinal
GCA_037002485.1,Bloodstream
GCA_037002505.1,Gastrointestinal
GCA_037002525.1,Gastrointestinal
GCA_037002545.1,Gastrointestinal
GCA_037002555.1,Urinary
GCA_037002585.1,Respiratory
GCA_037002645.1,Skin_Soft_Tissue
GCA_037002665.1,Urinary
GCA_037002685.1,Urinary
GCA_037002705.1,Urinary
GCA_042942215.1,Bloodstream
GCA_042942195.1,Bloodstream
GCA_042942175.1,Bloodstream
GCA_042930205.1,Bloodstream
GCA_042942155.1,Bloodstream
GCA_042942125.1,Bloodstream
GCA_042942115.1,Bloodstream
GCA_042942095.1,Bloodstream
GCA_042932325.1,Bloodstream
GCA_042942075.1,Bloodstream
GCA_042942055.1,Bloodstream
GCA_043335815.1,Bloodstream
GCA_042942035.1,Bloodstream
GCA_042941995.1,Bloodstream
GCA_042942005.1,Bloodstream
GCA_042941975.1,Bloodstream
GCA_042941955.1,Bloodstream
GCA_042941895.1,Bloodstream
GCA_042941935.1,Bloodstream
GCA_042941915.1,Bloodstream
GCA_042941855.1,Bloodstream
GCA_042941875.1,Bloodstream
GCA_042934895.1,Bloodstream
GCA_042941825.1,Bloodstream
GCA_042941795.1,Bloodstream
GCA_042941815.1,Bloodstream
GCA_042941775.1,Bloodstream
GCA_042941755.1,Bloodstream
GCA_042941705.1,Bloodstream
GCA_042941695.1,Bloodstream
GCA_042941735.1,Bloodstream
GCA_042941675.1,Bloodstream
GCA_042941655.1,Bloodstream
GCA_042941615.1,Bloodstream
GCA_042941635.1,Bloodstream
GCA_042941595.1,Bloodstream
GCA_042941575.1,Bloodstream
GCA_042933215.1,Bloodstream
GCA_042941555.1,Bloodstream
GCA_042941535.1,Bloodstream
GCA_042941495.1,Bloodstream
GCA_042941515.1,Bloodstream
GCA_042932195.1,Bloodstream
GCA_042941475.1,Bloodstream
GCA_042941425.1,Bloodstream
GCA_042941455.1,Bloodstream
GCA_042941345.1,Bloodstream
GCA_042941415.1,Bloodstream
GCA_042941315.1,Bloodstream
GCA_042932285.1,Bloodstream
GCA_042941325.1,Bloodstream
GCA_042932175.1,Bloodstream
GCA_042941335.1,Bloodstream
GCA_042941395.1,Bloodstream
GCA_042941235.1,Bloodstream
GCA_042941215.1,Bloodstream
GCA_042941225.1,Bloodstream
GCA_042941205.1,Bloodstream
GCA_042941245.1,Bloodstream
GCA_042941185.1,Bloodstream
GCA_042941165.1,Bloodstream
GCA_042932155.1,Bloodstream
GCA_042941105.1,Bloodstream
GCA_042941115.1,Bloodstream
GCA_042941085.1,Bloodstream
GCA_042941125.1,Bloodstream
GCA_042932085.1,Bloodstream
GCA_042941065.1,Bloodstream
GCA_042941045.1,Bloodstream
GCA_042941025.1,Bloodstream
GCA_042941005.1,Bloodstream
GCA_042940985.1,Bloodstream
GCA_042940235.1,Bloodstream
GCA_042940275.1,Bloodstream
GCA_042940195.1,Bloodstream
GCA_042940135.1,Bloodstream
GCA_037039345.1,Respiratory
GCA_037039355.1,Respiratory
GCA_037039365.1,Respiratory
GCA_037039375.1,Respiratory
GCA_037039385.1,Respiratory
GCA_037049345.1,Respiratory
GCA_037049525.1,Respiratory
GCA_037049565.1,Water
GCA_037049585.1,Water
GCA_037049605.1,Water
GCA_037049625.1,Water
GCA_037053105.1,Soil
GCA_037053365.1,Soil
GCA_037053525.1,Soil
GCA_037104115.1,Respiratory
GCA_037104315.1,Skin_Soft_Tissue
GCA_037104015.1,Urinary
GCA_037160405.1,Urinary
GCA_037094995.1,Urinary
GCA_037095015.1,Gastrointestinal
GCA_037095055.1,Bloodstream
GCA_037095575.1,Gastrointestinal
GCA_037095595.1,Bloodstream
GCA_037095615.1,Bloodstream
GCA_037095635.1,Gastrointestinal
GCA_037095815.1,Bloodstream
GCA_037108235.1,Respiratory
GCA_037104415.1,Skin_Soft_Tissue
GCA_037104435.1,Respiratory
GCA_037104525.1,Skin_Soft_Tissue
GCA_037123485.1,Respiratory
GCA_037120415.1,Skin_Soft_Tissue
GCA_037155895.1,Gastrointestinal
GCA_037154915.1,Urinary
GCA_037154715.1,Gastrointestinal
GCA_037154675.1,Urinary
GCA_052692755.1,Urinary
GCA_037162645.1,Lab_Strain
GCA_037162665.1,Lab_Strain
GCA_037162685.1,Lab_Strain
GCA_037162695.1,Lab_Strain
GCA_037162725.1,Lab_Strain
GCA_037162745.1,Lab_Strain
GCA_037162765.1,Lab_Strain
GCA_037162785.1,Lab_Strain
GCA_037162815.1,Lab_Strain
GCA_037162805.1,Lab_Strain
GCA_037162835.1,Lab_Strain
GCA_037162865.1,Lab_Strain
GCA_037162885.1,Lab_Strain
GCA_037162905.1,Lab_Strain
GCA_037162915.1,Lab_Strain
GCA_037162945.1,Lab_Strain
GCA_037162955.1,Lab_Strain
GCA_037162975.1,Lab_Strain
GCA_037163005.1,Lab_Strain
GCA_037163025.1,Lab_Strain
GCA_037163045.1,Lab_Strain
GCA_037163065.1,Lab_Strain
GCA_037163105.1,Lab_Strain
GCA_037163085.1,Lab_Strain
GCA_037163125.1,Lab_Strain
GCA_037163145.1,Lab_Strain
GCA_037163165.1,Lab_Strain
GCA_037163185.1,Lab_Strain
GCA_037163205.1,Lab_Strain
GCA_037163195.1,Lab_Strain
GCA_037163245.1,Lab_Strain
GCA_037163265.1,Lab_Strain
GCA_037163285.1,Lab_Strain
GCA_037163305.1,Lab_Strain
GCA_037163345.1,Lab_Strain
GCA_037163325.1,Lab_Strain
GCA_037163335.1,Lab_Strain
GCA_037163385.1,Lab_Strain
GCA_037163405.1,Lab_Strain
GCA_037163425.1,Lab_Strain
GCA_037163445.1,Lab_Strain
GCA_037163465.1,Lab_Strain
GCA_037163485.1,Lab_Strain
GCA_037163505.1,Lab_Strain
GCA_037163525.1,Lab_Strain
GCA_037163535.1,Lab_Strain
GCA_037163565.1,Lab_Strain
GCA_037163575.1,Lab_Strain
GCA_037163605.1,Lab_Strain
GCA_037163625.1,Lab_Strain
GCA_037163715.1,Lab_Strain
GCA_037163705.1,Lab_Strain
GCA_037163775.1,Lab_Strain
GCA_037163805.1,Lab_Strain
GCA_037164125.1,Hospital
GCA_037166005.1,Lab_Strain
GCA_037170225.1,Soil
GCA_037170265.1,Soil
GCA_037212055.1,Urinary
GCA_037209095.1,Skin_Soft_Tissue
GCA_037211875.1,Respiratory
GCA_037197585.1,Water
GCA_037197635.1,Water
GCA_037197725.1,Water
GCA_037197755.1,Water
GCA_037197745.1,Water
GCA_037197895.1,Water
GCA_037197935.1,Water
GCA_037197855.1,Water
GCA_037197825.1,Water
GCA_037215095.1,Bloodstream
GCA_037223945.1,Urinary
GCA_037267025.1,Bloodstream
GCA_037285345.1,Bloodstream
GCA_037287405.1,Bloodstream
GCA_037287425.1,Bloodstream
GCA_037287465.1,Bloodstream
GCA_037287505.1,Bloodstream
GCA_037287535.1,Bloodstream
GCA_037287545.1,Bloodstream
GCA_037287585.1,Bloodstream
GCA_037465615.1,Respiratory
GCA_037516575.1,Respiratory
GCA_037416375.1,Respiratory
GCA_037487305.1,Urinary
GCA_037492845.1,Respiratory
GCA_037492765.1,Respiratory
GCA_037564345.1,Urinary
GCA_044956565.1,Hospital
GCA_044956545.1,Hospital
GCA_044956485.1,Hospital
GCA_044955945.1,Hospital
GCA_044955925.1,Hospital
GCA_044956025.1,Hospital
GCA_044955325.1,Hospital
GCA_044955265.1,Hospital
GCA_044955305.1,Hospital
GCA_044955245.1,Hospital
GCA_044954785.1,Hospital
GCA_044954585.1,Hospital
GCA_044954605.1,Hospital
GCA_037482125.1,Soil
GCA_037545865.1,Respiratory
GCA_037545905.1,Urinary
GCA_037733455.1,Respiratory
GCA_037731445.1,Urinary
GCA_037731375.1,Urinary
GCA_037736715.1,Skin_Soft_Tissue
GCA_037742355.1,Bone_Joint
GCA_037740425.1,Urinary
GCA_037816045.1,Respiratory
GCA_037884725.1,Skin_Soft_Tissue
GCA_037914045.1,Respiratory
GCA_037890725.1,Urinary
GCA_037890755.1,Skin_Soft_Tissue
GCA_037890855.1,Skin_Soft_Tissue
GCA_037890895.1,Skin_Soft_Tissue
GCA_037890945.1,Skin_Soft_Tissue
GCA_037891005.1,Skin_Soft_Tissue
GCA_037932915.1,Skin_Soft_Tissue
GCA_037932275.1,Respiratory
GCA_037936405.1,Bloodstream
GCA_037962005.1,Respiratory
GCA_037958905.1,Urinary
GCA_034127025.2,Skin_Soft_Tissue
GCA_037966285.1,Urinary
GCA_035557195.2,Urinary
GCA_037996905.1,Gastrointestinal
GCA_037996925.1,Water
GCA_037996945.1,Respiratory
GCA_037996965.1,Respiratory
GCA_037996985.1,Urinary
GCA_037997005.1,Water
GCA_037997025.1,Respiratory
GCA_038000105.1,Gastrointestinal
GCA_038029505.1,Respiratory
GCA_038028005.1,Urinary
GCA_038069375.1,Respiratory
GCA_038080935.1,Bloodstream
GCA_038080895.1,Bloodstream
GCA_038080835.1,Bloodstream
GCA_038080875.1,Bloodstream
GCA_045174505.1,CF_Respiratory
GCA_045174485.1,CF_Respiratory
GCA_045174445.1,CF_Respiratory
GCA_045174465.1,CF_Respiratory
GCA_045174425.1,CF_Respiratory
GCA_045174405.1,CF_Respiratory
GCA_045174365.1,CF_Respiratory
GCA_045174305.1,CF_Respiratory
GCA_045174285.1,CF_Respiratory
GCA_045174345.1,CF_Respiratory
GCA_045174325.1,CF_Respiratory
GCA_045174265.1,CF_Respiratory
GCA_045174225.1,CF_Respiratory
GCA_045174205.1,CF_Respiratory
GCA_045174245.1,CF_Respiratory
GCA_045174185.1,CF_Respiratory
GCA_045174145.1,CF_Respiratory
GCA_045174125.1,CF_Respiratory
GCA_045174165.1,CF_Respiratory
GCA_045174105.1,CF_Respiratory
GCA_045174085.1,CF_Respiratory
GCA_045174065.1,CF_Respiratory
GCA_045174045.1,CF_Respiratory
GCA_045174025.1,CF_Respiratory
GCA_045174005.1,CF_Respiratory
GCA_045173985.1,CF_Respiratory
GCA_045173945.1,CF_Respiratory
GCA_045173965.1,CF_Respiratory
GCA_045173925.1,CF_Respiratory
GCA_045173845.1,CF_Respiratory
GCA_045173825.1,CF_Respiratory
GCA_045173785.1,CF_Respiratory
GCA_045173765.1,CF_Respiratory
GCA_045173805.1,CF_Respiratory
GCA_045173725.1,CF_Respiratory
GCA_045173745.1,CF_Respiratory
GCA_045173685.1,CF_Respiratory
GCA_038085955.1,Urinary
GCA_038085795.1,Urinary
GCA_038164475.1,Skin_Soft_Tissue
GCA_038229035.1,Urinary
GCA_038226225.1,Respiratory
GCA_038230135.1,Skin_Soft_Tissue
GCA_038301465.1,Urinary
GCA_038181465.1,Ear_Nose_Throat
GCA_038181455.1,Respiratory
GCA_038409715.1,Urinary
GCA_038409515.1,Skin_Soft_Tissue
GCA_038412385.1,Urinary
GCA_038416505.1,Skin_Soft_Tissue
GCA_038428535.1,Skin_Soft_Tissue
GCA_045169245.1,Hospital
GCA_038396885.1,Urinary
GCA_038397815.1,Respiratory
GCA_038405065.1,Urinary
GCA_038405165.1,Bloodstream
GCA_038405185.1,Urinary
GCA_038405205.1,Urinary
GCA_038405245.1,Bloodstream
GCA_038405235.1,Bloodstream
GCA_038405275.1,Respiratory
GCA_038405315.1,Bloodstream
GCA_038405355.1,Urinary
GCA_038441595.1,Urinary
GCA_038441285.1,Urinary
GCA_038486655.1,Urinary
GCA_038431885.1,Urinary
GCA_038431895.1,Urinary
GCA_038431905.1,Respiratory
GCA_038431915.1,Skin_Soft_Tissue
GCA_038431925.1,Skin_Soft_Tissue
GCA_038431935.1,Bloodstream
GCA_038431945.1,Respiratory
GCA_038432515.1,Skin_Soft_Tissue
GCA_038433795.1,Bloodstream
GCA_038435155.1,Skin_Soft_Tissue
GCA_038447035.1,Skin_Soft_Tissue
GCA_038486415.1,Skin_Soft_Tissue
GCA_038451565.1,Urinary
GCA_039635325.1,Respiratory
GCA_038504845.1,Urinary
GCA_038504855.1,Urinary
GCA_038505135.1,Reproductive
GCA_038515115.1,Urinary
GCA_038512815.1,Urinary
GCA_038593735.1,Urinary
GCA_038593835.1,Urinary
GCA_038593905.1,Urinary
GCA_038593925.1,Urinary
GCA_038593945.1,Urinary
GCA_038593965.1,Urinary
GCA_038594045.1,Urinary
GCA_038594055.1,Urinary
GCA_038594085.1,Respiratory
GCA_038594115.1,Bloodstream
GCA_038594145.1,Urinary
GCA_038594165.1,Urinary
GCA_038594195.1,Urinary
GCA_038594245.1,Urinary
GCA_039517935.1,Urinary
GCA_038901475.1,Respiratory
GCA_039516655.1,Bloodstream
GCA_039516745.1,Bloodstream
GCA_039516605.1,Bone_Joint
GCA_039516035.1,Bloodstream
GCA_039516055.1,Bloodstream
GCA_039510225.1,Urinary
GCA_039412675.1,Respiratory
GCA_039412695.1,Skin_Soft_Tissue
GCA_039412735.1,Respiratory
GCA_039412755.1,Respiratory
GCA_039412775.1,Respiratory
GCA_039412795.1,Respiratory
GCA_039412815.1,Respiratory
GCA_039412855.1,Respiratory
GCA_039412875.1,Respiratory
GCA_039412895.1,Respiratory
GCA_039412915.1,Medical_Device
GCA_039412935.1,Bloodstream
GCA_039412975.1,Respiratory
GCA_039413035.1,Respiratory
GCA_039413055.1,Respiratory
GCA_039413075.1,Bloodstream
GCA_039413095.1,Urinary
GCA_039413135.1,Respiratory
GCA_039413155.1,Respiratory
GCA_039413175.1,Urinary
GCA_039413195.1,Respiratory
GCA_039413215.1,Respiratory
GCA_039413235.1,Respiratory
GCA_039413245.1,Respiratory
GCA_039413275.1,Respiratory
GCA_039413295.1,Respiratory
GCA_039413315.1,Urinary
GCA_039413335.1,Urinary
GCA_039413355.1,Urinary
GCA_039413375.1,Respiratory
GCA_039413395.1,Urinary
GCA_039413415.1,Respiratory
GCA_039413435.1,Respiratory
GCA_039413455.1,Respiratory
GCA_039413475.1,Respiratory
GCA_039413495.1,Skin_Soft_Tissue
GCA_039413515.1,Respiratory
GCA_039413535.1,Medical_Device
GCA_039413575.1,Respiratory
GCA_039413615.1,Respiratory
GCA_039413635.1,Skin_Soft_Tissue
GCA_039413655.1,Medical_Device
GCA_039413685.1,Respiratory
GCA_039413675.1,Respiratory
GCA_039413735.1,Respiratory
GCA_039413755.1,Urinary
GCA_039413765.1,Urinary
GCA_039413775.1,Bloodstream
GCA_039413815.1,Respiratory
GCA_039413855.1,Respiratory
GCA_039413875.1,Respiratory
GCA_039413895.1,Respiratory
GCA_039413915.1,Respiratory
GCA_039413935.1,Respiratory
GCA_039413955.1,Respiratory
GCA_039413975.1,Respiratory
GCA_039413995.1,Respiratory
GCA_039414015.1,Respiratory
GCA_039414035.1,Respiratory
GCA_039414075.1,Urinary
GCA_039414095.1,Urinary
GCA_039414175.1,Urinary
GCA_039414195.1,Urinary
GCA_039556485.1,Urinary
GCA_039512425.1,Respiratory
GCA_039560505.1,Respiratory
GCA_039563025.1,Gastrointestinal
GCA_039572365.1,Urinary
GCA_039555165.1,Urinary
GCA_039582265.1,Ear_Nose_Throat
GCA_039568645.1,Gastrointestinal
GCA_039568665.1,Gastrointestinal
GCA_039568675.1,Gastrointestinal
GCA_039568705.1,Gastrointestinal
GCA_039568725.1,Gastrointestinal
GCA_039568745.1,Gastrointestinal
GCA_039568765.1,Gastrointestinal
GCA_039568785.1,Gastrointestinal
GCA_039568805.1,Gastrointestinal
GCA_039568825.1,Gastrointestinal
GCA_039568845.1,Gastrointestinal
GCA_039568865.1,Gastrointestinal
GCA_039568875.1,Gastrointestinal
GCA_039568905.1,Gastrointestinal
GCA_039568925.1,Gastrointestinal
GCA_039568945.1,Gastrointestinal
GCA_039568965.1,Gastrointestinal
GCA_039568985.1,Gastrointestinal
GCA_039569005.1,Gastrointestinal
GCA_039569025.1,Gastrointestinal
GCA_039569045.1,Gastrointestinal
GCA_039569085.1,Gastrointestinal
GCA_039569105.1,Gastrointestinal
GCA_039569125.1,Gastrointestinal
GCA_039569145.1,Gastrointestinal
GCA_039569165.1,Gastrointestinal
GCA_039569185.1,Gastrointestinal
GCA_039569205.1,Gastrointestinal
GCA_039569215.1,Gastrointestinal
GCA_039569245.1,Gastrointestinal
GCA_039569265.1,Gastrointestinal
GCA_039569285.1,Gastrointestinal
GCA_039569305.1,Gastrointestinal
GCA_039569325.1,Gastrointestinal
GCA_039569345.1,Gastrointestinal
GCA_039569365.1,Gastrointestinal
GCA_039569385.1,Gastrointestinal
GCA_039569405.1,Gastrointestinal
GCA_039569425.1,Gastrointestinal
GCA_039569445.1,Gastrointestinal
GCA_039569465.1,Gastrointestinal
GCA_039569485.1,Gastrointestinal
GCA_039569505.1,Gastrointestinal
GCA_039569525.1,Gastrointestinal
GCA_039569545.1,Gastrointestinal
GCA_039569565.1,Gastrointestinal
GCA_039569585.1,Gastrointestinal
GCA_039569605.1,Gastrointestinal
GCA_039569625.1,Gastrointestinal
GCA_039569645.1,Gastrointestinal
GCA_039569665.1,Gastrointestinal
GCA_039569685.1,Gastrointestinal
GCA_039569705.1,Gastrointestinal
GCA_039569725.1,Gastrointestinal
GCA_039569745.1,Gastrointestinal
GCA_039569765.1,Gastrointestinal
GCA_039569785.1,Gastrointestinal
GCA_039569805.1,Gastrointestinal
GCA_039569825.1,Gastrointestinal
GCA_039569865.1,Gastrointestinal
GCA_039569965.1,Gastrointestinal
GCA_039569985.1,Gastrointestinal
GCA_039570005.1,Gastrointestinal
GCA_039570025.1,Gastrointestinal
GCA_039570045.1,Gastrointestinal
GCA_039570065.1,Gastrointestinal
GCA_039570085.1,Gastrointestinal
GCA_039570105.1,Gastrointestinal
GCA_039570125.1,Gastrointestinal
GCA_039570145.1,Gastrointestinal
GCA_039570165.1,Gastrointestinal
GCA_039570185.1,Gastrointestinal
GCA_039570205.1,Gastrointestinal
GCA_039570225.1,Gastrointestinal
GCA_039570245.1,Gastrointestinal
GCA_039570265.1,Gastrointestinal
GCA_039570285.1,Gastrointestinal
GCA_039570305.1,Gastrointestinal
GCA_039570325.1,Gastrointestinal
GCA_039570345.1,Gastrointestinal
GCA_039570365.1,Gastrointestinal
GCA_039570385.1,Gastrointestinal
GCA_039570405.1,Gastrointestinal
GCA_039570425.1,Gastrointestinal
GCA_039570445.1,Gastrointestinal
GCA_039570465.1,Gastrointestinal
GCA_039570485.1,Gastrointestinal
GCA_039570505.1,Gastrointestinal
GCA_039570525.1,Gastrointestinal
GCA_039570545.1,Gastrointestinal
GCA_039570565.1,Gastrointestinal
GCA_039570585.1,Gastrointestinal
GCA_039570605.1,Gastrointestinal
GCA_039570625.1,Gastrointestinal
GCA_039570645.1,Gastrointestinal
GCA_039570665.1,Gastrointestinal
GCA_039570685.1,Gastrointestinal
GCA_039570705.1,Gastrointestinal
GCA_039570725.1,Gastrointestinal
GCA_039570745.1,Gastrointestinal
GCA_039570765.1,Gastrointestinal
GCA_039570785.1,Gastrointestinal
GCA_039570805.1,Gastrointestinal
GCA_039570825.1,Gastrointestinal
GCA_039570845.1,Gastrointestinal
GCA_039570865.1,Gastrointestinal
GCA_039570885.1,Gastrointestinal
GCA_039570905.1,Gastrointestinal
GCA_039570925.1,Gastrointestinal
GCA_039570945.1,Gastrointestinal
GCA_039570965.1,Gastrointestinal
GCA_039570985.1,Gastrointestinal
GCA_039571005.1,Gastrointestinal
GCA_039571025.1,Gastrointestinal
GCA_039571045.1,Gastrointestinal
GCA_039571065.1,Gastrointestinal
GCA_039571085.1,Gastrointestinal
GCA_039571105.1,Gastrointestinal
GCA_039571125.1,Gastrointestinal
GCA_039571165.1,Gastrointestinal
GCA_039622765.1,Urinary
GCA_039622815.1,Urinary
GCA_039622885.1,Urinary
GCA_039630025.1,Medical_Device
GCA_039637605.1,Bloodstream
GCA_044931605.1,CF_Respiratory
GCA_044931545.1,CF_Respiratory
GCA_043073555.1,CF_Respiratory
GCA_044931525.1,CF_Respiratory
GCA_044931485.1,CF_Respiratory
GCA_044931505.1,CF_Respiratory
GCA_043073535.1,CF_Respiratory
GCA_044931465.1,CF_Respiratory
GCA_044931405.1,CF_Respiratory
GCA_044931425.1,CF_Respiratory
GCA_044931445.1,CF_Respiratory
GCA_044931305.1,CF_Respiratory
GCA_044931345.1,CF_Respiratory
GCA_044931365.1,CF_Respiratory
GCA_044931375.1,CF_Respiratory
GCA_044931265.1,CF_Respiratory
GCA_044931325.1,CF_Respiratory
GCA_044931285.1,CF_Respiratory
GCA_044931165.1,CF_Respiratory
GCA_044931225.1,CF_Respiratory
GCA_044931245.1,CF_Respiratory
GCA_044931185.1,CF_Respiratory
GCA_044931205.1,CF_Respiratory
GCA_044931145.1,CF_Respiratory
GCA_044931105.1,CF_Respiratory
GCA_044931125.1,CF_Respiratory
GCA_044931085.1,CF_Respiratory
GCA_044931045.1,CF_Respiratory
GCA_044931065.1,CF_Respiratory
GCA_044931025.1,CF_Respiratory
GCA_044931005.1,CF_Respiratory
GCA_044930985.1,CF_Respiratory
GCA_044930965.1,CF_Respiratory
GCA_044930925.1,CF_Respiratory
GCA_044930905.1,CF_Respiratory
GCA_044930885.1,Urinary
GCA_044930865.1,Respiratory
GCA_044930825.1,Respiratory
GCA_044930805.1,Respiratory
GCA_044930765.1,Respiratory
GCA_044930845.1,Urinary
GCA_044930725.1,Respiratory
GCA_044930645.1,Respiratory
GCA_044930525.1,Respiratory
GCA_043075355.1,Respiratory
GCA_044930445.1,Urinary
GCA_043073515.1,Respiratory
GCA_043075275.1,Urinary
GCA_043075255.1,Urinary
GCA_043087465.1,Respiratory
GCA_043073495.1,Respiratory
GCA_043087445.1,Respiratory
GCA_043073475.1,Respiratory
GCA_043075235.1,Urinary
GCA_043075215.1,Respiratory
GCA_043075175.1,Urinary
GCA_043075185.1,Respiratory
GCA_043087345.1,Respiratory
GCA_043075155.1,Urinary
GCA_043087265.1,Urinary
GCA_043087205.1,Urinary
GCA_043075055.1,Respiratory
GCA_043087165.1,Respiratory
GCA_043075075.1,Respiratory
GCA_043075035.1,Respiratory
GCA_043087145.1,Respiratory
GCA_043087005.1,Respiratory
GCA_043086985.1,Respiratory
GCA_043086965.1,Urinary
GCA_043086945.1,Urinary
GCA_043074995.1,Respiratory
GCA_043086915.1,Respiratory
GCA_043085385.1,Respiratory
GCA_043085365.1,Respiratory
GCA_043085305.1,Urinary
GCA_043077105.1,Urinary
GCA_043085205.1,Urinary
GCA_043074955.1,Respiratory
GCA_043076965.1,Respiratory
GCA_043076855.1,Respiratory
GCA_043081125.1,Urinary
GCA_043085065.1,Respiratory
GCA_043083285.1,Respiratory
GCA_043081105.1,Respiratory
GCA_043081045.1,Respiratory
GCA_043080895.1,Urinary
GCA_043076825.1,Urinary
GCA_043080845.1,Respiratory
GCA_043079045.1,Respiratory
GCA_043080825.1,Respiratory
GCA_043080765.1,Respiratory
GCA_043080725.1,Respiratory
GCA_043083225.1,Urinary
GCA_043083245.1,Urinary
GCA_043076885.1,Respiratory
GCA_043074935.1,Respiratory
GCA_043083065.1,Respiratory
GCA_043074895.1,Respiratory
GCA_043073455.1,Respiratory
GCA_043074915.1,Urinary
GCA_043074835.1,Urinary
GCA_043074815.1,Respiratory
GCA_043074775.1,Respiratory
GCA_043076675.1,Urinary
GCA_043076515.1,Respiratory
GCA_043074715.1,Urinary
GCA_043076985.1,Respiratory
GCA_043074735.1,Respiratory
GCA_043076395.1,Respiratory
GCA_043078905.1,Respiratory
GCA_043076335.1,Urinary
GCA_043074675.1,Urinary
GCA_043076275.1,Urinary
GCA_043074635.1,Respiratory
GCA_043078985.1,Respiratory
GCA_043083085.1,Urinary
GCA_043083005.1,Respiratory
GCA_043083045.1,Respiratory
GCA_043080625.1,Respiratory
GCA_043082885.1,Respiratory
GCA_043080545.1,Urinary
GCA_043082865.1,Gastrointestinal
GCA_043080505.1,Urinary
GCA_043080475.1,Urinary
GCA_043073435.1,Urinary
GCA_043082935.1,Respiratory
GCA_043082805.1,Urinary
GCA_043080365.1,Respiratory
GCA_043082685.1,Respiratory
GCA_043080345.1,Respiratory
GCA_043074575.1,Urinary
GCA_043080325.1,Respiratory
GCA_043080185.1,Urinary
GCA_043080165.1,Urinary
GCA_043082665.1,Urinary
GCA_043082545.1,Urinary
GCA_043074535.1,Urinary
GCA_043082325.1,Respiratory
GCA_043073395.1,Respiratory
GCA_043086745.1,Respiratory
GCA_043080065.1,Respiratory
GCA_043082445.1,Respiratory
GCA_043080075.1,Respiratory
GCA_043080125.1,Respiratory
GCA_043079965.1,Respiratory
GCA_043078835.1,Respiratory
GCA_043076135.1,Respiratory
GCA_043078765.1,Respiratory
GCA_043074515.1,Respiratory
GCA_043078665.1,Urinary
GCA_043076115.1,Urinary
GCA_043076095.1,Respiratory
GCA_043075975.1,Respiratory
GCA_043076075.1,Respiratory
GCA_043079885.1,Respiratory
GCA_043078705.1,Urinary
GCA_043075915.1,Urinary
GCA_043079815.1,Urinary
GCA_043079865.1,Urinary
GCA_043079755.1,Urinary
GCA_043079645.1,Respiratory
GCA_043074475.1,Respiratory
GCA_043079605.1,Respiratory
GCA_043079665.1,Respiratory
GCA_043074495.1,Urinary
GCA_043082225.1,Urinary
GCA_043074435.1,Respiratory
GCA_043082185.1,Respiratory
GCA_043082045.1,Respiratory
GCA_043082065.1,Urinary
GCA_043084905.1,Urinary
GCA_043074415.1,Respiratory
GCA_043084835.1,Respiratory
GCA_043079525.1,Urinary
GCA_043081905.1,Urinary
GCA_043084685.1,Urinary
GCA_043081855.1,Urinary
GCA_043084615.1,Respiratory
GCA_043074375.1,Respiratory
GCA_043081705.1,Respiratory
GCA_043084605.1,Respiratory
GCA_043074395.1,Urinary
GCA_043084425.1,Urinary
GCA_043081655.1,Urinary
GCA_043086725.1,Respiratory
GCA_043084445.1,Urinary
GCA_043073355.1,Urinary
GCA_043079465.1,Respiratory
GCA_043078345.1,Urinary
GCA_043079405.1,Urinary
GCA_043078285.1,Urinary
GCA_043078325.1,Respiratory
GCA_043078245.1,Respiratory
GCA_043079385.1,Respiratory
GCA_043079285.1,Urinary
GCA_043079305.1,Urinary
GCA_043084405.1,Urinary
GCA_043078125.1,Respiratory
GCA_043078025.1,Urinary
GCA_043078045.1,Urinary
GCA_043078085.1,Respiratory
GCA_043077945.1,Urinary
GCA_039643585.1,Bone_Joint
GCA_039646695.1,Urinary
GCA_039647695.1,Urinary
GCA_043086785.1,Respiratory
GCA_043084285.1,Respiratory
GCA_043084265.1,Respiratory
GCA_044930385.1,Respiratory
GCA_043084225.1,Respiratory
GCA_043084245.1,Respiratory
GCA_043081345.1,Bird
GCA_043081385.1,Bird
GCA_043086325.1,Bird
GCA_043086385.1,Bird
GCA_044930305.1,Bird
GCA_043086205.1,Bird
GCA_043081245.1,Bird
GCA_039653585.1,Urinary
GCA_039649775.1,Respiratory
GCA_039649805.1,Respiratory
GCA_039649925.1,Skin_Soft_Tissue
GCA_039650055.1,Respiratory
GCA_039650115.1,Urinary
GCA_039650135.1,Urinary
GCA_039650165.1,Urinary
GCA_039650535.1,Urinary
GCA_039650525.1,Respiratory
GCA_039665665.1,Urinary
GCA_039688315.1,Respiratory
GCA_039720305.1,Respiratory
GCA_039702325.1,Respiratory
GCA_039778165.1,Urinary
GCA_039778075.1,Bloodstream
GCA_039777985.1,Urinary
GCA_039767235.1,Urinary
GCA_038069335.2,Respiratory
GCA_039783045.1,Respiratory
GCA_039784865.1,Skin_Soft_Tissue
GCA_039786175.1,Skin_Soft_Tissue
GCA_039786015.1,Urinary
GCA_039785925.1,Skin_Soft_Tissue
GCA_039814365.1,Respiratory
GCA_039814225.1,Respiratory
GCA_039737775.1,Water
GCA_039949875.1,Urinary
GCA_039911325.1,Skin_Soft_Tissue
GCA_039912375.1,Skin_Soft_Tissue
GCA_039912595.1,Respiratory
GCA_039912205.1,Urinary
GCA_039912285.1,Respiratory
GCA_039911035.1,Urinary
GCA_039912165.1,Respiratory
GCA_039912185.1,Respiratory
GCA_039911265.1,Urinary
GCA_039911345.1,Respiratory
GCA_039911015.1,Respiratory
GCA_039911305.1,Respiratory
GCA_039910945.1,Respiratory
GCA_039910975.1,Respiratory
GCA_039910935.1,Respiratory
GCA_039911285.1,Respiratory
GCA_039910995.1,Respiratory
GCA_039949715.1,Respiratory
GCA_038069315.2,Respiratory
GCA_038418245.2,Urinary
GCA_039908025.1,Bloodstream
GCA_039908075.1,Ear_Nose_Throat
GCA_040031615.1,Urinary
GCA_040210585.1,Urinary
GCA_040031055.1,Skin_Soft_Tissue
GCA_040031015.1,Urinary
GCA_040047405.1,Bloodstream
GCA_040071285.1,Respiratory
GCA_040071225.1,Respiratory
GCA_040077875.1,Respiratory
GCA_040063875.1,Skin_Soft_Tissue
GCA_040063895.1,Skin_Soft_Tissue
GCA_040063915.1,Skin_Soft_Tissue
GCA_040063925.1,Skin_Soft_Tissue
GCA_040063975.1,Skin_Soft_Tissue
GCA_040064055.1,Skin_Soft_Tissue
GCA_040064175.1,Skin_Soft_Tissue
GCA_040064195.1,Skin_Soft_Tissue
GCA_040063995.1,Skin_Soft_Tissue
GCA_040064005.1,Skin_Soft_Tissue
GCA_040064015.1,Skin_Soft_Tissue
GCA_040066295.1,Skin_Soft_Tissue
GCA_040066315.1,Skin_Soft_Tissue
GCA_040066335.1,Skin_Soft_Tissue
GCA_040066375.1,Skin_Soft_Tissue
GCA_040066395.1,Skin_Soft_Tissue
GCA_040066415.1,Skin_Soft_Tissue
GCA_040066435.1,Skin_Soft_Tissue
GCA_040066455.1,Skin_Soft_Tissue
GCA_040066475.1,Skin_Soft_Tissue
GCA_040066495.1,Skin_Soft_Tissue
GCA_040066535.1,Skin_Soft_Tissue
GCA_040066555.1,Skin_Soft_Tissue
GCA_040066575.1,Skin_Soft_Tissue
GCA_040066595.1,Skin_Soft_Tissue
GCA_040066615.1,Skin_Soft_Tissue
GCA_040066635.1,Skin_Soft_Tissue
GCA_040066655.1,Skin_Soft_Tissue
GCA_040066675.1,Skin_Soft_Tissue
GCA_040066695.1,Skin_Soft_Tissue
GCA_040066715.1,Skin_Soft_Tissue
GCA_040066755.1,Skin_Soft_Tissue
GCA_040084805.1,Respiratory
GCA_040111125.1,Respiratory
GCA_040124705.1,Respiratory
GCA_040110985.1,Bloodstream
GCA_040111005.1,Bloodstream
GCA_040120765.1,Respiratory
GCA_040120785.1,Gastrointestinal
GCA_040120805.1,Respiratory
GCA_040120965.1,Respiratory
GCA_040147165.1,Urinary
GCA_040166485.1,Respiratory
GCA_040170785.1,Urinary
GCA_040179645.1,Respiratory
GCA_040170725.1,Urinary
GCA_040184195.1,Bone_Joint
GCA_040208235.1,Respiratory
GCA_040186585.1,Bloodstream
GCA_040186605.1,Skin_Soft_Tissue
GCA_040186615.1,Skin_Soft_Tissue
GCA_040186575.1,Respiratory
GCA_040186595.1,Respiratory
GCA_040186695.1,Respiratory
GCA_040186685.1,Respiratory
GCA_040186675.1,Skin_Soft_Tissue
GCA_040186715.1,Urinary
GCA_040186705.1,Urinary
GCA_040186775.1,Respiratory
GCA_040186785.1,Urinary
GCA_040186815.1,Respiratory
GCA_040186805.1,Skin_Soft_Tissue
GCA_040186795.1,Respiratory
GCA_040186885.1,Respiratory
GCA_040186925.1,Respiratory
GCA_040186935.1,Respiratory
GCA_040186915.1,Respiratory
GCA_040186975.1,Respiratory
GCA_040186995.1,Skin_Soft_Tissue
GCA_040186985.1,Urinary
GCA_040187045.1,Respiratory
GCA_040187055.1,Skin_Soft_Tissue
GCA_040187105.1,Respiratory
GCA_040187095.1,Respiratory
GCA_040187115.1,Respiratory
GCA_040187135.1,Respiratory
GCA_040187185.1,Respiratory
GCA_040187125.1,Skin_Soft_Tissue
GCA_040187235.1,Bloodstream
GCA_040187195.1,Skin_Soft_Tissue
GCA_040187265.1,Skin_Soft_Tissue
GCA_040187315.1,Respiratory
GCA_040187325.1,Respiratory
GCA_040187355.1,Respiratory
GCA_040187375.1,Urinary
GCA_040187385.1,Urinary
GCA_040187505.1,Respiratory
GCA_040187495.1,Respiratory
GCA_040187595.1,Urinary
GCA_040187605.1,Urinary
GCA_040187635.1,Urinary
GCA_040187655.1,Respiratory
GCA_040187685.1,Respiratory
GCA_040187695.1,Respiratory
GCA_040187725.1,Respiratory
GCA_040215285.1,Urinary
GCA_040215535.1,Urinary
GCA_040203215.1,Respiratory
GCA_040203235.1,Respiratory
GCA_040203255.1,Respiratory
GCA_040203275.1,Respiratory
GCA_040216155.1,Skin_Soft_Tissue
GCA_040253075.1,Respiratory
GCA_040253495.1,Urinary
GCA_040267375.1,Urinary
GCA_040267355.1,Skin_Soft_Tissue
GCA_040271045.1,Bloodstream
GCA_040256985.1,Respiratory
GCA_040256995.1,Respiratory
GCA_040257005.1,Bloodstream
GCA_040257075.1,Respiratory
GCA_040257085.1,Respiratory
GCA_040257115.1,Bloodstream
GCA_040257095.1,Respiratory
GCA_040257105.1,Skin_Soft_Tissue
GCA_040257175.1,Respiratory
GCA_040257195.1,Bloodstream
GCA_040257215.1,Bloodstream
GCA_040257255.1,Bloodstream
GCA_040257295.1,Skin_Soft_Tissue
GCA_040257335.1,Respiratory
GCA_040257305.1,Respiratory
GCA_040257355.1,Skin_Soft_Tissue
GCA_040257365.1,Respiratory
GCA_040257405.1,Bloodstream
GCA_040257395.1,Respiratory
GCA_040257435.1,Urinary
GCA_040257415.1,Bloodstream
GCA_040257455.1,Urinary
GCA_040257495.1,Respiratory
GCA_040257515.1,Respiratory
GCA_040257555.1,Respiratory
GCA_040257545.1,Bloodstream
GCA_040257565.1,Respiratory
GCA_040257535.1,Respiratory
GCA_040257635.1,Bloodstream
GCA_040257655.1,Bloodstream
GCA_040257675.1,Respiratory
GCA_040257705.1,Bloodstream
GCA_040257625.1,Bloodstream
GCA_040257745.1,Respiratory
GCA_040257765.1,Respiratory
GCA_040257785.1,Respiratory
GCA_040257795.1,Respiratory
GCA_040257825.1,Respiratory
GCA_040257845.1,Respiratory
GCA_040257885.1,Respiratory
GCA_040257905.1,Respiratory
GCA_040257945.1,Skin_Soft_Tissue
GCA_040257965.1,Respiratory
GCA_040257985.1,Respiratory
GCA_040258005.1,Respiratory
GCA_040258025.1,Urinary
GCA_040258045.1,Respiratory
GCA_040258065.1,Respiratory
GCA_040258085.1,Bloodstream
GCA_040258105.1,Respiratory
GCA_040258125.1,Respiratory
GCA_040258165.1,Respiratory
GCA_040258185.1,Respiratory
GCA_040258205.1,Urinary
GCA_040258225.1,Respiratory
GCA_040258235.1,Bloodstream
GCA_040258265.1,Respiratory
GCA_040258285.1,Respiratory
GCA_040258305.1,Urinary
GCA_040258325.1,Respiratory
GCA_040258385.1,Bloodstream
GCA_040258405.1,Urinary
GCA_040258425.1,Urinary
GCA_040258445.1,Urinary
GCA_040258465.1,Respiratory
GCA_040258485.1,Respiratory
GCA_040258505.1,Bloodstream
GCA_040258545.1,Respiratory
GCA_040258565.1,Respiratory
GCA_040258585.1,Urinary
GCA_040258605.1,Urinary
GCA_040258625.1,Respiratory
GCA_040258645.1,Urinary
GCA_040258685.1,Bloodstream
GCA_040258705.1,Skin_Soft_Tissue
GCA_040258745.1,Bloodstream
GCA_040258765.1,Respiratory
GCA_040258785.1,Bloodstream
GCA_040258805.1,Bloodstream
GCA_040258825.1,Urinary
GCA_040258845.1,Bloodstream
GCA_040258865.1,Respiratory
GCA_040258885.1,Respiratory
GCA_040258905.1,Skin_Soft_Tissue
GCA_040258925.1,Respiratory
GCA_040258945.1,Respiratory
GCA_040258965.1,Bloodstream
GCA_040258985.1,Respiratory
GCA_040259005.1,Urinary
GCA_040259025.1,Respiratory
GCA_040259035.1,Urinary
GCA_040259065.1,Bloodstream
GCA_040259085.1,Urinary
GCA_040259105.1,Bloodstream
GCA_040259115.1,Bloodstream
GCA_040259165.1,Respiratory
GCA_040259185.1,Urinary
GCA_040259205.1,Respiratory
GCA_040259225.1,Respiratory
GCA_040259245.1,Respiratory
GCA_040259265.1,Respiratory
GCA_040259285.1,Respiratory
GCA_040259295.1,Respiratory
GCA_040275165.1,Urinary
GCA_040288065.1,Gastrointestinal
GCA_040311705.1,Gastrointestinal
GCA_040310345.1,Gastrointestinal
GCA_040316675.1,Gastrointestinal
GCA_040314835.1,Gastrointestinal
GCA_040314815.1,Urinary
GCA_040268335.1,Respiratory
GCA_040335315.1,Gastrointestinal
GCA_040335175.1,Gastrointestinal
GCA_043158605.1,Skin_Soft_Tissue
GCA_043157775.1,Skin_Soft_Tissue
GCA_043157755.1,Urinary
GCA_043158545.1,Urinary
GCA_043158525.1,Respiratory
GCA_043158565.1,Urinary
GCA_043158505.1,Skin_Soft_Tissue
GCA_043158485.1,Urinary
GCA_043158445.1,Skin_Soft_Tissue
GCA_043158425.1,Urinary
GCA_043158465.1,Urinary
GCA_043158405.1,Respiratory
GCA_043158385.1,Urinary
GCA_043157675.1,Skin_Soft_Tissue
GCA_043159305.1,Urinary
GCA_043157635.1,Urinary
GCA_043150115.1,Respiratory
GCA_043150055.1,Skin_Soft_Tissue
GCA_043158335.1,Urinary
GCA_043157655.1,Respiratory
GCA_043150075.1,Respiratory
GCA_043157585.1,Bloodstream
GCA_043150095.1,Respiratory
GCA_043157605.1,Respiratory
GCA_040324795.1,Skin_Soft_Tissue
GCA_040324895.1,Respiratory
GCA_040324985.1,Skin_Soft_Tissue
GCA_040325375.1,Respiratory
GCA_040328915.1,Respiratory
GCA_040328955.1,Respiratory
GCA_040329075.1,Respiratory
GCA_040353455.1,Respiratory
GCA_040360185.1,Skin_Soft_Tissue
GCA_044099805.1,Respiratory
GCA_040407665.1,Respiratory
GCA_040407695.1,Respiratory
GCA_040407715.1,Respiratory
GCA_040407685.1,Respiratory
GCA_040407705.1,Respiratory
GCA_040407765.1,Respiratory
GCA_040407825.1,Respiratory
GCA_040407835.1,Respiratory
GCA_040407845.1,Respiratory
GCA_040407875.1,Respiratory
GCA_040407905.1,Respiratory
GCA_040443325.1,Urinary
GCA_040429595.1,Soil
GCA_040457235.1,Bone_Joint
GCA_040456335.1,Respiratory
GCA_040456345.1,Respiratory
GCA_040457115.1,Urinary
GCA_040499895.1,Respiratory
GCA_040503775.1,Respiratory
GCA_040513425.1,Respiratory
GCA_040513475.1,Respiratory
GCA_040513855.1,Skin_Soft_Tissue
GCA_040513845.1,Respiratory
GCA_040522505.1,Skin_Soft_Tissue
GCA_044015775.1,Respiratory
GCA_044015795.1,Respiratory
GCA_044015755.1,Urinary
GCA_044015675.1,Respiratory
GCA_044015615.1,Bone_Joint
GCA_044015635.1,Urinary
GCA_044015575.1,Respiratory
GCA_044015595.1,Respiratory
GCA_044015555.1,Urinary
GCA_044015495.1,Skin_Soft_Tissue
GCA_044015525.1,Skin_Soft_Tissue
GCA_044015475.1,Respiratory
GCA_044015455.1,Skin_Soft_Tissue
GCA_044015415.1,Urinary
GCA_044015515.1,Respiratory
GCA_044015395.1,Respiratory
GCA_044015355.1,Skin_Soft_Tissue
GCA_044015175.1,Respiratory
GCA_044015105.1,Respiratory
GCA_044015095.1,Skin_Soft_Tissue
GCA_044015055.1,Respiratory
GCA_044015035.1,Respiratory
GCA_044015005.1,Respiratory
GCA_044014995.1,Skin_Soft_Tissue
GCA_044014935.1,Respiratory
GCA_044014905.1,Bloodstream
GCA_044014815.1,Skin_Soft_Tissue
GCA_044014795.1,Bloodstream
GCA_044014855.1,Skin_Soft_Tissue
GCA_044014695.1,Respiratory
GCA_044014715.1,Skin_Soft_Tissue
GCA_044014755.1,Skin_Soft_Tissue
GCA_044014775.1,Skin_Soft_Tissue
GCA_044014675.1,Skin_Soft_Tissue
GCA_044014595.1,Respiratory
GCA_044014575.1,Urinary
GCA_044014125.1,Skin_Soft_Tissue
GCA_044014035.1,Skin_Soft_Tissue
GCA_044013995.1,Urinary
GCA_044013955.1,Skin_Soft_Tissue
GCA_044013935.1,Skin_Soft_Tissue
GCA_044013915.1,Skin_Soft_Tissue
GCA_040561025.1,Respiratory
GCA_044013055.1,Skin_Soft_Tissue
GCA_044012955.1,Respiratory
GCA_044012975.1,Respiratory
GCA_044012135.1,Gastrointestinal
GCA_044011895.1,Skin_Soft_Tissue
GCA_044011815.1,Gastrointestinal
GCA_044011755.1,Respiratory
GCA_044010735.1,Gastrointestinal
GCA_044010635.1,Urinary
GCA_044010115.1,Gastrointestinal
GCA_044010125.1,Gastrointestinal
GCA_044010155.1,Medical_Device
GCA_044009995.1,Skin_Soft_Tissue
GCA_044009975.1,Urinary
GCA_044009875.1,Urinary
GCA_044009835.1,Urinary
GCA_044009095.1,Respiratory
GCA_044008995.1,Gastrointestinal
GCA_044008955.1,Urinary
GCA_044008915.1,Reproductive
GCA_044008875.1,Respiratory
GCA_044008755.1,Urinary
GCA_044008635.1,Urinary
GCA_044008585.1,Respiratory
GCA_044008075.1,Skin_Soft_Tissue
GCA_044006815.1,Gastrointestinal
GCA_044006775.1,Skin_Soft_Tissue
GCA_044006755.1,Gastrointestinal
GCA_044006645.1,Bloodstream
GCA_044006405.1,Urinary
GCA_044005995.1,Gastrointestinal
GCA_044006025.1,Skin_Soft_Tissue
GCA_044004575.1,Urinary
GCA_044004555.1,Respiratory
GCA_044004395.1,Urinary
GCA_044004455.1,Urinary
GCA_044003775.1,Respiratory
GCA_044003665.1,Gastrointestinal
GCA_044003605.1,Gastrointestinal
GCA_044003755.1,Skin_Soft_Tissue
GCA_044003335.1,Respiratory
GCA_044003255.1,Gastrointestinal
GCA_044003235.1,Gastrointestinal
GCA_044003115.1,Gastrointestinal
GCA_044003075.1,Gastrointestinal
GCA_044002935.1,Gastrointestinal
GCA_044002955.1,Skin_Soft_Tissue
GCA_044002855.1,Gastrointestinal
GCA_040571335.1,Respiratory
GCA_040628255.1,Urinary
GCA_040628395.1,Respiratory
GCA_040580825.1,Respiratory
GCA_040581105.1,Respiratory
GCA_040581215.1,Respiratory
GCA_040673175.1,Respiratory
GCA_040673135.1,Respiratory
GCA_040704895.1,Respiratory
GCA_040704945.1,Gastrointestinal
GCA_040704925.1,Gastrointestinal
GCA_040705035.1,Water
GCA_040738955.1,Bloodstream
GCA_040738935.1,Urinary
GCA_040748115.1,Gastrointestinal
GCA_040748095.1,Respiratory
GCA_040747435.1,Skin_Soft_Tissue
GCA_040748375.1,Gastrointestinal
GCA_040747355.1,Gastrointestinal
GCA_040748035.1,Gastrointestinal
GCA_040714105.1,Respiratory
GCA_040714135.1,Respiratory
GCA_040714155.1,Respiratory
GCA_040714165.1,Respiratory
GCA_040714195.1,Respiratory
GCA_040714205.1,Respiratory
GCA_040714225.1,Respiratory
GCA_040714255.1,Respiratory
GCA_040714285.1,Respiratory
GCA_040714275.1,Respiratory
GCA_040714315.1,Respiratory
GCA_040714325.1,Respiratory
GCA_040714355.1,Respiratory
GCA_040714375.1,Respiratory
GCA_040714385.1,Respiratory
GCA_040714415.1,Respiratory
GCA_040714425.1,Respiratory
GCA_040714475.1,Respiratory
GCA_040714435.1,Respiratory
GCA_040714445.1,Respiratory
GCA_040714515.1,Respiratory
GCA_040714535.1,Respiratory
GCA_040714525.1,Respiratory
GCA_040714575.1,Respiratory
GCA_040714595.1,Respiratory
GCA_040714635.1,Respiratory
GCA_040714625.1,Respiratory
GCA_040714615.1,Respiratory
GCA_040714675.1,Respiratory
GCA_040714695.1,Respiratory
GCA_040714715.1,Respiratory
GCA_040714725.1,Respiratory
GCA_040714755.1,Respiratory
GCA_040714765.1,Respiratory
GCA_040714775.1,Respiratory
GCA_040714815.1,Respiratory
GCA_040714835.1,Respiratory
GCA_040714845.1,Respiratory
GCA_040714875.1,Respiratory
GCA_040714895.1,Respiratory
GCA_040714905.1,Respiratory
GCA_040714945.1,Respiratory
GCA_040714935.1,Respiratory
GCA_040714975.1,Respiratory
GCA_040714995.1,Respiratory
GCA_040715005.1,Respiratory
GCA_040715035.1,Respiratory
GCA_040715045.1,Respiratory
GCA_040715075.1,Respiratory
GCA_040715095.1,Respiratory
GCA_040715115.1,Respiratory
GCA_040715145.1,Respiratory
GCA_040715175.1,Respiratory
GCA_040715185.1,Respiratory
GCA_040715215.1,Respiratory
GCA_040715235.1,Respiratory
GCA_040715255.1,Respiratory
GCA_040715275.1,Respiratory
GCA_040715285.1,Respiratory
GCA_040715295.1,Respiratory
GCA_040715305.1,Respiratory
GCA_040715355.1,Respiratory
GCA_040715375.1,Respiratory
GCA_040715385.1,Respiratory
GCA_040715415.1,Respiratory
GCA_040715425.1,Respiratory
GCA_040715445.1,Respiratory
GCA_040715475.1,Respiratory
GCA_040743245.1,Urinary
GCA_043374075.1,Domestic
GCA_040779005.1,Urinary
GCA_043356755.1,Bloodstream
GCA_043356785.1,Bloodstream
GCA_043356675.1,Bloodstream
GCA_043356705.1,Bloodstream
GCA_043356565.1,Bloodstream
GCA_043356575.1,Bloodstream
GCA_043356455.1,Bloodstream
GCA_043356615.1,Bloodstream
GCA_043356485.1,Bloodstream
GCA_043356375.1,Bloodstream
GCA_043356415.1,Bloodstream
GCA_043356395.1,Bloodstream
GCA_043354805.1,Bloodstream
GCA_043354755.1,Bloodstream
GCA_043354695.1,Bloodstream
GCA_043354565.1,Bloodstream
GCA_043354495.1,Bloodstream
GCA_043354535.1,Bloodstream
GCA_043354635.1,Bloodstream
GCA_043354545.1,Bloodstream
GCA_043354435.1,Bloodstream
GCA_043354375.1,Bloodstream
GCA_043354405.1,Bloodstream
GCA_043354295.1,Bloodstream
GCA_043354255.1,Bloodstream
GCA_043354225.1,Bloodstream
GCA_043354185.1,Bloodstream
GCA_040818175.1,Urinary
GCA_040818195.1,Urinary
GCA_040797285.1,Respiratory
GCA_040797385.1,Respiratory
GCA_040825285.1,Gastrointestinal
GCA_040829365.1,Gastrointestinal
GCA_040829005.1,Skin_Soft_Tissue
GCA_043334855.1,Respiratory
GCA_043334115.1,Skin_Soft_Tissue
GCA_043334795.1,Skin_Soft_Tissue
GCA_043334715.1,Skin_Soft_Tissue
GCA_043334055.1,Urinary
GCA_043334015.1,Respiratory
GCA_043334635.1,Skin_Soft_Tissue
GCA_043334035.1,Skin_Soft_Tissue
GCA_043333995.1,Respiratory
GCA_043333955.1,Respiratory
GCA_043333855.1,Urinary
GCA_043333935.1,Skin_Soft_Tissue
GCA_043333895.1,Respiratory
GCA_043329635.1,Respiratory
GCA_043329575.1,Respiratory
GCA_043329595.1,Respiratory
GCA_043329555.1,Urinary
GCA_043329515.1,Skin_Soft_Tissue
GCA_043329455.1,Skin_Soft_Tissue
GCA_043329475.1,Skin_Soft_Tissue
GCA_043329435.1,Skin_Soft_Tissue
GCA_043329415.1,Respiratory
GCA_043329375.1,Respiratory
GCA_043329355.1,Bone_Joint
GCA_043329395.1,Skin_Soft_Tissue
GCA_043329335.1,Skin_Soft_Tissue
GCA_043329295.1,Urinary
GCA_043329265.1,Skin_Soft_Tissue
GCA_043329195.1,Urinary
GCA_043329215.1,Skin_Soft_Tissue
GCA_043329115.1,Bloodstream
GCA_043329095.1,Skin_Soft_Tissue
GCA_040872345.1,Respiratory
GCA_040872725.1,Respiratory
GCA_043294715.1,Water
GCA_043294655.1,Water
GCA_043294675.1,Water
GCA_043294635.1,Water
GCA_043294075.1,Water
GCA_043294055.1,Water
GCA_043280015.1,Water
GCA_043279865.1,Water
GCA_043279805.1,Water
GCA_043279705.1,Water
GCA_043279665.1,Water
GCA_043279605.1,Water
GCA_043278725.1,Water
GCA_043278685.1,Water
GCA_043278595.1,Water
GCA_043278545.1,Water
GCA_043278265.1,Water
GCA_043278665.1,Water
GCA_043278205.1,Water
GCA_043278125.1,Water
GCA_043277645.1,Water
GCA_043277705.1,Water
GCA_043277525.1,Water
GCA_043277465.1,Water
GCA_043277405.1,Water
GCA_043277245.1,Water
GCA_043277045.1,Water
GCA_043277005.1,Water
GCA_043277205.1,Water
GCA_043276805.1,Water
GCA_043276865.1,Water
GCA_043277125.1,Water
GCA_043277065.1,Water
GCA_043276645.1,Water
GCA_043276625.1,Water
GCA_043276485.1,Water
GCA_043276465.1,Water
GCA_043276325.1,Water
GCA_040898945.1,Respiratory
GCA_040939745.1,Respiratory
GCA_040899345.1,Urinary
GCA_040930555.1,Respiratory
GCA_040930575.1,Respiratory
GCA_040931625.1,Skin_Soft_Tissue
GCA_040931635.1,Skin_Soft_Tissue
GCA_040944245.1,Skin_Soft_Tissue
GCA_043349895.1,Water
GCA_043349875.1,Water
GCA_043349835.1,Water
GCA_043349575.1,Water
GCA_043349535.1,Water
GCA_043349815.1,Water
GCA_043349555.1,Water
GCA_043349515.1,Water
GCA_043349735.1,Water
GCA_043349715.1,Water
GCA_043349475.1,Water
GCA_043349655.1,Water
GCA_043349635.1,Water
GCA_043349435.1,Water
GCA_043349375.1,Water
GCA_043349335.1,Water
GCA_043349355.1,Water
GCA_043349315.1,Water
GCA_043349275.1,Water
GCA_043349215.1,Water
GCA_043349235.1,Water
GCA_043349195.1,Water
GCA_043349175.1,Water
GCA_043349155.1,Water
GCA_043349135.1,Water
GCA_043349095.1,Water
GCA_040960955.1,Ear_Nose_Throat
GCA_040961565.1,Gastrointestinal
GCA_040961475.1,Gastrointestinal
GCA_040964475.1,Gastrointestinal
GCA_040969565.1,Gastrointestinal
GCA_040969545.1,Gastrointestinal
GCA_041013035.1,Skin_Soft_Tissue
GCA_041012935.1,Skin_Soft_Tissue
GCA_964208195.1,Skin_Soft_Tissue
GCA_964207895.1,Skin_Soft_Tissue
GCA_964208985.1,Bloodstream
GCA_964207965.1,Respiratory
GCA_964208935.1,Urinary
GCA_964208015.1,Skin_Soft_Tissue
GCA_964208005.1,Skin_Soft_Tissue
GCA_964208145.1,Skin_Soft_Tissue
GCA_964207915.1,Skin_Soft_Tissue
GCA_964207875.1,Urinary
GCA_040983905.1,Skin_Soft_Tissue
GCA_043379465.1,Water
GCA_043379455.1,Water
GCA_043379435.1,Water
GCA_043379415.1,Water
GCA_043379355.1,Water
GCA_043379365.1,Water
GCA_043379235.1,Water
GCA_043379255.1,Water
GCA_043379215.1,Water
GCA_043379135.1,Water
GCA_043385125.1,Water
GCA_043376555.1,Water
GCA_043385765.1,Water
GCA_043376495.1,Water
GCA_043376515.1,Water
GCA_043376435.1,Water
GCA_043376455.1,Water
GCA_043376355.1,Water
GCA_043376335.1,Water
GCA_043376315.1,Water
GCA_043376175.1,Water
GCA_043375175.1,Water
GCA_043376275.1,Water
GCA_043376195.1,Water
GCA_043376255.1,Water
GCA_043376295.1,Water
GCA_043376155.1,Water
GCA_043376135.1,Water
GCA_043376235.1,Water
GCA_043376075.1,Water
GCA_043375995.1,Water
GCA_043375115.1,Water
GCA_043376095.1,Water
GCA_043376035.1,Water
GCA_043375975.1,Water
GCA_043375955.1,Water
GCA_043375935.1,Water
GCA_043375875.1,Water
GCA_043375095.1,Water
GCA_043375805.1,Water
GCA_043375055.1,Water
GCA_043375755.1,Water
GCA_043375015.1,Water
GCA_043374995.1,Water
GCA_043374805.1,Water
GCA_043374795.1,Water
GCA_043375675.1,Water
GCA_043374835.1,Water
GCA_043374875.1,Water
GCA_043375635.1,Water
GCA_043375615.1,Water
GCA_043385105.1,Water
GCA_043385085.1,Water
GCA_043384645.1,Water
GCA_043397085.1,Water
GCA_043385025.1,Water
GCA_043385065.1,Water
GCA_043385045.1,Water
GCA_043385005.1,Water
GCA_043384955.1,Water
GCA_043384945.1,Water
GCA_043384985.1,Water
GCA_043384885.1,Water
GCA_043384525.1,Water
GCA_043384925.1,Water
GCA_043374775.1,Water
GCA_043374755.1,Water
GCA_043374715.1,Water
GCA_043375575.1,Water
GCA_043384905.1,Water
GCA_043374735.1,Water
GCA_043375535.1,Water
GCA_043374675.1,Water
GCA_043375555.1,Water
GCA_043375455.1,Water
GCA_043374575.1,Water
GCA_043374535.1,Water
GCA_043374555.1,Water
GCA_043374515.1,Water
GCA_043375495.1,Water
GCA_043374445.1,Water
GCA_043374475.1,Water
GCA_043375415.1,Water
GCA_043375435.1,Water
GCA_043374415.1,Water
GCA_043374375.1,Water
GCA_043374335.1,Water
GCA_043375395.1,Water
GCA_043375335.1,Water
GCA_043375315.1,Water
GCA_043374305.1,Water
GCA_043374275.1,Water
GCA_043384845.1,Water
GCA_043384825.1,Water
GCA_043384805.1,Water
GCA_043385725.1,Water
GCA_043385685.1,Water
GCA_043384855.1,Water
GCA_043384785.1,Water
GCA_043386775.1,Water
GCA_043385705.1,Water
GCA_041014535.1,Water
GCA_041070735.1,Urinary
GCA_041059005.1,Respiratory
GCA_041060325.1,Urinary
GCA_041060345.1,Urinary
GCA_041060355.1,Respiratory
GCA_041060385.1,Respiratory
GCA_041060405.1,Urinary
GCA_041060525.1,Respiratory
GCA_041060645.1,Respiratory
GCA_041060665.1,Skin_Soft_Tissue
GCA_041060685.1,Urinary
GCA_041060705.1,Respiratory
GCA_041060725.1,Urinary
GCA_041060745.1,Skin_Soft_Tissue
GCA_041060765.1,Gastrointestinal
GCA_041060805.1,Urinary
GCA_041060825.1,Urinary
GCA_041060835.1,Gastrointestinal
GCA_041060865.1,Urinary
GCA_041060905.1,Respiratory
GCA_041060925.1,Respiratory
GCA_041060945.1,Respiratory
GCA_041060965.1,Respiratory
GCA_041060985.1,Urinary
GCA_041061005.1,Skin_Soft_Tissue
GCA_041061025.1,Respiratory
GCA_041061085.1,Respiratory
GCA_041061105.1,Respiratory
GCA_041061145.1,Urinary
GCA_041061165.1,Urinary
GCA_041061185.1,Urinary
GCA_041061205.1,Urinary
GCA_041061225.1,Urinary
GCA_041061245.1,Urinary
GCA_041061265.1,Respiratory
GCA_041061285.1,Bloodstream
GCA_041061305.1,Urinary
GCA_041061805.1,Medical_Device
GCA_041061825.1,Urinary
GCA_041061845.1,Urinary
GCA_041061865.1,Urinary
GCA_041061885.1,Urinary
GCA_041061905.1,Bloodstream
GCA_041061925.1,Urinary
GCA_041061945.1,Urinary
GCA_041061965.1,Respiratory
GCA_041061985.1,Urinary
GCA_041062005.1,Ear_Nose_Throat
GCA_041062025.1,Urinary
GCA_041062045.1,Urinary
GCA_041062065.1,Urinary
GCA_041062085.1,Urinary
GCA_041062105.1,Respiratory
GCA_041062125.1,Urinary
GCA_041062145.1,Urinary
GCA_041062165.1,Respiratory
GCA_041062185.1,Urinary
GCA_041062205.1,Urinary
GCA_041062225.1,Urinary
GCA_041062245.1,Bloodstream
GCA_041062265.1,Urinary
GCA_041062285.1,Gastrointestinal
GCA_041062305.1,Urinary
GCA_041062325.1,Respiratory
GCA_041062345.1,Urinary
GCA_041062365.1,Urinary
GCA_041062385.1,Respiratory
GCA_041062405.1,Urinary
GCA_041062425.1,Bloodstream
GCA_041062445.1,Urinary
GCA_041062465.1,Urinary
GCA_041062485.1,Urinary
GCA_041062505.1,Respiratory
GCA_041062525.1,Urinary
GCA_041062545.1,Urinary
GCA_041062565.1,Urinary
GCA_041062585.1,Urinary
GCA_041062605.1,Urinary
GCA_041062625.1,Gastrointestinal
GCA_041062645.1,Urinary
GCA_041062665.1,Urinary
GCA_041062685.1,Urinary
GCA_041062705.1,Respiratory
GCA_041062715.1,Skin_Soft_Tissue
GCA_041062745.1,Urinary
GCA_041062765.1,Respiratory
GCA_041062785.1,Urinary
GCA_041062805.1,Urinary
GCA_041062825.1,Respiratory
GCA_041062845.1,Urinary
GCA_041062865.1,Ear_Nose_Throat
GCA_041062885.1,Urinary
GCA_041062925.1,Urinary
GCA_041062945.1,Gastrointestinal
GCA_041062965.1,Respiratory
GCA_041062985.1,Medical_Device
GCA_041063005.1,Respiratory
GCA_041063025.1,Respiratory
GCA_041063045.1,Respiratory
GCA_041063065.1,Bloodstream
GCA_041063085.1,Urinary
GCA_041063105.1,Ear_Nose_Throat
GCA_041063165.1,Respiratory
GCA_041110925.1,Skin_Soft_Tissue
GCA_041076475.1,Water
GCA_041080615.1,Bloodstream
GCA_041102595.1,Gastrointestinal
GCA_041195735.1,Respiratory
GCA_041154335.1,Skin_Soft_Tissue
GCA_041269485.1,Respiratory
GCA_041273765.1,Respiratory
GCA_041268605.1,Skin_Soft_Tissue
GCA_041267985.1,Urinary
GCA_041266965.1,Urinary
GCA_041280945.1,Gastrointestinal
GCA_041274165.1,Skin_Soft_Tissue
GCA_041204985.1,Bloodstream
GCA_041205025.1,Bloodstream
GCA_041205065.1,Bloodstream
GCA_041205105.1,Bloodstream
GCA_041205125.1,Bloodstream
GCA_041205145.1,Bloodstream
GCA_041205165.1,Bloodstream
GCA_041205225.1,Bloodstream
GCA_041280785.1,Respiratory
GCA_041279865.1,Skin_Soft_Tissue
GCA_044244215.1,Air
GCA_044244155.1,Air
GCA_044244175.1,Air
GCA_044244135.1,Water
GCA_044244115.1,Water
GCA_044244095.1,Air
GCA_044244075.1,Water
GCA_044244055.1,Water
GCA_044244035.1,Water
GCA_044243995.1,Water
GCA_044244005.1,Water
GCA_044243975.1,Water
GCA_044243945.1,Water
GCA_044243935.1,Water
GCA_044243915.1,Water
GCA_044243895.1,Air
GCA_044243875.1,Water
GCA_044243815.1,Air
GCA_044243835.1,Air
GCA_044243825.1,Air
GCA_044243745.1,Water
GCA_044243765.1,Water
GCA_044243735.1,Water
GCA_044243725.1,Water
GCA_044243715.1,Water
GCA_044243675.1,Water
GCA_044243655.1,Water
GCA_044243695.1,Water
GCA_044243585.1,Water
GCA_044243635.1,Air
GCA_044243555.1,Water
GCA_044243575.1,Water
GCA_044243605.1,Water
GCA_044243515.1,Water
GCA_044243535.1,Water
GCA_044243465.1,Water
GCA_044243495.1,Water
GCA_044243455.1,Water
GCA_044243435.1,Water
GCA_044243415.1,Air
GCA_044243395.1,Air
GCA_044243355.1,Air
GCA_044243365.1,Water
GCA_044243325.1,Air
GCA_044243315.1,Water
GCA_044243295.1,Water
GCA_044243275.1,Air
GCA_044243255.1,Air
GCA_044243235.1,Air
GCA_044243215.1,Water
GCA_044243175.1,Water
GCA_044243195.1,Air
GCA_044243155.1,Air
GCA_044243135.1,Air
GCA_044243115.1,Water
GCA_044243095.1,Water
GCA_044243025.1,Water
GCA_044243035.1,Water
GCA_044243015.1,Air
GCA_044242995.1,Water
GCA_044243065.1,Water
GCA_044242965.1,Water
GCA_044242955.1,Water
GCA_044242935.1,Water
GCA_044242875.1,Water
GCA_044242915.1,Water
GCA_044242895.1,Air
GCA_044242855.1,Air
GCA_044242795.1,Air
GCA_044242805.1,Air
GCA_044242815.1,Water
GCA_044242775.1,Water
GCA_044242755.1,Water
GCA_044242735.1,Water
GCA_044242695.1,Water
GCA_044242705.1,Water
GCA_044242655.1,Water
GCA_044242615.1,Water
GCA_044242665.1,Water
GCA_044242635.1,Water
GCA_044242595.1,Water
GCA_044242545.1,Water
GCA_044242575.1,Water
GCA_044242535.1,Water
GCA_044242485.1,Water
GCA_044242435.1,Water
GCA_044242465.1,Water
GCA_044242475.1,Water
GCA_044242455.1,Water
GCA_044242415.1,Water
GCA_044242355.1,Air
GCA_044242375.1,Air
GCA_044242385.1,Air
GCA_044242335.1,Water
GCA_044242315.1,Water
GCA_044242295.1,Water
GCA_044242275.1,Water
GCA_044242255.1,Gastrointestinal
GCA_044242215.1,Respiratory
GCA_044242235.1,Respiratory
GCA_044242195.1,Gastrointestinal
GCA_044242175.1,Gastrointestinal
GCA_044242135.1,Gastrointestinal
GCA_044242115.1,Respiratory
GCA_044242145.1,Respiratory
GCA_044242065.1,Respiratory
GCA_044242075.1,Respiratory
GCA_044242055.1,Water
GCA_044241995.1,Gastrointestinal
GCA_044242015.1,Gastrointestinal
GCA_044241955.1,Gastrointestinal
GCA_044241895.1,Gastrointestinal
GCA_044241975.1,Gastrointestinal
GCA_044241875.1,Gastrointestinal
GCA_044241925.1,Respiratory
GCA_044241915.1,Gastrointestinal
GCA_044241855.1,Gastrointestinal
GCA_044241815.1,Water
GCA_044241835.1,Skin_Soft_Tissue
GCA_044241775.1,Respiratory
GCA_044241795.1,Gastrointestinal
GCA_044241755.1,Respiratory
GCA_044241735.1,Respiratory
GCA_044241715.1,Urinary
GCA_044241695.1,Respiratory
GCA_044241675.1,Respiratory
GCA_044241655.1,Respiratory
GCA_044241635.1,Respiratory
GCA_044241595.1,Water
GCA_044241575.1,Respiratory
GCA_044241585.1,Bloodstream
GCA_044241555.1,Respiratory
GCA_044241505.1,Gastrointestinal
GCA_044241535.1,Gastrointestinal
GCA_044241495.1,Gastrointestinal
GCA_044241435.1,Bloodstream
GCA_044241335.1,Water
GCA_044241385.1,Respiratory
GCA_044241315.1,Gastrointestinal
GCA_044241375.1,Gastrointestinal
GCA_044241295.1,Gastrointestinal
GCA_044241265.1,Gastrointestinal
GCA_044241255.1,Respiratory
GCA_044241215.1,Respiratory
GCA_044241235.1,Respiratory
GCA_044241195.1,Respiratory
GCA_044241175.1,Water
GCA_044241105.1,Water
GCA_044241155.1,Gastrointestinal
GCA_044241095.1,Gastrointestinal
GCA_044241115.1,Gastrointestinal
GCA_044241075.1,Gastrointestinal
GCA_044241035.1,Gastrointestinal
GCA_044241045.1,Gastrointestinal
GCA_044241015.1,Gastrointestinal
GCA_044240955.1,Gastrointestinal
GCA_044240975.1,Gastrointestinal
GCA_044240935.1,Respiratory
GCA_044240995.1,Water
GCA_044240915.1,Respiratory
GCA_044240875.1,Respiratory
GCA_044240885.1,Respiratory
GCA_044240855.1,Gastrointestinal
GCA_044240795.1,Respiratory
GCA_044240755.1,Respiratory
GCA_044240805.1,Respiratory
GCA_044240775.1,Respiratory
GCA_044240785.1,Gastrointestinal
GCA_044240735.1,Skin_Soft_Tissue
GCA_044240695.1,Water
GCA_044240705.1,Gastrointestinal
GCA_044240675.1,Gastrointestinal
GCA_044240595.1,Respiratory
GCA_044240625.1,Respiratory
GCA_044240615.1,Respiratory
GCA_044240605.1,Gastrointestinal
GCA_044240575.1,Respiratory
GCA_044240545.1,Respiratory
GCA_044240535.1,Gastrointestinal
GCA_044240455.1,Water
GCA_044240435.1,Gastrointestinal
GCA_044240445.1,Gastrointestinal
GCA_044240475.1,Respiratory
GCA_044237165.1,Water
GCA_044237135.1,Air
GCA_044237105.1,Water
GCA_044237115.1,Water
GCA_044237025.1,Water
GCA_044236945.1,Water
GCA_044236035.1,Air
GCA_044235985.1,Water
GCA_044235965.1,Air
GCA_044236005.1,Air
GCA_044235805.1,Water
GCA_044235865.1,Water
GCA_044235855.1,Air
GCA_044235775.1,Water
GCA_044235755.1,Water
GCA_044235685.1,Water
GCA_044235625.1,Water
GCA_044235615.1,Water
GCA_044235585.1,Water
GCA_044235545.1,Water
GCA_044235565.1,Water
GCA_044235435.1,Water
GCA_044235465.1,Air
GCA_044235385.1,Air
GCA_044235355.1,Water
GCA_044235275.1,Water
GCA_044235215.1,Water
GCA_044235315.1,Water
GCA_044235205.1,Water
GCA_044235085.1,Water
GCA_044235105.1,Water
GCA_044235045.1,Water
GCA_044235035.1,Water
GCA_044234975.1,Water
GCA_044234875.1,Water
GCA_044234905.1,Water
GCA_044234835.1,Water
GCA_044234925.1,Water
GCA_044234755.1,Water
GCA_044234705.1,Water
GCA_044234725.1,Water
GCA_044234655.1,Water
GCA_044234585.1,Water
GCA_044234545.1,Water
GCA_044234525.1,Water
GCA_044234485.1,Water
GCA_044234505.1,Water
GCA_044234355.1,Air
GCA_044234325.1,Air
GCA_044234375.1,Water
GCA_044234275.1,Water
GCA_044234265.1,Water
GCA_044234145.1,Water
GCA_044234125.1,Water
GCA_044234135.1,Air
GCA_044233995.1,Water
GCA_044233985.1,Water
GCA_044234035.1,Water
GCA_044233975.1,Water
GCA_044233935.1,Water
GCA_044233705.1,Water
GCA_044233765.1,Water
GCA_044233725.1,Water
GCA_044233755.1,Water
GCA_044233815.1,Water
GCA_044232315.1,Water
GCA_044232275.1,Water
GCA_044232295.1,Water
GCA_044232235.1,Water
GCA_044232245.1,Water
GCA_044232215.1,Water
GCA_044232165.1,Water
GCA_044232145.1,Air
GCA_044232095.1,Water
GCA_044232125.1,Water
GCA_044232085.1,Water
GCA_044232015.1,Water
GCA_044232045.1,Water
GCA_044232035.1,Water
GCA_044231995.1,Water
GCA_044231975.1,Water
GCA_044231925.1,Water
GCA_044231935.1,Water
GCA_044231245.1,Water
GCA_044231265.1,Air
GCA_044231215.1,Air
GCA_044231205.1,Water
GCA_044231155.1,Water
GCA_044231165.1,Air
GCA_044231145.1,Air
GCA_044231915.1,Water
GCA_044231895.1,Water
GCA_044231085.1,Water
GCA_044231105.1,Water
GCA_044230985.1,Air
GCA_044230965.1,Air
GCA_044231005.1,Water
GCA_044231055.1,Water
GCA_044230945.1,Air
GCA_044230865.1,Water
GCA_044230875.1,Water
GCA_044230895.1,Water
GCA_044230845.1,Water
GCA_044230825.1,Water
GCA_044230795.1,Water
GCA_044230765.1,Water
GCA_044230785.1,Water
GCA_044230725.1,Water
GCA_044230745.1,Water
GCA_044230705.1,Water
GCA_044230635.1,Water
GCA_044223785.1,Water
GCA_044230625.1,Water
GCA_044223745.1,Water
GCA_044230645.1,Water
GCA_044223675.1,Water
GCA_044230605.1,Water
GCA_044230655.1,Air
GCA_044223635.1,Water
GCA_044223615.1,Water
GCA_044230535.1,Water
GCA_044223535.1,Water
GCA_044230555.1,Water
GCA_044230585.1,Water
GCA_044225755.1,Water
GCA_044225745.1,Water
GCA_044225695.1,Water
GCA_044225715.1,Water
GCA_044223525.1,Water
GCA_044225685.1,Water
GCA_044225515.1,Water
GCA_044225485.1,Water
GCA_044225435.1,Water
GCA_044223475.1,Water
GCA_044223465.1,Water
GCA_044223405.1,Water
GCA_044223325.1,Water
GCA_044223255.1,Water
GCA_044225465.1,Water
GCA_044223225.1,Water
GCA_044223265.1,Water
GCA_044223195.1,Water
GCA_044223095.1,Water
GCA_044223145.1,Water
GCA_044223065.1,Water
GCA_044223025.1,Water
GCA_044222985.1,Water
GCA_044222895.1,Water
GCA_044222875.1,Water
GCA_044222785.1,Gastrointestinal
GCA_044222775.1,Water
GCA_044225425.1,Respiratory
GCA_044220475.1,Gastrointestinal
GCA_044220455.1,Gastrointestinal
GCA_044220435.1,Gastrointestinal
GCA_044220385.1,Gastrointestinal
GCA_044220375.1,Gastrointestinal
GCA_044220415.1,Gastrointestinal
GCA_044220355.1,Gastrointestinal
GCA_044220335.1,Gastrointestinal
GCA_044220295.1,Water
GCA_044220305.1,Gastrointestinal
GCA_044220275.1,Respiratory
GCA_044220255.1,Respiratory
GCA_044220215.1,Respiratory
GCA_044220175.1,Respiratory
GCA_044220195.1,Gastrointestinal
GCA_044220105.1,Gastrointestinal
GCA_044220155.1,Gastrointestinal
GCA_044220115.1,Gastrointestinal
GCA_044220095.1,Water
GCA_044220035.1,Gastrointestinal
GCA_044220015.1,Gastrointestinal
GCA_044220075.1,Gastrointestinal
GCA_044220025.1,Gastrointestinal
GCA_044219955.1,Respiratory
GCA_044219975.1,Respiratory
GCA_044219995.1,Respiratory
GCA_044219935.1,Respiratory
GCA_044219915.1,Respiratory
GCA_044219885.1,Water
GCA_044219875.1,Water
GCA_044219855.1,Water
GCA_044219785.1,Water
GCA_044219775.1,Water
GCA_044219795.1,Water
GCA_044219805.1,Water
GCA_044219735.1,Water
GCA_041343355.1,Respiratory
GCA_041348415.1,Respiratory
GCA_041348685.1,Urinary
GCA_041344955.1,Gastrointestinal
GCA_041344965.1,Skin_Soft_Tissue
GCA_041344975.1,Respiratory
GCA_041344985.1,Medical_Device
GCA_041353355.1,Respiratory
GCA_041353435.1,Respiratory
GCA_041353455.1,Respiratory
GCA_041353475.1,Respiratory
GCA_041353495.1,Respiratory
GCA_041353615.1,Respiratory
GCA_041353605.1,Bloodstream
GCA_041353595.1,Urinary
GCA_041353655.1,Bloodstream
GCA_041353695.1,Skin_Soft_Tissue
GCA_041353685.1,Urinary
GCA_041353675.1,Respiratory
GCA_041353735.1,Urinary
GCA_041353755.1,Respiratory
GCA_041353775.1,Urinary
GCA_041353795.1,Respiratory
GCA_041353815.1,Respiratory
GCA_041353835.1,Urinary
GCA_041353875.1,Respiratory
GCA_041353895.1,Respiratory
GCA_041353915.1,Urinary
GCA_041353935.1,Skin_Soft_Tissue
GCA_041353925.1,Bloodstream
GCA_041353995.1,Skin_Soft_Tissue
GCA_041354015.1,Urinary
GCA_041354055.1,Skin_Soft_Tissue
GCA_041354065.1,Respiratory
GCA_041354115.1,Respiratory
GCA_041355335.1,Respiratory
GCA_041355345.1,Urinary
GCA_041355375.1,Respiratory
GCA_041355395.1,Skin_Soft_Tissue
GCA_041355405.1,Skin_Soft_Tissue
GCA_041355435.1,Urinary
GCA_041355455.1,Skin_Soft_Tissue
GCA_041355445.1,Urinary
GCA_041355505.1,Urinary
GCA_041355535.1,Urinary
GCA_041355565.1,Urinary
GCA_041355595.1,Respiratory
GCA_041355605.1,Urinary
GCA_041355635.1,Respiratory
GCA_041355655.1,Respiratory
GCA_041355675.1,Urinary
GCA_041355685.1,Respiratory
GCA_041355695.1,Urinary
GCA_041355735.1,Urinary
GCA_041355745.1,Urinary
GCA_041355755.1,Skin_Soft_Tissue
GCA_041355775.1,Urinary
GCA_041355795.1,Skin_Soft_Tissue
GCA_041355845.1,Urinary
GCA_041355835.1,Skin_Soft_Tissue
GCA_041355875.1,Urinary
GCA_041355925.1,Respiratory
GCA_041355975.1,Skin_Soft_Tissue
GCA_041355995.1,Respiratory
GCA_041356035.1,Skin_Soft_Tissue
GCA_041355895.1,Respiratory
GCA_041355935.1,Skin_Soft_Tissue
GCA_041357715.1,Bloodstream
GCA_041357735.1,Bloodstream
GCA_041357775.1,Bloodstream
GCA_041357875.1,Respiratory
GCA_041357915.1,Respiratory
GCA_041378935.1,Ocular
GCA_041426875.1,Respiratory
GCA_041414615.1,Skin_Soft_Tissue
GCA_041414645.1,Respiratory
GCA_041414655.1,Respiratory
GCA_041414695.1,Skin_Soft_Tissue
GCA_041414815.1,Soil
GCA_041445165.1,Skin_Soft_Tissue
GCA_043503725.1,Respiratory
GCA_043503705.1,Urinary
GCA_043509475.1,Skin_Soft_Tissue
GCA_043503625.1,Urinary
GCA_043503605.1,Respiratory
GCA_043509455.1,Respiratory
GCA_043503585.1,Skin_Soft_Tissue
GCA_043509395.1,Skin_Soft_Tissue
GCA_043503565.1,Skin_Soft_Tissue
GCA_043509415.1,Skin_Soft_Tissue
GCA_043508515.1,Skin_Soft_Tissue
GCA_043508495.1,Skin_Soft_Tissue
GCA_043503545.1,Respiratory
GCA_043508475.1,Urinary
GCA_043503525.1,Skin_Soft_Tissue
GCA_043503485.1,Respiratory
GCA_043503505.1,Respiratory
GCA_043508455.1,Respiratory
GCA_043508435.1,Respiratory
GCA_043508415.1,Skin_Soft_Tissue
GCA_043508395.1,Skin_Soft_Tissue
GCA_043508375.1,Respiratory
GCA_043504485.1,Urinary
GCA_043519625.1,Skin_Soft_Tissue
GCA_043519655.1,Domestic
GCA_043506635.1,Respiratory
GCA_043519585.1,Respiratory
GCA_043505595.1,Skin_Soft_Tissue
GCA_043519545.1,Skin_Soft_Tissue
GCA_043509555.1,Respiratory
GCA_043519555.1,Urinary
GCA_043519525.1,Skin_Soft_Tissue
GCA_043519505.1,Urinary
GCA_043509575.1,Urinary
GCA_043519485.1,Skin_Soft_Tissue
GCA_041463415.1,Urinary
GCA_041463235.1,Respiratory
GCA_041463215.1,Respiratory
GCA_041463155.1,Respiratory
GCA_041463195.1,Respiratory
GCA_041463115.1,Urinary
GCA_041463135.1,Bloodstream
GCA_041461635.1,Urinary
GCA_043551265.1,Respiratory
GCA_043551205.1,Respiratory
GCA_043551245.1,Respiratory
GCA_043551165.1,Respiratory
GCA_043551175.1,Respiratory
GCA_043551145.1,Respiratory
GCA_041510595.1,Urinary
GCA_041507965.1,Urinary
GCA_041507425.1,Urinary
GCA_041530185.1,Bloodstream
GCA_041544035.1,Respiratory
GCA_041543995.1,Respiratory
GCA_041543945.1,Gastrointestinal
GCA_041501525.1,Water
GCA_041501535.1,Respiratory
GCA_041501545.1,Urinary
GCA_041514425.1,Skin_Soft_Tissue
GCA_041519425.1,Skin_Soft_Tissue
GCA_041519535.1,Skin_Soft_Tissue
GCA_041519645.1,Skin_Soft_Tissue
GCA_043566415.1,Skin_Soft_Tissue
GCA_043566405.1,Respiratory
GCA_043556015.1,Respiratory
GCA_043566365.1,Skin_Soft_Tissue
GCA_043566375.1,Respiratory
GCA_043566325.1,Bloodstream
GCA_043566345.1,Bloodstream
GCA_043566265.1,Urinary
GCA_043566305.1,Skin_Soft_Tissue
GCA_043566285.1,Skin_Soft_Tissue
GCA_043566215.1,Urinary
GCA_043566205.1,Respiratory
GCA_043570835.1,Respiratory
GCA_043566245.1,Urinary
GCA_043566165.1,Urinary
GCA_043566185.1,Skin_Soft_Tissue
GCA_043566125.1,Skin_Soft_Tissue
GCA_043566115.1,Respiratory
GCA_043566105.1,Skin_Soft_Tissue
GCA_043566085.1,Respiratory
GCA_043566065.1,Skin_Soft_Tissue
GCA_043566015.1,Respiratory
GCA_043566045.1,Urinary
GCA_043566005.1,Respiratory
GCA_043565945.1,Urinary
GCA_043999335.1,Skin_Soft_Tissue
GCA_043565985.1,Skin_Soft_Tissue
GCA_043565875.1,Skin_Soft_Tissue
GCA_043565845.1,Urinary
GCA_043565835.1,Urinary
GCA_043565815.1,Gastrointestinal
GCA_043565475.1,Skin_Soft_Tissue
GCA_043565375.1,Respiratory
GCA_043565415.1,Urinary
GCA_043565395.1,Skin_Soft_Tissue
GCA_043565335.1,Skin_Soft_Tissue
GCA_043565295.1,Respiratory
GCA_043565315.1,Skin_Soft_Tissue
GCA_043565275.1,Urinary
GCA_043565795.1,Skin_Soft_Tissue
GCA_043565775.1,Skin_Soft_Tissue
GCA_041681745.1,Respiratory
GCA_041681785.1,Gastrointestinal
GCA_041696295.1,Skin_Soft_Tissue
GCA_964238505.1,Respiratory
GCA_964241335.1,Respiratory
GCA_964239025.1,Respiratory
GCA_964241325.1,Respiratory
GCA_964240475.1,Respiratory
GCA_964241785.1,Respiratory
GCA_964240435.1,Respiratory
GCA_964240175.1,Respiratory
GCA_964240395.1,Respiratory
GCA_964238215.1,Respiratory
GCA_964239375.1,Respiratory
GCA_964240305.1,Respiratory
GCA_964241395.1,Respiratory
GCA_964239295.1,Respiratory
GCA_964241375.1,Respiratory
GCA_964240285.1,Respiratory
GCA_041698535.1,Water
GCA_041699565.1,Urinary
GCA_041723285.1,Water
GCA_041730755.1,Water
GCA_041776435.1,Urinary
GCA_041774135.1,Respiratory
GCA_041774015.1,Urinary
GCA_041785935.1,Skin_Soft_Tissue
GCA_041785265.1,Respiratory
GCA_041780615.1,Gastrointestinal
GCA_041889135.1,Urinary
GCA_041889315.1,Urinary
GCA_041868835.1,Urinary
GCA_041825355.1,Respiratory
GCA_041825485.1,Soil
GCA_041825505.1,Soil
GCA_041825525.1,Soil
GCA_041825545.1,Soil
GCA_041825565.1,Soil
GCA_042691045.1,Urinary
GCA_043788505.1,Hospital
GCA_043788315.1,Hospital
GCA_043715425.1,Hospital
GCA_043715255.1,Hospital
GCA_043788205.1,Hospital
GCA_043715195.1,Hospital
GCA_043786505.1,Hospital
GCA_043715145.1,Hospital
GCA_043789975.1,Hospital
GCA_043786305.1,Hospital
GCA_043715115.1,Hospital
GCA_043788055.1,Hospital
GCA_043785885.1,Hospital
GCA_043786105.1,Hospital
GCA_043786005.1,Hospital
GCA_043714575.1,Hospital
GCA_043993515.1,Hospital
GCA_043714305.1,Hospital
GCA_043714345.1,Hospital
GCA_043993535.1,Hospital
GCA_043714265.1,Hospital
GCA_043785535.1,Hospital
GCA_043714255.1,Hospital
GCA_043713695.1,Hospital
GCA_043781835.1,Hospital
GCA_043789905.1,Hospital
GCA_043712695.1,Hospital
GCA_043781635.1,Hospital
GCA_043781355.1,Hospital
GCA_043781335.1,Hospital
GCA_043784185.1,Hospital
GCA_043712555.1,Hospital
GCA_043712515.1,Hospital
GCA_043780855.1,Hospital
GCA_043993475.1,Hospital
GCA_043780655.1,Hospital
GCA_043784085.1,Hospital
GCA_041862725.1,Respiratory
GCA_040965195.2,Respiratory
GCA_042221465.1,Respiratory
GCA_042209065.1,Respiratory
GCA_042208985.1,Respiratory
GCA_042208995.1,Urinary
GCA_042209045.1,Skin_Soft_Tissue
GCA_042209025.1,Respiratory
GCA_042208925.1,Urinary
GCA_042208585.1,Urinary
GCA_042204805.1,Bone_Joint
GCA_043671045.1,Bloodstream
GCA_043670965.1,Skin_Soft_Tissue
GCA_043669175.1,Urinary
GCA_043669135.1,Urinary
GCA_043669915.1,Skin_Soft_Tissue
GCA_043669985.1,Urinary
GCA_043669925.1,Skin_Soft_Tissue
GCA_045199025.1,Urinary
GCA_043669935.1,Urinary
GCA_043670995.1,Urinary
GCA_045198985.1,Respiratory
GCA_043670915.1,Urinary
GCA_043675735.1,Skin_Soft_Tissue
GCA_045198965.1,Skin_Soft_Tissue
GCA_043682735.1,Skin_Soft_Tissue
GCA_043675675.1,Urinary
GCA_045198925.1,Urinary
GCA_043688025.1,Urinary
GCA_043690075.1,Urinary
GCA_045198935.1,Urinary
GCA_045198905.1,Skin_Soft_Tissue
GCA_045198865.1,Urinary
GCA_045198885.1,Bone_Joint
GCA_045198845.1,Skin_Soft_Tissue
GCA_045198755.1,Skin_Soft_Tissue
GCA_043687975.1,Respiratory
GCA_045198745.1,Respiratory
GCA_043684295.1,Urinary
GCA_043716535.1,Urinary
GCA_043688965.1,Skin_Soft_Tissue
GCA_043698285.1,Respiratory
GCA_045198725.1,Urinary
GCA_045198705.1,Skin_Soft_Tissue
GCA_043687955.1,Respiratory
GCA_043684235.1,Skin_Soft_Tissue
GCA_042190735.1,Skin_Soft_Tissue
GCA_041931795.1,Gastrointestinal
GCA_041931805.1,Gastrointestinal
GCA_041931815.1,Gastrointestinal
GCA_042184405.1,Urinary
GCA_042182795.1,Respiratory
GCA_042182755.1,Respiratory
GCA_043705505.1,Respiratory
GCA_043789295.1,Skin_Soft_Tissue
GCA_043702115.1,Skin_Soft_Tissue
GCA_043703085.1,Respiratory
GCA_043711645.1,Respiratory
GCA_043708945.1,Respiratory
GCA_043979385.1,Respiratory
GCA_043711625.1,Skin_Soft_Tissue
GCA_043710545.1,Gastrointestinal
GCA_043716575.1,Skin_Soft_Tissue
GCA_043783175.1,Urinary
GCA_043710525.1,Respiratory
GCA_043710485.1,Skin_Soft_Tissue
GCA_043979405.1,Urinary
GCA_043711585.1,Skin_Soft_Tissue
GCA_043708925.1,Respiratory
GCA_043979365.1,Skin_Soft_Tissue
GCA_043716495.1,Urinary
GCA_043716475.1,Skin_Soft_Tissue
GCA_043979345.1,Urinary
GCA_043783115.1,Respiratory
GCA_043783035.1,Skin_Soft_Tissue
GCA_043708905.1,Bloodstream
GCA_043708885.1,Bloodstream
GCA_043716455.1,Respiratory
GCA_043782955.1,Urinary
GCA_043710505.1,Respiratory
GCA_043702095.1,Respiratory
GCA_043707575.1,Skin_Soft_Tissue
GCA_043786895.1,Skin_Soft_Tissue
GCA_043702025.1,Skin_Soft_Tissue
GCA_043714985.1,Skin_Soft_Tissue
GCA_043710455.1,Respiratory
GCA_043705465.1,Respiratory
GCA_043702065.1,Skin_Soft_Tissue
GCA_043708805.1,Skin_Soft_Tissue
GCA_043782915.1,Urinary
GCA_043707595.1,Respiratory
GCA_043711535.1,Respiratory
GCA_043710425.1,Urinary
GCA_043707905.1,Urinary
GCA_043702005.1,Respiratory
GCA_043716435.1,Respiratory
GCA_043782795.1,Respiratory
GCA_043701045.1,Urinary
GCA_043710385.1,Skin_Soft_Tissue
GCA_043710395.1,Respiratory
GCA_043701085.1,Respiratory
GCA_043716365.1,Skin_Soft_Tissue
GCA_043979305.1,Skin_Soft_Tissue
GCA_043716405.1,Respiratory
GCA_043710365.1,Respiratory
GCA_043711525.1,Skin_Soft_Tissue
GCA_043701105.1,Bone_Joint
GCA_043710345.1,Bloodstream
GCA_043782815.1,Bloodstream
GCA_043703065.1,Respiratory
GCA_043716395.1,Respiratory
GCA_043708825.1,Urinary
GCA_043703005.1,Urinary
GCA_043979245.1,Skin_Soft_Tissue
GCA_043701065.1,Respiratory
GCA_043716355.1,Respiratory
GCA_043710315.1,Urinary
GCA_043782695.1,Skin_Soft_Tissue
GCA_043708785.1,Respiratory
GCA_043716335.1,Skin_Soft_Tissue
GCA_043711545.1,Skin_Soft_Tissue
GCA_043701025.1,Respiratory
GCA_043710285.1,Respiratory
GCA_043704445.1,Skin_Soft_Tissue
GCA_042162975.1,Bloodstream
GCA_042162855.1,Urinary
GCA_042154525.1,Ear_Nose_Throat
GCA_041951335.1,Soil
GCA_042158955.1,Respiratory
GCA_042157855.1,Respiratory
GCA_042158935.1,Respiratory
GCA_042158915.1,Urinary
GCA_042158895.1,Respiratory
GCA_042157815.1,Respiratory
GCA_042157005.1,Bloodstream
GCA_042176245.1,Urinary
GCA_042187215.1,Respiratory
GCA_042343455.1,Ear_Nose_Throat
GCA_042435075.1,Skin_Soft_Tissue
GCA_042435255.1,Skin_Soft_Tissue
GCA_042435375.1,Skin_Soft_Tissue
GCA_042435915.1,Skin_Soft_Tissue
GCA_042435935.1,Skin_Soft_Tissue
GCA_042435975.1,Skin_Soft_Tissue
GCA_042582565.1,Urinary
GCA_042596055.1,Skin_Soft_Tissue
GCA_042601095.1,Urinary
GCA_042601075.1,Respiratory
GCA_042600885.1,Urinary
GCA_042600675.1,Gastrointestinal
GCA_042465805.1,Skin_Soft_Tissue
GCA_042465885.1,Urinary
GCA_042698225.1,Respiratory
GCA_043987415.1,Respiratory
GCA_042697925.1,Urinary
GCA_043901005.1,Respiratory
GCA_043902345.1,Urinary
GCA_043902365.1,Bone_Joint
GCA_043900985.1,Respiratory
GCA_043902405.1,Skin_Soft_Tissue
GCA_043900965.1,Respiratory
GCA_043902325.1,Bloodstream
GCA_043902305.1,Respiratory
GCA_043902285.1,Urinary
GCA_043902265.1,Urinary
GCA_043903085.1,Skin_Soft_Tissue
GCA_043912885.1,Respiratory
GCA_043902245.1,Skin_Soft_Tissue
GCA_043902165.1,Skin_Soft_Tissue
GCA_043902225.1,Respiratory
GCA_043903065.1,Skin_Soft_Tissue
GCA_043902205.1,Urinary
GCA_043902185.1,Respiratory
GCA_043903045.1,Skin_Soft_Tissue
GCA_043905205.1,Respiratory
GCA_043902995.1,Respiratory
GCA_043902145.1,Skin_Soft_Tissue
GCA_043902965.1,Respiratory
GCA_043902125.1,Respiratory
GCA_043902085.1,Respiratory
GCA_043902105.1,Respiratory
GCA_043900945.1,Urinary
GCA_043902025.1,Respiratory
GCA_043902985.1,Urinary
GCA_043902065.1,Respiratory
GCA_043902045.1,Respiratory
GCA_043905125.1,Urinary
GCA_042713425.1,Skin_Soft_Tissue
GCA_042611225.1,Respiratory
GCA_042666995.1,Respiratory
GCA_042819505.1,Gastrointestinal
GCA_964274475.1,Skin_Soft_Tissue
GCA_042921235.1,Respiratory
GCA_042788255.1,Bloodstream
GCA_042788285.1,Bloodstream
GCA_042788315.1,Skin_Soft_Tissue
GCA_043002785.1,Urinary
GCA_043026945.1,Urinary
GCA_043026935.1,Urinary
GCA_043062885.1,Respiratory
GCA_043018255.1,Urinary
GCA_043018225.1,Respiratory
GCA_043062825.1,Respiratory
GCA_043018205.1,Urinary
GCA_043018165.1,Respiratory
GCA_043018085.1,Skin_Soft_Tissue
GCA_043018065.1,Respiratory
GCA_043017985.1,Skin_Soft_Tissue
GCA_043975645.1,Bloodstream
GCA_043154545.1,Urinary
GCA_043154525.1,Respiratory
GCA_042953525.1,Respiratory
GCA_042953555.1,Respiratory
GCA_042953705.1,Respiratory
GCA_042953745.1,Respiratory
GCA_042953755.1,Respiratory
GCA_042953775.1,Respiratory
GCA_042953825.1,Respiratory
GCA_042953845.1,Respiratory
GCA_042953865.1,Respiratory
GCA_042953885.1,Respiratory
GCA_042953965.1,Respiratory
GCA_042953975.1,Respiratory
GCA_042953985.1,Respiratory
GCA_042954035.1,Respiratory
GCA_043109425.1,Respiratory
GCA_043974715.1,Skin_Soft_Tissue
GCA_043968115.1,Bone_Joint
GCA_043942715.1,Respiratory
GCA_043968045.1,Respiratory
GCA_043977835.1,Urinary
GCA_043967925.1,Urinary
GCA_043457835.1,Urinary
GCA_043490835.1,Bloodstream
GCA_043226835.1,Soil
GCA_043259745.1,Skin_Soft_Tissue
GCA_043259875.1,Skin_Soft_Tissue
GCA_043259945.1,Skin_Soft_Tissue
GCA_043259975.1,Skin_Soft_Tissue
GCA_043260025.1,Skin_Soft_Tissue
GCA_043260105.1,Skin_Soft_Tissue
GCA_043260125.1,Skin_Soft_Tissue
GCA_043260345.1,Skin_Soft_Tissue
GCA_043260505.1,Skin_Soft_Tissue
GCA_043260765.1,Skin_Soft_Tissue
GCA_043260785.1,Skin_Soft_Tissue
GCA_043260865.1,Skin_Soft_Tissue
GCA_043260885.1,Skin_Soft_Tissue
GCA_043261225.1,Skin_Soft_Tissue
GCA_043261305.1,Skin_Soft_Tissue
GCA_043261585.1,Skin_Soft_Tissue
GCA_043261625.1,Skin_Soft_Tissue
GCA_043261665.1,Skin_Soft_Tissue
GCA_043261765.1,Skin_Soft_Tissue
GCA_043262135.1,Respiratory
GCA_043262155.1,Respiratory
GCA_043262185.1,Respiratory
GCA_043262195.1,Respiratory
GCA_043262245.1,Respiratory
GCA_043262305.1,Respiratory
GCA_043262365.1,Respiratory
GCA_043262375.1,Respiratory
GCA_043262425.1,Respiratory
GCA_043262465.1,Respiratory
GCA_043262505.1,Skin_Soft_Tissue
GCA_043262545.1,Respiratory
GCA_043262565.1,Respiratory
GCA_043262625.1,Skin_Soft_Tissue
GCA_043262685.1,Skin_Soft_Tissue
GCA_043262705.1,Skin_Soft_Tissue
GCA_043262725.1,Skin_Soft_Tissue
GCA_043264155.1,Respiratory
GCA_043264185.1,Respiratory
GCA_043264205.1,Respiratory
GCA_043264345.1,Skin_Soft_Tissue
GCA_043264385.1,Skin_Soft_Tissue
GCA_043265585.1,Bloodstream
GCA_043265625.1,Skin_Soft_Tissue
GCA_043265705.1,Bloodstream
GCA_043265725.1,Skin_Soft_Tissue
GCA_043265745.1,Skin_Soft_Tissue
GCA_043265805.1,Skin_Soft_Tissue
GCA_043265865.1,Skin_Soft_Tissue
GCA_043265885.1,Skin_Soft_Tissue
GCA_043266025.1,Skin_Soft_Tissue
GCA_043266055.1,Skin_Soft_Tissue
GCA_043266085.1,Skin_Soft_Tissue
GCA_043266105.1,Skin_Soft_Tissue
GCA_043266185.1,Skin_Soft_Tissue
GCA_043266245.1,Skin_Soft_Tissue
GCA_043266305.1,Bloodstream
GCA_043266325.1,Skin_Soft_Tissue
GCA_043266345.1,Urinary
GCA_043266405.1,Skin_Soft_Tissue
GCA_043266445.1,Skin_Soft_Tissue
GCA_043266465.1,Skin_Soft_Tissue
GCA_043266585.1,Urinary
GCA_043266605.1,Skin_Soft_Tissue
GCA_043266765.1,Skin_Soft_Tissue
GCA_043266775.1,Respiratory
GCA_043266855.1,Skin_Soft_Tissue
GCA_043266885.1,Skin_Soft_Tissue
GCA_043266925.1,Skin_Soft_Tissue
GCA_043267065.1,Skin_Soft_Tissue
GCA_043267105.1,Skin_Soft_Tissue
GCA_043498125.1,Respiratory
GCA_043647415.1,Bloodstream
GCA_043609685.1,Skin_Soft_Tissue
GCA_043609715.1,Respiratory
GCA_043609745.1,Skin_Soft_Tissue
GCA_043609755.1,Respiratory
GCA_043609795.1,Respiratory
GCA_043609785.1,Urinary
GCA_043609885.1,Respiratory
GCA_043609915.1,Respiratory
GCA_043609975.1,Urinary
GCA_043610045.1,Urinary
GCA_043610115.1,Bloodstream
GCA_043610075.1,Respiratory
GCA_043610125.1,Respiratory
GCA_043610245.1,Urinary
GCA_043610285.1,Respiratory
GCA_043610325.1,Respiratory
GCA_043610355.1,Bloodstream
GCA_043610345.1,Respiratory
GCA_043610405.1,Respiratory
GCA_043610415.1,Respiratory
GCA_043610485.1,Respiratory
GCA_043610565.1,Urinary
GCA_043610575.1,Respiratory
GCA_043610635.1,Bloodstream
GCA_043610625.1,Skin_Soft_Tissue
GCA_043610705.1,Skin_Soft_Tissue
GCA_043610745.1,Gastrointestinal
GCA_043610755.1,Respiratory
GCA_043610795.1,Respiratory
GCA_043610845.1,Bloodstream
GCA_043610905.1,Skin_Soft_Tissue
GCA_043610955.1,Skin_Soft_Tissue
GCA_043610945.1,Respiratory
GCA_043610995.1,Respiratory
GCA_043611035.1,Respiratory
GCA_043611085.1,Respiratory
GCA_043611105.1,Respiratory
GCA_043611145.1,Skin_Soft_Tissue
GCA_043611155.1,Gastrointestinal
GCA_043611185.1,Respiratory
GCA_043611205.1,Respiratory
GCA_043611195.1,Respiratory
GCA_043611245.1,Skin_Soft_Tissue
GCA_043611265.1,Skin_Soft_Tissue
GCA_043611275.1,Respiratory
GCA_043611335.1,Respiratory
GCA_043611355.1,Respiratory
GCA_043611395.1,Respiratory
GCA_043611415.1,Respiratory
GCA_043611435.1,Respiratory
GCA_043611475.1,Bloodstream
GCA_043611495.1,Skin_Soft_Tissue
GCA_043611515.1,Respiratory
GCA_043611535.1,Respiratory
GCA_043611555.1,Urinary
GCA_043611575.1,Respiratory
GCA_043611595.1,Respiratory
GCA_043611615.1,Skin_Soft_Tissue
GCA_043611635.1,Respiratory
GCA_043611655.1,Respiratory
GCA_043611675.1,Respiratory
GCA_043611695.1,Respiratory
GCA_043611715.1,Respiratory
GCA_043611735.1,Respiratory
GCA_043611755.1,Respiratory
GCA_043611795.1,Respiratory
GCA_043611815.1,Skin_Soft_Tissue
GCA_043611835.1,Respiratory
GCA_043611855.1,Urinary
GCA_043611875.1,Respiratory
GCA_043611895.1,Respiratory
GCA_043611915.1,Bloodstream
GCA_043611315.1,Bloodstream
GCA_043611305.1,Urinary
GCA_043611945.1,Respiratory
GCA_043611965.1,Respiratory
GCA_043611985.1,Respiratory
GCA_043612005.1,Skin_Soft_Tissue
GCA_043612025.1,Urinary
GCA_043612045.1,Skin_Soft_Tissue
GCA_043612065.1,Respiratory
GCA_043612085.1,Skin_Soft_Tissue
GCA_043612105.1,Skin_Soft_Tissue
GCA_043612125.1,Skin_Soft_Tissue
GCA_043612145.1,Respiratory
GCA_043612165.1,Bloodstream
GCA_043612185.1,Urinary
GCA_043612205.1,Respiratory
GCA_043612215.1,Respiratory
GCA_043612245.1,Respiratory
GCA_043612265.1,Respiratory
GCA_043612285.1,Skin_Soft_Tissue
GCA_043612305.1,Skin_Soft_Tissue
GCA_043612345.1,Bloodstream
GCA_043612365.1,Respiratory
GCA_043612485.1,Respiratory
GCA_043612505.1,Bloodstream
GCA_043612525.1,Respiratory
GCA_043612645.1,Respiratory
GCA_043612665.1,Skin_Soft_Tissue
GCA_043612685.1,Respiratory
GCA_043612705.1,Urinary
GCA_043612725.1,Skin_Soft_Tissue
GCA_043612785.1,Respiratory
GCA_043612805.1,Urinary
GCA_043612865.1,Respiratory
GCA_043612885.1,Skin_Soft_Tissue
GCA_043613005.1,Respiratory
GCA_043613085.1,Respiratory
GCA_043613105.1,Urinary
GCA_043613125.1,Respiratory
GCA_043613185.1,Skin_Soft_Tissue
GCA_043613245.1,Urinary
GCA_043613285.1,Skin_Soft_Tissue
GCA_043613345.1,Bloodstream
GCA_043613405.1,Respiratory
GCA_043613435.1,Respiratory
GCA_043613465.1,Skin_Soft_Tissue
GCA_043613515.1,Skin_Soft_Tissue
GCA_043613565.1,Skin_Soft_Tissue
GCA_043613605.1,Urinary
GCA_043613645.1,Skin_Soft_Tissue
GCA_043613665.1,Respiratory
GCA_043613685.1,Urinary
GCA_043613725.1,Respiratory
GCA_043613745.1,Gastrointestinal
GCA_043613765.1,Bloodstream
GCA_043613785.1,Skin_Soft_Tissue
GCA_043613805.1,Bloodstream
GCA_043613825.1,Respiratory
GCA_043613845.1,Respiratory
GCA_043613865.1,Respiratory
GCA_043613885.1,Skin_Soft_Tissue
GCA_043613905.1,Bloodstream
GCA_043613925.1,Respiratory
GCA_043613945.1,Skin_Soft_Tissue
GCA_043613965.1,Respiratory
GCA_043613985.1,Respiratory
GCA_043614005.1,Urinary
GCA_043614025.1,Respiratory
GCA_043614045.1,Skin_Soft_Tissue
GCA_043614065.1,Respiratory
GCA_043614105.1,Skin_Soft_Tissue
GCA_043614125.1,Respiratory
GCA_043614145.1,Skin_Soft_Tissue
GCA_043614165.1,Respiratory
GCA_043614185.1,Respiratory
GCA_043614205.1,Respiratory
GCA_043614225.1,Respiratory
GCA_043614245.1,Respiratory
GCA_043614255.1,Skin_Soft_Tissue
GCA_043614285.1,Gastrointestinal
GCA_043614305.1,Urinary
GCA_043614325.1,Skin_Soft_Tissue
GCA_043614345.1,Respiratory
GCA_043614365.1,Bloodstream
GCA_043614385.1,Respiratory
GCA_043614405.1,Urinary
GCA_043614445.1,Respiratory
GCA_043614465.1,Skin_Soft_Tissue
GCA_043614485.1,Skin_Soft_Tissue
GCA_043614505.1,Respiratory
GCA_043614525.1,Respiratory
GCA_043614545.1,Respiratory
GCA_043614565.1,Skin_Soft_Tissue
GCA_043614585.1,Skin_Soft_Tissue
GCA_043614605.1,Skin_Soft_Tissue
GCA_043614625.1,Respiratory
GCA_043614665.1,Respiratory
GCA_043614685.1,Respiratory
GCA_043614705.1,Respiratory
GCA_043614725.1,Respiratory
GCA_043614745.1,Respiratory
GCA_043614765.1,Urinary
GCA_043614785.1,Bloodstream
GCA_043614805.1,Respiratory
GCA_043614825.1,Skin_Soft_Tissue
GCA_043614845.1,Urinary
GCA_043614855.1,Skin_Soft_Tissue
GCA_043614925.1,Skin_Soft_Tissue
GCA_043614945.1,Bloodstream
GCA_043614985.1,Urinary
GCA_043615025.1,Bloodstream
GCA_043615065.1,Skin_Soft_Tissue
GCA_043615105.1,Skin_Soft_Tissue
GCA_043615125.1,Skin_Soft_Tissue
GCA_043615165.1,Skin_Soft_Tissue
GCA_043615205.1,Skin_Soft_Tissue
GCA_043615225.1,Urinary
GCA_043615265.1,Skin_Soft_Tissue
GCA_043615285.1,Respiratory
GCA_043615345.1,Respiratory
GCA_043615385.1,Skin_Soft_Tissue
GCA_043615465.1,Bloodstream
GCA_043615485.1,Bloodstream
GCA_043615505.1,Urinary
GCA_043615545.1,Respiratory
GCA_043615565.1,Gastrointestinal
GCA_043615585.1,Respiratory
GCA_043615605.1,Respiratory
GCA_043615625.1,Skin_Soft_Tissue
GCA_043615645.1,Urinary
GCA_043615665.1,Skin_Soft_Tissue
GCA_043615685.1,Urinary
GCA_043615705.1,Urinary
GCA_043615725.1,Skin_Soft_Tissue
GCA_043615745.1,Respiratory
GCA_043615765.1,Respiratory
GCA_043615785.1,Respiratory
GCA_043615825.1,Respiratory
GCA_043615845.1,Respiratory
GCA_043615865.1,Respiratory
GCA_043615905.1,Skin_Soft_Tissue
GCA_043615925.1,Skin_Soft_Tissue
GCA_043615945.1,Respiratory
GCA_043615965.1,Respiratory
GCA_043615995.1,Bloodstream
GCA_043615985.1,Respiratory
GCA_043616025.1,Respiratory
GCA_043616065.1,Bloodstream
GCA_043616105.1,Respiratory
GCA_043616115.1,Respiratory
GCA_043616145.1,Skin_Soft_Tissue
GCA_043616165.1,Urinary
GCA_043616205.1,Bloodstream
GCA_043616245.1,Bloodstream
GCA_043616255.1,Skin_Soft_Tissue
GCA_043616285.1,Urinary
GCA_043616305.1,Respiratory
GCA_043616325.1,Respiratory
GCA_043616345.1,Respiratory
GCA_043616365.1,Bloodstream
GCA_043616385.1,Skin_Soft_Tissue
GCA_043616405.1,Respiratory
GCA_043616425.1,Urinary
GCA_043616445.1,Bloodstream
GCA_043616495.1,Urinary
GCA_043616485.1,Respiratory
GCA_043616525.1,Urinary
GCA_043616545.1,Skin_Soft_Tissue
GCA_043616565.1,Urinary
GCA_043616595.1,Respiratory
GCA_043616585.1,Bloodstream
GCA_043616625.1,Respiratory
GCA_043616645.1,Bloodstream
GCA_043616665.1,Respiratory
GCA_043616685.1,Bloodstream
GCA_043616705.1,Respiratory
GCA_043616725.1,Skin_Soft_Tissue
GCA_043616765.1,Bloodstream
GCA_043616785.1,Gastrointestinal
GCA_043616805.1,Respiratory
GCA_043616825.1,Bloodstream
GCA_043616845.1,Bloodstream
GCA_043616865.1,Skin_Soft_Tissue
GCA_043616885.1,Respiratory
GCA_043616905.1,Skin_Soft_Tissue
GCA_043616925.1,Urinary
GCA_043616945.1,Skin_Soft_Tissue
GCA_043616965.1,Bloodstream
GCA_043616985.1,Respiratory
GCA_043617005.1,Respiratory
GCA_043617025.1,Respiratory
GCA_043617045.1,Bloodstream
GCA_043617065.1,Respiratory
GCA_043617085.1,Urinary
GCA_043617105.1,Urinary
GCA_043617125.1,Respiratory
GCA_043617145.1,Skin_Soft_Tissue
GCA_043617165.1,Respiratory
GCA_043962715.1,Ear_Nose_Throat
GCA_043961815.1,Skin_Soft_Tissue
GCA_043656795.1,Bloodstream
GCA_043656855.1,Bloodstream
GCA_043656915.1,Bloodstream
GCA_043656935.1,Bloodstream
GCA_043656955.1,Bloodstream
GCA_043657135.1,Bloodstream
GCA_043657155.1,Bloodstream
GCA_043657175.1,Bloodstream
GCA_043657205.1,Bloodstream
GCA_043657195.1,Bloodstream
GCA_043657335.1,Bloodstream
GCA_043657355.1,Bloodstream
GCA_043657375.1,Bloodstream
GCA_043657395.1,Bloodstream
GCA_043657415.1,Bloodstream
GCA_043657475.1,Bloodstream
GCA_043657535.1,Bloodstream
GCA_043657555.1,Bloodstream
GCA_043657595.1,Bloodstream
GCA_043657635.1,Bloodstream
GCA_043657675.1,Bloodstream
GCA_043657695.1,Bloodstream
GCA_043657715.1,Bloodstream
GCA_043657735.1,Bloodstream
GCA_043657745.1,Bloodstream
GCA_043657765.1,Bloodstream
GCA_043657795.1,Bloodstream
GCA_043657805.1,Bloodstream
GCA_043657835.1,Bloodstream
GCA_043657855.1,Bloodstream
GCA_043657875.1,Bloodstream
GCA_043657865.1,Bloodstream
GCA_043657895.1,Bloodstream
GCA_043657935.1,Bloodstream
GCA_043657945.1,Bloodstream
GCA_043657985.1,Bloodstream
GCA_043657975.1,Bloodstream
GCA_043657995.1,Bloodstream
GCA_043658035.1,Bloodstream
GCA_043658055.1,Bloodstream
GCA_043658075.1,Bloodstream
GCA_043658095.1,Bloodstream
GCA_043658115.1,Bloodstream
GCA_043658125.1,Bloodstream
GCA_043658135.1,Bloodstream
GCA_043928495.1,Urinary
GCA_043928455.1,Urinary
GCA_043930585.1,Urinary
GCA_043930625.1,Urinary
GCA_043933325.1,Skin_Soft_Tissue
GCA_043960275.1,Respiratory
GCA_043832005.1,Skin_Soft_Tissue
GCA_043832105.1,Skin_Soft_Tissue
GCA_043959475.1,Gastrointestinal
GCA_043959435.1,Respiratory
GCA_043949555.1,Respiratory
GCA_044031175.1,Skin_Soft_Tissue
GCA_044033505.1,Urinary
GCA_043951825.1,Gastrointestinal
GCA_043952045.1,Urinary
GCA_043995085.1,Hospital
GCA_044534705.1,Respiratory
GCA_044534585.1,Skin_Soft_Tissue
GCA_044534405.1,Urinary
GCA_044534545.1,Skin_Soft_Tissue
GCA_044534525.1,Skin_Soft_Tissue
GCA_044534305.1,Skin_Soft_Tissue
GCA_044534325.1,Urinary
GCA_044532745.1,Respiratory
GCA_044532765.1,Respiratory
GCA_044532465.1,Urinary
GCA_044532405.1,Respiratory
GCA_044532365.1,Skin_Soft_Tissue
GCA_044532345.1,Skin_Soft_Tissue
GCA_044531605.1,Skin_Soft_Tissue
GCA_044531525.1,Bloodstream
GCA_044532225.1,Respiratory
GCA_044532245.1,Skin_Soft_Tissue
GCA_044530965.1,Respiratory
GCA_044530665.1,Skin_Soft_Tissue
GCA_044530545.1,Skin_Soft_Tissue
GCA_044530565.1,Skin_Soft_Tissue
GCA_044530425.1,Skin_Soft_Tissue
GCA_044530405.1,Skin_Soft_Tissue
GCA_044521585.1,Urinary
GCA_964291155.1,Skin_Soft_Tissue
GCA_964291075.1,Skin_Soft_Tissue
GCA_964291115.1,Skin_Soft_Tissue
GCA_964291185.1,Skin_Soft_Tissue
GCA_964291065.1,Skin_Soft_Tissue
GCA_964291105.1,Skin_Soft_Tissue
GCA_964291135.1,Skin_Soft_Tissue
GCA_964291095.1,Skin_Soft_Tissue
GCA_964291125.1,Skin_Soft_Tissue
GCA_964291165.1,Skin_Soft_Tissue
GCA_044130325.1,Gastrointestinal
GCA_044130495.1,Gastrointestinal
GCA_044130485.1,Gastrointestinal
GCA_044130585.1,Gastrointestinal
GCA_044130525.1,Gastrointestinal
GCA_044130515.1,Gastrointestinal
GCA_044130735.1,Gastrointestinal
GCA_044130705.1,Gastrointestinal
GCA_044130745.1,Gastrointestinal
GCA_044130785.1,Gastrointestinal
GCA_044130805.1,Gastrointestinal
GCA_044130845.1,Gastrointestinal
GCA_044130825.1,Gastrointestinal
GCA_044130815.1,Gastrointestinal
GCA_044130985.1,Gastrointestinal
GCA_044131005.1,Gastrointestinal
GCA_044131055.1,Gastrointestinal
GCA_044131065.1,Gastrointestinal
GCA_044131075.1,Gastrointestinal
GCA_044131045.1,Gastrointestinal
GCA_044131165.1,Gastrointestinal
GCA_044131245.1,Gastrointestinal
GCA_044131255.1,Gastrointestinal
GCA_044131265.1,Gastrointestinal
GCA_044131365.1,Gastrointestinal
GCA_044131275.1,Gastrointestinal
GCA_044131455.1,Gastrointestinal
GCA_044131445.1,Gastrointestinal
GCA_044131485.1,Gastrointestinal
GCA_044131505.1,Gastrointestinal
GCA_044131525.1,Gastrointestinal
GCA_044131535.1,Gastrointestinal
GCA_044131565.1,Gastrointestinal
GCA_044131635.1,Gastrointestinal
GCA_044131655.1,Gastrointestinal
GCA_044131675.1,Gastrointestinal
GCA_044131695.1,Gastrointestinal
GCA_044131715.1,Gastrointestinal
GCA_044131735.1,Gastrointestinal
GCA_044131755.1,Gastrointestinal
GCA_044131775.1,Gastrointestinal
GCA_044131795.1,Gastrointestinal
GCA_044131815.1,Gastrointestinal
GCA_044131835.1,Gastrointestinal
GCA_044131855.1,Gastrointestinal
GCA_044131875.1,Gastrointestinal
GCA_044131895.1,Gastrointestinal
GCA_044131915.1,Gastrointestinal
GCA_044131935.1,Gastrointestinal
GCA_044131955.1,Gastrointestinal
GCA_044131975.1,Gastrointestinal
GCA_044131595.1,Gastrointestinal
GCA_044131575.1,Gastrointestinal
GCA_044132005.1,Gastrointestinal
GCA_044132025.1,Gastrointestinal
GCA_044131585.1,Gastrointestinal
GCA_044132045.1,Gastrointestinal
GCA_044132065.1,Gastrointestinal
GCA_044132085.1,Gastrointestinal
GCA_044132105.1,Gastrointestinal
GCA_044132125.1,Gastrointestinal
GCA_044132145.1,Gastrointestinal
GCA_044132165.1,Gastrointestinal
GCA_044132175.1,Gastrointestinal
GCA_044132285.1,Gastrointestinal
GCA_044132325.1,Gastrointestinal
GCA_044132345.1,Gastrointestinal
GCA_044132365.1,Gastrointestinal
GCA_044132385.1,Gastrointestinal
GCA_044132405.1,Gastrointestinal
GCA_044132425.1,Gastrointestinal
GCA_044132445.1,Gastrointestinal
GCA_044132485.1,Gastrointestinal
GCA_044132565.1,Gastrointestinal
GCA_044132585.1,Gastrointestinal
GCA_044132615.1,Gastrointestinal
GCA_044132635.1,Gastrointestinal
GCA_044132665.1,Gastrointestinal
GCA_044132695.1,Gastrointestinal
GCA_044132685.1,Gastrointestinal
GCA_044132785.1,Gastrointestinal
GCA_044132805.1,Gastrointestinal
GCA_044132825.1,Gastrointestinal
GCA_044132885.1,Gastrointestinal
GCA_044132905.1,Gastrointestinal
GCA_044132925.1,Gastrointestinal
GCA_044134345.1,Ear_Nose_Throat
GCA_044134365.1,Ear_Nose_Throat
GCA_044134385.1,Ear_Nose_Throat
GCA_044134405.1,Ear_Nose_Throat
GCA_044134425.1,Ear_Nose_Throat
GCA_044134445.1,Ear_Nose_Throat
GCA_044134465.1,Ear_Nose_Throat
GCA_044134485.1,Ear_Nose_Throat
GCA_044134505.1,Ear_Nose_Throat
GCA_044134525.1,Ear_Nose_Throat
GCA_044134545.1,Ear_Nose_Throat
GCA_044134565.1,Ear_Nose_Throat
GCA_044134585.1,Ear_Nose_Throat
GCA_044134605.1,Ear_Nose_Throat
GCA_044134625.1,Ear_Nose_Throat
GCA_044134645.1,Ear_Nose_Throat
GCA_044134665.1,Ear_Nose_Throat
GCA_044134705.1,Ear_Nose_Throat
GCA_044134715.1,Ear_Nose_Throat
GCA_044134815.1,Ear_Nose_Throat
GCA_044134845.1,Gastrointestinal
GCA_044134865.1,Gastrointestinal
GCA_044134905.1,Gastrointestinal
GCA_044134925.1,Gastrointestinal
GCA_044134935.1,Gastrointestinal
GCA_044135005.1,Gastrointestinal
GCA_044135025.1,Gastrointestinal
GCA_044135085.1,Gastrointestinal
GCA_044135125.1,Gastrointestinal
GCA_044135145.1,Gastrointestinal
GCA_044135165.1,Gastrointestinal
GCA_044135225.1,Gastrointestinal
GCA_044135265.1,Gastrointestinal
GCA_044135275.1,Gastrointestinal
GCA_044135285.1,Gastrointestinal
GCA_044135365.1,Gastrointestinal
GCA_044135395.1,Gastrointestinal
GCA_044135425.1,Gastrointestinal
GCA_044135485.1,Gastrointestinal
GCA_044135465.1,Gastrointestinal
GCA_044135505.1,Gastrointestinal
GCA_044135525.1,Gastrointestinal
GCA_044135605.1,Gastrointestinal
GCA_044135645.1,Gastrointestinal
GCA_044135675.1,Gastrointestinal
GCA_044135665.1,Gastrointestinal
GCA_044135725.1,Gastrointestinal
GCA_044135745.1,Gastrointestinal
GCA_044135765.1,Gastrointestinal
GCA_044135775.1,Gastrointestinal
GCA_044135845.1,Gastrointestinal
GCA_044135885.1,Gastrointestinal
GCA_044135945.1,Gastrointestinal
GCA_044135965.1,Gastrointestinal
GCA_044135985.1,Gastrointestinal
GCA_044136005.1,Gastrointestinal
GCA_044136065.1,Gastrointestinal
GCA_044136105.1,Gastrointestinal
GCA_044136125.1,Gastrointestinal
GCA_044136145.1,Gastrointestinal
GCA_044136185.1,Gastrointestinal
GCA_044136225.1,Gastrointestinal
GCA_044136265.1,Gastrointestinal
GCA_044136285.1,Gastrointestinal
GCA_044136305.1,Gastrointestinal
GCA_044136325.1,Gastrointestinal
GCA_044136345.1,Gastrointestinal
GCA_044136365.1,Gastrointestinal
GCA_044136385.1,Gastrointestinal
GCA_044136405.1,Gastrointestinal
GCA_044136425.1,Gastrointestinal
GCA_044136445.1,Gastrointestinal
GCA_044136465.1,Gastrointestinal
GCA_044136485.1,Gastrointestinal
GCA_044136505.1,Bloodstream
GCA_044136525.1,Gastrointestinal
GCA_044136545.1,Gastrointestinal
GCA_044136565.1,Bloodstream
GCA_044136585.1,Bloodstream
GCA_044136605.1,Bloodstream
GCA_044136625.1,Respiratory
GCA_044136645.1,Respiratory
GCA_044136665.1,Respiratory
GCA_044136685.1,Respiratory
GCA_044136705.1,Respiratory
GCA_044136725.1,Urinary
GCA_044136745.1,Urinary
GCA_044136765.1,Respiratory
GCA_044136785.1,Respiratory
GCA_044136805.1,Respiratory
GCA_044136825.1,Water
GCA_044136855.1,Respiratory
GCA_044136985.1,Gastrointestinal
GCA_044137005.1,Gastrointestinal
GCA_044137025.1,Gastrointestinal
GCA_044137045.1,Gastrointestinal
GCA_044137065.1,Gastrointestinal
GCA_044137085.1,Gastrointestinal
GCA_044137095.1,Gastrointestinal
GCA_044137105.1,Gastrointestinal
GCA_044137205.1,Gastrointestinal
GCA_044137225.1,Gastrointestinal
GCA_044137285.1,Gastrointestinal
GCA_044137295.1,Gastrointestinal
GCA_044137315.1,Gastrointestinal
GCA_044137305.1,Gastrointestinal
GCA_044137425.1,Gastrointestinal
GCA_044137485.1,Gastrointestinal
GCA_044137505.1,Gastrointestinal
GCA_044137525.1,Gastrointestinal
GCA_044137545.1,Gastrointestinal
GCA_044137585.1,Gastrointestinal
GCA_044137625.1,Gastrointestinal
GCA_044137665.1,Gastrointestinal
GCA_044137705.1,Gastrointestinal
GCA_044137745.1,Gastrointestinal
GCA_044137785.1,Gastrointestinal
GCA_044137795.1,Gastrointestinal
GCA_044137865.1,Gastrointestinal
GCA_044137875.1,Gastrointestinal
GCA_044137945.1,Gastrointestinal
GCA_044137965.1,Gastrointestinal
GCA_044137985.1,Gastrointestinal
GCA_044138015.1,Gastrointestinal
GCA_044138005.1,Gastrointestinal
GCA_044138105.1,Gastrointestinal
GCA_044138125.1,Gastrointestinal
GCA_044138185.1,Gastrointestinal
GCA_044138205.1,Gastrointestinal
GCA_044138225.1,Gastrointestinal
GCA_044138265.1,Gastrointestinal
GCA_044138285.1,Gastrointestinal
GCA_044138345.1,Gastrointestinal
GCA_044138385.1,Gastrointestinal
GCA_044138405.1,Gastrointestinal
GCA_044138425.1,Gastrointestinal
GCA_044138435.1,Gastrointestinal
GCA_044138465.1,Gastrointestinal
GCA_044138485.1,Gastrointestinal
GCA_044138505.1,Gastrointestinal
GCA_044138525.1,Gastrointestinal
GCA_044138545.1,Gastrointestinal
GCA_044138565.1,Gastrointestinal
GCA_044138585.1,Gastrointestinal
GCA_044138605.1,Gastrointestinal
GCA_044138625.1,Ear_Nose_Throat
GCA_044138645.1,Ear_Nose_Throat
GCA_044138665.1,Ear_Nose_Throat
GCA_044138685.1,Ear_Nose_Throat
GCA_044138705.1,Ear_Nose_Throat
GCA_044138725.1,Ear_Nose_Throat
GCA_044138745.1,Ear_Nose_Throat
GCA_044138755.1,Ear_Nose_Throat
GCA_044138785.1,Ear_Nose_Throat
GCA_044138805.1,Ear_Nose_Throat
GCA_044138825.1,Ear_Nose_Throat
GCA_044138845.1,Ear_Nose_Throat
GCA_044138865.1,Ear_Nose_Throat
GCA_044138885.1,Ear_Nose_Throat
GCA_044138905.1,Ear_Nose_Throat
GCA_044138925.1,Gastrointestinal
GCA_044138945.1,Bloodstream
GCA_044138965.1,Bloodstream
GCA_044138985.1,Bloodstream
GCA_044139005.1,Bloodstream
GCA_044139025.1,Bloodstream
GCA_044139045.1,Bloodstream
GCA_044139065.1,Bloodstream
GCA_044139085.1,Bloodstream
GCA_044139105.1,Bloodstream
GCA_044139125.1,Bloodstream
GCA_044139135.1,Bloodstream
GCA_044139165.1,Bloodstream
GCA_044139185.1,Respiratory
GCA_044139205.1,Bloodstream
GCA_044139225.1,Respiratory
GCA_044139245.1,Respiratory
GCA_044139265.1,Respiratory
GCA_044139285.1,Urinary
GCA_044139305.1,Respiratory
GCA_044139325.1,Respiratory
GCA_044139355.1,Respiratory
GCA_044139365.1,Bloodstream
GCA_044139445.1,Bloodstream
GCA_044139505.1,Bloodstream
GCA_044139525.1,Bloodstream
GCA_044139545.1,Bloodstream
GCA_044139565.1,Bloodstream
GCA_044139585.1,Bloodstream
GCA_044139605.1,Bloodstream
GCA_044139685.1,Bloodstream
GCA_044139705.1,Bloodstream
GCA_044139725.1,Bloodstream
GCA_044139805.1,Gastrointestinal
GCA_044139825.1,Gastrointestinal
GCA_044139845.1,Respiratory
GCA_044139865.1,Respiratory
GCA_044139875.1,Respiratory
GCA_044139965.1,Urinary
GCA_044139985.1,Respiratory
GCA_044140005.1,Urinary
GCA_044140075.1,Respiratory
GCA_044140065.1,Urinary
GCA_044140085.1,Respiratory
GCA_044140155.1,Urinary
GCA_044140205.1,Respiratory
GCA_044140265.1,Respiratory
GCA_044140285.1,Respiratory
GCA_044140305.1,Urinary
GCA_044140345.1,Respiratory
GCA_044140365.1,Respiratory
GCA_044140385.1,Urinary
GCA_044140425.1,Respiratory
GCA_044140445.1,Respiratory
GCA_044140465.1,Urinary
GCA_044140485.1,Ear_Nose_Throat
GCA_044140505.1,Ear_Nose_Throat
GCA_044140525.1,Ear_Nose_Throat
GCA_044140545.1,Ear_Nose_Throat
GCA_044140565.1,Ear_Nose_Throat
GCA_044140585.1,Ear_Nose_Throat
GCA_044140605.1,Ear_Nose_Throat
GCA_044140625.1,Ear_Nose_Throat
GCA_044140645.1,Ear_Nose_Throat
GCA_044140655.1,Ear_Nose_Throat
GCA_044140685.1,Ear_Nose_Throat
GCA_044140705.1,Ear_Nose_Throat
GCA_044140725.1,Gastrointestinal
GCA_044140745.1,Ear_Nose_Throat
GCA_044140765.1,Bloodstream
GCA_044140785.1,Gastrointestinal
GCA_044140805.1,Gastrointestinal
GCA_044140825.1,Gastrointestinal
GCA_044140845.1,Gastrointestinal
GCA_044140865.1,Gastrointestinal
GCA_044140885.1,Gastrointestinal
GCA_044140905.1,Gastrointestinal
GCA_044140925.1,Bloodstream
GCA_044140945.1,Bloodstream
GCA_044140965.1,Bloodstream
GCA_044140975.1,Bloodstream
GCA_044141005.1,Gastrointestinal
GCA_044141025.1,Gastrointestinal
GCA_044141045.1,Gastrointestinal
GCA_044141065.1,Gastrointestinal
GCA_044141085.1,Gastrointestinal
GCA_044141105.1,Gastrointestinal
GCA_044141125.1,Gastrointestinal
GCA_044141145.1,Gastrointestinal
GCA_044141155.1,Gastrointestinal
GCA_044141185.1,Gastrointestinal
GCA_044141205.1,Gastrointestinal
GCA_044141225.1,Gastrointestinal
GCA_044141245.1,Gastrointestinal
GCA_044141255.1,Gastrointestinal
GCA_044141285.1,Gastrointestinal
GCA_044141305.1,Gastrointestinal
GCA_044141325.1,Gastrointestinal
GCA_044141345.1,Gastrointestinal
GCA_044141365.1,Gastrointestinal
GCA_044141385.1,Gastrointestinal
GCA_044141405.1,Gastrointestinal
GCA_044141425.1,Gastrointestinal
GCA_044141445.1,Gastrointestinal
GCA_044141465.1,Gastrointestinal
GCA_044141485.1,Gastrointestinal
GCA_044141505.1,Gastrointestinal
GCA_044141525.1,Gastrointestinal
GCA_044141545.1,Gastrointestinal
GCA_044141565.1,Gastrointestinal
GCA_044141585.1,Gastrointestinal
GCA_044141605.1,Gastrointestinal
GCA_044141625.1,Gastrointestinal
GCA_044141645.1,Gastrointestinal
GCA_044141665.1,Gastrointestinal
GCA_044141685.1,Gastrointestinal
GCA_044141705.1,Gastrointestinal
GCA_044141725.1,Gastrointestinal
GCA_044141745.1,Gastrointestinal
GCA_044141765.1,Gastrointestinal
GCA_044141785.1,Gastrointestinal
GCA_044141805.1,Gastrointestinal
GCA_044141815.1,Gastrointestinal
GCA_044141845.1,Gastrointestinal
GCA_044141865.1,Gastrointestinal
GCA_044141885.1,Gastrointestinal
GCA_044141905.1,Gastrointestinal
GCA_044141925.1,Gastrointestinal
GCA_044141945.1,Gastrointestinal
GCA_044141965.1,Gastrointestinal
GCA_044141985.1,Gastrointestinal
GCA_044142005.1,Gastrointestinal
GCA_044142025.1,Gastrointestinal
GCA_044142045.1,Gastrointestinal
GCA_044142065.1,Gastrointestinal
GCA_044142085.1,Gastrointestinal
GCA_044142125.1,Gastrointestinal
GCA_044494405.1,Urinary
GCA_034120925.2,Respiratory
GCA_044336405.1,Skin_Soft_Tissue
GCA_032607635.3,Respiratory
GCA_028638615.4,Urinary
GCA_028170425.2,Respiratory
GCA_044452485.1,Respiratory
GCA_044461985.1,Medical_Device
GCA_044462085.1,Respiratory
GCA_044462105.1,Respiratory
GCA_044667765.1,Respiratory
GCA_044667705.1,Urinary
GCA_044667685.1,Respiratory
GCA_044667625.1,Water
GCA_044667665.1,Water
GCA_044667635.1,Respiratory
GCA_044667595.1,Respiratory
GCA_044667565.1,Respiratory
GCA_044667585.1,Water
GCA_044667525.1,Respiratory
GCA_044667545.1,Respiratory
GCA_044667465.1,Urinary
GCA_044667485.1,Respiratory
GCA_044667495.1,Urinary
GCA_044667435.1,Respiratory
GCA_044667405.1,Urinary
GCA_044667425.1,Skin_Soft_Tissue
GCA_044667375.1,Ear_Nose_Throat
GCA_044667365.1,Respiratory
GCA_044667345.1,Water
GCA_044667325.1,Ear_Nose_Throat
GCA_044667305.1,Respiratory
GCA_044667245.1,Urinary
GCA_044667255.1,Bloodstream
GCA_044667225.1,Respiratory
GCA_044667205.1,Respiratory
GCA_044667285.1,Respiratory
GCA_044667045.1,Urinary
GCA_044667115.1,Respiratory
GCA_044667085.1,Respiratory
GCA_044667005.1,Water
GCA_044667145.1,Respiratory
GCA_044667025.1,Ear_Nose_Throat
GCA_044666985.1,Respiratory
GCA_044666945.1,Respiratory
GCA_044650005.1,Respiratory
GCA_044666965.1,Respiratory
GCA_044666925.1,Respiratory
GCA_044666905.1,Urinary
GCA_044666875.1,Bloodstream
GCA_044666865.1,Respiratory
GCA_044666845.1,Bloodstream
GCA_044666805.1,Respiratory
GCA_044656025.1,Skin_Soft_Tissue
GCA_044655975.1,Urinary
GCA_044663165.1,Respiratory
GCA_044737775.1,Urinary
GCA_044505525.1,Gastrointestinal
GCA_044538455.1,Gastrointestinal
GCA_044587515.1,Gastrointestinal
GCA_044587555.1,Bloodstream
GCA_044587615.1,Gastrointestinal
GCA_044587635.1,Respiratory
GCA_044587695.1,Urinary
GCA_044623815.1,Respiratory
GCA_044627755.1,Bloodstream
GCA_044740615.1,Urinary
GCA_044740655.1,Skin_Soft_Tissue
GCA_044827885.1,Bloodstream
GCA_044827865.1,Urinary
GCA_044757525.1,Skin_Soft_Tissue
GCA_044757535.1,Skin_Soft_Tissue
GCA_044757545.1,Skin_Soft_Tissue
GCA_044758315.1,Skin_Soft_Tissue
GCA_044758335.1,Skin_Soft_Tissue
GCA_044758345.1,Skin_Soft_Tissue
GCA_044758355.1,Skin_Soft_Tissue
GCA_044758365.1,Skin_Soft_Tissue
GCA_044758375.1,Skin_Soft_Tissue
GCA_044758385.1,Skin_Soft_Tissue
GCA_044758395.1,Skin_Soft_Tissue
GCA_044758405.1,Skin_Soft_Tissue
GCA_044758415.1,Skin_Soft_Tissue
GCA_044759005.1,Gastrointestinal
GCA_044759015.1,Urinary
GCA_044759025.1,Urinary
GCA_044843665.1,Urinary
GCA_044847585.1,Respiratory
GCA_044850485.1,Respiratory
GCA_044842525.1,Respiratory
GCA_044843625.1,Respiratory
GCA_044841845.1,Urinary
GCA_044777205.1,Respiratory
GCA_044777215.1,Respiratory
GCA_044777225.1,Respiratory
GCA_044777245.1,Respiratory
GCA_044777255.1,Respiratory
GCA_044777385.1,Respiratory
GCA_044777425.1,Ocular
GCA_044777415.1,Respiratory
GCA_044777545.1,Ocular
GCA_044777585.1,Respiratory
GCA_044778045.1,Respiratory
GCA_044779115.1,Respiratory
GCA_044779205.1,Respiratory
GCA_044779245.1,Skin_Soft_Tissue
GCA_044779255.1,Respiratory
GCA_044779295.1,Respiratory
GCA_044779335.1,Respiratory
GCA_044779355.1,Skin_Soft_Tissue
GCA_044779375.1,Respiratory
GCA_044779395.1,Respiratory
GCA_044779415.1,Respiratory
GCA_044779435.1,Respiratory
GCA_044779455.1,Respiratory
GCA_044779475.1,Respiratory
GCA_044779495.1,Respiratory
GCA_044779515.1,Skin_Soft_Tissue
GCA_044779535.1,Skin_Soft_Tissue
GCA_044779555.1,Respiratory
GCA_044779575.1,Respiratory
GCA_044779595.1,Respiratory
GCA_044779615.1,Respiratory
GCA_044779635.1,Respiratory
GCA_044779655.1,Respiratory
GCA_044779675.1,Respiratory
GCA_044779695.1,Respiratory
GCA_044779715.1,Bloodstream
GCA_044779735.1,Bloodstream
GCA_044779755.1,Respiratory
GCA_044779775.1,Respiratory
GCA_044779795.1,Respiratory
GCA_044779815.1,Respiratory
GCA_044779835.1,Respiratory
GCA_044779285.1,Respiratory
GCA_044779855.1,Respiratory
GCA_044779875.1,Respiratory
GCA_044779895.1,Respiratory
GCA_044779325.1,Respiratory
GCA_044779925.1,Respiratory
GCA_044779945.1,Respiratory
GCA_044779965.1,Respiratory
GCA_044779985.1,Respiratory
GCA_044780005.1,Skin_Soft_Tissue
GCA_044780025.1,Respiratory
GCA_044780045.1,Respiratory
GCA_044780065.1,Respiratory
GCA_044780085.1,Respiratory
GCA_044780105.1,Respiratory
GCA_044780125.1,Bloodstream
GCA_044905655.1,Water
GCA_044875325.1,Skin_Soft_Tissue
GCA_044876185.1,Respiratory
GCA_044876205.1,Respiratory
GCA_044876225.1,Respiratory
GCA_044876265.1,Bloodstream
GCA_044876285.1,Skin_Soft_Tissue
GCA_044876305.1,Respiratory
GCA_044876325.1,Skin_Soft_Tissue
GCA_044876335.1,Skin_Soft_Tissue
GCA_044876365.1,Respiratory
GCA_044876385.1,Respiratory
GCA_044876405.1,Respiratory
GCA_044876425.1,Respiratory
GCA_044876445.1,Respiratory
GCA_044876465.1,Respiratory
GCA_044876485.1,Respiratory
GCA_044876505.1,Respiratory
GCA_044876525.1,Respiratory
GCA_044876545.1,Respiratory
GCA_044876565.1,Respiratory
GCA_044876585.1,Respiratory
GCA_044876605.1,Respiratory
GCA_044876645.1,Respiratory
GCA_044876665.1,Respiratory
GCA_044876705.1,Respiratory
GCA_044876785.1,Respiratory
GCA_044876805.1,Respiratory
GCA_044876845.1,Respiratory
GCA_044876865.1,Respiratory
GCA_044876885.1,Respiratory
GCA_044876945.1,Respiratory
GCA_044876965.1,Respiratory
GCA_044877045.1,Respiratory
GCA_044877065.1,Bloodstream
GCA_044877145.1,Respiratory
GCA_044877125.1,Urinary
GCA_044877245.1,Respiratory
GCA_044877265.1,Skin_Soft_Tissue
GCA_044877285.1,Respiratory
GCA_044877295.1,Respiratory
GCA_044877325.1,Skin_Soft_Tissue
GCA_044877445.1,Respiratory
GCA_044877465.1,Respiratory
GCA_044877485.1,Respiratory
GCA_044877505.1,Respiratory
GCA_044877545.1,Respiratory
GCA_044877645.1,Respiratory
GCA_044877665.1,Skin_Soft_Tissue
GCA_044877675.1,Skin_Soft_Tissue
GCA_044877785.1,Skin_Soft_Tissue
GCA_044877805.1,Respiratory
GCA_044877825.1,Respiratory
GCA_044877845.1,Respiratory
GCA_044877865.1,Respiratory
GCA_044877925.1,Water
GCA_044877945.1,Ocular
GCA_044877965.1,Ocular
GCA_044878025.1,Respiratory
GCA_044878065.1,Respiratory
GCA_044878225.1,Respiratory
GCA_044878385.1,Respiratory
GCA_045040505.1,Urinary
GCA_045071805.1,Respiratory
GCA_045069595.1,Respiratory
GCA_045069475.1,Ear_Nose_Throat
GCA_045140555.1,Urinary
GCA_045183565.1,Bone_Joint
GCA_045525585.1,Urinary
GCA_045159815.1,Respiratory
GCA_045341455.1,Urinary
GCA_045340675.1,Urinary
GCA_045340715.1,Urinary
GCA_045350135.1,Respiratory
GCA_045502215.1,Respiratory
GCA_045350095.1,Respiratory
GCA_045509825.1,Respiratory
GCA_045350115.1,Respiratory
GCA_045509845.1,Respiratory
GCA_045502195.1,Respiratory
GCA_045353455.1,Bloodstream
GCA_045502175.1,Bloodstream
GCA_045350015.1,Respiratory
GCA_045502155.1,Bloodstream
GCA_045502135.1,Bloodstream
GCA_045350005.1,Bloodstream
GCA_045349975.1,Bloodstream
GCA_045509765.1,Respiratory
GCA_045509745.1,Bloodstream
GCA_045509705.1,Bloodstream
GCA_045502005.1,Respiratory
GCA_045502055.1,Bloodstream
GCA_045509685.1,Bloodstream
GCA_045496295.1,Bloodstream
GCA_045496265.1,Respiratory
GCA_045395755.1,Respiratory
GCA_045496205.1,Respiratory
GCA_045509585.1,Bloodstream
GCA_045349915.1,Bloodstream
GCA_045349895.1,Bloodstream
GCA_045349835.1,Bloodstream
GCA_045501915.1,Respiratory
GCA_045349855.1,Respiratory
GCA_045501895.1,Respiratory
GCA_045496975.1,Respiratory
GCA_045501875.1,Bloodstream
GCA_045340295.1,Respiratory
GCA_045451035.1,Respiratory
GCA_045434475.1,Respiratory
GCA_045453815.1,Urinary
GCA_045418195.1,Respiratory
GCA_045418235.1,Respiratory
GCA_045434395.1,Skin_Soft_Tissue
GCA_045451055.1,Skin_Soft_Tissue
GCA_045434375.1,Respiratory
GCA_045418175.1,Skin_Soft_Tissue
GCA_045418155.1,Skin_Soft_Tissue
GCA_045421115.1,Urinary
GCA_045434295.1,Skin_Soft_Tissue
GCA_045443745.1,Skin_Soft_Tissue
GCA_045434315.1,Urinary
GCA_045421215.1,Respiratory
GCA_045434335.1,Urinary
GCA_045421135.1,Urinary
GCA_045421075.1,Respiratory
GCA_045434235.1,Skin_Soft_Tissue
GCA_045433775.1,Skin_Soft_Tissue
GCA_045450975.1,Skin_Soft_Tissue
GCA_045433735.1,Respiratory
GCA_045433655.1,Skin_Soft_Tissue
GCA_045422235.1,Urinary
GCA_045433715.1,Bloodstream
GCA_045433695.1,Respiratory
GCA_045433675.1,Respiratory
GCA_045418135.1,Urinary
GCA_045433635.1,Bone_Joint
GCA_045421095.1,Urinary
GCA_045433595.1,Urinary
GCA_045418105.1,Skin_Soft_Tissue
GCA_045433615.1,Skin_Soft_Tissue
GCA_045433575.1,Skin_Soft_Tissue
GCA_045433495.1,Urinary
GCA_045433475.1,Skin_Soft_Tissue
GCA_045433455.1,Skin_Soft_Tissue
GCA_045433415.1,Skin_Soft_Tissue
GCA_045433395.1,Skin_Soft_Tissue
GCA_045433355.1,Urinary
GCA_045433315.1,Respiratory
GCA_045433275.1,Respiratory
GCA_045433295.1,Respiratory
GCA_045433235.1,Skin_Soft_Tissue
GCA_045433195.1,Respiratory
GCA_045433205.1,Respiratory
GCA_045433115.1,Skin_Soft_Tissue
GCA_045433075.1,Urinary
GCA_045433095.1,Skin_Soft_Tissue
GCA_045433035.1,Respiratory
GCA_045432975.1,Bloodstream
GCA_045433015.1,Respiratory
GCA_045432995.1,Respiratory
GCA_045432955.1,Bloodstream
GCA_045432895.1,Respiratory
GCA_045432915.1,Urinary
GCA_045432875.1,Urinary
GCA_045432855.1,Skin_Soft_Tissue
GCA_045432835.1,Bloodstream
GCA_045432795.1,Urinary
GCA_045432755.1,Respiratory
GCA_045432775.1,Urinary
GCA_045432735.1,Skin_Soft_Tissue
GCA_045432715.1,Respiratory
GCA_045432695.1,Respiratory
GCA_045432655.1,Skin_Soft_Tissue
GCA_045432635.1,Urinary
GCA_045432675.1,Respiratory
GCA_045432615.1,Urinary
GCA_045432595.1,Respiratory
GCA_045432555.1,Skin_Soft_Tissue
GCA_045432575.1,Urinary
GCA_045432535.1,Respiratory
GCA_045432515.1,Urinary
GCA_045432495.1,Gastrointestinal
GCA_045432455.1,Skin_Soft_Tissue
GCA_045432435.1,Respiratory
GCA_045432475.1,Respiratory
GCA_045432395.1,Urinary
GCA_045432415.1,Urinary
GCA_045432375.1,Skin_Soft_Tissue
GCA_045432335.1,Respiratory
GCA_045432315.1,Skin_Soft_Tissue
GCA_045426415.1,Urinary
GCA_045426315.1,Respiratory
GCA_045426135.1,Respiratory
GCA_045424595.1,Respiratory
GCA_045278155.1,Hospital
GCA_045311475.1,Urinary
GCA_045311495.1,Urinary
GCA_045477915.1,Urinary
GCA_045482475.1,Respiratory
GCA_045662965.1,Respiratory
GCA_045670325.1,Respiratory
GCA_045670335.1,Respiratory
GCA_045670405.1,Skin_Soft_Tissue
GCA_045670285.1,Respiratory
GCA_045670235.1,Skin_Soft_Tissue
GCA_045670145.1,Respiratory
GCA_045670045.1,Respiratory
GCA_045670025.1,Respiratory
GCA_045669985.1,Respiratory
GCA_045670005.1,Urinary
GCA_045669945.1,Urinary
GCA_045669965.1,Respiratory
GCA_045669865.1,Bloodstream
GCA_045669825.1,Skin_Soft_Tissue
GCA_045669805.1,Respiratory
GCA_045669785.1,Respiratory
GCA_045669685.1,Respiratory
GCA_045669705.1,Respiratory
GCA_045669765.1,Respiratory
GCA_045669745.1,Respiratory
GCA_045669665.1,Respiratory
GCA_045669605.1,Respiratory
GCA_045669645.1,Skin_Soft_Tissue
GCA_045669585.1,Respiratory
GCA_045669625.1,Skin_Soft_Tissue
GCA_045669525.1,Respiratory
GCA_045669565.1,Respiratory
GCA_045669505.1,Respiratory
GCA_045669485.1,Urinary
GCA_045669545.1,Respiratory
GCA_045669465.1,Urinary
GCA_045669405.1,Skin_Soft_Tissue
GCA_045669385.1,Skin_Soft_Tissue
GCA_045669425.1,Skin_Soft_Tissue
GCA_045669445.1,Skin_Soft_Tissue
GCA_045668605.1,Urinary
GCA_045667885.1,Urinary
GCA_045505155.1,Water
GCA_045569755.1,Respiratory
GCA_045569785.1,Respiratory
GCA_045569815.1,Medical_Device
GCA_045666105.1,Respiratory
GCA_045665425.1,Skin_Soft_Tissue
GCA_045665225.1,Urinary
GCA_045731785.1,Bloodstream
GCA_045728285.1,Urinary
GCA_045724085.1,Respiratory
GCA_045724065.1,Skin_Soft_Tissue
GCA_045723855.1,Urinary
GCA_045751475.1,Urinary
GCA_045747005.1,Respiratory
GCA_045776125.1,Skin_Soft_Tissue
GCA_045689255.1,Ear_Nose_Throat
GCA_042443075.2,Urinary
GCA_045793485.1,Respiratory
GCA_045793885.1,Urinary
GCA_045763695.1,Water
GCA_045763735.1,Water
GCA_045763755.1,Water
GCA_045763775.1,Water
GCA_045786765.1,Urinary
GCA_045786825.1,Respiratory
GCA_045797885.1,Urinary
GCA_045797905.1,Urinary
GCA_045797925.1,Ear_Nose_Throat
GCA_045797965.1,Urinary
GCA_045797985.1,Urinary
GCA_045798085.1,Skin_Soft_Tissue
GCA_045798105.1,Respiratory
GCA_045798145.1,Urinary
GCA_045798165.1,Urinary
GCA_045798235.1,Ear_Nose_Throat
GCA_045798225.1,Skin_Soft_Tissue
GCA_045798205.1,Ear_Nose_Throat
GCA_045798365.1,Urinary
GCA_045900055.1,Bloodstream
GCA_045899975.1,Respiratory
GCA_045898195.1,Respiratory
GCA_045900035.1,Respiratory
GCA_045899895.1,Respiratory
GCA_045899995.1,Respiratory
GCA_045899855.1,Respiratory
GCA_045900725.1,Respiratory
GCA_045899835.1,Respiratory
GCA_045899705.1,Respiratory
GCA_045899755.1,Respiratory
GCA_045899695.1,Respiratory
GCA_045902495.1,Respiratory
GCA_045899655.1,Respiratory
GCA_045899615.1,Respiratory
GCA_045898045.1,Respiratory
GCA_045899575.1,Respiratory
GCA_045898115.1,Respiratory
GCA_045899535.1,Respiratory
GCA_045900655.1,Respiratory
GCA_045898075.1,Respiratory
GCA_045899495.1,Respiratory
GCA_045899375.1,Respiratory
GCA_045897935.1,Respiratory
GCA_045899415.1,Respiratory
GCA_045897995.1,Respiratory
GCA_045899435.1,Respiratory
GCA_045899335.1,Respiratory
GCA_045899295.1,Respiratory
GCA_045897595.1,Respiratory
GCA_045897895.1,Respiratory
GCA_045899175.1,Respiratory
GCA_045897875.1,Respiratory
GCA_045900715.1,Respiratory
GCA_045900615.1,Respiratory
GCA_045900695.1,Respiratory
GCA_045897795.1,Respiratory
GCA_045899275.1,Respiratory
GCA_045897835.1,Respiratory
GCA_045899095.1,Respiratory
GCA_045897755.1,Respiratory
GCA_045899195.1,Respiratory
GCA_045899115.1,Respiratory
GCA_045899005.1,Respiratory
GCA_045897715.1,Respiratory
GCA_045900535.1,Ear_Nose_Throat
GCA_045898935.1,Skin_Soft_Tissue
GCA_045900495.1,Respiratory
GCA_045898835.1,Ear_Nose_Throat
GCA_045902355.1,Skin_Soft_Tissue
GCA_045898695.1,Skin_Soft_Tissue
GCA_045898675.1,Urinary
GCA_045898775.1,Bloodstream
GCA_045898655.1,Urinary
GCA_045999155.1,Skin_Soft_Tissue
GCA_045998305.1,Respiratory
GCA_045927405.1,Bloodstream
GCA_045927465.1,Urinary
GCA_045927445.1,Urinary
GCA_045927425.1,Respiratory
GCA_045927385.1,Respiratory
GCA_045927335.1,Respiratory
GCA_045927295.1,Respiratory
GCA_045927275.1,Respiratory
GCA_045927315.1,Respiratory
GCA_045927235.1,Respiratory
GCA_045927195.1,Skin_Soft_Tissue
GCA_045927175.1,Bloodstream
GCA_045927135.1,Respiratory
GCA_045927155.1,Urinary
GCA_045927095.1,Urinary
GCA_045927115.1,Urinary
GCA_045927075.1,Respiratory
GCA_045927055.1,Bloodstream
GCA_045927035.1,Urinary
GCA_045927665.1,Urinary
GCA_045926995.1,Urinary
GCA_045927015.1,Respiratory
GCA_045926955.1,Respiratory
GCA_045926975.1,Respiratory
GCA_045926935.1,Respiratory
GCA_045926875.1,Respiratory
GCA_045926915.1,Respiratory
GCA_045926855.1,Skin_Soft_Tissue
GCA_045926895.1,Urinary
GCA_045926775.1,Respiratory
GCA_045926585.1,Urinary
GCA_045926565.1,Urinary
GCA_045926545.1,Respiratory
GCA_045926505.1,Respiratory
GCA_045926525.1,Respiratory
GCA_045926795.1,Respiratory
GCA_045926755.1,Respiratory
GCA_045926815.1,Respiratory
GCA_045926735.1,Skin_Soft_Tissue
GCA_045926675.1,Skin_Soft_Tissue
GCA_045926695.1,Urinary
GCA_045926705.1,Respiratory
GCA_045926465.1,Respiratory
GCA_045926485.1,Respiratory
GCA_045926445.1,Urinary
GCA_045926405.1,Respiratory
GCA_045926425.1,Respiratory
GCA_045926365.1,Skin_Soft_Tissue
GCA_045926385.1,Urinary
GCA_045926345.1,Urinary
GCA_045926325.1,Respiratory
GCA_045926305.1,Respiratory
GCA_045926265.1,Bloodstream
GCA_045926225.1,Bloodstream
GCA_045926185.1,Urinary
GCA_045926205.1,Urinary
GCA_045926165.1,Ear_Nose_Throat
GCA_045926145.1,Ear_Nose_Throat
GCA_045926125.1,Skin_Soft_Tissue
GCA_045926105.1,Bloodstream
GCA_045926085.1,Urinary
GCA_045926065.1,Urinary
GCA_045926025.1,Respiratory
GCA_045926045.1,Skin_Soft_Tissue
GCA_045926005.1,Skin_Soft_Tissue
GCA_045925795.1,Skin_Soft_Tissue
GCA_045925985.1,Skin_Soft_Tissue
GCA_045925765.1,Urinary
GCA_045925755.1,Respiratory
GCA_045925735.1,Respiratory
GCA_045925715.1,Bloodstream
GCA_045925655.1,Urinary
GCA_045925965.1,Medical_Device
GCA_045925945.1,Medical_Device
GCA_045925885.1,Bloodstream
GCA_045925865.1,Urinary
GCA_045925905.1,Urinary
GCA_045925925.1,Skin_Soft_Tissue
GCA_045925695.1,Respiratory
GCA_045925675.1,Respiratory
GCA_045925635.1,Respiratory
GCA_045925595.1,Respiratory
GCA_045925535.1,Respiratory
GCA_045925615.1,Ear_Nose_Throat
GCA_045925495.1,Skin_Soft_Tissue
GCA_045925455.1,Skin_Soft_Tissue
GCA_045925475.1,Skin_Soft_Tissue
GCA_045925435.1,Urinary
GCA_045925375.1,Bloodstream
GCA_045925415.1,Urinary
GCA_045925355.1,Respiratory
GCA_045925335.1,Respiratory
GCA_045925315.1,Respiratory
GCA_045928715.1,Respiratory
GCA_045926655.1,Respiratory
GCA_045924445.1,Skin_Soft_Tissue
GCA_045924485.1,Respiratory
GCA_045924425.1,Skin_Soft_Tissue
GCA_045924365.1,Skin_Soft_Tissue
GCA_045924325.1,Urinary
GCA_045924385.1,Respiratory
GCA_045923455.1,Respiratory
GCA_045923215.1,Respiratory
GCA_045922425.1,Respiratory
GCA_045922305.1,Skin_Soft_Tissue
GCA_045922265.1,Bloodstream
GCA_045922065.1,Urinary
GCA_045921835.1,Respiratory
GCA_045925285.1,Respiratory
GCA_045921305.1,Respiratory
GCA_045921325.1,Respiratory
GCA_045922995.1,Respiratory
GCA_045921265.1,Respiratory
GCA_045921245.1,Respiratory
GCA_045921205.1,Respiratory
GCA_045922955.1,Skin_Soft_Tissue
GCA_045920415.1,Skin_Soft_Tissue
GCA_045920315.1,Bloodstream
GCA_045920335.1,Respiratory
GCA_046455435.1,Urinary
GCA_045920295.1,Respiratory
GCA_045920355.1,Respiratory
GCA_045920235.1,Bloodstream
GCA_045921875.1,Urinary
GCA_045920215.1,Urinary
GCA_045925275.1,Respiratory
GCA_045924015.1,Respiratory
GCA_045922975.1,Bloodstream
GCA_045933485.1,Respiratory
GCA_045920135.1,Urinary
GCA_045920095.1,Urinary
GCA_045920115.1,Urinary
GCA_045920155.1,Respiratory
GCA_045920075.1,Respiratory
GCA_045920055.1,Respiratory
GCA_045920035.1,Respiratory
GCA_045919995.1,Respiratory
GCA_045919955.1,Skin_Soft_Tissue
GCA_045920015.1,Skin_Soft_Tissue
GCA_045919975.1,Skin_Soft_Tissue
GCA_045924245.1,Skin_Soft_Tissue
GCA_045919935.1,Skin_Soft_Tissue
GCA_045919915.1,Bloodstream
GCA_045919875.1,Urinary
GCA_045922915.1,Urinary
GCA_045922885.1,Urinary
GCA_045919895.1,Urinary
GCA_045925255.1,Respiratory
GCA_045919855.1,Urinary
GCA_045925235.1,Urinary
GCA_045922865.1,Respiratory
GCA_045919835.1,Respiratory
GCA_045919755.1,Skin_Soft_Tissue
GCA_045924265.1,Skin_Soft_Tissue
GCA_045919765.1,Bloodstream
GCA_045919815.1,Urinary
GCA_045919795.1,Urinary
GCA_045919395.1,Urinary
GCA_045919335.1,Respiratory
GCA_045925195.1,Respiratory
GCA_045919295.1,Respiratory
GCA_045925155.1,Respiratory
GCA_045919265.1,Skin_Soft_Tissue
GCA_045924205.1,Skin_Soft_Tissue
GCA_045924005.1,Respiratory
GCA_045919255.1,Respiratory
GCA_045919315.1,Respiratory
GCA_045919235.1,Respiratory
GCA_045919215.1,Respiratory
GCA_045919195.1,Respiratory
GCA_045919175.1,Respiratory
GCA_045919155.1,Respiratory
GCA_045923985.1,Skin_Soft_Tissue
GCA_045919135.1,Skin_Soft_Tissue
GCA_045919115.1,Bloodstream
GCA_045925175.1,Respiratory
GCA_045919095.1,Skin_Soft_Tissue
GCA_045919055.1,Urinary
GCA_045919075.1,Urinary
GCA_045919035.1,Urinary
GCA_045923965.1,Respiratory
GCA_045919015.1,Urinary
GCA_045918995.1,Urinary
GCA_045918975.1,Respiratory
GCA_045918955.1,Respiratory
GCA_045925115.1,Respiratory
GCA_045918935.1,Respiratory
GCA_045918895.1,Ear_Nose_Throat
GCA_045918915.1,Skin_Soft_Tissue
GCA_045918875.1,Skin_Soft_Tissue
GCA_045923925.1,Skin_Soft_Tissue
GCA_045918815.1,Medical_Device
GCA_045918855.1,Bloodstream
GCA_045918835.1,Bloodstream
GCA_045918795.1,Bloodstream
GCA_045918775.1,Urinary
GCA_045918735.1,Urinary
GCA_045918715.1,Urinary
GCA_045918755.1,Respiratory
GCA_045917415.1,Respiratory
GCA_045917335.1,Respiratory
GCA_045917295.1,Respiratory
GCA_045917275.1,Urinary
GCA_045917315.1,Skin_Soft_Tissue
GCA_046455395.1,Skin_Soft_Tissue
GCA_045917235.1,Urinary
GCA_045925095.1,Respiratory
GCA_045917195.1,Respiratory
GCA_045918695.1,Respiratory
GCA_045917215.1,Respiratory
GCA_045925075.1,Ear_Nose_Throat
GCA_045917155.1,Urinary
GCA_045917135.1,Skin_Soft_Tissue
GCA_045925135.1,Urinary
GCA_045918635.1,Respiratory
GCA_045917175.1,Respiratory
GCA_045917035.1,Respiratory
GCA_045917055.1,Respiratory
GCA_045917075.1,Urinary
GCA_046455345.1,Urinary
GCA_045917095.1,Urinary
GCA_045922825.1,Respiratory
GCA_045925055.1,Respiratory
GCA_045918655.1,Respiratory
GCA_045923895.1,Respiratory
GCA_045917105.1,Urinary
GCA_045921165.1,Respiratory
GCA_045923875.1,Ear_Nose_Throat
GCA_045916955.1,Respiratory
GCA_045916815.1,Respiratory
GCA_045922845.1,Skin_Soft_Tissue
GCA_045916275.1,Respiratory
GCA_045918255.1,Skin_Soft_Tissue
GCA_045915955.1,Gastrointestinal
GCA_045915895.1,Respiratory
GCA_045915775.1,Respiratory
GCA_045915295.1,Respiratory
GCA_045915175.1,Skin_Soft_Tissue
GCA_045915135.1,Urinary
GCA_045923855.1,Urinary
GCA_045918195.1,Urinary
GCA_045916475.1,Urinary
GCA_045915115.1,Respiratory
GCA_045918155.1,Respiratory
GCA_045921775.1,Skin_Soft_Tissue
GCA_045915075.1,Urinary
GCA_045914375.1,Urinary
GCA_045915095.1,Respiratory
GCA_045915055.1,Respiratory
GCA_045922745.1,Respiratory
GCA_045916555.1,Respiratory
GCA_045924975.1,Respiratory
GCA_045918095.1,Respiratory
GCA_045914315.1,Urinary
GCA_045922705.1,Respiratory
GCA_045920945.1,Respiratory
GCA_045925015.1,Respiratory
GCA_045918075.1,Urinary
GCA_045914335.1,Urinary
GCA_045923945.1,Urinary
GCA_045918035.1,Respiratory
GCA_045924995.1,Respiratory
GCA_045923815.1,Respiratory
GCA_045914255.1,Respiratory
GCA_045918055.1,Respiratory
GCA_045915035.1,Respiratory
GCA_045915015.1,Ear_Nose_Throat
GCA_045923835.1,Skin_Soft_Tissue
GCA_045914975.1,Skin_Soft_Tissue
GCA_045914295.1,Urinary
GCA_045923795.1,Skin_Soft_Tissue
GCA_045918015.1,Bloodstream
GCA_045914995.1,Bloodstream
GCA_045923775.1,Urinary
GCA_045917995.1,Urinary
GCA_045924955.1,Respiratory
GCA_045923735.1,Respiratory
GCA_045914955.1,Respiratory
GCA_045917975.1,Respiratory
GCA_045914235.1,Urinary
GCA_045924935.1,Skin_Soft_Tissue
GCA_045923675.1,Urinary
GCA_045914915.1,Urinary
GCA_045923695.1,Respiratory
GCA_045914875.1,Respiratory
GCA_045924845.1,Respiratory
GCA_045922715.1,Respiratory
GCA_045914215.1,Respiratory
GCA_045924865.1,Respiratory
GCA_045914735.1,Respiratory
GCA_045924825.1,Respiratory
GCA_045914175.1,Skin_Soft_Tissue
GCA_045914115.1,Skin_Soft_Tissue
GCA_045922625.1,Skin_Soft_Tissue
GCA_045914155.1,Skin_Soft_Tissue
GCA_045914075.1,Bloodstream
GCA_045917945.1,Urinary
GCA_045923755.1,Urinary
GCA_045914095.1,Urinary
GCA_045914015.1,Respiratory
GCA_045914055.1,Respiratory
GCA_045917935.1,Respiratory
GCA_045914025.1,Respiratory
GCA_045913715.1,Respiratory
GCA_045924885.1,Skin_Soft_Tissue
GCA_045913695.1,Skin_Soft_Tissue
GCA_045913645.1,Respiratory
GCA_045924785.1,Bloodstream
GCA_045917655.1,Respiratory
GCA_045913515.1,Respiratory
GCA_045921575.1,Urinary
GCA_045917615.1,Urinary
GCA_045914835.1,Respiratory
GCA_045920645.1,Skin_Soft_Tissue
GCA_046455235.1,Bloodstream
GCA_045922685.1,Respiratory
GCA_045917595.1,Urinary
GCA_045924685.1,Urinary
GCA_045962075.1,Respiratory
GCA_045921555.1,Respiratory
GCA_045917635.1,Skin_Soft_Tissue
GCA_045921535.1,Respiratory
GCA_045914695.1,Skin_Soft_Tissue
GCA_045913395.1,Respiratory
GCA_045914515.1,Respiratory
GCA_045923615.1,Respiratory
GCA_045923595.1,Respiratory
GCA_045914415.1,Skin_Soft_Tissue
GCA_045916395.1,Skin_Soft_Tissue
GCA_045917395.1,Respiratory
GCA_045924705.1,Respiratory
GCA_045924645.1,Respiratory
GCA_045920375.1,Skin_Soft_Tissue
GCA_045913335.1,Skin_Soft_Tissue
GCA_045917355.1,Skin_Soft_Tissue
GCA_045913855.1,Urinary
GCA_045924555.1,Skin_Soft_Tissue
GCA_045922525.1,Skin_Soft_Tissue
GCA_045923575.1,Urinary
GCA_045924605.1,Urinary
GCA_045922545.1,Urinary
GCA_045921445.1,Skin_Soft_Tissue
GCA_045924615.1,Skin_Soft_Tissue
GCA_045924585.1,Bloodstream
GCA_045923515.1,Urinary
GCA_045923535.1,Respiratory
GCA_045922505.1,Respiratory
GCA_045933065.1,Respiratory
GCA_045913215.1,Respiratory
GCA_045927605.1,Respiratory
GCA_045924515.1,Respiratory
GCA_045961995.1,Respiratory
GCA_045962035.1,Respiratory
GCA_045971335.1,Skin_Soft_Tissue
GCA_045961935.1,Skin_Soft_Tissue
GCA_045961915.1,Skin_Soft_Tissue
GCA_045962655.1,Bloodstream
GCA_045961895.1,Bloodstream
GCA_045977455.1,Urinary
GCA_045961855.1,Respiratory
GCA_045962695.1,Respiratory
GCA_045961795.1,Bloodstream
GCA_045961775.1,Urinary
GCA_045962615.1,Respiratory
GCA_045961755.1,Respiratory
GCA_045962595.1,Respiratory
GCA_045961735.1,Respiratory
GCA_045961695.1,Respiratory
GCA_045961715.1,Respiratory
GCA_045968755.1,Skin_Soft_Tissue
GCA_045956175.1,Skin_Soft_Tissue
GCA_045961635.1,Skin_Soft_Tissue
GCA_045962575.1,Skin_Soft_Tissue
GCA_045961575.1,Respiratory
GCA_045963595.1,Respiratory
GCA_045961645.1,Respiratory
GCA_045956135.1,Respiratory
GCA_045956195.1,Respiratory
GCA_045962555.1,Respiratory
GCA_045961615.1,Bloodstream
GCA_045961595.1,Urinary
GCA_045961495.1,Urinary
GCA_045956035.1,Urinary
GCA_045963655.1,Urinary
GCA_045961535.1,Respiratory
GCA_045968715.1,Respiratory
GCA_045956045.1,Respiratory
GCA_045968155.1,Respiratory
GCA_045954515.1,Respiratory
GCA_045961475.1,Respiratory
GCA_045954455.1,Skin_Soft_Tissue
GCA_045954395.1,Respiratory
GCA_045971395.1,Respiratory
GCA_045961255.1,Respiratory
GCA_045968675.1,Respiratory
GCA_045954355.1,Respiratory
GCA_045961295.1,Respiratory
GCA_045961195.1,Skin_Soft_Tissue
GCA_045954175.1,Bloodstream
GCA_045961155.1,Respiratory
GCA_045954155.1,Skin_Soft_Tissue
GCA_045954075.1,Urinary
GCA_045961135.1,Respiratory
GCA_045954085.1,Respiratory
GCA_045961095.1,Skin_Soft_Tissue
GCA_045961055.1,Skin_Soft_Tissue
GCA_045954135.1,Skin_Soft_Tissue
GCA_045953975.1,Skin_Soft_Tissue
GCA_045961035.1,Urinary
GCA_045953955.1,Bloodstream
GCA_045960995.1,Respiratory
GCA_045952515.1,Respiratory
GCA_045961015.1,Urinary
GCA_045960975.1,Urinary
GCA_045952435.1,Respiratory
GCA_045960945.1,Respiratory
GCA_045960935.1,Urinary
GCA_045960555.1,Urinary
GCA_045968175.1,Urinary
GCA_045962535.1,Urinary
GCA_045960255.1,Urinary
GCA_045956015.1,Urinary
GCA_045960235.1,Respiratory
GCA_045960195.1,Respiratory
GCA_045953675.1,Urinary
GCA_045960175.1,Urinary
GCA_045960115.1,Urinary
GCA_045953575.1,Urinary
GCA_045962495.1,Urinary
GCA_045955875.1,Respiratory
GCA_046056825.1,Respiratory
GCA_045955755.1,Urinary
GCA_045950325.1,Urinary
GCA_045960095.1,Urinary
GCA_045960135.1,Urinary
GCA_045960075.1,Respiratory
GCA_045953615.1,Skin_Soft_Tissue
GCA_045960055.1,Bloodstream
GCA_045959995.1,Respiratory
GCA_045955715.1,Respiratory
GCA_045953595.1,Skin_Soft_Tissue
GCA_045950345.1,Skin_Soft_Tissue
GCA_045960015.1,Skin_Soft_Tissue
GCA_045959935.1,Respiratory
GCA_045953515.1,Respiratory
GCA_045955775.1,Skin_Soft_Tissue
GCA_045948555.1,Urinary
GCA_045962475.1,Respiratory
GCA_045959875.1,Respiratory
GCA_045959915.1,Respiratory
GCA_045948485.1,Respiratory
GCA_045959835.1,Skin_Soft_Tissue
GCA_045953415.1,Skin_Soft_Tissue
GCA_045948415.1,Skin_Soft_Tissue
GCA_045948425.1,Urinary
GCA_045968095.1,Urinary
GCA_045959755.1,Urinary
GCA_045948515.1,Urinary
GCA_045951425.1,Urinary
GCA_045946995.1,Urinary
GCA_045959845.1,Urinary
GCA_045955665.1,Urinary
GCA_045951465.1,Respiratory
GCA_045959775.1,Respiratory
GCA_045947035.1,Urinary
GCA_045959735.1,Urinary
GCA_045946955.1,Respiratory
GCA_045950305.1,Respiratory
GCA_045951345.1,Skin_Soft_Tissue
GCA_045946835.1,Skin_Soft_Tissue
GCA_045950285.1,Skin_Soft_Tissue
GCA_045959715.1,Bloodstream
GCA_045950265.1,Urinary
GCA_045972295.1,Urinary
GCA_045948375.1,Urinary
GCA_045948275.1,Respiratory
GCA_045959635.1,Respiratory
GCA_045951305.1,Urinary
GCA_045959645.1,Urinary
GCA_045951265.1,Urinary
GCA_045955595.1,Respiratory
GCA_045948215.1,Respiratory
GCA_045959615.1,Respiratory
GCA_045946795.1,Respiratory
GCA_045951225.1,Respiratory
GCA_045955535.1,Bloodstream
GCA_045950245.1,Urinary
GCA_045969245.1,Respiratory
GCA_045948295.1,Respiratory
GCA_045959695.1,Respiratory
GCA_045948315.1,Respiratory
GCA_045951245.1,Urinary
GCA_045948135.1,Respiratory
GCA_045959575.1,Respiratory
GCA_045946815.1,Respiratory
GCA_045959515.1,Respiratory
GCA_045950195.1,Respiratory
GCA_045960535.1,Respiratory
GCA_045946715.1,Respiratory
GCA_045960515.1,Respiratory
GCA_045950215.1,Skin_Soft_Tissue
GCA_045960475.1,Skin_Soft_Tissue
GCA_045959535.1,Respiratory
GCA_045948155.1,Respiratory
GCA_045946635.1,Skin_Soft_Tissue
GCA_045948115.1,Respiratory
GCA_045959095.1,Respiratory
GCA_045959055.1,Respiratory
GCA_045950175.1,Respiratory
GCA_045959075.1,Skin_Soft_Tissue
GCA_045948075.1,Skin_Soft_Tissue
GCA_045968075.1,Skin_Soft_Tissue
GCA_045958995.1,Bloodstream
GCA_045951055.1,Bloodstream
GCA_045948095.1,Bloodstream
GCA_045959035.1,Urinary
GCA_045959495.1,Urinary
GCA_045950085.1,Respiratory
GCA_045958975.1,Respiratory
GCA_045950065.1,Respiratory
GCA_045958935.1,Respiratory
GCA_045958915.1,Skin_Soft_Tissue
GCA_045950105.1,Skin_Soft_Tissue
GCA_045953475.1,Respiratory
GCA_045958895.1,Respiratory
GCA_045953315.1,Respiratory
GCA_045958875.1,Respiratory
GCA_045951105.1,Respiratory
GCA_045953255.1,Respiratory
GCA_045958855.1,Respiratory
GCA_045947955.1,Respiratory
GCA_045958835.1,Respiratory
GCA_045946475.1,Urinary
GCA_045950025.1,Urinary
GCA_045958795.1,Urinary
GCA_045946395.1,Respiratory
GCA_045955275.1,Respiratory
GCA_045959555.1,Respiratory
GCA_045946375.1,Respiratory
GCA_045958775.1,Respiratory
GCA_045951085.1,Respiratory
GCA_045963535.1,Respiratory
GCA_045946355.1,Urinary
GCA_045958755.1,Respiratory
GCA_045950045.1,Respiratory
GCA_045949995.1,Bloodstream
GCA_045968635.1,Urinary
GCA_045946435.1,Urinary
GCA_045949955.1,Respiratory
GCA_045958715.1,Respiratory
GCA_045951025.1,Respiratory
GCA_045949975.1,Urinary
GCA_045958695.1,Urinary
GCA_045946255.1,Urinary
GCA_045962455.1,Urinary
GCA_045960495.1,Skin_Soft_Tissue
GCA_045958595.1,Bloodstream
GCA_045947915.1,Bloodstream
GCA_045962395.1,Bloodstream
GCA_045958615.1,Urinary
GCA_045949915.1,Respiratory
GCA_045959475.1,Respiratory
GCA_045946175.1,Respiratory
GCA_045960435.1,Respiratory
GCA_045958635.1,Skin_Soft_Tissue
GCA_045953275.1,Skin_Soft_Tissue
GCA_045962375.1,Skin_Soft_Tissue
GCA_045958535.1,Urinary
GCA_045946215.1,Respiratory
GCA_045955255.1,Respiratory
GCA_045950945.1,Respiratory
GCA_045963475.1,Respiratory
GCA_045953165.1,Respiratory
GCA_045959455.1,Skin_Soft_Tissue
GCA_045960415.1,Skin_Soft_Tissue
GCA_045949835.1,Urinary
GCA_045960375.1,Respiratory
GCA_045946135.1,Respiratory
GCA_045959435.1,Respiratory
GCA_045959415.1,Respiratory
GCA_045958055.1,Urinary
GCA_045952795.1,Urinary
GCA_045958075.1,Respiratory
GCA_045947855.1,Respiratory
GCA_045961455.1,Respiratory
GCA_045958515.1,Respiratory
GCA_045954935.1,Respiratory
GCA_045958015.1,Skin_Soft_Tissue
GCA_045954915.1,Skin_Soft_Tissue
GCA_045957995.1,Skin_Soft_Tissue
GCA_045945975.1,Bloodstream
GCA_045962335.1,Urinary
GCA_045957215.1,Respiratory
GCA_045949675.1,Respiratory
GCA_045957195.1,Respiratory
GCA_045952835.1,Respiratory
GCA_045949715.1,Gastrointestinal
GCA_045956895.1,Respiratory
GCA_045950765.1,Urinary
GCA_045956855.1,Urinary
GCA_045968655.1,Respiratory
GCA_045957715.1,Respiratory
GCA_045962345.1,Respiratory
GCA_045968055.1,Respiratory
GCA_045947875.1,Urinary
GCA_045949615.1,Respiratory
GCA_045972275.1,Respiratory
GCA_045949555.1,Respiratory
GCA_045962295.1,Respiratory
GCA_045950785.1,Skin_Soft_Tissue
GCA_045947735.1,Respiratory
GCA_045956835.1,Respiratory
GCA_045949535.1,Respiratory
GCA_045958415.1,Skin_Soft_Tissue
GCA_045947755.1,Bloodstream
GCA_045952675.1,Urinary
GCA_045968615.1,Urinary
GCA_045962315.1,Urinary
GCA_045967995.1,Urinary
GCA_045945845.1,Respiratory
GCA_045957655.1,Respiratory
GCA_045961375.1,Respiratory
GCA_045959355.1,Respiratory
GCA_045950825.1,Bloodstream
GCA_045956775.1,Bloodstream
GCA_045968035.1,Urinary
GCA_045958395.1,Respiratory
GCA_045952695.1,Respiratory
GCA_045958455.1,Respiratory
GCA_045956815.1,Respiratory
GCA_045952535.1,Respiratory
GCA_045962215.1,Respiratory
GCA_045947675.1,Respiratory
GCA_045957595.1,Respiratory
GCA_045967955.1,Respiratory
GCA_045979575.1,Respiratory
GCA_045978295.1,Skin_Soft_Tissue
GCA_045956795.1,Bloodstream
GCA_045949515.1,Urinary
GCA_045957615.1,Urinary
GCA_045949455.1,Urinary
GCA_045957675.1,Urinary
GCA_045963515.1,Respiratory
GCA_045945785.1,Respiratory
GCA_045957635.1,Skin_Soft_Tissue
GCA_045949435.1,Bloodstream
GCA_045945805.1,Skin_Soft_Tissue
GCA_045958435.1,Skin_Soft_Tissue
GCA_045958375.1,Bloodstream
GCA_045949355.1,Urinary
GCA_045967975.1,Respiratory
GCA_045947475.1,Skin_Soft_Tissue
GCA_045968015.1,Skin_Soft_Tissue
GCA_045945825.1,Urinary
GCA_045956755.1,Respiratory
GCA_045959335.1,Respiratory
GCA_045959295.1,Skin_Soft_Tissue
GCA_045947435.1,Urinary
GCA_045957515.1,Urinary
GCA_045967935.1,Respiratory
GCA_045947455.1,Respiratory
GCA_045957575.1,Respiratory
GCA_045958335.1,Respiratory
GCA_045950745.1,Respiratory
GCA_045957495.1,Respiratory
GCA_045944875.1,Respiratory
GCA_045956735.1,Skin_Soft_Tissue
GCA_045949275.1,Skin_Soft_Tissue
GCA_046056655.1,Skin_Soft_Tissue
GCA_045964335.1,Respiratory
GCA_045964195.1,Urinary
GCA_045992705.1,Urinary
GCA_045974385.1,Urinary
GCA_045833585.1,Soil
GCA_045886075.1,Urinary
GCA_046005585.1,Skin_Soft_Tissue
GCA_046055615.1,Skin_Soft_Tissue
GCA_045919575.1,Soil
GCA_045946455.1,Urinary
GCA_045999305.1,Hospital
GCA_046036735.1,Respiratory
GCA_046059125.1,Respiratory
GCA_046059025.1,Gastrointestinal
GCA_046059045.1,Gastrointestinal
GCA_046059005.1,Respiratory
GCA_046062465.1,Gastrointestinal
GCA_046138385.1,Urinary
GCA_046135505.1,Urinary
GCA_046172975.1,Respiratory
GCA_046174885.1,Respiratory
GCA_046174865.1,Respiratory
GCA_046172955.1,Respiratory
GCA_046183785.1,Respiratory
GCA_046220885.1,Respiratory
GCA_046243655.1,Urinary
GCA_046243675.1,Urinary
GCA_046243635.1,Respiratory
GCA_046244515.1,Skin_Soft_Tissue
GCA_046244525.1,Skin_Soft_Tissue
GCA_046244595.1,Skin_Soft_Tissue
GCA_046244615.1,Skin_Soft_Tissue
GCA_046244635.1,Skin_Soft_Tissue
GCA_046244645.1,Skin_Soft_Tissue
GCA_046244675.1,Skin_Soft_Tissue
GCA_046244685.1,Skin_Soft_Tissue
GCA_046244715.1,Skin_Soft_Tissue
GCA_046244735.1,Skin_Soft_Tissue
GCA_046244755.1,Skin_Soft_Tissue
GCA_046244765.1,Skin_Soft_Tissue
GCA_046244805.1,Skin_Soft_Tissue
GCA_046244795.1,Skin_Soft_Tissue
GCA_046229595.2,Urinary
GCA_046245195.1,Industrial
GCA_046268625.1,Urinary
GCA_046268775.1,Bone_Joint
GCA_046269115.1,Respiratory
GCA_046272045.1,Crop
GCA_046397485.1,Respiratory
GCA_046414335.1,Skin_Soft_Tissue
GCA_046414225.1,Respiratory
GCA_046414185.1,Respiratory
GCA_046416535.1,Skin_Soft_Tissue
GCA_046414065.1,Respiratory
GCA_046412055.1,Gastrointestinal
GCA_046414095.1,Skin_Soft_Tissue
GCA_046413955.1,Gastrointestinal
GCA_046416385.1,Respiratory
GCA_046416425.1,Skin_Soft_Tissue
GCA_046420375.1,Skin_Soft_Tissue
GCA_046414025.1,Skin_Soft_Tissue
GCA_046413905.1,Bloodstream
GCA_046415135.1,Bloodstream
GCA_046413745.1,Skin_Soft_Tissue
GCA_046416345.1,Bone_Joint
GCA_046413605.1,Bloodstream
GCA_046413685.1,Skin_Soft_Tissue
GCA_046422815.1,Skin_Soft_Tissue
GCA_046413725.1,Respiratory
GCA_046415015.1,Respiratory
GCA_046416305.1,Skin_Soft_Tissue
GCA_046413445.1,Respiratory
GCA_046413485.1,Respiratory
GCA_046413355.1,Skin_Soft_Tissue
GCA_046413335.1,Respiratory
GCA_046413405.1,Bone_Joint
GCA_046412105.1,Gastrointestinal
GCA_046421875.1,Bloodstream
GCA_046420355.1,Respiratory
GCA_046419465.1,Gastrointestinal
GCA_046419485.1,Gastrointestinal
GCA_046419285.1,Skin_Soft_Tissue
GCA_046421705.1,Respiratory
GCA_046419305.1,Skin_Soft_Tissue
GCA_046447045.1,Bloodstream
GCA_046419395.1,Bloodstream
GCA_046421475.1,Skin_Soft_Tissue
GCA_046431955.1,Bloodstream
GCA_046420415.1,Skin_Soft_Tissue
GCA_046419125.1,Bone_Joint
GCA_046419075.1,Skin_Soft_Tissue
GCA_046419015.1,Bloodstream
GCA_046421575.1,Respiratory
GCA_046418945.1,Respiratory
GCA_046421545.1,Respiratory
GCA_046420395.1,Respiratory
GCA_046446115.1,Skin_Soft_Tissue
GCA_046446105.1,Urinary
GCA_046446585.1,Urinary
GCA_046446055.1,Respiratory
GCA_046446045.1,Respiratory
GCA_046446035.1,Urinary
GCA_046443855.1,Respiratory
GCA_046446325.1,Respiratory
GCA_046446005.1,Skin_Soft_Tissue
GCA_046446025.1,Skin_Soft_Tissue
GCA_046445975.1,Respiratory
GCA_046446265.1,Bloodstream
GCA_046446545.1,Skin_Soft_Tissue
GCA_046446345.1,Respiratory
GCA_046445935.1,Respiratory
GCA_046446495.1,Respiratory
GCA_046446365.1,Respiratory
GCA_046446245.1,Urinary
GCA_046446415.1,Respiratory
GCA_046445915.1,Respiratory
GCA_046445885.1,Respiratory
GCA_046445905.1,Skin_Soft_Tissue
GCA_046446285.1,Skin_Soft_Tissue
GCA_046446475.1,Urinary
GCA_046445845.1,Skin_Soft_Tissue
GCA_046445825.1,Urinary
GCA_046446205.1,Respiratory
GCA_046445805.1,Respiratory
GCA_046446385.1,Respiratory
GCA_046445855.1,Respiratory
GCA_046443835.1,Respiratory
GCA_046445745.1,Respiratory
GCA_046445705.1,Respiratory
GCA_046445725.1,Urinary
GCA_046446225.1,Respiratory
GCA_046445685.1,Respiratory
GCA_046446485.1,Bone_Joint
GCA_046445765.1,Respiratory
GCA_046446465.1,Skin_Soft_Tissue
GCA_046443785.1,Urinary
GCA_046446565.1,Skin_Soft_Tissue
GCA_046445585.1,Skin_Soft_Tissue
GCA_046447905.1,Bloodstream
GCA_046354325.1,Respiratory
GCA_046354315.1,Respiratory
GCA_046354305.1,Respiratory
GCA_046354335.1,Respiratory
GCA_046354365.1,Respiratory
GCA_046354405.1,Respiratory
GCA_046354415.1,Respiratory
GCA_046354435.1,Respiratory
GCA_046354455.1,Respiratory
GCA_046354425.1,Respiratory
GCA_046354505.1,Respiratory
GCA_046354525.1,Respiratory
GCA_046354555.1,Respiratory
GCA_046354535.1,Respiratory
GCA_046354545.1,Respiratory
GCA_046354605.1,Respiratory
GCA_046354615.1,Respiratory
GCA_046354625.1,Respiratory
GCA_046354645.1,Respiratory
GCA_046354635.1,Respiratory
GCA_046354705.1,Respiratory
GCA_046354715.1,Respiratory
GCA_046354735.1,Respiratory
GCA_046354745.1,Respiratory
GCA_046354775.1,Respiratory
GCA_046354805.1,Respiratory
GCA_046354825.1,Respiratory
GCA_046354835.1,Respiratory
GCA_046354855.1,Respiratory
GCA_046354845.1,Respiratory
GCA_046354905.1,Respiratory
GCA_046354925.1,Respiratory
GCA_046354945.1,Respiratory
GCA_046354965.1,Respiratory
GCA_046354985.1,Respiratory
GCA_046355005.1,Respiratory
GCA_046355025.1,Respiratory
GCA_046355045.1,Respiratory
GCA_046355065.1,Respiratory
GCA_046355085.1,Respiratory
GCA_046355105.1,Respiratory
GCA_046355125.1,Respiratory
GCA_046355145.1,Respiratory
GCA_046355165.1,Respiratory
GCA_046355185.1,Respiratory
GCA_046355205.1,Respiratory
GCA_046355225.1,Respiratory
GCA_046355245.1,Respiratory
GCA_046355265.1,Respiratory
GCA_046355285.1,Respiratory
GCA_046355305.1,Respiratory
GCA_046355325.1,Respiratory
GCA_046355345.1,Respiratory
GCA_046355365.1,Respiratory
GCA_046355385.1,Respiratory
GCA_046355405.1,Respiratory
GCA_046355425.1,Respiratory
GCA_046355445.1,Respiratory
GCA_046355465.1,Respiratory
GCA_046355485.1,Respiratory
GCA_046355505.1,Respiratory
GCA_046355525.1,Respiratory
GCA_046355545.1,Respiratory
GCA_046355565.1,Respiratory
GCA_046355585.1,Respiratory
GCA_046355605.1,Respiratory
GCA_046355625.1,Respiratory
GCA_046355645.1,Respiratory
GCA_046355655.1,Respiratory
GCA_046355685.1,Respiratory
GCA_046355705.1,Respiratory
GCA_046355725.1,Respiratory
GCA_046355745.1,Respiratory
GCA_046355765.1,Respiratory
GCA_046355785.1,Respiratory
GCA_046355805.1,Respiratory
GCA_046355825.1,Respiratory
GCA_046355845.1,Respiratory
GCA_046355865.1,Respiratory
GCA_046355885.1,Respiratory
GCA_046355905.1,Respiratory
GCA_046355925.1,Respiratory
GCA_046355945.1,Respiratory
GCA_046355965.1,Respiratory
GCA_046355985.1,Respiratory
GCA_046356005.1,Respiratory
GCA_046356035.1,Respiratory
GCA_046356025.1,Respiratory
GCA_046356065.1,Respiratory
GCA_046356085.1,Respiratory
GCA_046356105.1,Respiratory
GCA_046356125.1,Respiratory
GCA_046356145.1,Respiratory
GCA_046356165.1,Respiratory
GCA_046356185.1,Respiratory
GCA_046356205.1,Respiratory
GCA_046356225.1,Respiratory
GCA_046356245.1,Respiratory
GCA_046356265.1,Respiratory
GCA_046356285.1,Respiratory
GCA_046356305.1,Respiratory
GCA_046356325.1,Respiratory
GCA_046356345.1,Respiratory
GCA_046356365.1,Respiratory
GCA_046356385.1,Respiratory
GCA_046356405.1,Respiratory
GCA_046356415.1,Respiratory
GCA_046356445.1,Respiratory
GCA_046356465.1,Respiratory
GCA_046356485.1,Respiratory
GCA_046356505.1,Respiratory
GCA_046356525.1,Respiratory
GCA_046356545.1,Respiratory
GCA_046356565.1,Respiratory
GCA_046356585.1,Respiratory
GCA_046356605.1,Respiratory
GCA_046356625.1,Respiratory
GCA_046356645.1,Respiratory
GCA_046356665.1,Respiratory
GCA_046356685.1,Respiratory
GCA_046356705.1,Respiratory
GCA_046356725.1,Respiratory
GCA_046356735.1,Respiratory
GCA_046356765.1,Respiratory
GCA_046356785.1,Respiratory
GCA_046356795.1,Respiratory
GCA_046356815.1,Respiratory
GCA_046356845.1,Respiratory
GCA_046356865.1,Respiratory
GCA_046356885.1,Respiratory
GCA_046356905.1,Respiratory
GCA_046356925.1,Respiratory
GCA_046356945.1,Respiratory
GCA_046356965.1,Respiratory
GCA_046356985.1,Respiratory
GCA_046357005.1,Respiratory
GCA_046357025.1,Respiratory
GCA_046357045.1,Respiratory
GCA_046357065.1,Respiratory
GCA_046357085.1,Respiratory
GCA_046357105.1,Respiratory
GCA_046357125.1,Respiratory
GCA_046357145.1,Respiratory
GCA_046357165.1,Respiratory
GCA_046357185.1,Respiratory
GCA_046357205.1,Respiratory
GCA_046357285.1,Respiratory
GCA_046365565.1,Soil
GCA_046460775.1,Bloodstream
GCA_046458795.1,Bloodstream
GCA_046458775.1,Bloodstream
GCA_046458815.1,Bloodstream
GCA_046458755.1,Bloodstream
GCA_046458715.1,Bloodstream
GCA_046458735.1,Bloodstream
GCA_046459235.1,Bloodstream
GCA_046459285.1,Bloodstream
GCA_046460735.1,Bloodstream
GCA_046458455.1,Bloodstream
GCA_046479365.1,Urinary
GCA_046478185.1,Skin_Soft_Tissue
GCA_046479325.1,Respiratory
GCA_046479385.1,Respiratory
GCA_046479305.1,Respiratory
GCA_046479665.1,Respiratory
GCA_046479285.1,Skin_Soft_Tissue
GCA_046479265.1,Respiratory
GCA_046479245.1,Urinary
GCA_046479205.1,Urinary
GCA_046479485.1,Skin_Soft_Tissue
GCA_046479225.1,Bloodstream
GCA_046479165.1,Respiratory
GCA_046479185.1,Respiratory
GCA_046479145.1,Urinary
GCA_046478105.1,Urinary
GCA_046479105.1,Respiratory
GCA_046479125.1,Urinary
GCA_046479065.1,Respiratory
GCA_046479545.1,Urinary
GCA_046479085.1,Respiratory
GCA_046479045.1,Bloodstream
GCA_046479625.1,Respiratory
GCA_046479025.1,Skin_Soft_Tissue
GCA_046479005.1,Respiratory
GCA_046478985.1,Respiratory
GCA_046478945.1,Respiratory
GCA_046478965.1,Bone_Joint
GCA_046479645.1,Skin_Soft_Tissue
GCA_046478905.1,Respiratory
GCA_046478925.1,Respiratory
GCA_046478865.1,Skin_Soft_Tissue
GCA_046478845.1,Respiratory
GCA_046478785.1,Respiratory
GCA_046478825.1,Bloodstream
GCA_046478765.1,Skin_Soft_Tissue
GCA_046479565.1,Respiratory
GCA_046478745.1,Skin_Soft_Tissue
GCA_046478705.1,Urinary
GCA_046478685.1,Skin_Soft_Tissue
GCA_046478665.1,Respiratory
GCA_046478645.1,Skin_Soft_Tissue
GCA_046478725.1,Skin_Soft_Tissue
GCA_046479855.1,Respiratory
GCA_046479845.1,Respiratory
GCA_046479885.1,Respiratory
GCA_046479945.1,Urinary
GCA_046479915.1,Respiratory
GCA_046479925.1,Medical_Device
GCA_046479985.1,Urinary
GCA_046480005.1,Respiratory
GCA_046480015.1,Urinary
GCA_046480025.1,Water
GCA_046480065.1,Skin_Soft_Tissue
GCA_046480105.1,Respiratory
GCA_046480115.1,Respiratory
GCA_046480145.1,Urinary
GCA_046480165.1,Respiratory
GCA_046480175.1,Respiratory
GCA_046480205.1,Respiratory
GCA_046480235.1,Respiratory
GCA_046480225.1,Respiratory
GCA_046480265.1,Respiratory
GCA_046480285.1,Respiratory
GCA_046480335.1,Respiratory
GCA_046480325.1,Respiratory
GCA_046480365.1,Respiratory
GCA_046480385.1,Urinary
GCA_046506615.1,Soil
GCA_046507525.1,Urinary
GCA_046525655.1,Urinary
GCA_046525605.1,Urinary
GCA_046524745.1,Urinary
GCA_046532735.1,Ocular
GCA_046532665.1,Respiratory
GCA_046532525.1,Respiratory
GCA_046561455.1,Reproductive
GCA_046561175.1,Reproductive
GCA_046562195.1,Urinary
GCA_046561895.1,Respiratory
GCA_046561715.1,Gastrointestinal
GCA_046561475.1,Urinary
GCA_046561675.1,Water
GCA_046562055.1,Urinary
GCA_046529415.1,Respiratory
GCA_043647515.2,Bloodstream
GCA_046579835.1,Urinary
GCA_046579875.1,Respiratory
GCA_046579965.1,Bloodstream
GCA_046579975.1,Respiratory
GCA_046579955.1,Bloodstream
GCA_046579945.1,Bloodstream
GCA_046579985.1,Respiratory
GCA_046580075.1,Respiratory
GCA_046580065.1,Bird
GCA_046580095.1,Bird
GCA_046580085.1,Bird
GCA_046580145.1,Respiratory
GCA_046580165.1,Bloodstream
GCA_046580175.1,Respiratory
GCA_046580195.1,Urinary
GCA_046580225.1,Respiratory
GCA_046580235.1,Respiratory
GCA_046580275.1,Respiratory
GCA_046580265.1,Respiratory
GCA_046580285.1,Urinary
GCA_046580325.1,Respiratory
GCA_046580295.1,Respiratory
GCA_046580365.1,Gastrointestinal
GCA_046580395.1,Respiratory
GCA_046580905.1,Bird
GCA_046599215.1,Gastrointestinal
GCA_046599235.1,Respiratory
GCA_046599275.1,Respiratory
GCA_046599335.1,Bloodstream
GCA_046599415.1,Respiratory
GCA_046599455.1,Water
GCA_046599475.1,Water
GCA_046599495.1,Respiratory
GCA_046599515.1,Respiratory
GCA_046599615.1,Bloodstream
GCA_046599655.1,Respiratory
GCA_046599675.1,Water
GCA_046599695.1,Respiratory
GCA_046599715.1,Respiratory
GCA_046599735.1,Respiratory
GCA_046599755.1,Respiratory
GCA_046599775.1,Air
GCA_046599795.1,Respiratory
GCA_046599815.1,Respiratory
GCA_046599835.1,Respiratory
GCA_046599875.1,Water
GCA_046599895.1,Respiratory
GCA_046599915.1,Respiratory
GCA_046599935.1,Bloodstream
GCA_046599955.1,Respiratory
GCA_046599975.1,Respiratory
GCA_046599995.1,Respiratory
GCA_046600015.1,Respiratory
GCA_046600475.1,Urinary
GCA_046600535.1,Respiratory
GCA_046600555.1,Respiratory
GCA_046600575.1,Bloodstream
GCA_046600595.1,Water
GCA_046600635.1,Gastrointestinal
GCA_046600655.1,Respiratory
GCA_046600675.1,Urinary
GCA_046603495.1,Water
GCA_046603515.1,Water
GCA_046603535.1,Water
GCA_046603555.1,Respiratory
GCA_046607895.1,Urinary
GCA_046607715.1,Respiratory
GCA_046617955.1,Respiratory
GCA_046617875.1,Urinary
GCA_046617835.1,Urinary
GCA_046617795.1,Urinary
GCA_046617815.1,Urinary
GCA_046617735.1,Urinary
GCA_046617755.1,Air
GCA_046617775.1,Air
GCA_046605365.1,Respiratory
GCA_046605405.1,Soil
GCA_046614895.1,Respiratory
GCA_046614915.1,Respiratory
GCA_046614935.1,Respiratory
GCA_046614955.1,Respiratory
GCA_046614975.1,Respiratory
GCA_046614995.1,Respiratory
GCA_046615015.1,Respiratory
GCA_046615035.1,Respiratory
GCA_046615055.1,Respiratory
GCA_046615075.1,Respiratory
GCA_046615095.1,Respiratory
GCA_046615115.1,Respiratory
GCA_046615135.1,Respiratory
GCA_047058985.1,Respiratory
GCA_047058945.1,Respiratory
GCA_047058965.1,Respiratory
GCA_047059015.1,Respiratory
GCA_047058925.1,Respiratory
GCA_047059005.1,Respiratory
GCA_047058905.1,Respiratory
GCA_047059045.1,Respiratory
GCA_047057355.1,Respiratory
GCA_047059275.1,Skin_Soft_Tissue
GCA_046646145.1,Respiratory
GCA_046646165.1,Respiratory
GCA_046646185.1,Respiratory
GCA_046736615.1,Respiratory
GCA_046736685.1,Respiratory
GCA_046736795.1,Respiratory
GCA_046745345.1,Urinary
GCA_046744685.1,Respiratory
GCA_046764335.1,Soil
GCA_046773575.1,Soil
GCA_046774485.1,Water
GCA_046875545.1,Urinary
GCA_046896975.1,Respiratory
GCA_046896935.1,Urinary
GCA_046896705.1,Skin_Soft_Tissue
GCA_046896695.1,Respiratory
GCA_046896675.1,Respiratory
GCA_046896685.1,Skin_Soft_Tissue
GCA_046896645.1,Urinary
GCA_046896635.1,Urinary
GCA_046896615.1,Respiratory
GCA_046896575.1,Skin_Soft_Tissue
GCA_046896585.1,Respiratory
GCA_046900025.1,Respiratory
GCA_046896555.1,Respiratory
GCA_046896485.1,Respiratory
GCA_046896475.1,Respiratory
GCA_046896505.1,Skin_Soft_Tissue
GCA_046896495.1,Bloodstream
GCA_046896455.1,Skin_Soft_Tissue
GCA_046896425.1,Bloodstream
GCA_046896355.1,Respiratory
GCA_046899975.1,Respiratory
GCA_046896415.1,Respiratory
GCA_046896375.1,Respiratory
GCA_046896395.1,Respiratory
GCA_046896335.1,Gastrointestinal
GCA_046896265.1,Respiratory
GCA_046896275.1,Respiratory
GCA_046900015.1,Respiratory
GCA_046899995.1,Respiratory
GCA_046899915.1,Respiratory
GCA_046896315.1,Respiratory
GCA_046896205.1,Urinary
GCA_047045105.1,Skin_Soft_Tissue
GCA_046896175.1,Urinary
GCA_046899905.1,Respiratory
GCA_046896185.1,Urinary
GCA_046896195.1,Skin_Soft_Tissue
GCA_046896155.1,Respiratory
GCA_046896135.1,Respiratory
GCA_046896115.1,Urinary
GCA_046896065.1,Respiratory
GCA_046896055.1,Respiratory
GCA_046896075.1,Respiratory
GCA_047120625.1,Respiratory
GCA_046840585.1,Hospital
GCA_047126625.1,Urinary
GCA_047257965.1,Urinary
GCA_047259725.1,Bloodstream
GCA_047259755.1,Gastrointestinal
GCA_047859865.1,Urinary
GCA_047259825.1,Respiratory
GCA_047199025.1,Urinary
GCA_047300765.1,Respiratory
GCA_047288725.1,Respiratory
GCA_047288755.1,Respiratory
GCA_047289415.1,Skin_Soft_Tissue
GCA_047288715.1,Skin_Soft_Tissue
GCA_047288815.1,Respiratory
GCA_047288695.1,Respiratory
GCA_047289835.1,Urinary
GCA_047288675.1,Respiratory
GCA_047289335.1,Respiratory
GCA_047289875.1,Urinary
GCA_047288635.1,Respiratory
GCA_047288645.1,Respiratory
GCA_047289395.1,Urinary
GCA_047288605.1,Skin_Soft_Tissue
GCA_047288855.1,Respiratory
GCA_047288875.1,Urinary
GCA_047289615.1,Respiratory
GCA_047300775.1,Skin_Soft_Tissue
GCA_047288555.1,Bloodstream
GCA_047289825.1,Respiratory
GCA_047288575.1,Skin_Soft_Tissue
GCA_047289755.1,Skin_Soft_Tissue
GCA_047288505.1,Skin_Soft_Tissue
GCA_047288495.1,Skin_Soft_Tissue
GCA_047289815.1,Urinary
GCA_047288515.1,Respiratory
GCA_047288475.1,Respiratory
GCA_047288395.1,Bloodstream
GCA_047288405.1,Bone_Joint
GCA_047291535.1,Bloodstream
GCA_047288455.1,Bone_Joint
GCA_047289315.1,Urinary
GCA_047300745.1,Urinary
GCA_047288415.1,Skin_Soft_Tissue
GCA_047288345.1,Skin_Soft_Tissue
GCA_047289375.1,Respiratory
GCA_047288355.1,Respiratory
GCA_047288335.1,Respiratory
GCA_047289735.1,Urinary
GCA_047288795.1,Urinary
GCA_047289355.1,Bloodstream
GCA_047289255.1,Gastrointestinal
GCA_047288305.1,Urinary
GCA_047288835.1,Bloodstream
GCA_047288295.1,Respiratory
GCA_047288235.1,Urinary
GCA_047289225.1,Respiratory
GCA_047288255.1,Respiratory
GCA_047289265.1,Respiratory
GCA_047288205.1,Respiratory
GCA_047289215.1,Bloodstream
GCA_047288275.1,Urinary
GCA_047288195.1,Urinary
GCA_047373445.1,Urinary
GCA_047324835.1,Respiratory
GCA_047306005.1,Respiratory
GCA_047290135.1,Respiratory
GCA_047290115.1,Urinary
GCA_047291135.1,Respiratory
GCA_047345085.1,Skin_Soft_Tissue
GCA_047345155.1,Skin_Soft_Tissue
GCA_047345205.1,Skin_Soft_Tissue
GCA_047345265.1,Skin_Soft_Tissue
GCA_047345305.1,Skin_Soft_Tissue
GCA_047438855.1,Respiratory
GCA_047438515.1,Respiratory
GCA_047443795.1,Bloodstream
GCA_047443825.1,Urinary
GCA_047455895.1,Urinary
GCA_047444495.1,Urinary
GCA_049740545.1,Water
GCA_049740535.1,Water
GCA_049740495.1,Water
GCA_047569775.1,Gastrointestinal
GCA_047569255.1,Gastrointestinal
GCA_047566315.1,Gastrointestinal
GCA_047565955.1,Gastrointestinal
GCA_047565465.1,Gastrointestinal
GCA_047565415.1,Gastrointestinal
GCA_047565375.1,Gastrointestinal
GCA_047565385.1,Gastrointestinal
GCA_047565295.1,Gastrointestinal
GCA_047565275.1,Gastrointestinal
GCA_047565255.1,Gastrointestinal
GCA_047565195.1,Gastrointestinal
GCA_047565235.1,Gastrointestinal
GCA_047565215.1,Gastrointestinal
GCA_047565135.1,Gastrointestinal
GCA_047565115.1,Gastrointestinal
GCA_047565085.1,Gastrointestinal
GCA_047565055.1,Gastrointestinal
GCA_047564995.1,Gastrointestinal
GCA_047564935.1,Gastrointestinal
GCA_047565015.1,Gastrointestinal
GCA_047564975.1,Gastrointestinal
GCA_047564915.1,Gastrointestinal
GCA_047564855.1,Gastrointestinal
GCA_047564895.1,Gastrointestinal
GCA_047564835.1,Gastrointestinal
GCA_047564815.1,Gastrointestinal
GCA_047564775.1,Gastrointestinal
GCA_047564755.1,Gastrointestinal
GCA_047564785.1,Gastrointestinal
GCA_047564735.1,Gastrointestinal
GCA_047564455.1,Gastrointestinal
GCA_047564355.1,Gastrointestinal
GCA_047564295.1,Gastrointestinal
GCA_047564175.1,Gastrointestinal
GCA_047564255.1,Gastrointestinal
GCA_047563455.1,Gastrointestinal
GCA_047658835.1,Gastrointestinal
GCA_047563015.1,Gastrointestinal
GCA_047563035.1,Gastrointestinal
GCA_047562995.1,Gastrointestinal
GCA_047562955.1,Gastrointestinal
GCA_047562535.1,Skin_Soft_Tissue
GCA_047562475.1,Urinary
GCA_047562515.1,Gastrointestinal
GCA_047561995.1,Respiratory
GCA_047561735.1,Respiratory
GCA_047561575.1,Respiratory
GCA_047561275.1,Respiratory
GCA_047497235.1,Respiratory
GCA_047497275.1,Respiratory
GCA_047497295.1,Respiratory
GCA_047497315.1,Respiratory
GCA_047497335.1,Respiratory
GCA_047497345.1,Respiratory
GCA_047620695.1,Urinary
GCA_047644015.1,Respiratory
GCA_047686295.1,Respiratory
GCA_047686055.1,Respiratory
GCA_047686075.1,Urinary
GCA_047685975.1,Respiratory
GCA_047686035.1,Bloodstream
GCA_047686005.1,Respiratory
GCA_047686275.1,Respiratory
GCA_047685955.1,Respiratory
GCA_047687895.1,Respiratory
GCA_047713735.1,Water
GCA_042701695.2,Respiratory
GCA_047762225.1,Respiratory
GCA_047692555.1,Urinary
GCA_047692575.1,Urinary
GCA_047692615.1,Urinary
GCA_047692655.1,Urinary
GCA_047692695.1,Urinary
GCA_047692715.1,Urinary
GCA_047692735.1,Urinary
GCA_047692755.1,Urinary
GCA_047692775.1,Skin_Soft_Tissue
GCA_047693015.1,Respiratory
GCA_047693035.1,Urinary
GCA_047693055.1,Urinary
GCA_047693075.1,Urinary
GCA_047693095.1,Urinary
GCA_047693115.1,Skin_Soft_Tissue
GCA_047693135.1,Urinary
GCA_047772905.1,Respiratory
GCA_047772925.1,Respiratory
GCA_047805005.1,Gastrointestinal
GCA_047804185.1,Gastrointestinal
GCA_047804005.1,Gastrointestinal
GCA_047782545.1,Water
GCA_047782555.1,Crop
GCA_047782565.1,Water
GCA_047782575.1,Soil
GCA_047782585.1,Crop
GCA_047782595.1,Crop
GCA_047867325.1,Urinary
GCA_047867285.1,Respiratory
GCA_047801635.1,Respiratory
GCA_048015845.1,Urinary
GCA_048015255.1,Respiratory
GCA_048015095.1,Skin_Soft_Tissue
GCA_048014975.1,Skin_Soft_Tissue
GCA_048014705.1,Skin_Soft_Tissue
GCA_048014415.1,Respiratory
GCA_048014355.1,Respiratory
GCA_048014175.1,Skin_Soft_Tissue
GCA_048013955.1,Bloodstream
GCA_048013875.1,Urinary
GCA_048013595.1,Skin_Soft_Tissue
GCA_048013245.1,Skin_Soft_Tissue
GCA_048013045.1,Bloodstream
GCA_048012975.1,Urinary
GCA_048013005.1,Urinary
GCA_048012435.1,Urinary
GCA_048012375.1,Bloodstream
GCA_048012355.1,Skin_Soft_Tissue
GCA_048011405.1,Skin_Soft_Tissue
GCA_048011345.1,Skin_Soft_Tissue
GCA_048011295.1,Bloodstream
GCA_048011185.1,Respiratory
GCA_048011195.1,Reproductive
GCA_048011115.1,Bloodstream
GCA_048010485.1,Urinary
GCA_048010215.1,Skin_Soft_Tissue
GCA_048010165.1,Skin_Soft_Tissue
GCA_048010015.1,Bloodstream
GCA_048009895.1,Respiratory
GCA_048010135.1,Skin_Soft_Tissue
GCA_048009725.1,Bloodstream
GCA_048009455.1,Skin_Soft_Tissue
GCA_048009305.1,Bloodstream
GCA_048008715.1,Skin_Soft_Tissue
GCA_048008535.1,Skin_Soft_Tissue
GCA_048008275.1,Bloodstream
GCA_048008135.1,Bloodstream
GCA_048008335.1,Urinary
GCA_048007965.1,Urinary
GCA_048007945.1,Skin_Soft_Tissue
GCA_048007865.1,Urinary
GCA_048007795.1,Urinary
GCA_048007745.1,Skin_Soft_Tissue
GCA_048007165.1,Respiratory
GCA_048006415.1,Bloodstream
GCA_048006125.1,Urinary
GCA_048005825.1,Skin_Soft_Tissue
GCA_048005325.1,Respiratory
GCA_048005095.1,Respiratory
GCA_048004995.1,Respiratory
GCA_048005005.1,Skin_Soft_Tissue
GCA_048004855.1,Skin_Soft_Tissue
GCA_048004345.1,Skin_Soft_Tissue
GCA_048003965.1,Skin_Soft_Tissue
GCA_048003825.1,Bloodstream
GCA_048003835.1,Bloodstream
GCA_048003695.1,Skin_Soft_Tissue
GCA_048003465.1,Skin_Soft_Tissue
GCA_048003295.1,Skin_Soft_Tissue
GCA_048002975.1,Urinary
GCA_048002955.1,Skin_Soft_Tissue
GCA_048103715.1,Urinary
GCA_048103755.1,Bloodstream
GCA_048103665.1,Bloodstream
GCA_048103555.1,Respiratory
GCA_048103455.1,Skin_Soft_Tissue
GCA_048103515.1,Skin_Soft_Tissue
GCA_048102975.1,Skin_Soft_Tissue
GCA_048103095.1,Skin_Soft_Tissue
GCA_048102395.1,Skin_Soft_Tissue
GCA_048102305.1,Skin_Soft_Tissue
GCA_048102015.1,Bloodstream
GCA_048101615.1,Respiratory
GCA_048101165.1,Urinary
GCA_048101295.1,Respiratory
GCA_048101315.1,Urinary
GCA_047991565.1,Urinary
GCA_047983835.1,Skin_Soft_Tissue
GCA_047980865.1,Respiratory
GCA_047915645.1,Respiratory
GCA_047997725.1,Respiratory
GCA_048036155.1,Gastrointestinal
GCA_048036135.1,Respiratory
GCA_048044195.1,Respiratory
GCA_048086185.1,Urinary
GCA_048086145.1,Skin_Soft_Tissue
GCA_048086055.1,Urinary
GCA_048086605.1,Respiratory
GCA_047975975.1,Respiratory
GCA_047976585.1,Urinary
GCA_047978335.1,Bloodstream
GCA_047978385.1,Skin_Soft_Tissue
GCA_047978405.1,Hospital
GCA_047978425.1,Water
GCA_047978445.1,Hospital
GCA_047978485.1,Water
GCA_047978495.1,Water
GCA_047978505.1,Hospital
GCA_047978585.1,Water
GCA_047978605.1,Water
GCA_047978625.1,Water
GCA_047978615.1,Water
GCA_047978665.1,Water
GCA_047978685.1,Water
GCA_047978695.1,Water
GCA_047978725.1,Water
GCA_047978745.1,Water
GCA_047978755.1,Water
GCA_047978795.1,Water
GCA_047978785.1,Water
GCA_047978815.1,Water
GCA_047978835.1,Water
GCA_047978855.1,Water
GCA_047978885.1,Hospital
GCA_047978905.1,Water
GCA_047978925.1,Water
GCA_047978975.1,Water
GCA_047978965.1,Water
GCA_047979005.1,Water
GCA_047979035.1,Water
GCA_047979025.1,Water
GCA_047979065.1,Water
GCA_047979115.1,Water
GCA_047979105.1,Water
GCA_047979175.1,Water
GCA_047979325.1,Water
GCA_047979385.1,Water
GCA_047979415.1,Water
GCA_047979375.1,Water
GCA_047979525.1,Water
GCA_047979575.1,Water
GCA_047979565.1,Water
GCA_047979635.1,Water
GCA_047979625.1,Water
GCA_047979685.1,Water
GCA_047979945.1,Respiratory
GCA_047979985.1,Respiratory
GCA_047982845.1,Water
GCA_047982905.1,Water
GCA_047982945.1,Water
GCA_047982925.1,Water
GCA_047983025.1,Water
GCA_047983095.1,Water
GCA_047983135.1,Water
GCA_047983125.1,Water
GCA_047983165.1,Water
GCA_047983225.1,Water
GCA_047983325.1,Water
GCA_047983385.1,Water
GCA_047983405.1,Water
GCA_047983465.1,Water
GCA_047983525.1,Water
GCA_047983535.1,Water
GCA_047983625.1,Water
GCA_047983665.1,Water
GCA_047983705.1,Water
GCA_047983745.1,Water
GCA_047983765.1,Hospital
GCA_047983785.1,Water
GCA_047983825.1,Water
GCA_047983905.1,Water
GCA_047983945.1,Water
GCA_047983965.1,Water
GCA_047983975.1,Hospital
GCA_047984005.1,Water
GCA_047984045.1,Water
GCA_047984065.1,Water
GCA_047984085.1,Water
GCA_047984105.1,Water
GCA_047984145.1,Respiratory
GCA_047984165.1,Water
GCA_047984205.1,Water
GCA_047984225.1,Water
GCA_047984245.1,Respiratory
GCA_047984265.1,Water
GCA_047984305.1,Water
GCA_047984325.1,Water
GCA_047984345.1,Water
GCA_047984365.1,Water
GCA_047984425.1,Water
GCA_047984445.1,Hospital
GCA_047984465.1,Hospital
GCA_047984485.1,Water
GCA_047984505.1,Water
GCA_047984525.1,Water
GCA_047984545.1,Water
GCA_047984565.1,Water
GCA_047984625.1,Water
GCA_047984645.1,Hospital
GCA_047984685.1,Water
GCA_047984705.1,Water
GCA_047984725.1,Water
GCA_047984805.1,Water
GCA_047984825.1,Water
GCA_047984855.1,Water
GCA_047984915.1,Water
GCA_047984965.1,Water
GCA_047985045.1,Water
GCA_047985055.1,Water
GCA_047985145.1,Hospital
GCA_047985185.1,Respiratory
GCA_047985225.1,Water
GCA_047985245.1,Water
GCA_047985265.1,Water
GCA_047985385.1,Water
GCA_047985415.1,Water
GCA_047985475.1,Water
GCA_047985465.1,Water
GCA_047985485.1,Water
GCA_047985585.1,Water
GCA_047985615.1,Water
GCA_047985665.1,Water
GCA_047985685.1,Water
GCA_047985705.1,Water
GCA_047985715.1,Water
GCA_047985825.1,Water
GCA_047985865.1,Water
GCA_047985885.1,Water
GCA_047985905.1,Water
GCA_047985925.1,Water
GCA_047986005.1,Water
GCA_047986025.1,Water
GCA_047986085.1,Hospital
GCA_047986225.1,Respiratory
GCA_047986325.1,Water
GCA_047986375.1,Hospital
GCA_047986405.1,Water
GCA_047986425.1,Water
GCA_047986465.1,Water
GCA_047986485.1,Hospital
GCA_047986545.1,Hospital
GCA_047986585.1,Respiratory
GCA_047986645.1,Respiratory
GCA_047986705.1,Water
GCA_047986745.1,Hospital
GCA_047986805.1,Water
GCA_047986845.1,Water
GCA_047986865.1,Respiratory
GCA_047986885.1,Respiratory
GCA_047986905.1,Water
GCA_047986965.1,Water
GCA_047987005.1,Respiratory
GCA_047987025.1,Water
GCA_047987165.1,Water
GCA_047987185.1,Hospital
GCA_047987205.1,Water
GCA_047987225.1,Water
GCA_047987265.1,Water
GCA_047987285.1,Hospital
GCA_047987305.1,Hospital
GCA_047987375.1,Water
GCA_047987485.1,Hospital
GCA_047987505.1,Water
GCA_047987545.1,Respiratory
GCA_047987565.1,Water
GCA_047987605.1,Water
GCA_047987745.1,Respiratory
GCA_047987765.1,Water
GCA_047987785.1,Hospital
GCA_047987905.1,Water
GCA_047987965.1,Water
GCA_047987985.1,Water
GCA_047988005.1,Hospital
GCA_047988065.1,Respiratory
GCA_047988105.1,Water
GCA_047988165.1,Hospital
GCA_047988205.1,Water
GCA_047988245.1,Respiratory
GCA_047988315.1,Hospital
GCA_047988405.1,Respiratory
GCA_047988545.1,Hospital
GCA_047988525.1,Water
GCA_047988605.1,Hospital
GCA_047988625.1,Water
GCA_047988705.1,Hospital
GCA_047988725.1,Hospital
GCA_047988745.1,Hospital
GCA_047988765.1,Respiratory
GCA_047988815.1,Water
GCA_047988885.1,Hospital
GCA_047988925.1,Respiratory
GCA_047988945.1,Water
GCA_047988985.1,Hospital
GCA_047989005.1,Water
GCA_047989025.1,Hospital
GCA_047989045.1,Gastrointestinal
GCA_047989085.1,Gastrointestinal
GCA_047989105.1,Gastrointestinal
GCA_047989125.1,Gastrointestinal
GCA_047989135.1,Gastrointestinal
GCA_047989165.1,Gastrointestinal
GCA_047989185.1,Ear_Nose_Throat
GCA_047989205.1,Gastrointestinal
GCA_047989225.1,Ear_Nose_Throat
GCA_047989245.1,Gastrointestinal
GCA_047989265.1,Ear_Nose_Throat
GCA_047989285.1,Gastrointestinal
GCA_047989305.1,Gastrointestinal
GCA_047989335.1,Ear_Nose_Throat
GCA_047989325.1,Ear_Nose_Throat
GCA_047989365.1,Gastrointestinal
GCA_047989385.1,Gastrointestinal
GCA_047989405.1,Gastrointestinal
GCA_047989425.1,Ear_Nose_Throat
GCA_047989445.1,Gastrointestinal
GCA_047989465.1,Gastrointestinal
GCA_047989485.1,Ear_Nose_Throat
GCA_047989505.1,Ear_Nose_Throat
GCA_047989525.1,Ear_Nose_Throat
GCA_047989545.1,Gastrointestinal
GCA_047989565.1,Ear_Nose_Throat
GCA_047989585.1,Ear_Nose_Throat
GCA_047989605.1,Gastrointestinal
GCA_047989625.1,Gastrointestinal
GCA_047989645.1,Gastrointestinal
GCA_047989665.1,Ear_Nose_Throat
GCA_047989685.1,Gastrointestinal
GCA_047989705.1,Ear_Nose_Throat
GCA_047989725.1,Gastrointestinal
GCA_047989745.1,Gastrointestinal
GCA_047989765.1,Ear_Nose_Throat
GCA_047989785.1,Gastrointestinal
GCA_047989805.1,Gastrointestinal
GCA_047989825.1,Ear_Nose_Throat
GCA_047989845.1,Ear_Nose_Throat
GCA_047989865.1,Gastrointestinal
GCA_047989885.1,Ear_Nose_Throat
GCA_047989905.1,Gastrointestinal
GCA_047989925.1,Gastrointestinal
GCA_047989945.1,Gastrointestinal
GCA_047989965.1,Gastrointestinal
GCA_047989985.1,Ear_Nose_Throat
GCA_047990005.1,Ear_Nose_Throat
GCA_047990025.1,Gastrointestinal
GCA_047990035.1,Gastrointestinal
GCA_047990065.1,Gastrointestinal
GCA_047990085.1,Ear_Nose_Throat
GCA_047990105.1,Gastrointestinal
GCA_047990125.1,Ear_Nose_Throat
GCA_047990145.1,Ear_Nose_Throat
GCA_047990165.1,Ear_Nose_Throat
GCA_047990185.1,Gastrointestinal
GCA_047990205.1,Ear_Nose_Throat
GCA_047990225.1,Ear_Nose_Throat
GCA_047990245.1,Gastrointestinal
GCA_047990265.1,Gastrointestinal
GCA_047990285.1,Ear_Nose_Throat
GCA_047990345.1,Ear_Nose_Throat
GCA_047990385.1,Ear_Nose_Throat
GCA_047990405.1,Gastrointestinal
GCA_047990445.1,Ear_Nose_Throat
GCA_047990485.1,Gastrointestinal
GCA_047990525.1,Ear_Nose_Throat
GCA_047990545.1,Gastrointestinal
GCA_047990535.1,Ear_Nose_Throat
GCA_047990555.1,Gastrointestinal
GCA_047990565.1,Ear_Nose_Throat
GCA_047990725.1,Gastrointestinal
GCA_047990745.1,Ear_Nose_Throat
GCA_047990765.1,Gastrointestinal
GCA_047990785.1,Ear_Nose_Throat
GCA_047990835.1,Ear_Nose_Throat
GCA_047990925.1,Gastrointestinal
GCA_047990945.1,Ear_Nose_Throat
GCA_047990965.1,Gastrointestinal
GCA_047991025.1,Gastrointestinal
GCA_047991035.1,Ear_Nose_Throat
GCA_047991095.1,Ear_Nose_Throat
GCA_047991125.1,Gastrointestinal
GCA_047991165.1,Gastrointestinal
GCA_047991185.1,Ear_Nose_Throat
GCA_047991225.1,Ear_Nose_Throat
GCA_047991245.1,Gastrointestinal
GCA_047991265.1,Ear_Nose_Throat
GCA_047991285.1,Gastrointestinal
GCA_047991385.1,Ear_Nose_Throat
GCA_047991405.1,Gastrointestinal
GCA_047991425.1,Ear_Nose_Throat
GCA_047991505.1,Ear_Nose_Throat
GCA_047991525.1,Gastrointestinal
GCA_047991545.1,Gastrointestinal
GCA_047991605.1,Ear_Nose_Throat
GCA_047991625.1,Gastrointestinal
GCA_047991665.1,Ear_Nose_Throat
GCA_047991695.1,Gastrointestinal
GCA_047991725.1,Ear_Nose_Throat
GCA_047991745.1,Ear_Nose_Throat
GCA_047991785.1,Gastrointestinal
GCA_047991845.1,Gastrointestinal
GCA_047991865.1,Ear_Nose_Throat
GCA_047991905.1,Ear_Nose_Throat
GCA_047991915.1,Gastrointestinal
GCA_047991925.1,Gastrointestinal
GCA_047992025.1,Gastrointestinal
GCA_047992045.1,Ear_Nose_Throat
GCA_047992085.1,Gastrointestinal
GCA_047992095.1,Gastrointestinal
GCA_047992115.1,Gastrointestinal
GCA_047992105.1,Gastrointestinal
GCA_047992245.1,Ear_Nose_Throat
GCA_047992285.1,Ear_Nose_Throat
GCA_047992305.1,Ear_Nose_Throat
GCA_047992315.1,Gastrointestinal
GCA_047992345.1,Gastrointestinal
GCA_047992365.1,Gastrointestinal
GCA_047992405.1,Ear_Nose_Throat
GCA_047992425.1,Gastrointestinal
GCA_047992445.1,Ear_Nose_Throat
GCA_047992465.1,Gastrointestinal
GCA_047992485.1,Gastrointestinal
GCA_047992505.1,Gastrointestinal
GCA_047992525.1,Gastrointestinal
GCA_047992545.1,Gastrointestinal
GCA_047992565.1,Ear_Nose_Throat
GCA_047992585.1,Ear_Nose_Throat
GCA_047992605.1,Ear_Nose_Throat
GCA_047992625.1,Gastrointestinal
GCA_047992645.1,Ear_Nose_Throat
GCA_047992665.1,Gastrointestinal
GCA_047992685.1,Ear_Nose_Throat
GCA_047992705.1,Ear_Nose_Throat
GCA_047992715.1,Gastrointestinal
GCA_047992745.1,Ear_Nose_Throat
GCA_047992765.1,Gastrointestinal
GCA_047992785.1,Gastrointestinal
GCA_047992805.1,Ear_Nose_Throat
GCA_047992825.1,Ear_Nose_Throat
GCA_047992845.1,Gastrointestinal
GCA_047992865.1,Ear_Nose_Throat
GCA_047992885.1,Ear_Nose_Throat
GCA_047992905.1,Ear_Nose_Throat
GCA_047992925.1,Gastrointestinal
GCA_047992935.1,Gastrointestinal
GCA_047992965.1,Ear_Nose_Throat
GCA_047992985.1,Ear_Nose_Throat
GCA_047993005.1,Gastrointestinal
GCA_047993025.1,Ear_Nose_Throat
GCA_047993085.1,Gastrointestinal
GCA_047993105.1,Ear_Nose_Throat
GCA_047993185.1,Ear_Nose_Throat
GCA_047993205.1,Gastrointestinal
GCA_047993255.1,Ear_Nose_Throat
GCA_047993325.1,Gastrointestinal
GCA_047993345.1,Gastrointestinal
GCA_047993385.1,Ear_Nose_Throat
GCA_047993395.1,Gastrointestinal
GCA_047993485.1,Ear_Nose_Throat
GCA_047993505.1,Gastrointestinal
GCA_047993525.1,Ear_Nose_Throat
GCA_047993545.1,Ear_Nose_Throat
GCA_047993565.1,Ear_Nose_Throat
GCA_047993585.1,Gastrointestinal
GCA_047993605.1,Gastrointestinal
GCA_047993625.1,Gastrointestinal
GCA_047993645.1,Gastrointestinal
GCA_047993665.1,Ear_Nose_Throat
GCA_047993685.1,Ear_Nose_Throat
GCA_047993705.1,Gastrointestinal
GCA_047993725.1,Ear_Nose_Throat
GCA_047993745.1,Gastrointestinal
GCA_047993765.1,Gastrointestinal
GCA_047993785.1,Ear_Nose_Throat
GCA_047993805.1,Ear_Nose_Throat
GCA_047993825.1,Gastrointestinal
GCA_047993835.1,Gastrointestinal
GCA_047993865.1,Ear_Nose_Throat
GCA_047993885.1,Gastrointestinal
GCA_047993905.1,Ear_Nose_Throat
GCA_047993935.1,Ear_Nose_Throat
GCA_047993925.1,Gastrointestinal
GCA_047993965.1,Gastrointestinal
GCA_047993985.1,Ear_Nose_Throat
GCA_047994005.1,Gastrointestinal
GCA_047994025.1,Gastrointestinal
GCA_047994035.1,Gastrointestinal
GCA_047994065.1,Ear_Nose_Throat
GCA_047994085.1,Ear_Nose_Throat
GCA_047994105.1,Gastrointestinal
GCA_047994125.1,Ear_Nose_Throat
GCA_047994165.1,Gastrointestinal
GCA_047994145.1,Gastrointestinal
GCA_047994185.1,Ear_Nose_Throat
GCA_047994205.1,Gastrointestinal
GCA_047994225.1,Ear_Nose_Throat
GCA_047994245.1,Gastrointestinal
GCA_047994265.1,Ear_Nose_Throat
GCA_047994285.1,Gastrointestinal
GCA_047994305.1,Gastrointestinal
GCA_047994325.1,Ear_Nose_Throat
GCA_047994345.1,Gastrointestinal
GCA_047994365.1,Ear_Nose_Throat
GCA_047994385.1,Gastrointestinal
GCA_047994405.1,Gastrointestinal
GCA_047994425.1,Ear_Nose_Throat
GCA_047994445.1,Gastrointestinal
GCA_047994465.1,Gastrointestinal
GCA_047994485.1,Gastrointestinal
GCA_047994505.1,Ear_Nose_Throat
GCA_047994525.1,Ear_Nose_Throat
GCA_047994545.1,Gastrointestinal
GCA_047994565.1,Gastrointestinal
GCA_047994585.1,Ear_Nose_Throat
GCA_047994605.1,Ear_Nose_Throat
GCA_047994625.1,Gastrointestinal
GCA_047994645.1,Ear_Nose_Throat
GCA_047994665.1,Ear_Nose_Throat
GCA_047994675.1,Ear_Nose_Throat
GCA_047994705.1,Gastrointestinal
GCA_047994725.1,Gastrointestinal
GCA_047994765.1,Water
GCA_047994785.1,Ear_Nose_Throat
GCA_048249295.1,Urinary
GCA_048243615.1,Respiratory
GCA_048218215.1,Respiratory
GCA_048215365.1,Gastrointestinal
GCA_048213375.1,Skin_Soft_Tissue
GCA_048242465.1,Skin_Soft_Tissue
GCA_048242435.1,Skin_Soft_Tissue
GCA_048242425.1,Skin_Soft_Tissue
GCA_048239895.1,Urinary
GCA_048239565.1,Bloodstream
GCA_048238555.1,Urinary
GCA_048238405.1,Skin_Soft_Tissue
GCA_048238335.1,Respiratory
GCA_048235895.1,Respiratory
GCA_048235655.1,Urinary
GCA_048234035.1,Skin_Soft_Tissue
GCA_048228615.1,Urinary
GCA_048408045.1,Skin_Soft_Tissue
GCA_048228535.1,Skin_Soft_Tissue
GCA_048223025.1,Respiratory
GCA_048060535.1,Soil
GCA_048065535.1,Water
GCA_048065555.1,Water
GCA_049124185.1,Urinary
GCA_049102665.1,Urinary
GCA_049101975.1,Hospital
GCA_048213065.1,Urinary
GCA_048213085.1,Respiratory
GCA_049093875.1,Respiratory
GCA_049093855.1,Respiratory
GCA_049093835.1,Respiratory
GCA_048275525.1,Skin_Soft_Tissue
GCA_049069225.1,Respiratory
GCA_048298505.1,Respiratory
GCA_048996215.1,Urinary
GCA_048996285.1,Respiratory
GCA_048996095.1,Respiratory
GCA_048996075.1,Respiratory
GCA_048996115.1,Bloodstream
GCA_048996055.1,Urinary
GCA_048996035.1,Urinary
GCA_048995915.1,Respiratory
GCA_048995895.1,Urinary
GCA_048995875.1,Skin_Soft_Tissue
GCA_048995835.1,Respiratory
GCA_046054755.2,Respiratory
GCA_046689005.2,Respiratory
GCA_048989885.1,Gastrointestinal
GCA_048987955.1,Bloodstream
GCA_048987675.1,Urinary
GCA_048514535.1,Water
GCA_048867785.1,Respiratory
GCA_048784445.1,Bloodstream
GCA_048778745.1,Skin_Soft_Tissue
GCA_048566965.1,Respiratory
GCA_048567005.1,Medical_Device
GCA_048567025.1,Medical_Device
GCA_048567045.1,Respiratory
GCA_048567065.1,Gastrointestinal
GCA_048567085.1,Urinary
GCA_048567105.1,Skin_Soft_Tissue
GCA_048567125.1,Medical_Device
GCA_048567145.1,Respiratory
GCA_048567165.1,Gastrointestinal
GCA_048567185.1,Medical_Device
GCA_048567205.1,Hospital
GCA_048567265.1,Hospital
GCA_048567285.1,Respiratory
GCA_048567305.1,Hospital
GCA_048567325.1,Respiratory
GCA_048567345.1,Gastrointestinal
GCA_048567365.1,Hospital
GCA_048567405.1,Respiratory
GCA_048567765.2,Respiratory
GCA_048692235.1,Urinary
GCA_048692255.1,Respiratory
GCA_048692215.1,Urinary
GCA_048692195.1,Respiratory
GCA_048692175.1,Urinary
GCA_048692135.1,Medical_Device
GCA_048691895.1,Bone_Joint
GCA_048692075.1,Urinary
GCA_048692055.1,Respiratory
GCA_048692035.1,Respiratory
GCA_048692015.1,Respiratory
GCA_048691855.1,Urinary
GCA_048691995.1,Bloodstream
GCA_048691835.1,Urinary
GCA_048691535.1,Respiratory
GCA_048691515.1,Ear_Nose_Throat
GCA_048691395.1,Urinary
GCA_048691335.1,Respiratory
GCA_048630935.1,Urinary
GCA_048710575.1,Urinary
GCA_048728975.1,Ear_Nose_Throat
GCA_048712595.1,Skin_Soft_Tissue
GCA_048711495.1,Respiratory
GCA_048720615.1,Respiratory
GCA_048721595.1,Respiratory
GCA_048627065.1,Respiratory
GCA_048627085.1,Respiratory
GCA_048627105.1,Respiratory
GCA_048627125.1,Respiratory
GCA_048628025.1,Respiratory
GCA_048628045.1,Respiratory
GCA_048628065.1,Respiratory
GCA_048628085.1,Respiratory
GCA_048628105.1,Respiratory
GCA_048656265.1,Skin_Soft_Tissue
GCA_048860305.1,Urinary
GCA_048799145.1,Respiratory
GCA_048799215.1,Respiratory
GCA_048833885.1,Respiratory
GCA_048833865.1,Urinary
GCA_048907465.1,Urinary
GCA_048907385.1,Respiratory
GCA_048905465.1,Respiratory
GCA_048974245.1,Skin_Soft_Tissue
GCA_048976475.1,Skin_Soft_Tissue
GCA_048982835.1,Respiratory
GCA_049008605.1,Bone_Joint
GCA_049008525.1,Respiratory
GCA_049090235.1,Respiratory
GCA_048892025.1,Bloodstream
GCA_048892065.1,Bloodstream
GCA_048892105.1,Bloodstream
GCA_048892125.1,Bloodstream
GCA_048892165.1,Bloodstream
GCA_048892245.1,Bloodstream
GCA_048892285.1,Bloodstream
GCA_048892305.1,Bloodstream
GCA_048892325.1,Bloodstream
GCA_048892365.1,Bloodstream
GCA_048892445.1,Bloodstream
GCA_049156105.1,Gastrointestinal
GCA_049162025.1,Skin_Soft_Tissue
GCA_049162865.1,Skin_Soft_Tissue
GCA_049060105.1,Experimental
GCA_049207825.1,Respiratory
GCA_049209635.1,Skin_Soft_Tissue
GCA_049211905.1,Urinary
GCA_049223075.1,Respiratory
GCA_049259205.1,Skin_Soft_Tissue
GCA_049269865.1,Bloodstream
GCA_049270665.1,Bloodstream
GCA_049269845.1,Bloodstream
GCA_049270645.1,Bloodstream
GCA_049271865.1,Water
GCA_049295685.1,Urinary
GCA_049295715.1,Gastrointestinal
GCA_049296035.1,Skin_Soft_Tissue
GCA_049314175.1,Urinary
GCA_049314255.1,Respiratory
GCA_049316885.1,Hospital
GCA_049359815.1,Gastrointestinal
GCA_049390465.1,Gastrointestinal
GCA_049358935.1,Gastrointestinal
GCA_049390365.1,Gastrointestinal
GCA_049389705.1,Gastrointestinal
GCA_049381795.1,Gastrointestinal
GCA_049359235.1,Gastrointestinal
GCA_049389505.1,Gastrointestinal
GCA_049389465.1,Gastrointestinal
GCA_049359215.1,Gastrointestinal
GCA_049377865.1,Gastrointestinal
GCA_049389125.1,Gastrointestinal
GCA_049358455.1,Gastrointestinal
GCA_049388845.1,Gastrointestinal
GCA_049388825.1,Gastrointestinal
GCA_049387105.1,Gastrointestinal
GCA_049387045.1,Gastrointestinal
GCA_049411185.1,Hospital
GCA_049408005.1,Hospital
GCA_049411565.1,Hospital
GCA_049407985.1,Hospital
GCA_049412925.1,Hospital
GCA_049407965.1,Hospital
GCA_049407945.1,Hospital
GCA_049411545.1,Hospital
GCA_049409105.1,Hospital
GCA_049407925.1,Hospital
GCA_049407905.1,Hospital
GCA_049425845.1,Hospital
GCA_049409065.1,Hospital
GCA_049412905.1,Hospital
GCA_049407885.1,Hospital
GCA_049411825.1,Hospital
GCA_049409085.1,Hospital
GCA_049407865.1,Hospital
GCA_049407845.1,Hospital
GCA_049413345.1,Hospital
GCA_049409045.1,Hospital
GCA_049425785.1,Hospital
GCA_049411805.1,Hospital
GCA_049412065.1,Hospital
GCA_049412305.1,Hospital
GCA_049411785.1,Hospital
GCA_049409005.1,Hospital
GCA_049407825.1,Hospital
GCA_049409025.1,Hospital
GCA_049425745.1,Hospital
GCA_049408985.1,Hospital
GCA_049425725.1,Hospital
GCA_049407805.1,Hospital
GCA_049408965.1,Hospital
GCA_049411165.1,Hospital
GCA_049411525.1,Hospital
GCA_049408945.1,Hospital
GCA_049411505.1,Hospital
GCA_049412865.1,Hospital
GCA_049412805.1,Hospital
GCA_049411485.1,Hospital
GCA_049412045.1,Hospital
GCA_049425665.1,Hospital
GCA_049408925.1,Hospital
GCA_049411145.1,Hospital
GCA_049408905.1,Hospital
GCA_049408885.1,Hospital
GCA_049411765.1,Hospital
GCA_049411125.1,Hospital
GCA_049407785.1,Hospital
GCA_049407745.1,Hospital
GCA_049412785.1,Hospital
GCA_049411465.1,Hospital
GCA_049412745.1,Hospital
GCA_049408865.1,Hospital
GCA_049411105.1,Hospital
GCA_049408845.1,Hospital
GCA_049411085.1,Hospital
GCA_049411065.1,Hospital
GCA_049412215.1,Hospital
GCA_049409645.1,Hospital
GCA_049411025.1,Hospital
GCA_049411445.1,Hospital
GCA_049411425.1,Hospital
GCA_049414385.1,Hospital
GCA_049408825.1,Hospital
GCA_049411005.1,Hospital
GCA_049407725.1,Hospital
GCA_049408805.1,Hospital
GCA_049407755.1,Hospital
GCA_049408785.1,Hospital
GCA_049415395.1,Hospital
GCA_049411745.1,Hospital
GCA_049407005.1,Hospital
GCA_049408765.1,Hospital
GCA_049408745.1,Hospital
GCA_049407665.1,Hospital
GCA_049407705.1,Hospital
GCA_049408725.1,Hospital
GCA_049411405.1,Hospital
GCA_049407675.1,Hospital
GCA_049407645.1,Hospital
GCA_049407615.1,Hospital
GCA_049411725.1,Hospital
GCA_049408705.1,Hospital
GCA_049408685.1,Hospital
GCA_049411705.1,Hospital
GCA_049425625.1,Hospital
GCA_049411385.1,Hospital
GCA_049408665.1,Hospital
GCA_049411685.1,Hospital
GCA_049412025.1,Hospital
GCA_049410985.1,Hospital
GCA_049411355.1,Hospital
GCA_049408645.1,Hospital
GCA_049412695.1,Hospital
GCA_049410965.1,Hospital
GCA_049411345.1,Hospital
GCA_049408625.1,Hospital
GCA_049408605.1,Hospital
GCA_049411325.1,Hospital
GCA_049411305.1,Hospital
GCA_049408585.1,Hospital
GCA_049408565.1,Hospital
GCA_049412175.1,Hospital
GCA_049407605.1,Hospital
GCA_049407585.1,Hospital
GCA_049425605.1,Hospital
GCA_049410945.1,Hospital
GCA_049408545.1,Hospital
GCA_049412005.1,Hospital
GCA_049407555.1,Hospital
GCA_049412665.1,Hospital
GCA_049407545.1,Hospital
GCA_049425525.1,Skin_Soft_Tissue
GCA_049383645.1,Hospital
GCA_049569955.1,Urinary
GCA_049569875.1,Urinary
GCA_049601535.1,Skin_Soft_Tissue
GCA_049905195.1,Urinary
GCA_049596235.1,Respiratory
GCA_049596155.1,Skin_Soft_Tissue
GCA_049596145.1,Respiratory
GCA_049545245.1,Respiratory
GCA_049545685.1,Respiratory
GCA_049639965.1,Gastrointestinal
GCA_049639935.1,Respiratory
GCA_049634525.1,Respiratory
GCA_049639915.1,Skin_Soft_Tissue
GCA_049639875.1,Respiratory
GCA_049639795.1,Bloodstream
GCA_049641185.1,Bloodstream
GCA_049634485.1,Respiratory
GCA_049639815.1,Respiratory
GCA_049639755.1,Urinary
GCA_049639675.1,Respiratory
GCA_049639635.1,Respiratory
GCA_049639545.1,Urinary
GCA_049634465.1,Respiratory
GCA_049634405.1,Urinary
GCA_049639505.1,Respiratory
GCA_049639425.1,Respiratory
GCA_049639435.1,Respiratory
GCA_049639385.1,Urinary
GCA_049636235.1,Respiratory
GCA_049639305.1,Reproductive
GCA_049634365.1,Urinary
GCA_049636155.1,Gastrointestinal
GCA_049634345.1,Respiratory
GCA_049641165.1,Skin_Soft_Tissue
GCA_049634265.1,Respiratory
GCA_049636095.1,Respiratory
GCA_049636015.1,Respiratory
GCA_049641125.1,Urinary
GCA_049639325.1,Respiratory
GCA_049639245.1,Respiratory
GCA_049635985.1,Respiratory
GCA_049635965.1,Respiratory
GCA_049639185.1,Urinary
GCA_049639155.1,Skin_Soft_Tissue
GCA_049639105.1,Skin_Soft_Tissue
GCA_049639025.1,Respiratory
GCA_049639045.1,Urinary
GCA_049638965.1,Urinary
GCA_049641545.1,Skin_Soft_Tissue
GCA_049635855.1,Urinary
GCA_049634205.1,Bloodstream
GCA_049638915.1,Bloodstream
GCA_049635835.1,Respiratory
GCA_049634195.1,Respiratory
GCA_049638905.1,Urinary
GCA_049641005.1,Skin_Soft_Tissue
GCA_049638865.1,Urinary
GCA_049641015.1,Respiratory
GCA_049635805.1,Urinary
GCA_049640985.1,Skin_Soft_Tissue
GCA_049638795.1,Respiratory
GCA_049635715.1,Bloodstream
GCA_049635695.1,Urinary
GCA_049638775.1,Respiratory
GCA_049635655.1,Respiratory
GCA_049641345.1,Respiratory
GCA_049634145.1,Respiratory
GCA_049636515.1,Respiratory
GCA_049638735.1,Urinary
GCA_049635585.1,Respiratory
GCA_049638675.1,Respiratory
GCA_049635545.1,Respiratory
GCA_049638635.1,Respiratory
GCA_049638655.1,Skin_Soft_Tissue
GCA_049905255.1,Respiratory
GCA_049635525.1,Urinary
GCA_049633385.1,Respiratory
GCA_049638525.1,Skin_Soft_Tissue
GCA_049635445.1,Urinary
GCA_049638505.1,Skin_Soft_Tissue
GCA_049638485.1,Respiratory
GCA_049638375.1,Bloodstream
GCA_049640945.1,Urinary
GCA_049634105.1,Respiratory
GCA_049635425.1,Urinary
GCA_049640965.1,Gastrointestinal
GCA_049638335.1,Respiratory
GCA_049638355.1,Respiratory
GCA_049638275.1,Skin_Soft_Tissue
GCA_049635385.1,Gastrointestinal
GCA_049638205.1,Gastrointestinal
GCA_049640925.1,Respiratory
GCA_049640885.1,Respiratory
GCA_049638185.1,Bloodstream
GCA_049635295.1,Respiratory
GCA_049638165.1,Skin_Soft_Tissue
GCA_049638035.1,Bloodstream
GCA_049641135.1,Respiratory
GCA_049638055.1,Urinary
GCA_049640895.1,Urinary
GCA_049638015.1,Respiratory
GCA_049637905.1,Skin_Soft_Tissue
GCA_049635255.1,Gastrointestinal
GCA_049637865.1,Respiratory
GCA_049637755.1,Respiratory
GCA_049637735.1,Urinary
GCA_049637715.1,Bloodstream
GCA_049635275.1,Gastrointestinal
GCA_049637605.1,Urinary
GCA_049641105.1,Urinary
GCA_049641315.1,Bloodstream
GCA_049635105.1,Respiratory
GCA_049635115.1,Bloodstream
GCA_049634995.1,Respiratory
GCA_049637585.1,Respiratory
GCA_049641085.1,Respiratory
GCA_049640865.1,Respiratory
GCA_049637565.1,Respiratory
GCA_049637455.1,Skin_Soft_Tissue
GCA_049634025.1,Urinary
GCA_049634955.1,Respiratory
GCA_049633945.1,Respiratory
GCA_049634975.1,Respiratory
GCA_049637415.1,Respiratory
GCA_049640835.1,Skin_Soft_Tissue
GCA_049633935.1,Skin_Soft_Tissue
GCA_049637325.1,Respiratory
GCA_049637265.1,Urinary
GCA_049640825.1,Respiratory
GCA_049637285.1,Respiratory
GCA_049905235.1,Bloodstream
GCA_049633905.1,Respiratory
GCA_049634845.1,Urinary
GCA_049633845.1,Urinary
GCA_049634805.1,Urinary
GCA_049637185.1,Respiratory
GCA_049637115.1,Bloodstream
GCA_049633825.1,Skin_Soft_Tissue
GCA_049640775.1,Bloodstream
GCA_049634825.1,Bloodstream
GCA_049637125.1,Skin_Soft_Tissue
GCA_049637055.1,Urinary
GCA_049634745.1,Respiratory
GCA_049641305.1,Respiratory
GCA_049636965.1,Respiratory
GCA_049640765.1,Respiratory
GCA_049681875.1,Respiratory
GCA_049727425.1,Urinary
GCA_049745535.1,Urinary
GCA_049755465.1,Respiratory
GCA_049796595.1,Respiratory
GCA_049786955.1,Ear_Nose_Throat
GCA_049804415.1,Ear_Nose_Throat
GCA_049804495.1,Ear_Nose_Throat
GCA_049804515.1,Skin_Soft_Tissue
GCA_049804525.1,Ear_Nose_Throat
GCA_049804555.1,Ear_Nose_Throat
GCA_049804595.1,Ear_Nose_Throat
GCA_049804615.1,Ear_Nose_Throat
GCA_049804635.1,Ear_Nose_Throat
GCA_049804655.1,Ear_Nose_Throat
GCA_049804695.1,Skin_Soft_Tissue
GCA_049804735.1,Ear_Nose_Throat
GCA_049804795.1,Ear_Nose_Throat
GCA_049804935.1,Ear_Nose_Throat
GCA_049804975.1,Ear_Nose_Throat
GCA_049804995.1,Ear_Nose_Throat
GCA_049805015.1,Ear_Nose_Throat
GCA_049805235.1,Ear_Nose_Throat
GCA_049805255.1,Ear_Nose_Throat
GCA_049805595.1,Ear_Nose_Throat
GCA_049805635.1,Ear_Nose_Throat
GCA_049805655.1,Skin_Soft_Tissue
GCA_049805665.1,Ear_Nose_Throat
GCA_049805715.1,Ear_Nose_Throat
GCA_049805735.1,Ear_Nose_Throat
GCA_049805755.1,Ear_Nose_Throat
GCA_049805815.1,Ear_Nose_Throat
GCA_049805835.1,Ear_Nose_Throat
GCA_049805865.1,Ear_Nose_Throat
GCA_049805855.1,Ear_Nose_Throat
GCA_049805895.1,Ear_Nose_Throat
GCA_049805955.1,Ear_Nose_Throat
GCA_049806015.1,Skin_Soft_Tissue
GCA_049806035.1,Ear_Nose_Throat
GCA_049806055.1,Bird
GCA_049806075.1,Ear_Nose_Throat
GCA_049806135.1,Ear_Nose_Throat
GCA_049806175.1,Ear_Nose_Throat
GCA_049806295.1,Skin_Soft_Tissue
GCA_049806335.1,Urinary
GCA_049806555.1,Skin_Soft_Tissue
GCA_049806635.1,Ear_Nose_Throat
GCA_049806695.1,Ear_Nose_Throat
GCA_049806715.1,Ear_Nose_Throat
GCA_049806735.1,Ear_Nose_Throat
GCA_049806755.1,Ear_Nose_Throat
GCA_049806775.1,Ear_Nose_Throat
GCA_049806795.1,Ear_Nose_Throat
GCA_049806815.1,Skin_Soft_Tissue
GCA_049806835.1,Ear_Nose_Throat
GCA_049806855.1,Urinary
GCA_049806895.1,Ear_Nose_Throat
GCA_049806915.1,Ear_Nose_Throat
GCA_049806935.1,Ear_Nose_Throat
GCA_049806975.1,Reproductive
GCA_049806995.1,Ear_Nose_Throat
GCA_049807015.1,Urinary
GCA_049807035.1,Ear_Nose_Throat
GCA_049807055.1,Ear_Nose_Throat
GCA_049807075.1,Ear_Nose_Throat
GCA_049807095.1,Urinary
GCA_049807135.1,Skin_Soft_Tissue
GCA_049807315.1,Ear_Nose_Throat
GCA_049807335.1,Ear_Nose_Throat
GCA_049807355.1,Ear_Nose_Throat
GCA_049807375.1,Ear_Nose_Throat
GCA_049807475.1,Ear_Nose_Throat
GCA_049807595.1,Urinary
GCA_049807615.1,Ear_Nose_Throat
GCA_049807635.1,Ear_Nose_Throat
GCA_049807675.1,Skin_Soft_Tissue
GCA_049807695.1,Ear_Nose_Throat
GCA_049807775.1,Skin_Soft_Tissue
GCA_049807915.1,Respiratory
GCA_049807935.1,Ear_Nose_Throat
GCA_049807955.1,Ear_Nose_Throat
GCA_049808015.1,Ear_Nose_Throat
GCA_049808035.1,Ear_Nose_Throat
GCA_049808055.1,Ear_Nose_Throat
GCA_049808075.1,Ear_Nose_Throat
GCA_049808115.1,Ear_Nose_Throat
GCA_049808175.1,Ear_Nose_Throat
GCA_049808295.1,Ear_Nose_Throat
GCA_049858345.1,Gastrointestinal
GCA_049874285.1,Respiratory
GCA_049905755.1,Respiratory
GCA_049884675.1,Urinary
GCA_049900775.1,Respiratory
GCA_049900805.1,Skin_Soft_Tissue
GCA_049948965.1,Urinary
GCA_049939815.1,Respiratory
GCA_049939775.1,Bloodstream
GCA_049948925.1,Urinary
GCA_049948905.1,Respiratory
GCA_049993415.1,Urinary
GCA_049993015.1,Urinary
GCA_050046155.1,Respiratory
GCA_050046955.1,Respiratory
GCA_050044655.1,Respiratory
GCA_050044575.1,Respiratory
GCA_050048435.1,Respiratory
GCA_050048155.1,Respiratory
GCA_050046135.1,Respiratory
GCA_050047635.1,Respiratory
GCA_050043325.1,Respiratory
GCA_050045355.1,Respiratory
GCA_050045225.1,Respiratory
GCA_050043295.1,Respiratory
GCA_050043285.1,Respiratory
GCA_050047615.1,Respiratory
GCA_050047975.1,Respiratory
GCA_050070515.1,Respiratory
GCA_050046235.1,Respiratory
GCA_050043205.1,Respiratory
GCA_050046255.1,Respiratory
GCA_050046275.1,Respiratory
GCA_050070475.1,Respiratory
GCA_050044585.1,Respiratory
GCA_050046095.1,Respiratory
GCA_050047595.1,Respiratory
GCA_050043165.1,Respiratory
GCA_050044515.1,Respiratory
GCA_050043715.1,Respiratory
GCA_050047575.1,Respiratory
GCA_050044495.1,Respiratory
GCA_050045255.1,Respiratory
GCA_050045995.1,Respiratory
GCA_050070435.1,Respiratory
GCA_050046935.1,Respiratory
GCA_050057985.1,Respiratory
GCA_050047945.1,Respiratory
GCA_050045335.1,Respiratory
GCA_050046115.1,Respiratory
GCA_050045105.1,Respiratory
GCA_050044455.1,Respiratory
GCA_050070235.1,Respiratory
GCA_050047555.1,Respiratory
GCA_050070195.1,Respiratory
GCA_050048215.1,Respiratory
GCA_050045215.1,Respiratory
GCA_050043185.1,Respiratory
GCA_050046915.1,Respiratory
GCA_050043045.1,Respiratory
GCA_050043085.1,Respiratory
GCA_050044335.1,Respiratory
GCA_050043035.1,Respiratory
GCA_050044395.1,Respiratory
GCA_050046895.1,Respiratory
GCA_050046075.1,Respiratory
GCA_050048175.1,Respiratory
GCA_050070155.1,Respiratory
GCA_050044355.1,Respiratory
GCA_050057965.1,Respiratory
GCA_050047875.1,Respiratory
GCA_050043755.1,Respiratory
GCA_050046045.1,Respiratory
GCA_050046035.1,Respiratory
GCA_050047535.1,Respiratory
GCA_050046875.1,Water
GCA_050047515.1,Water
GCA_050048135.1,Water
GCA_050047495.1,Water
GCA_050046855.1,Water
GCA_050047475.1,Water
GCA_050046185.1,Water
GCA_050047455.1,Water
GCA_050047775.1,Water
GCA_050047935.1,Water
GCA_050046835.1,Water
GCA_050046815.1,Water
GCA_050046795.1,Water
GCA_050047435.1,Water
GCA_050046775.1,Water
GCA_050047415.1,Water
GCA_050048595.1,Water
GCA_050046755.1,Water
GCA_050046735.1,Water
GCA_050046175.1,Water
GCA_050046715.1,Water
GCA_050045975.1,Water
GCA_050046615.1,Water
GCA_050046595.1,Water
GCA_050046215.1,Water
GCA_050047315.1,Water
GCA_050047275.1,Water
GCA_050046565.1,Water
GCA_050046555.1,Water
GCA_050047255.1,Water
GCA_050047235.1,Water
GCA_050046535.1,Water
GCA_050046515.1,Water
GCA_050046495.1,Water
GCA_050047885.1,Water
GCA_050057945.1,Water
GCA_050046475.1,Water
GCA_050046435.1,Water
GCA_050047215.1,Water
GCA_050057925.1,Water
GCA_050048095.1,Water
GCA_050047195.1,Water
GCA_050047175.1,Water
GCA_050047155.1,Water
GCA_050047295.1,Water
GCA_050046445.1,Water
GCA_050047135.1,Water
GCA_050046415.1,Water
GCA_050047735.1,Water
GCA_050047115.1,Water
GCA_050046355.1,Water
GCA_050047095.1,Water
GCA_050046395.1,Water
GCA_050046375.1,Water
GCA_050046315.1,Water
GCA_050046335.1,Water
GCA_050047075.1,Water
GCA_050048075.1,Water
GCA_050048555.1,Water
GCA_050046295.1,Water
GCA_050047055.1,Water
GCA_050048515.1,Water
GCA_050055145.1,Respiratory
GCA_050081935.1,Respiratory
GCA_050087695.1,Urinary
GCA_050044235.1,Skin_Soft_Tissue
GCA_050044255.1,Skin_Soft_Tissue
GCA_050044275.1,Skin_Soft_Tissue
GCA_050044295.1,Skin_Soft_Tissue
GCA_050044315.1,Skin_Soft_Tissue
GCA_050044375.1,Skin_Soft_Tissue
GCA_050044415.1,Skin_Soft_Tissue
GCA_050044435.1,Skin_Soft_Tissue
GCA_050044475.1,Skin_Soft_Tissue
GCA_050044535.1,Skin_Soft_Tissue
GCA_050044555.1,Skin_Soft_Tissue
GCA_050044615.1,Skin_Soft_Tissue
GCA_050044635.1,Skin_Soft_Tissue
GCA_050044675.1,Skin_Soft_Tissue
GCA_050044695.1,Skin_Soft_Tissue
GCA_050044715.1,Skin_Soft_Tissue
GCA_050044735.1,Skin_Soft_Tissue
GCA_050044755.1,Skin_Soft_Tissue
GCA_050044775.1,Skin_Soft_Tissue
GCA_050044795.1,Skin_Soft_Tissue
GCA_050044815.1,Skin_Soft_Tissue
GCA_050044835.1,Skin_Soft_Tissue
GCA_050044855.1,Skin_Soft_Tissue
GCA_050044875.1,Skin_Soft_Tissue
GCA_050044895.1,Skin_Soft_Tissue
GCA_050044915.1,Skin_Soft_Tissue
GCA_050044935.1,Skin_Soft_Tissue
GCA_050044955.1,Skin_Soft_Tissue
GCA_050044975.1,Skin_Soft_Tissue
GCA_050044995.1,Skin_Soft_Tissue
GCA_050045015.1,Skin_Soft_Tissue
GCA_050045035.1,Skin_Soft_Tissue
GCA_050045055.1,Skin_Soft_Tissue
GCA_050045075.1,Skin_Soft_Tissue
GCA_050045155.1,Skin_Soft_Tissue
GCA_050045175.1,Skin_Soft_Tissue
GCA_050045195.1,Skin_Soft_Tissue
GCA_050045275.1,Skin_Soft_Tissue
GCA_050045295.1,Skin_Soft_Tissue
GCA_050045315.1,Skin_Soft_Tissue
GCA_050045375.1,Skin_Soft_Tissue
GCA_050045395.1,Skin_Soft_Tissue
GCA_050045415.1,Skin_Soft_Tissue
GCA_050045435.1,Skin_Soft_Tissue
GCA_050045455.1,Skin_Soft_Tissue
GCA_050045475.1,Skin_Soft_Tissue
GCA_050045495.1,Skin_Soft_Tissue
GCA_050045515.1,Skin_Soft_Tissue
GCA_050045535.1,Skin_Soft_Tissue
GCA_050045555.1,Skin_Soft_Tissue
GCA_050045575.1,Skin_Soft_Tissue
GCA_050045595.1,Skin_Soft_Tissue
GCA_050045615.1,Skin_Soft_Tissue
GCA_050045635.1,Skin_Soft_Tissue
GCA_050045655.1,Skin_Soft_Tissue
GCA_050045675.1,Skin_Soft_Tissue
GCA_050045695.1,Skin_Soft_Tissue
GCA_050045715.1,Skin_Soft_Tissue
GCA_050045735.1,Skin_Soft_Tissue
GCA_050045755.1,Skin_Soft_Tissue
GCA_050045775.1,Skin_Soft_Tissue
GCA_050045795.1,Skin_Soft_Tissue
GCA_050045835.1,Skin_Soft_Tissue
GCA_050045855.1,Skin_Soft_Tissue
GCA_050045875.1,Skin_Soft_Tissue
GCA_050045895.1,Skin_Soft_Tissue
GCA_050231795.1,Gastrointestinal
GCA_050231705.1,Urinary
GCA_050228175.1,Respiratory
GCA_050108175.1,Crop
GCA_050225215.1,Respiratory
GCA_050209825.1,Skin_Soft_Tissue
GCA_050204725.1,Urinary
GCA_050214195.1,Urinary
GCA_050223015.1,Urinary
GCA_050204665.1,Urinary
GCA_054397335.1,Skin_Soft_Tissue
GCA_054397835.1,Skin_Soft_Tissue
GCA_054397635.1,Skin_Soft_Tissue
GCA_050225195.1,Respiratory
GCA_050222955.1,Respiratory
GCA_050222935.1,Respiratory
GCA_050222915.1,Respiratory
GCA_050225155.1,Respiratory
GCA_050221915.1,Respiratory
GCA_050221895.1,Respiratory
GCA_050225135.1,Respiratory
GCA_050225095.1,Respiratory
GCA_050222895.1,Respiratory
GCA_050225115.1,Respiratory
GCA_050221875.1,Respiratory
GCA_050225075.1,Respiratory
GCA_050225055.1,Respiratory
GCA_050225035.1,Respiratory
GCA_050222875.1,Respiratory
GCA_050222855.1,Respiratory
GCA_050222835.1,Respiratory
GCA_050222805.1,Respiratory
GCA_050225005.1,Respiratory
GCA_050221855.1,Respiratory
GCA_050222785.1,Respiratory
GCA_050221835.1,Respiratory
GCA_050221815.1,Respiratory
GCA_050224985.1,Respiratory
GCA_050222765.1,Respiratory
GCA_050222745.1,Respiratory
GCA_050222695.1,Respiratory
GCA_050224965.1,Respiratory
GCA_050221795.1,Respiratory
GCA_050224945.1,Respiratory
GCA_050222715.1,Respiratory
GCA_050224375.1,Respiratory
GCA_050224355.1,Skin_Soft_Tissue
GCA_050224335.1,Urinary
GCA_050236185.1,Respiratory
GCA_050239025.1,Respiratory
GCA_050236405.1,Respiratory
GCA_050240945.1,Respiratory
GCA_050236385.1,Respiratory
GCA_050397845.1,Respiratory
GCA_050236165.1,Respiratory
GCA_050239965.1,Respiratory
GCA_050236145.1,Respiratory
GCA_050236125.1,Respiratory
GCA_050236105.1,Respiratory
GCA_050236055.1,Respiratory
GCA_050239005.1,Respiratory
GCA_050236075.1,Respiratory
GCA_050239945.1,Respiratory
GCA_050238985.1,Respiratory
GCA_050238805.1,Respiratory
GCA_050237425.1,Respiratory
GCA_050238785.1,Respiratory
GCA_050237745.1,Respiratory
GCA_050236365.1,Respiratory
GCA_050237045.1,Respiratory
GCA_050360235.1,Respiratory
GCA_050330375.1,Respiratory
GCA_050236035.1,Respiratory
GCA_050235995.1,Respiratory
GCA_050236015.1,Respiratory
GCA_050235975.1,Respiratory
GCA_050237715.1,Respiratory
GCA_050235945.1,Respiratory
GCA_050237405.1,Respiratory
GCA_050235225.1,Respiratory
GCA_050237385.1,Respiratory
GCA_050235045.1,Respiratory
GCA_050235925.1,Respiratory
GCA_050235905.1,Respiratory
GCA_050235885.1,Respiratory
GCA_050238745.1,Respiratory
GCA_050235265.1,Respiratory
GCA_050235245.1,Respiratory
GCA_050240345.1,Respiratory
GCA_050239905.1,Respiratory
GCA_050235165.1,Respiratory
GCA_050235865.1,Respiratory
GCA_050237705.1,Respiratory
GCA_050397825.1,Respiratory
GCA_050238725.1,Respiratory
GCA_050235845.1,Respiratory
GCA_050239925.1,Respiratory
GCA_050235825.1,Respiratory
GCA_050235805.1,Respiratory
GCA_050239865.1,Respiratory
GCA_050238965.1,Respiratory
GCA_050235785.1,Respiratory
GCA_050238705.1,Respiratory
GCA_050237675.1,Respiratory
GCA_050237025.1,Respiratory
GCA_050238685.1,Respiratory
GCA_050235765.1,Respiratory
GCA_050237655.1,Respiratory
GCA_050236825.1,Respiratory
GCA_050235735.1,Respiratory
GCA_050237365.1,Respiratory
GCA_050238665.1,Respiratory
GCA_050239885.1,Respiratory
GCA_050238645.1,Respiratory
GCA_050235725.1,Respiratory
GCA_050236805.1,Respiratory
GCA_050397805.1,Respiratory
GCA_050240385.1,Respiratory
GCA_050237635.1,Respiratory
GCA_050237005.1,Respiratory
GCA_050236785.1,Respiratory
GCA_050235205.1,Respiratory
GCA_050237605.1,Respiratory
GCA_050238625.1,Respiratory
GCA_050235705.1,Respiratory
GCA_050239845.1,Respiratory
GCA_050235685.1,Respiratory
GCA_050236345.1,Respiratory
GCA_050237585.1,Respiratory
GCA_050235665.1,Respiratory
GCA_050236325.1,Respiratory
GCA_050235635.1,Respiratory
GCA_050235625.1,Respiratory
GCA_050238945.1,Respiratory
GCA_050236305.1,Respiratory
GCA_050238605.1,Respiratory
GCA_050236765.1,Respiratory
GCA_050235185.1,Respiratory
GCA_050236285.1,Respiratory
GCA_050239755.1,Respiratory
GCA_050235605.1,Respiratory
GCA_050236245.1,Respiratory
GCA_050236745.1,Respiratory
GCA_050238585.1,Respiratory
GCA_050235585.1,Respiratory
GCA_050235565.1,Respiratory
GCA_050240735.1,Respiratory
GCA_050238565.1,Respiratory
GCA_050235145.1,Respiratory
GCA_050239795.1,Respiratory
GCA_050238545.1,Respiratory
GCA_050237565.1,Respiratory
GCA_050235545.1,Respiratory
GCA_050237345.1,Respiratory
GCA_050236725.1,Respiratory
GCA_050238925.1,Respiratory
GCA_050238525.1,Respiratory
GCA_050236705.1,Respiratory
GCA_050235515.1,Respiratory
GCA_050238495.1,Respiratory
GCA_050238475.1,Respiratory
GCA_050235495.1,Respiratory
GCA_050238455.1,Respiratory
GCA_050235475.1,Respiratory
GCA_050235445.1,Respiratory
GCA_050236265.1,Respiratory
GCA_050235425.1,Respiratory
GCA_050236225.1,Respiratory
GCA_050237545.1,Respiratory
GCA_050240685.1,Respiratory
GCA_050235405.1,Respiratory
GCA_050238425.1,Respiratory
GCA_050238895.1,Respiratory
GCA_050235385.1,Respiratory
GCA_050236985.1,Respiratory
GCA_050236685.1,Respiratory
GCA_050235345.1,Respiratory
GCA_050236945.1,Respiratory
GCA_050235055.1,Respiratory
GCA_050239645.1,Respiratory
GCA_050240365.1,Respiratory
GCA_050238365.1,Respiratory
GCA_050238345.1,Respiratory
GCA_050241145.1,Respiratory
GCA_050240425.1,Respiratory
GCA_050238875.1,Respiratory
GCA_050240305.1,Respiratory
GCA_050238325.1,Respiratory
GCA_050238285.1,Respiratory
GCA_050239625.1,Respiratory
GCA_050238845.1,Skin_Soft_Tissue
GCA_050238185.1,Urinary
GCA_050239515.1,Urinary
GCA_050241105.1,Urinary
GCA_050238165.1,Urinary
GCA_050239485.1,Urinary
GCA_050240555.1,Bloodstream
GCA_050238145.1,Urinary
GCA_050241465.1,Skin_Soft_Tissue
GCA_050242005.1,Urinary
GCA_050244235.1,Hospital
GCA_050280225.1,Skin_Soft_Tissue
GCA_050280185.1,Urinary
GCA_050280165.1,Respiratory
GCA_050280085.1,Respiratory
GCA_050280065.1,Skin_Soft_Tissue
GCA_050279965.1,Respiratory
GCA_050279925.1,Bone_Joint
GCA_050279885.1,Bone_Joint
GCA_050279845.1,Bloodstream
GCA_050279825.1,Respiratory
GCA_050279745.1,Respiratory
GCA_050279725.1,Respiratory
GCA_050279665.1,Urinary
GCA_050279625.1,Bloodstream
GCA_050279505.1,Respiratory
GCA_050279425.1,Bloodstream
GCA_050279385.1,Urinary
GCA_050279205.1,Bone_Joint
GCA_050279125.1,Respiratory
GCA_050279105.1,Skin_Soft_Tissue
GCA_050279085.1,Bone_Joint
GCA_050278985.1,Ear_Nose_Throat
GCA_050278945.1,Ear_Nose_Throat
GCA_050278925.1,Respiratory
GCA_050278825.1,Respiratory
GCA_050278855.1,Skin_Soft_Tissue
GCA_050278805.1,Bloodstream
GCA_050278725.1,Respiratory
GCA_050278705.1,Respiratory
GCA_050278685.1,Respiratory
GCA_050397525.1,Bone_Joint
GCA_052915405.1,Respiratory
GCA_050278605.1,Ear_Nose_Throat
GCA_050397345.1,Ear_Nose_Throat
GCA_050397485.1,Skin_Soft_Tissue
GCA_050278585.1,Skin_Soft_Tissue
GCA_050278565.1,Skin_Soft_Tissue
GCA_050278505.1,Skin_Soft_Tissue
GCA_050278465.1,Gastrointestinal
GCA_050278445.1,Gastrointestinal
GCA_050278385.1,Respiratory
GCA_050278345.1,Respiratory
GCA_050278325.1,Bloodstream
GCA_050278245.1,Bone_Joint
GCA_050278225.1,Skin_Soft_Tissue
GCA_050278205.1,Respiratory
GCA_050278125.1,Skin_Soft_Tissue
GCA_050278105.1,Respiratory
GCA_050278085.1,Urinary
GCA_050278005.1,Urinary
GCA_050277965.1,Urinary
GCA_050277885.1,Skin_Soft_Tissue
GCA_050277855.1,Respiratory
GCA_050277815.1,Respiratory
GCA_050277735.1,Respiratory
GCA_050277715.1,Skin_Soft_Tissue
GCA_050277675.1,Skin_Soft_Tissue
GCA_050277595.1,Urinary
GCA_050280305.1,Skin_Soft_Tissue
GCA_050277615.1,Skin_Soft_Tissue
GCA_052915385.1,Skin_Soft_Tissue
GCA_050266235.1,Urinary
GCA_050277535.1,Urinary
GCA_050277475.1,Urinary
GCA_050277455.1,Urinary
GCA_050277415.1,Ear_Nose_Throat
GCA_050277355.1,Ear_Nose_Throat
GCA_050277315.1,Urinary
GCA_050277295.1,Skin_Soft_Tissue
GCA_050266175.1,Urinary
GCA_050277215.1,Skin_Soft_Tissue
GCA_050277195.1,Respiratory
GCA_050277155.1,Urinary
GCA_050277075.1,Urinary
GCA_050277035.1,Urinary
GCA_050276955.1,Skin_Soft_Tissue
GCA_050276895.1,Skin_Soft_Tissue
GCA_050276845.1,Urinary
GCA_050266095.1,Urinary
GCA_050276815.1,Respiratory
GCA_050276755.1,Respiratory
GCA_050276675.1,Urinary
GCA_050276635.1,Urinary
GCA_050276615.1,Urinary
GCA_050276515.1,Skin_Soft_Tissue
GCA_050276555.1,Skin_Soft_Tissue
GCA_050276495.1,Respiratory
GCA_050266075.1,Respiratory
GCA_050276415.1,Skin_Soft_Tissue
GCA_050276425.1,Respiratory
GCA_050266055.1,Urinary
GCA_050276375.1,Medical_Device
GCA_050276335.1,Urinary
GCA_050276315.1,Urinary
GCA_050276275.1,Respiratory
GCA_052915365.1,Urinary
GCA_050276235.1,Respiratory
GCA_050276215.1,Respiratory
GCA_050276175.1,Urinary
GCA_050276135.1,Respiratory
GCA_050276115.1,Urinary
GCA_050276075.1,Urinary
GCA_050276035.1,Urinary
GCA_050275955.1,Urinary
GCA_050275995.1,Urinary
GCA_050397305.1,Respiratory
GCA_050275905.1,Bloodstream
GCA_050275855.1,Respiratory
GCA_050275875.1,Skin_Soft_Tissue
GCA_052915345.1,Respiratory
GCA_050275775.1,Respiratory
GCA_050275735.1,Respiratory
GCA_050275695.1,Respiratory
GCA_050275615.1,Skin_Soft_Tissue
GCA_050275575.1,Respiratory
GCA_050275595.1,Skin_Soft_Tissue
GCA_052915325.1,Respiratory
GCA_050275495.1,Respiratory
GCA_050275395.1,Skin_Soft_Tissue
GCA_050275435.1,Skin_Soft_Tissue
GCA_050275375.1,Bloodstream
GCA_050275315.1,Respiratory
GCA_050275275.1,Medical_Device
GCA_050275155.1,Respiratory
GCA_050275135.1,Respiratory
GCA_050275055.1,Urinary
GCA_050275035.1,Urinary
GCA_050275005.1,Bone_Joint
GCA_050274875.1,Bloodstream
GCA_050274915.1,Urinary
GCA_050274775.1,Gastrointestinal
GCA_050274745.1,Urinary
GCA_050274615.1,Respiratory
GCA_050274655.1,Gastrointestinal
GCA_050274515.1,Respiratory
GCA_050274495.1,Urinary
GCA_050274455.1,Ear_Nose_Throat
GCA_050265995.1,Respiratory
GCA_050274395.1,Urinary
GCA_050265935.1,Gastrointestinal
GCA_050274355.1,Respiratory
GCA_050274335.1,Urinary
GCA_050274255.1,Urinary
GCA_050274215.1,Respiratory
GCA_050265955.1,Urinary
GCA_050265835.1,Urinary
GCA_050265855.1,Urinary
GCA_050274235.1,Urinary
GCA_050274135.1,Respiratory
GCA_050274095.1,Urinary
GCA_050265815.1,Skin_Soft_Tissue
GCA_050274075.1,Skin_Soft_Tissue
GCA_050265735.1,Respiratory
GCA_050273775.1,Skin_Soft_Tissue
GCA_050265715.1,Urinary
GCA_050265615.1,Skin_Soft_Tissue
GCA_050265595.1,Skin_Soft_Tissue
GCA_050273815.1,Skin_Soft_Tissue
GCA_050273755.1,Skin_Soft_Tissue
GCA_050273655.1,Skin_Soft_Tissue
GCA_050397325.1,Urinary
GCA_050273615.1,Respiratory
GCA_050273555.1,Respiratory
GCA_050273535.1,Skin_Soft_Tissue
GCA_050273495.1,Urinary
GCA_050273435.1,Urinary
GCA_050273395.1,Skin_Soft_Tissue
GCA_050265555.1,Skin_Soft_Tissue
GCA_050265475.1,Urinary
GCA_050265455.1,Skin_Soft_Tissue
GCA_050265415.1,Respiratory
GCA_050265345.1,Urinary
GCA_050273375.1,Urinary
GCA_050273295.1,Bloodstream
GCA_050273275.1,Bloodstream
GCA_050273255.1,Medical_Device
GCA_050265295.1,Bloodstream
GCA_050265275.1,Respiratory
GCA_050265215.1,Skin_Soft_Tissue
GCA_050373595.1,Bone_Joint
GCA_050265155.1,Respiratory
GCA_050273175.1,Gastrointestinal
GCA_050265135.1,Medical_Device
GCA_050273155.1,Skin_Soft_Tissue
GCA_050265095.1,Respiratory
GCA_052915305.1,Skin_Soft_Tissue
GCA_050265035.1,Skin_Soft_Tissue
GCA_050265015.1,Medical_Device
GCA_050273115.1,Respiratory
GCA_050264975.1,Skin_Soft_Tissue
GCA_050273055.1,Skin_Soft_Tissue
GCA_050272995.1,Medical_Device
GCA_050272975.1,Medical_Device
GCA_050272895.1,Respiratory
GCA_050264915.1,Skin_Soft_Tissue
GCA_050272835.1,Respiratory
GCA_050264895.1,Skin_Soft_Tissue
GCA_052915285.1,Ear_Nose_Throat
GCA_050264855.1,Urinary
GCA_050264755.1,Urinary
GCA_050272775.1,Respiratory
GCA_050272755.1,Urinary
GCA_050272715.1,Urinary
GCA_050272655.1,Respiratory
GCA_050264775.1,Respiratory
GCA_050264715.1,Respiratory
GCA_050272635.1,Urinary
GCA_050272615.1,Urinary
GCA_050264635.1,Skin_Soft_Tissue
GCA_050272515.1,Skin_Soft_Tissue
GCA_050272455.1,Urinary
GCA_050264655.1,Respiratory
GCA_050272415.1,Urinary
GCA_050272335.1,Skin_Soft_Tissue
GCA_050272355.1,Urinary
GCA_050272235.1,Urinary
GCA_050272255.1,Skin_Soft_Tissue
GCA_050264595.1,Skin_Soft_Tissue
GCA_050264415.1,Urinary
GCA_050272215.1,Urinary
GCA_050264395.1,Urinary
GCA_050272155.1,Skin_Soft_Tissue
GCA_050272115.1,Urinary
GCA_050272095.1,Urinary
GCA_050264315.1,Skin_Soft_Tissue
GCA_050272015.1,Skin_Soft_Tissue
GCA_050271995.1,Urinary
GCA_050264275.1,Respiratory
GCA_050271955.1,Respiratory
GCA_050264015.1,Respiratory
GCA_050271875.1,Skin_Soft_Tissue
GCA_050264255.1,Reproductive
GCA_050271835.1,Ear_Nose_Throat
GCA_050271855.1,Respiratory
GCA_050264175.1,Urinary
GCA_050264135.1,Urinary
GCA_050271635.1,Respiratory
GCA_050263855.1,Respiratory
GCA_050263795.1,Skin_Soft_Tissue
GCA_050271515.1,Skin_Soft_Tissue
GCA_050271415.1,Urinary
GCA_050263775.1,Urinary
GCA_050271395.1,Skin_Soft_Tissue
GCA_050263755.1,Respiratory
GCA_050263675.1,Gastrointestinal
GCA_050263655.1,Urinary
GCA_050271435.1,Respiratory
GCA_050263635.1,Respiratory
GCA_050271295.1,Bloodstream
GCA_050263555.1,Respiratory
GCA_050263515.1,Respiratory
GCA_050271305.1,Urinary
GCA_050263535.1,Bone_Joint
GCA_050271275.1,Skin_Soft_Tissue
GCA_050271175.1,Bloodstream
GCA_050263435.1,Urinary
GCA_050271155.1,Respiratory
GCA_050263415.1,Skin_Soft_Tissue
GCA_050308685.1,Hospital
GCA_050266315.1,Bloodstream
GCA_050345415.1,Skin_Soft_Tissue
GCA_050335315.1,Respiratory
GCA_050335295.1,Respiratory
GCA_050342415.1,Urinary
GCA_050368125.1,Respiratory
GCA_050367985.1,Urinary
GCA_050372275.1,Respiratory
GCA_050395645.1,Urinary
GCA_050395205.1,Gastrointestinal
GCA_050394945.1,Urinary
GCA_047714025.2,Skin_Soft_Tissue
GCA_050323065.1,Urinary
GCA_050329315.1,Ear_Nose_Throat
GCA_050402105.1,Bloodstream
GCA_050404745.1,Skin_Soft_Tissue
GCA_050407825.1,Urinary
GCA_050420435.1,Urinary
GCA_050406985.1,Respiratory
GCA_050444085.1,Respiratory
GCA_050440165.1,Respiratory
GCA_050438685.1,Respiratory
GCA_050440845.1,Respiratory
GCA_050440045.1,Respiratory
GCA_050442825.1,Respiratory
GCA_050439185.1,Respiratory
GCA_050439965.1,Respiratory
GCA_050439165.1,Respiratory
GCA_050439145.1,Respiratory
GCA_050439125.1,Respiratory
GCA_050439105.1,Respiratory
GCA_050470075.1,Respiratory
GCA_050439945.1,Respiratory
GCA_050439065.1,Respiratory
GCA_050439925.1,Respiratory
GCA_050439085.1,Respiratory
GCA_050439905.1,Respiratory
GCA_050437765.1,Respiratory
GCA_050439885.1,Respiratory
GCA_050470025.1,Respiratory
GCA_050469945.1,Respiratory
GCA_050439865.1,Respiratory
GCA_050439025.1,Respiratory
GCA_050439845.1,Respiratory
GCA_050439825.1,Respiratory
GCA_050439805.1,Respiratory
GCA_050446105.1,Respiratory
GCA_050439005.1,Respiratory
GCA_050439045.1,Respiratory
GCA_050439785.1,Respiratory
GCA_050439765.1,Respiratory
GCA_050439745.1,Respiratory
GCA_050438965.1,Respiratory
GCA_050442805.1,Respiratory
GCA_050438985.1,Respiratory
GCA_050438945.1,Respiratory
GCA_050440425.1,Respiratory
GCA_050438905.1,Respiratory
GCA_050439725.1,Respiratory
GCA_050438285.1,Respiratory
GCA_050439705.1,Respiratory
GCA_050444045.1,Respiratory
GCA_050469965.1,Respiratory
GCA_050439685.1,Respiratory
GCA_050379055.1,Skin_Soft_Tissue
GCA_050379075.1,Skin_Soft_Tissue
GCA_050379095.1,Skin_Soft_Tissue
GCA_050379115.1,Skin_Soft_Tissue
GCA_050379135.1,Skin_Soft_Tissue
GCA_050379155.1,Respiratory
GCA_050379175.1,Skin_Soft_Tissue
GCA_050379195.1,Water
GCA_050379215.1,Water
GCA_050379235.1,Water
GCA_050379255.1,Water
GCA_050379275.1,Urinary
GCA_050379295.1,Respiratory
GCA_050379315.1,Urinary
GCA_050379335.1,Respiratory
GCA_050379355.1,Skin_Soft_Tissue
GCA_050379375.1,Urinary
GCA_050504135.1,Urinary
GCA_050503735.1,Respiratory
GCA_050470525.1,Soil
GCA_050470565.1,Soil
GCA_050470845.1,Soil
GCA_050472145.1,Respiratory
GCA_050472175.1,Respiratory
GCA_050472205.1,Respiratory
GCA_050472225.1,Respiratory
GCA_050472245.1,Respiratory
GCA_050472265.1,Respiratory
GCA_050472285.1,Respiratory
GCA_050472305.1,Respiratory
GCA_050472325.1,Respiratory
GCA_050472345.1,Respiratory
GCA_050472365.1,Respiratory
GCA_050472385.1,Respiratory
GCA_050472405.1,Respiratory
GCA_050472425.1,Respiratory
GCA_050472445.1,Respiratory
GCA_050472465.1,Respiratory
GCA_050472485.1,Respiratory
GCA_050472505.1,Respiratory
GCA_050472565.1,Respiratory
GCA_050472585.1,Respiratory
GCA_050472605.1,Respiratory
GCA_050472625.1,Respiratory
GCA_050472645.1,Respiratory
GCA_050472665.1,Respiratory
GCA_050472685.1,Respiratory
GCA_050472705.1,Respiratory
GCA_050472725.1,Respiratory
GCA_050472765.1,Respiratory
GCA_050472785.1,Respiratory
GCA_050472805.1,Respiratory
GCA_050472825.1,Respiratory
GCA_050472845.1,Respiratory
GCA_050472865.1,Respiratory
GCA_050472885.1,Respiratory
GCA_050472905.1,Respiratory
GCA_050472925.1,Respiratory
GCA_050472945.1,Respiratory
GCA_050472965.1,Respiratory
GCA_050472985.1,Respiratory
GCA_050473005.1,Respiratory
GCA_050473025.1,Respiratory
GCA_050473045.1,Respiratory
GCA_050473065.1,Respiratory
GCA_050473085.1,Respiratory
GCA_050473105.1,Respiratory
GCA_050473145.1,Respiratory
GCA_050473165.1,Respiratory
GCA_050473185.1,Respiratory
GCA_050473205.1,Respiratory
GCA_050473225.1,Respiratory
GCA_050473245.1,Respiratory
GCA_050473645.1,Soil
GCA_050476525.1,Respiratory
GCA_050476545.1,Respiratory
GCA_050476565.1,Respiratory
GCA_050476585.1,Respiratory
GCA_050476605.1,Respiratory
GCA_050476625.1,Respiratory
GCA_050476665.1,Respiratory
GCA_050476685.1,Respiratory
GCA_050476705.1,Respiratory
GCA_050476725.1,Respiratory
GCA_050476745.1,Respiratory
GCA_050476765.1,Respiratory
GCA_050476785.1,Respiratory
GCA_050476805.1,Respiratory
GCA_050476825.1,Respiratory
GCA_050487385.1,Urinary
GCA_050487405.1,Urinary
GCA_050487425.1,Urinary
GCA_050487445.1,Urinary
GCA_050487465.1,Urinary
GCA_050487485.1,Urinary
GCA_050487505.1,Urinary
GCA_050487525.1,Urinary
GCA_050487545.1,Urinary
GCA_050487565.1,Urinary
GCA_050487585.1,Urinary
GCA_050488605.1,Urinary
GCA_050499175.1,Urinary
GCA_050499725.1,Urinary
GCA_050582665.1,Urinary
GCA_050569955.1,Skin_Soft_Tissue
GCA_050571815.1,Urinary
GCA_050603685.1,Respiratory
GCA_050612985.1,Urinary
GCA_050605345.1,Respiratory
GCA_050605305.1,Respiratory
GCA_050612865.1,Skin_Soft_Tissue
GCA_050617415.1,Urinary
GCA_050617515.1,Gastrointestinal
GCA_050620515.1,Urinary
GCA_050596895.1,Urinary
GCA_050681335.1,Hospital
GCA_050681315.1,Hospital
GCA_050681295.1,Hospital
GCA_050681275.1,Hospital
GCA_050681255.1,Hospital
GCA_050681235.1,Hospital
GCA_050681215.1,Hospital
GCA_050681195.1,Hospital
GCA_050681175.1,Hospital
GCA_050681155.1,Hospital
GCA_050681135.1,Hospital
GCA_050681115.1,Hospital
GCA_050681095.1,Hospital
GCA_050681075.1,Hospital
GCA_050681055.1,Hospital
GCA_050681035.1,Hospital
GCA_050681015.1,Hospital
GCA_050680995.1,Hospital
GCA_050680975.1,Hospital
GCA_050680955.1,Hospital
GCA_050680935.1,Hospital
GCA_050680915.1,Hospital
GCA_050680895.1,Hospital
GCA_050680875.1,Hospital
GCA_050680855.1,Hospital
GCA_050680395.1,Hospital
GCA_050680375.1,Hospital
GCA_050680355.1,Hospital
GCA_052914565.1,Hospital
GCA_050680135.1,Hospital
GCA_050680155.1,Hospital
GCA_050680175.1,Hospital
GCA_050680115.1,Hospital
GCA_050680075.1,Hospital
GCA_050680095.1,Hospital
GCA_050680295.1,Hospital
GCA_050680055.1,Hospital
GCA_050680015.1,Hospital
GCA_050680035.1,Hospital
GCA_050679995.1,Hospital
GCA_050679975.1,Hospital
GCA_050679935.1,Hospital
GCA_050679915.1,Hospital
GCA_050679955.1,Hospital
GCA_050679895.1,Hospital
GCA_050679875.1,Hospital
GCA_050679855.1,Hospital
GCA_050679835.1,Hospital
GCA_050679815.1,Hospital
GCA_050679795.1,Hospital
GCA_050679775.1,Hospital
GCA_050679755.1,Hospital
GCA_050679735.1,Hospital
GCA_050679715.1,Hospital
GCA_050679695.1,Hospital
GCA_050679675.1,Hospital
GCA_050679645.1,Hospital
GCA_050679635.1,Hospital
GCA_050679615.1,Hospital
GCA_050679595.1,Hospital
GCA_050679575.1,Hospital
GCA_050679555.1,Hospital
GCA_050679535.1,Hospital
GCA_050679515.1,Hospital
GCA_050679495.1,Hospital
GCA_050679475.1,Hospital
GCA_050679455.1,Hospital
GCA_050679435.1,Hospital
GCA_050707295.1,Hospital
GCA_050679415.1,Hospital
GCA_050679395.1,Hospital
GCA_050679375.1,Hospital
GCA_050679355.1,Hospital
GCA_050679215.1,Hospital
GCA_050679195.1,Hospital
GCA_050679175.1,Hospital
GCA_050679155.1,Hospital
GCA_050679135.1,Hospital
GCA_050679115.1,Hospital
GCA_050679095.1,Hospital
GCA_050679075.1,Hospital
GCA_050679055.1,Hospital
GCA_050679035.1,Hospital
GCA_050679015.1,Hospital
GCA_050678995.1,Hospital
GCA_050678975.1,Hospital
GCA_050678955.1,Hospital
GCA_050678935.1,Hospital
GCA_050678895.1,Hospital
GCA_050678915.1,Hospital
GCA_050678875.1,Hospital
GCA_050678835.1,Hospital
GCA_050678855.1,Hospital
GCA_050678815.1,Hospital
GCA_050678795.1,Hospital
GCA_050678775.1,Hospital
GCA_050678755.1,Hospital
GCA_050678735.1,Hospital
GCA_050678715.1,Hospital
GCA_050678695.1,Hospital
GCA_050678675.1,Hospital
GCA_050678655.1,Hospital
GCA_050678635.1,Hospital
GCA_050678615.1,Hospital
GCA_050678595.1,Hospital
GCA_050678555.1,Hospital
GCA_050678575.1,Hospital
GCA_050678535.1,Hospital
GCA_050678515.1,Hospital
GCA_050678495.1,Hospital
GCA_050678475.1,Hospital
GCA_050678455.1,Hospital
GCA_050678435.1,Hospital
GCA_050678375.1,Hospital
GCA_050678395.1,Hospital
GCA_050678415.1,Hospital
GCA_050678335.1,Hospital
GCA_050678355.1,Hospital
GCA_050678315.1,Hospital
GCA_050678275.1,Hospital
GCA_050678285.1,Hospital
GCA_050678235.1,Hospital
GCA_050678215.1,Hospital
GCA_050678195.1,Hospital
GCA_050678155.1,Hospital
GCA_050678135.1,Hospital
GCA_050678175.1,Hospital
GCA_050678115.1,Hospital
GCA_050707255.1,Hospital
GCA_050678075.1,Hospital
GCA_050678095.1,Hospital
GCA_050678055.1,Hospital
GCA_050678035.1,Hospital
GCA_050678015.1,Hospital
GCA_050677995.1,Hospital
GCA_050677975.1,Hospital
GCA_050677955.1,Hospital
GCA_050677935.1,Hospital
GCA_050677915.1,Hospital
GCA_050677895.1,Hospital
GCA_050677875.1,Hospital
GCA_050677855.1,Hospital
GCA_050677835.1,Hospital
GCA_050677815.1,Hospital
GCA_050677795.1,Hospital
GCA_050677775.1,Hospital
GCA_050677755.1,Hospital
GCA_050677735.1,Hospital
GCA_050677715.1,Hospital
GCA_050677675.1,Hospital
GCA_050677695.1,Hospital
GCA_050677655.1,Hospital
GCA_050677635.1,Hospital
GCA_050677615.1,Hospital
GCA_050677595.1,Hospital
GCA_050677575.1,Hospital
GCA_050677555.1,Hospital
GCA_050677535.1,Hospital
GCA_050677515.1,Hospital
GCA_050677495.1,Hospital
GCA_050677475.1,Hospital
GCA_050677455.1,Hospital
GCA_050707275.1,Hospital
GCA_050677435.1,Hospital
GCA_050677415.1,Hospital
GCA_050677395.1,Hospital
GCA_050677375.1,Hospital
GCA_050677075.1,Hospital
GCA_050677055.1,Hospital
GCA_050677255.1,Hospital
GCA_050677235.1,Hospital
GCA_050677035.1,Hospital
GCA_050676995.1,Hospital
GCA_050677215.1,Hospital
GCA_050676975.1,Hospital
GCA_050677005.1,Hospital
GCA_050677195.1,Hospital
GCA_050677175.1,Hospital
GCA_050677155.1,Hospital
GCA_050677135.1,Hospital
GCA_050676935.1,Hospital
GCA_050676955.1,Hospital
GCA_050676915.1,Hospital
GCA_050676895.1,Hospital
GCA_050676875.1,Hospital
GCA_050676855.1,Hospital
GCA_050676835.1,Hospital
GCA_050676815.1,Hospital
GCA_050676795.1,Hospital
GCA_050676775.1,Hospital
GCA_050676755.1,Hospital
GCA_050676735.1,Hospital
GCA_050676715.1,Hospital
GCA_050676695.1,Hospital
GCA_050676675.1,Hospital
GCA_050676655.1,Hospital
GCA_050676635.1,Hospital
GCA_050676615.1,Hospital
GCA_050676595.1,Hospital
GCA_050676575.1,Hospital
GCA_050676555.1,Hospital
GCA_050676515.1,Hospital
GCA_050676535.1,Hospital
GCA_050676495.1,Hospital
GCA_050676455.1,Hospital
GCA_050676475.1,Hospital
GCA_050676435.1,Hospital
GCA_050676415.1,Hospital
GCA_050676395.1,Hospital
GCA_050676375.1,Hospital
GCA_050676355.1,Hospital
GCA_050676335.1,Hospital
GCA_050676315.1,Hospital
GCA_050676295.1,Hospital
GCA_050676255.1,Hospital
GCA_050676215.1,Hospital
GCA_050676195.1,Hospital
GCA_050676175.1,Hospital
GCA_050676135.1,Hospital
GCA_050676155.1,Hospital
GCA_050676115.1,Hospital
GCA_050676095.1,Hospital
GCA_050676075.1,Hospital
GCA_050676055.1,Hospital
GCA_050676035.1,Hospital
GCA_050676015.1,Hospital
GCA_050675975.1,Hospital
GCA_050675995.1,Hospital
GCA_050675955.1,Hospital
GCA_050675915.1,Hospital
GCA_050675935.1,Hospital
GCA_050675895.1,Hospital
GCA_050675855.1,Hospital
GCA_050675875.1,Hospital
GCA_050675835.1,Hospital
GCA_050675815.1,Hospital
GCA_050675795.1,Hospital
GCA_050675775.1,Hospital
GCA_050675755.1,Hospital
GCA_050675735.1,Hospital
GCA_050675715.1,Hospital
GCA_050675695.1,Hospital
GCA_050675675.1,Hospital
GCA_050675655.1,Hospital
GCA_050675635.1,Hospital
GCA_050675615.1,Hospital
GCA_050675595.1,Hospital
GCA_050675575.1,Hospital
GCA_050675555.1,Hospital
GCA_050675535.1,Hospital
GCA_050675515.1,Hospital
GCA_050675495.1,Hospital
GCA_050675455.1,Hospital
GCA_050675475.1,Hospital
GCA_050675435.1,Hospital
GCA_050675415.1,Hospital
GCA_050675395.1,Hospital
GCA_050675375.1,Hospital
GCA_050675355.1,Hospital
GCA_050675335.1,Hospital
GCA_050675215.1,Hospital
GCA_050675195.1,Hospital
GCA_050675175.1,Hospital
GCA_050675155.1,Hospital
GCA_050675135.1,Hospital
GCA_050675115.1,Hospital
GCA_050675095.1,Hospital
GCA_050675075.1,Hospital
GCA_050707175.1,Hospital
GCA_050675055.1,Hospital
GCA_050675035.1,Hospital
GCA_050675015.1,Hospital
GCA_050674995.1,Hospital
GCA_050674975.1,Hospital
GCA_050674955.1,Hospital
GCA_050674935.1,Hospital
GCA_050674915.1,Hospital
GCA_050674895.1,Hospital
GCA_050674875.1,Hospital
GCA_050674855.1,Hospital
GCA_050674835.1,Hospital
GCA_050674815.1,Hospital
GCA_050674795.1,Hospital
GCA_050674755.1,Hospital
GCA_050674775.1,Hospital
GCA_050674735.1,Hospital
GCA_050674715.1,Hospital
GCA_050674695.1,Hospital
GCA_050674675.1,Hospital
GCA_050674655.1,Hospital
GCA_050674635.1,Hospital
GCA_050674615.1,Hospital
GCA_050674595.1,Hospital
GCA_050674575.1,Hospital
GCA_050707095.1,Hospital
GCA_050674555.1,Hospital
GCA_050674515.1,Hospital
GCA_050674535.1,Hospital
GCA_050674495.1,Hospital
GCA_050674475.1,Hospital
GCA_050674455.1,Hospital
GCA_050674435.1,Hospital
GCA_050674395.1,Hospital
GCA_050674415.1,Hospital
GCA_050674375.1,Hospital
GCA_050674345.1,Hospital
GCA_050674335.1,Hospital
GCA_050674315.1,Hospital
GCA_050674215.1,Hospital
GCA_050674195.1,Hospital
GCA_050674175.1,Hospital
GCA_050674155.1,Hospital
GCA_050674135.1,Hospital
GCA_050674115.1,Hospital
GCA_050674095.1,Hospital
GCA_050674075.1,Hospital
GCA_050674055.1,Hospital
GCA_050674035.1,Hospital
GCA_050674015.1,Hospital
GCA_050673875.1,Hospital
GCA_050673695.1,Hospital
GCA_050673475.1,Hospital
GCA_050673235.1,Hospital
GCA_050673195.1,Hospital
GCA_050673155.1,Hospital
GCA_050673135.1,Hospital
GCA_050673115.1,Hospital
GCA_050673095.1,Hospital
GCA_050707035.1,Hospital
GCA_050673055.1,Hospital
GCA_050673035.1,Hospital
GCA_050673015.1,Hospital
GCA_050672955.1,Hospital
GCA_050672935.1,Hospital
GCA_050672915.1,Hospital
GCA_050672875.1,Hospital
GCA_050672835.1,Hospital
GCA_050672855.1,Hospital
GCA_050672815.1,Hospital
GCA_050672795.1,Hospital
GCA_050672775.1,Hospital
GCA_050672995.1,Hospital
GCA_050672755.1,Hospital
GCA_050672735.1,Hospital
GCA_050672715.1,Hospital
GCA_050672675.1,Hospital
GCA_050672655.1,Hospital
GCA_050672695.1,Hospital
GCA_050672635.1,Hospital
GCA_050672595.1,Hospital
GCA_050672615.1,Hospital
GCA_050672575.1,Hospital
GCA_050672535.1,Hospital
GCA_050672555.1,Hospital
GCA_050672515.1,Hospital
GCA_050672495.1,Hospital
GCA_050672475.1,Hospital
GCA_050672455.1,Hospital
GCA_050672435.1,Hospital
GCA_050672415.1,Hospital
GCA_050672395.1,Hospital
GCA_050672375.1,Hospital
GCA_050672355.1,Hospital
GCA_050672335.1,Hospital
GCA_050672315.1,Hospital
GCA_050672295.1,Hospital
GCA_050672275.1,Hospital
GCA_050672255.1,Hospital
GCA_050672215.1,Hospital
GCA_050672195.1,Hospital
GCA_050672175.1,Hospital
GCA_050672135.1,Hospital
GCA_050672155.1,Hospital
GCA_050672115.1,Hospital
GCA_050672095.1,Hospital
GCA_050672075.1,Hospital
GCA_050672055.1,Hospital
GCA_050672035.1,Hospital
GCA_050672015.1,Hospital
GCA_050671995.1,Hospital
GCA_050671975.1,Hospital
GCA_050671955.1,Hospital
GCA_050671915.1,Hospital
GCA_050671935.1,Hospital
GCA_050671895.1,Hospital
GCA_050671875.1,Hospital
GCA_050671855.1,Hospital
GCA_050671835.1,Hospital
GCA_050671815.1,Hospital
GCA_050671795.1,Hospital
GCA_050671775.1,Hospital
GCA_050671755.1,Hospital
GCA_050671735.1,Hospital
GCA_050671715.1,Hospital
GCA_050671695.1,Hospital
GCA_050671675.1,Hospital
GCA_050671655.1,Hospital
GCA_050671635.1,Hospital
GCA_050671615.1,Hospital
GCA_050671595.1,Hospital
GCA_050671575.1,Hospital
GCA_050671555.1,Hospital
GCA_050671535.1,Hospital
GCA_050671515.1,Hospital
GCA_050671495.1,Hospital
GCA_050671475.1,Hospital
GCA_050671435.1,Hospital
GCA_050671455.1,Hospital
GCA_050671415.1,Hospital
GCA_050671395.1,Hospital
GCA_050671375.1,Hospital
GCA_050671355.1,Hospital
GCA_050671335.1,Hospital
GCA_050671315.1,Hospital
GCA_050671295.1,Hospital
GCA_050671275.1,Hospital
GCA_050671255.1,Hospital
GCA_050671075.1,Hospital
GCA_050670855.1,Hospital
GCA_050670635.1,Hospital
GCA_050670615.1,Hospital
GCA_050670595.1,Hospital
GCA_050670575.1,Hospital
GCA_050670555.1,Hospital
GCA_050670535.1,Hospital
GCA_050670495.1,Hospital
GCA_050670515.1,Hospital
GCA_050670475.1,Hospital
GCA_050670455.1,Hospital
GCA_050670435.1,Hospital
GCA_050670415.1,Hospital
GCA_050670395.1,Hospital
GCA_050670375.1,Hospital
GCA_050670355.1,Hospital
GCA_050670335.1,Hospital
GCA_050670315.1,Hospital
GCA_050670295.1,Hospital
GCA_050670275.1,Hospital
GCA_050670255.1,Hospital
GCA_050670235.1,Hospital
GCA_050706975.1,Hospital
GCA_050706985.1,Hospital
GCA_050670215.1,Hospital
GCA_050670195.1,Hospital
GCA_050670175.1,Hospital
GCA_050670155.1,Hospital
GCA_050670135.1,Hospital
GCA_050670115.1,Hospital
GCA_050670095.1,Hospital
GCA_050670075.1,Hospital
GCA_050670055.1,Hospital
GCA_050670015.1,Hospital
GCA_050706895.1,Hospital
GCA_050670035.1,Hospital
GCA_050669995.1,Hospital
GCA_050706815.1,Hospital
GCA_050706835.1,Hospital
GCA_050669975.1,Hospital
GCA_050706755.1,Hospital
GCA_050669955.1,Hospital
GCA_050669935.1,Hospital
GCA_050669915.1,Hospital
GCA_050669895.1,Hospital
GCA_050669875.1,Hospital
GCA_050669855.1,Hospital
GCA_050669835.1,Hospital
GCA_050706695.1,Hospital
GCA_050669815.1,Hospital
GCA_050669795.1,Hospital
GCA_050669775.1,Hospital
GCA_050669735.1,Hospital
GCA_050669715.1,Hospital
GCA_050669755.1,Hospital
GCA_050669695.1,Hospital
GCA_050669655.1,Hospital
GCA_050669675.1,Hospital
GCA_050669635.1,Hospital
GCA_050669595.1,Hospital
GCA_050669615.1,Hospital
GCA_050706675.1,Hospital
GCA_050669535.1,Hospital
GCA_050669575.1,Hospital
GCA_050669555.1,Hospital
GCA_050669515.1,Hospital
GCA_050669475.1,Hospital
GCA_050706635.1,Hospital
GCA_050669495.1,Hospital
GCA_050669455.1,Hospital
GCA_050706555.1,Hospital
GCA_050669435.1,Hospital
GCA_050669415.1,Hospital
GCA_050706575.1,Hospital
GCA_050669215.1,Hospital
GCA_050669175.1,Hospital
GCA_050669195.1,Hospital
GCA_050669155.1,Hospital
GCA_050669135.1,Hospital
GCA_050669115.1,Hospital
GCA_050669095.1,Hospital
GCA_050669075.1,Hospital
GCA_050669055.1,Hospital
GCA_050669035.1,Hospital
GCA_050669015.1,Hospital
GCA_050668995.1,Hospital
GCA_050668975.1,Hospital
GCA_050668955.1,Hospital
GCA_050668935.1,Hospital
GCA_050668915.1,Hospital
GCA_050668895.1,Hospital
GCA_050668875.1,Hospital
GCA_050668835.1,Hospital
GCA_050668855.1,Hospital
GCA_050668815.1,Hospital
GCA_050668755.1,Hospital
GCA_050668715.1,Hospital
GCA_050668735.1,Hospital
GCA_050668695.1,Hospital
GCA_050668675.1,Hospital
GCA_050668655.1,Hospital
GCA_050668635.1,Hospital
GCA_050668595.1,Hospital
GCA_050668615.1,Hospital
GCA_050668575.1,Hospital
GCA_050668535.1,Hospital
GCA_050668795.1,Hospital
GCA_050668555.1,Hospital
GCA_050668515.1,Hospital
GCA_050668495.1,Hospital
GCA_050706525.1,Hospital
GCA_050668775.1,Hospital
GCA_050668475.1,Hospital
GCA_050668455.1,Hospital
GCA_050668435.1,Hospital
GCA_050668415.1,Hospital
GCA_050668395.1,Hospital
GCA_050668375.1,Hospital
GCA_050668355.1,Hospital
GCA_050668335.1,Hospital
GCA_050706455.1,Hospital
GCA_050668315.1,Hospital
GCA_050668295.1,Hospital
GCA_050668275.1,Hospital
GCA_050668255.1,Hospital
GCA_050668235.1,Hospital
GCA_050668215.1,Hospital
GCA_050668195.1,Hospital
GCA_050668175.1,Hospital
GCA_050668155.1,Hospital
GCA_050668135.1,Hospital
GCA_050668115.1,Hospital
GCA_050668095.1,Hospital
GCA_050668075.1,Hospital
GCA_050706435.1,Hospital
GCA_050668055.1,Hospital
GCA_050668035.1,Hospital
GCA_050668015.1,Hospital
GCA_050667995.1,Hospital
GCA_050667975.1,Hospital
GCA_050706405.1,Hospital
GCA_050667955.1,Hospital
GCA_050667935.1,Hospital
GCA_050667915.1,Hospital
GCA_050667895.1,Hospital
GCA_050667875.1,Hospital
GCA_050667855.1,Hospital
GCA_050667835.1,Hospital
GCA_050667815.1,Hospital
GCA_050667795.1,Hospital
GCA_050667775.1,Hospital
GCA_050667755.1,Hospital
GCA_050667735.1,Hospital
GCA_050667715.1,Hospital
GCA_050667695.1,Hospital
GCA_050706355.1,Hospital
GCA_050667675.1,Hospital
GCA_050667655.1,Hospital
GCA_050667635.1,Hospital
GCA_050667615.1,Hospital
GCA_050667595.1,Hospital
GCA_050667575.1,Hospital
GCA_050667555.1,Hospital
GCA_050667535.1,Hospital
GCA_050667455.1,Hospital
GCA_050667235.1,Hospital
GCA_050667125.1,Hospital
GCA_050666875.1,Hospital
GCA_050667155.1,Hospital
GCA_050666895.1,Hospital
GCA_050666815.1,Hospital
GCA_050666855.1,Hospital
GCA_050666835.1,Hospital
GCA_050706315.1,Hospital
GCA_050666795.1,Hospital
GCA_050666755.1,Hospital
GCA_050666775.1,Hospital
GCA_050666735.1,Hospital
GCA_050666715.1,Hospital
GCA_050666695.1,Hospital
GCA_050666655.1,Hospital
GCA_050666675.1,Hospital
GCA_050666635.1,Hospital
GCA_050666615.1,Hospital
GCA_050666595.1,Hospital
GCA_050666575.1,Hospital
GCA_050666545.1,Hospital
GCA_050666535.1,Hospital
GCA_050666495.1,Hospital
GCA_050666515.1,Hospital
GCA_050666475.1,Hospital
GCA_050666455.1,Hospital
GCA_050666435.1,Hospital
GCA_050666415.1,Hospital
GCA_050666375.1,Hospital
GCA_050680275.1,Respiratory
GCA_050677335.1,Urinary
GCA_050683095.1,Respiratory
GCA_050689655.1,Respiratory
GCA_050693955.1,Urinary
GCA_050642295.1,Urinary
GCA_050714055.1,Respiratory
GCA_050717235.1,Respiratory
GCA_050712595.1,Ear_Nose_Throat
GCA_050713975.1,Urinary
GCA_050822445.1,Respiratory
GCA_050712805.1,Respiratory
GCA_050713175.1,Respiratory
GCA_050736825.1,Urinary
GCA_050767475.1,Respiratory
GCA_050767765.1,Respiratory
GCA_050779205.1,Respiratory
GCA_050779185.1,Urinary
GCA_050779825.1,Urinary
GCA_050767435.1,Bloodstream
GCA_050751225.1,Urinary
GCA_050751285.1,Skin_Soft_Tissue
GCA_050751305.1,Urinary
GCA_050751345.1,Respiratory
GCA_050751365.1,Skin_Soft_Tissue
GCA_050753205.1,Skin_Soft_Tissue
GCA_050767675.1,Respiratory
GCA_050767715.1,Bone_Joint
GCA_050767795.1,Bloodstream
GCA_050767815.1,Medical_Device
GCA_050767835.1,Respiratory
GCA_050767895.1,Gastrointestinal
GCA_050767935.1,Urinary
GCA_050767955.1,Bloodstream
GCA_050767995.1,Urinary
GCA_050768035.1,Urinary
GCA_050768135.1,Medical_Device
GCA_050768215.1,Urinary
GCA_050768235.1,Urinary
GCA_050768255.1,Urinary
GCA_050768275.1,Bloodstream
GCA_050768305.1,Respiratory
GCA_050768295.1,Respiratory
GCA_050768335.1,Respiratory
GCA_050768365.1,Bone_Joint
GCA_050768395.1,Respiratory
GCA_050768415.1,Urinary
GCA_050768425.1,Gastrointestinal
GCA_050768455.1,Gastrointestinal
GCA_050768475.1,Bone_Joint
GCA_050768485.1,Gastrointestinal
GCA_050768515.1,Bloodstream
GCA_050768535.1,Gastrointestinal
GCA_050768555.1,Urinary
GCA_050768595.1,Urinary
GCA_050768615.1,Bone_Joint
GCA_050768635.1,Bloodstream
GCA_050768655.1,Urinary
GCA_050768675.1,Respiratory
GCA_050770935.1,Bloodstream
GCA_050770955.1,Urinary
GCA_050770975.1,Gastrointestinal
GCA_050770995.1,Skin_Soft_Tissue
GCA_050771015.1,Skin_Soft_Tissue
GCA_050771035.1,Skin_Soft_Tissue
GCA_050771055.1,Respiratory
GCA_050771075.1,Urinary
GCA_050771095.1,Urinary
GCA_050771115.1,Urinary
GCA_050771135.1,Urinary
GCA_050771155.1,Bloodstream
GCA_050771175.1,Gastrointestinal
GCA_050771195.1,Bloodstream
GCA_050771215.1,Respiratory
GCA_050771235.1,Bloodstream
GCA_050771255.1,Respiratory
GCA_050771275.1,Respiratory
GCA_050771295.1,Urinary
GCA_050771315.1,Bloodstream
GCA_050771335.1,Gastrointestinal
GCA_050771355.1,Bloodstream
GCA_050771375.1,Skin_Soft_Tissue
GCA_050771395.1,Skin_Soft_Tissue
GCA_050771415.1,Respiratory
GCA_050771435.1,Respiratory
GCA_050771455.1,Respiratory
GCA_050771475.1,Respiratory
GCA_050771495.1,Bone_Joint
GCA_050771535.1,Bloodstream
GCA_050771555.1,Gastrointestinal
GCA_050771575.1,Urinary
GCA_050771595.1,Respiratory
GCA_050771615.1,Skin_Soft_Tissue
GCA_050771635.1,Bone_Joint
GCA_050771645.1,Bone_Joint
GCA_050771695.1,Bloodstream
GCA_050771715.1,Bloodstream
GCA_050771735.1,Respiratory
GCA_050771755.1,Skin_Soft_Tissue
GCA_050771775.1,Skin_Soft_Tissue
GCA_050771795.1,Respiratory
GCA_050771815.1,Skin_Soft_Tissue
GCA_050771835.1,Respiratory
GCA_050771855.1,Urinary
GCA_050771875.1,Gastrointestinal
GCA_050771895.1,Respiratory
GCA_050771915.1,Respiratory
GCA_050771955.1,Respiratory
GCA_050771975.1,Respiratory
GCA_050771995.1,Bloodstream
GCA_050772015.1,Bloodstream
GCA_050772035.1,Urinary
GCA_050772055.1,Bloodstream
GCA_050772075.1,Gastrointestinal
GCA_050772105.1,Bloodstream
GCA_050846215.1,Bloodstream
GCA_050846235.1,Respiratory
GCA_050859755.1,Urinary
GCA_050861695.1,Skin_Soft_Tissue
GCA_050870695.1,Skin_Soft_Tissue
GCA_050863765.1,Skin_Soft_Tissue
GCA_050863735.1,Skin_Soft_Tissue
GCA_050870675.1,Respiratory
GCA_050870655.1,Urinary
GCA_050863355.1,Respiratory
GCA_050863715.1,Respiratory
GCA_050870635.1,Skin_Soft_Tissue
GCA_050870615.1,Skin_Soft_Tissue
GCA_050862765.1,Skin_Soft_Tissue
GCA_050870595.1,Skin_Soft_Tissue
GCA_050863695.1,Skin_Soft_Tissue
GCA_050863315.1,Skin_Soft_Tissue
GCA_050870575.1,Respiratory
GCA_050870555.1,Urinary
GCA_050864095.1,Skin_Soft_Tissue
GCA_050863675.1,Skin_Soft_Tissue
GCA_050870535.1,Skin_Soft_Tissue
GCA_050863655.1,Skin_Soft_Tissue
GCA_050862755.1,Urinary
GCA_050863635.1,Respiratory
GCA_050864105.1,Urinary
GCA_050863295.1,Respiratory
GCA_050862735.1,Skin_Soft_Tissue
GCA_050870505.1,Skin_Soft_Tissue
GCA_050863615.1,Respiratory
GCA_050864075.1,Respiratory
GCA_050863275.1,Respiratory
GCA_050862695.1,Skin_Soft_Tissue
GCA_050863255.1,Skin_Soft_Tissue
GCA_050863215.1,Skin_Soft_Tissue
GCA_050870495.1,Respiratory
GCA_050864985.1,Skin_Soft_Tissue
GCA_050864055.1,Skin_Soft_Tissue
GCA_050870475.1,Skin_Soft_Tissue
GCA_050863235.1,Respiratory
GCA_050862715.1,Respiratory
GCA_050870455.1,Skin_Soft_Tissue
GCA_050870435.1,Respiratory
GCA_050862675.1,Skin_Soft_Tissue
GCA_050862655.1,Skin_Soft_Tissue
GCA_050863175.1,Skin_Soft_Tissue
GCA_050863595.1,Skin_Soft_Tissue
GCA_050862635.1,Skin_Soft_Tissue
GCA_050870405.1,Skin_Soft_Tissue
GCA_050863015.1,Respiratory
GCA_050870395.1,Urinary
GCA_050862975.1,Skin_Soft_Tissue
GCA_050864035.1,Urinary
GCA_050863185.1,Skin_Soft_Tissue
GCA_050862615.1,Respiratory
GCA_050863575.1,Skin_Soft_Tissue
GCA_050862945.1,Respiratory
GCA_050870375.1,Respiratory
GCA_050862575.1,Bloodstream
GCA_050863155.1,Respiratory
GCA_050863115.1,Urinary
GCA_050870355.1,Respiratory
GCA_050862585.1,Urinary
GCA_050863135.1,Urinary
GCA_050863555.1,Skin_Soft_Tissue
GCA_050863095.1,Respiratory
GCA_050870325.1,Skin_Soft_Tissue
GCA_050862915.1,Skin_Soft_Tissue
GCA_050870315.1,Urinary
GCA_050864015.1,Skin_Soft_Tissue
GCA_050863035.1,Skin_Soft_Tissue
GCA_050862555.1,Skin_Soft_Tissue
GCA_050870295.1,Respiratory
GCA_050864995.1,Skin_Soft_Tissue
GCA_050863505.1,Urinary
GCA_050863995.1,Skin_Soft_Tissue
GCA_050862535.1,Skin_Soft_Tissue
GCA_050862515.1,Respiratory
GCA_050870275.1,Skin_Soft_Tissue
GCA_050870255.1,Bloodstream
GCA_050862865.1,Skin_Soft_Tissue
GCA_050904535.1,Urinary
GCA_050900875.1,Urinary
GCA_050899055.1,Respiratory
GCA_050907815.1,Skin_Soft_Tissue
GCA_050906325.1,Respiratory
GCA_050907715.1,Urinary
GCA_050858565.1,Skin_Soft_Tissue
GCA_050858815.1,Urinary
GCA_049190335.2,Skin_Soft_Tissue
GCA_050230415.2,Urinary
GCA_050877065.1,Soil
GCA_050907495.1,Urinary
GCA_050931425.1,Respiratory
GCA_050881575.1,Skin_Soft_Tissue
GCA_050896275.1,Urinary
GCA_050896415.1,Respiratory
GCA_050896495.1,Respiratory
GCA_050896515.1,Respiratory
GCA_050908015.1,Bloodstream
GCA_050908025.1,Respiratory
GCA_050908035.1,Respiratory
GCA_050908045.1,Respiratory
GCA_050908115.1,Urinary
GCA_050908165.1,Urinary
GCA_050908545.1,Bloodstream
GCA_050908775.1,Bloodstream
GCA_050908855.1,Bloodstream
GCA_050908865.1,Bloodstream
GCA_050919485.1,Urinary
GCA_050919195.1,Urinary
GCA_050929275.1,Respiratory
GCA_050933795.1,Urinary
GCA_050941235.1,Bloodstream
GCA_050941015.1,Respiratory
GCA_050956305.1,Urinary
GCA_050920805.1,Skin_Soft_Tissue
GCA_050920845.1,Respiratory
GCA_051008455.1,Respiratory
GCA_051012215.1,Bone_Joint
GCA_051019805.1,Respiratory
GCA_051018865.1,Urinary
GCA_051013475.1,Ear_Nose_Throat
GCA_051013495.1,Ear_Nose_Throat
GCA_051013525.1,Ear_Nose_Throat
GCA_051015855.1,Ear_Nose_Throat
GCA_051015865.1,Ear_Nose_Throat
GCA_051015875.1,Ear_Nose_Throat
GCA_051015885.1,Ear_Nose_Throat
GCA_051015895.1,Ear_Nose_Throat
GCA_051015905.1,Ear_Nose_Throat
GCA_051015915.1,Ear_Nose_Throat
GCA_051015925.1,Ear_Nose_Throat
GCA_051015935.1,Ear_Nose_Throat
GCA_051015945.1,Ear_Nose_Throat
GCA_051015955.1,Ear_Nose_Throat
GCA_051015965.1,Ear_Nose_Throat
GCA_051015975.1,Ear_Nose_Throat
GCA_051015985.1,Ear_Nose_Throat
GCA_051015995.1,Ear_Nose_Throat
GCA_051016005.1,Ear_Nose_Throat
GCA_051016015.1,Ear_Nose_Throat
GCA_051016025.1,Ear_Nose_Throat
GCA_051016035.1,Ear_Nose_Throat
GCA_051016045.1,Ear_Nose_Throat
GCA_051016055.1,Ear_Nose_Throat
GCA_051016065.1,Ear_Nose_Throat
GCA_051016075.1,Ear_Nose_Throat
GCA_051016175.1,Ear_Nose_Throat
GCA_051016335.1,Respiratory
GCA_051016355.1,Respiratory
GCA_051016395.1,Urinary
GCA_051016415.1,Respiratory
GCA_051016455.1,Respiratory
GCA_051020545.1,Ear_Nose_Throat
GCA_051027335.1,Urinary
GCA_051121815.1,Urinary
GCA_051118835.1,Urinary
GCA_051117155.1,Urinary
GCA_051122275.1,Water
GCA_051120955.1,Water
GCA_051120895.1,Water
GCA_051120875.1,Water
GCA_051142955.1,Urinary
GCA_051122775.1,Respiratory
GCA_051122785.1,Respiratory
GCA_051122795.1,Urinary
GCA_051122805.1,Urinary
GCA_051122825.1,Bloodstream
GCA_051122835.1,Respiratory
GCA_051122845.1,Urinary
GCA_051122855.1,Urinary
GCA_051122945.1,Skin_Soft_Tissue
GCA_051122955.1,Respiratory
GCA_051122965.1,Respiratory
GCA_051123615.1,Bloodstream
GCA_051123625.1,Skin_Soft_Tissue
GCA_051125625.1,Ear_Nose_Throat
GCA_051125635.1,Ear_Nose_Throat
GCA_051125645.1,Ear_Nose_Throat
GCA_051125655.1,Ear_Nose_Throat
GCA_051125905.1,Ear_Nose_Throat
GCA_051131675.1,Urinary
GCA_051148305.1,Respiratory
GCA_051148905.1,Skin_Soft_Tissue
GCA_051148175.1,Gastrointestinal
GCA_051148155.1,Skin_Soft_Tissue
GCA_051177325.1,Skin_Soft_Tissue
GCA_051148495.1,Skin_Soft_Tissue
GCA_051148075.1,Skin_Soft_Tissue
GCA_051148335.1,Respiratory
GCA_051148945.1,Gastrointestinal
GCA_051148095.1,Respiratory
GCA_051148055.1,Bloodstream
GCA_051148015.1,Respiratory
GCA_051165615.1,Urinary
GCA_051190935.1,Urinary
GCA_051186575.1,Respiratory
GCA_051188975.1,Urinary
GCA_051188295.1,Respiratory
GCA_051162675.1,Skin_Soft_Tissue
GCA_051171375.1,Urinary
GCA_051171515.1,Skin_Soft_Tissue
GCA_051171555.1,Bone_Joint
GCA_051171655.1,Skin_Soft_Tissue
GCA_051171675.1,Reproductive
GCA_051171715.1,Urinary
GCA_051171855.1,Skin_Soft_Tissue
GCA_051172955.1,Soil
GCA_051195515.1,Urinary
GCA_051195475.1,Skin_Soft_Tissue
GCA_051195445.1,Urinary
GCA_051174945.1,Urinary
GCA_051174955.1,Urinary
GCA_051174965.1,Respiratory
GCA_051175025.1,Respiratory
GCA_051175045.1,Respiratory
GCA_051175055.1,Urinary
GCA_051175085.1,Respiratory
GCA_051175105.1,Urinary
GCA_051175125.1,Urinary
GCA_051175145.1,Urinary
GCA_051175165.1,Urinary
GCA_051175185.1,Urinary
GCA_051175195.1,Urinary
GCA_051175225.1,Urinary
GCA_051211785.1,Urinary
GCA_051215345.1,Respiratory
GCA_051215245.1,Urinary
GCA_051208255.1,Gastrointestinal
GCA_051208395.1,Gastrointestinal
GCA_051208405.1,Gastrointestinal
GCA_051208455.1,Gastrointestinal
GCA_051208475.1,Gastrointestinal
GCA_051208495.1,Gastrointestinal
GCA_051208935.1,Gastrointestinal
GCA_051208955.1,Gastrointestinal
GCA_051208995.1,Gastrointestinal
GCA_051209015.1,Gastrointestinal
GCA_051209035.1,Gastrointestinal
GCA_051209055.1,Gastrointestinal
GCA_051209075.1,Gastrointestinal
GCA_051210255.1,Skin_Soft_Tissue
GCA_051210275.1,Skin_Soft_Tissue
GCA_051210295.1,Skin_Soft_Tissue
GCA_051210315.1,Skin_Soft_Tissue
GCA_051210335.1,Skin_Soft_Tissue
GCA_051210355.1,Skin_Soft_Tissue
GCA_051210375.1,Skin_Soft_Tissue
GCA_051236045.1,Skin_Soft_Tissue
GCA_051257815.1,Urinary
GCA_051257865.1,Skin_Soft_Tissue
GCA_051257875.1,Skin_Soft_Tissue
GCA_051269835.1,Soil
GCA_051269895.1,Soil
GCA_051324925.1,Water
GCA_051347585.1,Ear_Nose_Throat
GCA_051348445.1,Ear_Nose_Throat
GCA_051349895.1,Skin_Soft_Tissue
GCA_051350675.1,Ear_Nose_Throat
GCA_051349875.1,Skin_Soft_Tissue
GCA_051349855.1,Urinary
GCA_051347555.1,Skin_Soft_Tissue
GCA_051347545.1,Urinary
GCA_051355695.1,Skin_Soft_Tissue
GCA_051347525.1,Respiratory
GCA_051349835.1,Respiratory
GCA_051350655.1,Urinary
GCA_051352645.1,Gastrointestinal
GCA_051355625.1,Skin_Soft_Tissue
GCA_051347485.1,Respiratory
GCA_051355665.1,Ear_Nose_Throat
GCA_051350635.1,Urinary
GCA_051347505.1,Urinary
GCA_051356195.1,Urinary
GCA_051351565.1,Respiratory
GCA_051347465.1,Skin_Soft_Tissue
GCA_051347425.1,Skin_Soft_Tissue
GCA_051352635.1,Urinary
GCA_051352615.1,Ear_Nose_Throat
GCA_051347435.1,Ear_Nose_Throat
GCA_051355655.1,Skin_Soft_Tissue
GCA_051347385.1,Ear_Nose_Throat
GCA_051347405.1,Urinary
GCA_051355565.1,Respiratory
GCA_051352595.1,Ear_Nose_Throat
GCA_051350615.1,Respiratory
GCA_051350595.1,Respiratory
GCA_051352555.1,Ear_Nose_Throat
GCA_051347255.1,Gastrointestinal
GCA_051349535.1,Respiratory
GCA_051305235.1,Gastrointestinal
GCA_051305215.1,Respiratory
GCA_051305285.1,Respiratory
GCA_051305335.1,Bloodstream
GCA_051305355.1,Skin_Soft_Tissue
GCA_051305365.1,Urinary
GCA_051305395.1,Bloodstream
GCA_051305405.1,Urinary
GCA_051305435.1,Urinary
GCA_051305455.1,Gastrointestinal
GCA_051305485.1,Bloodstream
GCA_051305475.1,Urinary
GCA_051305515.1,Bloodstream
GCA_051305535.1,Bloodstream
GCA_051305555.1,Urinary
GCA_051371005.1,Respiratory
GCA_051353645.1,Respiratory
GCA_051396835.1,Respiratory
GCA_051373245.1,Hospital
GCA_051373265.1,Respiratory
GCA_051373285.1,Urinary
GCA_051373305.1,Respiratory
GCA_051373365.1,Urinary
GCA_051373385.1,Respiratory
GCA_051373425.1,Urinary
GCA_051373465.1,Urinary
GCA_051373785.1,Bloodstream
GCA_051373845.1,Urinary
GCA_051373985.1,Hospital
GCA_051374645.1,Hospital
GCA_051374665.1,Hospital
GCA_051374685.1,Bloodstream
GCA_051375045.1,Respiratory
GCA_051375065.1,Respiratory
GCA_051375085.1,Respiratory
GCA_051375105.1,Respiratory
GCA_051375125.1,Respiratory
GCA_051375145.1,Respiratory
GCA_051375165.1,Respiratory
GCA_051375185.1,Respiratory
GCA_051375205.1,Respiratory
GCA_051375225.1,Respiratory
GCA_051375245.1,Respiratory
GCA_051375285.1,Respiratory
GCA_051375305.1,Respiratory
GCA_051375325.1,Respiratory
GCA_051375345.1,Respiratory
GCA_051375365.1,Respiratory
GCA_051375385.1,Respiratory
GCA_051375405.1,Respiratory
GCA_051375425.1,Respiratory
GCA_051375445.1,Respiratory
GCA_051375465.1,Respiratory
GCA_051375485.1,Respiratory
GCA_051375505.1,Respiratory
GCA_051375525.1,Respiratory
GCA_051375545.1,Respiratory
GCA_051375565.1,Urinary
GCA_051375585.1,Respiratory
GCA_051375605.1,Urinary
GCA_051375625.1,Respiratory
GCA_051375665.1,Respiratory
GCA_051375685.1,Respiratory
GCA_051375705.1,Respiratory
GCA_051377285.1,Respiratory
GCA_051377305.1,Urinary
GCA_051377325.1,Respiratory
GCA_051377365.1,Respiratory
GCA_051377385.1,Respiratory
GCA_051377405.1,Respiratory
GCA_051377425.1,Urinary
GCA_051400475.1,Urinary
GCA_051400075.1,Respiratory
GCA_051400055.1,Respiratory
GCA_051407135.1,Water
GCA_051407075.1,Water
GCA_051407095.1,Water
GCA_051407055.1,Water
GCA_051438565.1,Urinary
GCA_036450855.2,Urinary
GCA_046018455.2,Respiratory
GCA_046019555.2,Respiratory
GCA_029241325.4,Respiratory
GCA_028638125.4,Respiratory
GCA_046017715.2,Gastrointestinal
GCA_046023425.2,Medical_Device
GCA_046017875.2,Respiratory
GCA_024961325.4,Urinary
GCA_046017835.2,Respiratory
GCA_024961505.4,Urinary
GCA_051415005.1,Respiratory
GCA_051415035.1,Respiratory
GCA_051415055.1,Respiratory
GCA_051415075.1,Respiratory
GCA_051415395.1,Respiratory
GCA_051415415.1,Respiratory
GCA_051415655.1,Urinary
GCA_051415735.1,Respiratory
GCA_051472325.1,Respiratory
GCA_051467305.1,Skin_Soft_Tissue
GCA_051467005.1,Urinary
GCA_051466945.2,Respiratory
GCA_051482585.1,Urinary
GCA_051486325.1,Urinary
GCA_051486335.1,Urinary
GCA_051484915.1,Urinary
GCA_051486305.1,Urinary
GCA_051486285.1,Urinary
GCA_051448025.1,Ocular
GCA_051448085.1,Ocular
GCA_051448265.1,Ocular
GCA_051448335.1,Ocular
GCA_051448505.1,Ocular
GCA_051448515.1,Ocular
GCA_051450105.1,Ocular
GCA_051450225.1,Ocular
GCA_051451125.1,Ocular
GCA_051451285.1,Water
GCA_051451425.1,Ocular
GCA_051451465.1,Ocular
GCA_051451525.1,Ocular
GCA_051451605.1,Ocular
GCA_051451645.1,Ocular
GCA_051451865.1,Ocular
GCA_051451905.1,Ocular
GCA_051451925.1,Ocular
GCA_051451945.1,Ocular
GCA_051452125.1,Ocular
GCA_051452145.1,Ocular
GCA_051452165.1,Ocular
GCA_051452185.1,Ocular
GCA_051452285.1,Ocular
GCA_051452365.1,Ocular
GCA_051452525.1,Urinary
GCA_051452705.1,Ocular
GCA_051452745.1,Ocular
GCA_051452825.1,Ocular
GCA_051452885.1,Ocular
GCA_051452905.1,Ocular
GCA_051453225.1,Ocular
GCA_051453325.1,Ocular
GCA_051515095.1,Respiratory
GCA_051566325.1,Gastrointestinal
GCA_051566285.1,Respiratory
GCA_051566245.1,Urinary
GCA_051685005.1,Urinary
GCA_051643845.1,Skin_Soft_Tissue
GCA_051632185.1,Urinary
GCA_051615615.1,Skin_Soft_Tissue
GCA_051595225.1,Urinary
GCA_051550735.1,Hospital
GCA_051550815.1,Hospital
GCA_051550895.1,Hospital
GCA_051802865.1,Respiratory
GCA_051802785.1,Respiratory
GCA_051751905.1,Medical_Device
GCA_051865995.1,Respiratory
GCA_051902655.1,Urinary
GCA_051846835.1,Hospital
GCA_051981755.1,Gastrointestinal
GCA_051971075.1,Skin_Soft_Tissue
GCA_051969305.1,Respiratory
GCA_051969295.1,Respiratory
GCA_051967335.1,Urinary
GCA_051958445.1,Urinary
GCA_051958435.1,Urinary
GCA_051904135.1,Respiratory
GCA_051904175.1,Bloodstream
GCA_051905005.1,Respiratory
GCA_051909235.1,Skin_Soft_Tissue
GCA_051909415.1,Skin_Soft_Tissue
GCA_051909535.1,Skin_Soft_Tissue
GCA_051910025.1,Skin_Soft_Tissue
GCA_051910055.1,Skin_Soft_Tissue
GCA_051910155.1,Bone_Joint
GCA_051910175.1,Skin_Soft_Tissue
GCA_051910235.1,Skin_Soft_Tissue
GCA_051910255.1,Skin_Soft_Tissue
GCA_051910295.1,Skin_Soft_Tissue
GCA_051910495.1,Skin_Soft_Tissue
GCA_052030975.1,Bloodstream
GCA_051948095.1,Skin_Soft_Tissue
GCA_051948195.1,Skin_Soft_Tissue
GCA_051948215.1,Skin_Soft_Tissue
GCA_051948275.1,Skin_Soft_Tissue
GCA_051948295.1,Skin_Soft_Tissue
GCA_051948355.1,Skin_Soft_Tissue
GCA_051948375.1,Skin_Soft_Tissue
GCA_051948435.1,Skin_Soft_Tissue
GCA_051948475.1,Skin_Soft_Tissue
GCA_051948535.1,Skin_Soft_Tissue
GCA_051948575.1,Skin_Soft_Tissue
GCA_051951675.1,Skin_Soft_Tissue
GCA_051951695.1,Skin_Soft_Tissue
GCA_051951755.1,Skin_Soft_Tissue
GCA_051951765.1,Skin_Soft_Tissue
GCA_051956275.1,Skin_Soft_Tissue
GCA_051956295.1,Skin_Soft_Tissue
GCA_051956375.1,Skin_Soft_Tissue
GCA_051956395.1,Bloodstream
GCA_051956415.1,Skin_Soft_Tissue
GCA_051988505.1,Soil
GCA_051989275.1,Soil
GCA_052080885.1,Gastrointestinal
GCA_052048235.1,Respiratory
GCA_052048255.1,Respiratory
GCA_052048275.1,Experimental
GCA_052048295.1,Bloodstream
GCA_052048315.1,Bloodstream
GCA_052048335.1,Respiratory
GCA_052048355.1,Respiratory
GCA_052048375.1,Respiratory
GCA_052048395.1,Respiratory
GCA_052048415.1,Respiratory
GCA_052048435.1,Respiratory
GCA_052048455.1,Respiratory
GCA_052048475.1,Respiratory
GCA_052048495.1,Respiratory
GCA_052048515.1,Respiratory
GCA_052048535.1,Respiratory
GCA_052048555.1,Respiratory
GCA_052048575.1,Respiratory
GCA_052048595.1,Bloodstream
GCA_052048615.1,Respiratory
GCA_052073825.1,Respiratory
GCA_052077035.1,Respiratory
GCA_052161115.1,Respiratory
GCA_052161095.1,Respiratory
GCA_052161035.1,Urinary
GCA_052205495.1,Urinary
GCA_052171915.1,Bloodstream
GCA_052172055.1,Respiratory
GCA_052239615.1,Respiratory
GCA_052240795.1,Gastrointestinal
GCA_052240775.1,Respiratory
GCA_052217025.1,Hospital
GCA_052251825.1,Urinary
GCA_052269085.1,Respiratory
GCA_052244855.1,Respiratory
GCA_052244915.1,Respiratory
GCA_052244945.1,Respiratory
GCA_052244975.1,Respiratory
GCA_052245055.1,Respiratory
GCA_052245065.1,Respiratory
GCA_052245095.1,Respiratory
GCA_052245155.1,Respiratory
GCA_052245175.1,Skin_Soft_Tissue
GCA_052245295.1,Respiratory
GCA_052245315.1,Respiratory
GCA_052245375.1,Respiratory
GCA_052246115.1,Respiratory
GCA_052246155.1,Respiratory
GCA_052246195.1,Respiratory
GCA_052246235.1,Respiratory
GCA_052246455.1,Skin_Soft_Tissue
GCA_052246515.1,Respiratory
GCA_052246535.1,Respiratory
GCA_052246575.1,Respiratory
GCA_052246615.1,Respiratory
GCA_052246935.1,Respiratory
GCA_052293835.1,Urinary
GCA_052292395.1,Urinary
GCA_052322175.1,Urinary
GCA_052321885.1,Respiratory
GCA_052336015.1,Urinary
GCA_052265395.1,Bloodstream
GCA_052265425.1,Bloodstream
GCA_052265465.1,Bloodstream
GCA_052265485.1,Bloodstream
GCA_052265505.1,Bloodstream
GCA_052265525.1,Bloodstream
GCA_052265565.1,Bloodstream
GCA_052265585.1,Bloodstream
GCA_052265605.1,Bloodstream
GCA_052265625.1,Bloodstream
GCA_052265705.1,Bloodstream
GCA_052265725.1,Bloodstream
GCA_052265785.1,Bloodstream
GCA_052265805.1,Bloodstream
GCA_052265825.1,Bloodstream
GCA_052265845.1,Bloodstream
GCA_052265865.1,Bloodstream
GCA_052265915.1,Bloodstream
GCA_052265935.1,Bloodstream
GCA_052265955.1,Bloodstream
GCA_052265975.1,Bloodstream
GCA_052266065.1,Bloodstream
GCA_052266095.1,Bloodstream
GCA_052266125.1,Bloodstream
GCA_052266165.1,Bloodstream
GCA_052266225.1,Bloodstream
GCA_052266245.1,Respiratory
GCA_052266265.1,Respiratory
GCA_052266285.1,Bloodstream
GCA_052266305.1,Bloodstream
GCA_052266345.1,Bloodstream
GCA_052266365.1,Respiratory
GCA_052266405.1,Bloodstream
GCA_052266425.1,Bloodstream
GCA_052266445.1,Bloodstream
GCA_052266465.1,Respiratory
GCA_052266505.1,Bloodstream
GCA_052266525.1,Bloodstream
GCA_967827675.1,Urinary
GCA_052314355.1,Water
GCA_052314375.1,CF_Respiratory
GCA_052314395.1,Water
GCA_052314415.1,Water
GCA_052314435.1,Urinary
GCA_052314455.1,CF_Respiratory
GCA_052314475.1,CF_Respiratory
GCA_052314495.1,Water
GCA_050994695.2,Urinary
GCA_051008555.2,Urinary
GCA_052327265.1,Water
GCA_052327275.1,Urinary
GCA_052327285.1,Urinary
GCA_052327295.1,Respiratory
GCA_052327325.1,Urinary
GCA_052327405.1,Bloodstream
GCA_052327655.1,Skin_Soft_Tissue
GCA_052327845.1,Urinary
GCA_052327935.1,Urinary
GCA_052328155.1,Bloodstream
GCA_052328305.1,Urinary
GCA_052328515.1,Urinary
GCA_052328685.1,Urinary
GCA_052329085.1,Urinary
GCA_052329215.1,Urinary
GCA_052372355.1,Hospital
GCA_052372395.1,Water
GCA_052372375.1,Hospital
GCA_052372415.1,Water
GCA_052372435.1,Water
GCA_052372455.1,Water
GCA_052372475.1,Water
GCA_052372495.1,Water
GCA_052372515.1,Water
GCA_052372535.1,Water
GCA_052372555.1,Water
GCA_052372575.1,Hospital
GCA_052372615.1,Water
GCA_052372595.1,Hospital
GCA_052372635.1,Water
GCA_052372655.1,Water
GCA_052372675.1,Hospital
GCA_052372695.1,Hospital
GCA_052372755.1,Water
GCA_052372715.1,Water
GCA_052372775.1,Water
GCA_052372815.1,Hospital
GCA_052372915.1,Hospital
GCA_052372935.1,Water
GCA_052372955.1,Water
GCA_052372975.1,Hospital
GCA_052372995.1,Water
GCA_052373015.1,Hospital
GCA_052373035.1,Hospital
GCA_052373655.1,Lab_Strain
GCA_052404385.1,Respiratory
GCA_052405405.1,Respiratory
GCA_052404365.1,Urinary
GCA_052445405.1,Respiratory
GCA_052446475.1,Respiratory
GCA_052445845.1,Respiratory
GCA_052447475.1,Water
GCA_052447635.1,Water
GCA_052446935.1,Skin_Soft_Tissue
GCA_052447595.1,Urinary
GCA_052377575.1,Respiratory
GCA_052380545.1,Respiratory
GCA_052400425.1,Respiratory
GCA_052400465.1,Respiratory
GCA_052400485.1,Respiratory
GCA_052400505.1,Respiratory
GCA_052400525.1,Respiratory
GCA_052452885.1,Respiratory
GCA_052452865.1,Respiratory
GCA_052459675.1,Respiratory
GCA_052473995.1,Urinary
GCA_052473515.1,Urinary
GCA_052472885.1,Respiratory
GCA_052549775.1,Urinary
GCA_052572165.1,Respiratory
GCA_052576565.1,Urinary
GCA_052581135.1,Respiratory
GCA_052581115.1,Respiratory
GCA_052581655.1,Respiratory
GCA_052510865.1,Skin_Soft_Tissue
GCA_052512085.1,Bloodstream
GCA_052639195.1,Urinary
GCA_052615325.1,Urinary
GCA_052628365.1,Lab_Strain
GCA_052709145.1,Respiratory
GCA_052708985.1,Urinary
GCA_052708965.1,Skin_Soft_Tissue
GCA_052708945.1,Bloodstream
GCA_052666215.1,Bloodstream
GCA_052690835.1,Respiratory
GCA_052692635.1,Respiratory
GCA_052695645.1,Respiratory
GCA_052695655.1,Respiratory
GCA_052695665.1,Respiratory
GCA_052695675.1,Respiratory
GCA_052695685.1,Respiratory
GCA_052695695.1,Respiratory
GCA_052695705.1,Respiratory
GCA_052695715.1,Respiratory
GCA_052695725.1,Respiratory
GCA_052695735.1,Respiratory
GCA_052695745.1,Respiratory
GCA_052695755.1,Respiratory
GCA_052695775.1,Respiratory
GCA_052695765.1,Respiratory
GCA_052695815.1,Respiratory
GCA_052695825.1,Respiratory
GCA_052695835.1,Respiratory
GCA_052695845.1,Respiratory
GCA_052695875.1,Respiratory
GCA_052696105.1,Respiratory
GCA_052696115.1,Respiratory
GCA_052696125.1,Respiratory
GCA_052696135.1,Respiratory
GCA_052696245.1,Respiratory
GCA_052696315.1,Respiratory
GCA_052696775.1,Respiratory
GCA_052697115.1,Ear_Nose_Throat
GCA_052697425.1,Ear_Nose_Throat
GCA_052697495.1,Ear_Nose_Throat
GCA_052698235.1,Respiratory
GCA_052698625.1,Respiratory
GCA_052698675.1,Respiratory
GCA_052740315.1,Lab_Strain
GCA_052740355.1,Lab_Strain
GCA_052740375.1,Lab_Strain
GCA_052799045.1,Respiratory
GCA_052803655.1,Skin_Soft_Tissue
GCA_052803595.1,Urinary
GCA_052809875.1,Respiratory
GCA_052817315.1,Respiratory
GCA_052817855.1,Respiratory
GCA_052818055.1,Respiratory
GCA_052819865.1,Respiratory
GCA_052818025.1,Respiratory
GCA_052817275.1,Respiratory
GCA_052820505.1,Respiratory
GCA_052817245.1,Respiratory
GCA_052817225.1,Respiratory
GCA_052820485.1,Respiratory
GCA_052817205.1,Respiratory
GCA_052818005.1,Respiratory
GCA_052817185.1,Respiratory
GCA_052817985.1,Respiratory
GCA_052817165.1,Respiratory
GCA_052819845.1,Respiratory
GCA_052820445.1,Respiratory
GCA_052817835.1,Respiratory
GCA_052817145.1,Respiratory
GCA_052817815.1,Respiratory
GCA_052817125.1,Respiratory
GCA_052817795.1,Respiratory
GCA_052817775.1,Respiratory
GCA_052817105.1,Respiratory
GCA_052817755.1,Respiratory
GCA_052817075.1,Respiratory
GCA_052817725.1,Respiratory
GCA_052817055.1,Respiratory
GCA_052819825.1,Respiratory
GCA_052817035.1,Respiratory
GCA_052816995.1,Respiratory
GCA_052817015.1,Respiratory
GCA_052816975.1,Respiratory
GCA_052817965.1,Respiratory
GCA_052817705.1,Respiratory
GCA_052816945.1,Respiratory
GCA_052816925.1,Respiratory
GCA_052817945.1,Respiratory
GCA_052817925.1,Respiratory
GCA_052820465.1,Respiratory
GCA_052816905.1,Respiratory
GCA_052816885.1,Respiratory
GCA_052816865.1,Respiratory
GCA_052842665.1,Air
GCA_052842585.1,Air
GCA_052842565.1,Air
GCA_052842545.1,Air
GCA_052842465.1,Air
GCA_052842425.1,Air
GCA_052842405.1,Air
GCA_052848495.1,Air
GCA_052849215.1,Air
GCA_052849415.1,Air
GCA_052849715.1,Air
GCA_052842335.1,Air
GCA_052849155.1,Air
GCA_052842305.1,Air
GCA_052849135.1,Air
GCA_052865615.1,Air
GCA_052843165.1,Air
GCA_052848175.1,Air
GCA_052841585.1,Air
GCA_052849075.1,Air
GCA_052849035.1,Air
GCA_052841545.1,Air
GCA_052849015.1,Air
GCA_052841485.1,Air
GCA_052848115.1,Air
GCA_052848935.1,Air
GCA_052841445.1,Air
GCA_052848895.1,Air
GCA_052840305.1,Air
GCA_052848755.1,Air
GCA_052848665.1,Air
GCA_052870135.1,Respiratory
GCA_052886715.1,Reproductive
GCA_052886675.1,Respiratory
GCA_052886335.1,Respiratory
GCA_052878875.1,Respiratory
GCA_052878715.1,Gastrointestinal
GCA_052890225.1,Gastrointestinal
GCA_052890205.1,Respiratory
GCA_052885895.1,Gastrointestinal
GCA_052877015.1,Gastrointestinal
GCA_052890105.1,Gastrointestinal
GCA_052882615.1,Gastrointestinal
GCA_052913585.1,Ear_Nose_Throat
GCA_052878415.1,Ear_Nose_Throat
GCA_052884255.1,Gastrointestinal
GCA_052884315.1,Ear_Nose_Throat
GCA_052889605.1,Gastrointestinal
GCA_052878125.1,Respiratory
GCA_052883745.1,Respiratory
GCA_052883695.1,Respiratory
GCA_052889405.1,Gastrointestinal
GCA_052878015.1,Ear_Nose_Throat
GCA_052880895.1,Gastrointestinal
GCA_052889305.1,Respiratory
GCA_052889165.1,Respiratory
GCA_052913425.1,Gastrointestinal
GCA_052913195.1,Respiratory
GCA_052913065.1,Urinary
GCA_052913045.1,Urinary
GCA_052913005.1,Urinary
GCA_052912985.1,Urinary
GCA_052850045.1,Water
GCA_052906045.1,Respiratory
GCA_052906105.1,Skin_Soft_Tissue
GCA_052928285.1,Respiratory
GCA_052929335.1,Urinary
GCA_052925695.1,Industrial
GCA_052925955.1,Urinary
GCA_052925965.1,Respiratory
GCA_052925975.1,Gastrointestinal
GCA_052926075.1,Urinary
GCA_052926095.1,Gastrointestinal
GCA_052926135.1,Urinary
GCA_052926195.1,Respiratory
GCA_052926215.1,Respiratory
GCA_052926235.1,Medical_Device
GCA_052926295.1,Bloodstream
GCA_052926315.1,Gastrointestinal
GCA_052926355.1,Gastrointestinal
GCA_052926415.1,Respiratory
GCA_052926435.1,Urinary
GCA_052926475.1,Urinary
GCA_052926495.1,Urinary
GCA_052926515.1,Gastrointestinal
GCA_052926535.1,Respiratory
GCA_052926565.1,Respiratory
GCA_052926595.1,Respiratory
GCA_052926625.1,Gastrointestinal
GCA_052926645.1,Respiratory
GCA_052926665.1,Water
GCA_052926705.1,Respiratory
GCA_052926685.1,Gastrointestinal
GCA_052926745.1,Respiratory
GCA_052926825.1,Urinary
GCA_052926845.1,Urinary
GCA_052926865.1,Respiratory
GCA_052926885.1,Respiratory
GCA_052941575.1,Urinary
GCA_052953035.1,Urinary
GCA_052952275.1,Respiratory
GCA_052951695.1,Urinary
GCA_052963235.1,Respiratory
GCA_052963195.1,Respiratory
GCA_052974095.1,Respiratory
GCA_052991405.1,Urinary
GCA_052906985.1,Ear_Nose_Throat
GCA_052922665.1,Respiratory
GCA_052958195.1,Respiratory
GCA_052958215.1,Respiratory
GCA_052958235.1,Respiratory
GCA_052958255.1,Respiratory
GCA_052958275.1,Respiratory
GCA_052958295.1,Respiratory
GCA_052958315.1,Respiratory
GCA_052958335.1,Respiratory
GCA_052958355.1,Respiratory
GCA_052958375.1,Respiratory
GCA_052958395.1,Respiratory
GCA_052958415.1,Respiratory
GCA_052958435.1,Respiratory
GCA_052958455.1,Respiratory
GCA_052958475.1,Respiratory
GCA_052958495.1,Respiratory
GCA_052958515.1,Respiratory
GCA_052958535.1,Respiratory
GCA_052958555.1,Respiratory
GCA_052958575.1,Respiratory
GCA_052958595.1,Respiratory
GCA_052958615.1,Respiratory
GCA_052958635.1,Respiratory
GCA_052958655.1,Respiratory
GCA_052958675.1,Respiratory
GCA_052958695.1,Respiratory
GCA_052958715.1,Respiratory
GCA_052958735.1,Respiratory
GCA_052958755.1,Respiratory
GCA_052958775.1,Respiratory
GCA_052958795.1,Respiratory
GCA_052958815.1,Respiratory
GCA_052958835.1,Respiratory
GCA_052958855.1,Respiratory
GCA_052958875.1,Respiratory
GCA_052958895.1,Respiratory
GCA_052958915.1,Respiratory
GCA_052958935.1,Respiratory
GCA_052958955.1,Respiratory
GCA_052958975.1,Respiratory
GCA_052958995.1,Respiratory
GCA_052959015.1,Respiratory
GCA_052959035.1,Respiratory
GCA_052959055.1,Respiratory
GCA_052959075.1,Respiratory
GCA_052959095.1,Respiratory
GCA_052959115.1,Respiratory
GCA_052959135.1,Respiratory
GCA_052959155.1,Respiratory
GCA_052959175.1,Respiratory
GCA_052959195.1,Respiratory
GCA_052985835.1,Air
GCA_052985855.1,Air
GCA_052985815.1,Air
GCA_052985785.1,Air
GCA_052985775.1,Air
GCA_052985755.1,Air
GCA_052985535.1,Air
GCA_052985505.1,Air
GCA_052985735.1,Air
GCA_052985715.1,Air
GCA_052985695.1,Air
GCA_052985665.1,Air
GCA_052985655.1,Air
GCA_052985635.1,Air
GCA_052985595.1,Air
GCA_052985605.1,Air
GCA_052985575.1,Air
GCA_052985555.1,Air
GCA_052985495.1,Air
GCA_052985475.1,Air
GCA_052985435.1,Air
GCA_052985445.1,Air
GCA_052985415.1,Air
GCA_052985395.1,Air
GCA_052985375.1,Air
GCA_052985355.1,Air
GCA_052985335.1,Air
GCA_052985305.1,Air
GCA_052985295.1,Air
GCA_052985275.1,Air
GCA_052995085.1,Urinary
GCA_053010765.1,Gastrointestinal
GCA_053010685.1,Respiratory
GCA_053010645.1,Respiratory
GCA_053010625.1,Respiratory
GCA_053010535.1,Gastrointestinal
GCA_053010485.1,Urinary
GCA_053010435.1,Urinary
GCA_053010385.1,Gastrointestinal
GCA_053010365.1,Respiratory
GCA_053010285.1,Gastrointestinal
GCA_053010265.1,Respiratory
GCA_053010245.1,Respiratory
GCA_053010185.1,Respiratory
GCA_053010145.1,Respiratory
GCA_053010125.1,Gastrointestinal
GCA_053010065.1,Respiratory
GCA_053010025.1,Urinary
GCA_053010005.1,Respiratory
GCA_053009925.1,Urinary
GCA_053009895.1,Respiratory
GCA_053009865.1,Respiratory
GCA_053009805.1,Respiratory
GCA_053009775.1,Respiratory
GCA_053009745.1,Urinary
GCA_053009685.1,Urinary
GCA_053009645.1,Respiratory
GCA_053009625.1,Skin_Soft_Tissue
GCA_053009565.1,Respiratory
GCA_053030665.1,Respiratory
GCA_053009505.1,Skin_Soft_Tissue
GCA_053009515.1,Respiratory
GCA_053009435.1,Skin_Soft_Tissue
GCA_053009385.1,Skin_Soft_Tissue
GCA_053009405.1,Respiratory
GCA_053009325.1,Urinary
GCA_053009305.1,Bloodstream
GCA_053009265.1,Skin_Soft_Tissue
GCA_053009195.1,Respiratory
GCA_053009185.1,Bloodstream
GCA_053009165.1,Urinary
GCA_053009055.1,Urinary
GCA_053009015.1,Respiratory
GCA_053008995.1,Respiratory
GCA_053008935.1,Urinary
GCA_053008865.1,Respiratory
GCA_053008855.1,Respiratory
GCA_053008795.1,Gastrointestinal
GCA_053008755.1,Respiratory
GCA_053008715.1,Skin_Soft_Tissue
GCA_053008675.1,Bloodstream
GCA_053008635.1,Gastrointestinal
GCA_053008595.1,Urinary
GCA_053008505.1,Urinary
GCA_053008465.1,Skin_Soft_Tissue
GCA_053008425.1,Respiratory
GCA_053008365.1,Bloodstream
GCA_053008345.1,Urinary
GCA_053008305.1,Skin_Soft_Tissue
GCA_053008255.1,Respiratory
GCA_053008225.1,Respiratory
GCA_053008165.1,Skin_Soft_Tissue
GCA_053008125.1,Respiratory
GCA_053007985.1,Respiratory
GCA_053007945.1,Urinary
GCA_053007925.1,Skin_Soft_Tissue
GCA_053007815.1,Respiratory
GCA_053007805.1,Gastrointestinal
GCA_053007845.1,Respiratory
GCA_053007745.1,Urinary
GCA_053007705.1,Respiratory
GCA_053007625.1,Ocular
GCA_053007605.1,Respiratory
GCA_053007545.1,Urinary
GCA_053007505.1,Respiratory
GCA_053007465.1,Respiratory
GCA_053007425.1,Urinary
GCA_053007385.1,Respiratory
GCA_053007325.1,Gastrointestinal
GCA_053007305.1,Respiratory
GCA_053007225.1,Urinary
GCA_053007205.1,Respiratory
GCA_053007165.1,Urinary
GCA_053007085.1,Urinary
GCA_053007105.1,Respiratory
GCA_053007045.1,Respiratory
GCA_053006975.1,Respiratory
GCA_053006945.1,Respiratory
GCA_053006905.1,Respiratory
GCA_053006855.1,Bloodstream
GCA_053006825.1,Urinary
GCA_053006765.1,Bloodstream
GCA_053006735.1,Skin_Soft_Tissue
GCA_053012605.1,Bloodstream
GCA_053006705.1,Gastrointestinal
GCA_053006195.1,Urinary
GCA_053006125.1,Respiratory
GCA_053006085.1,Skin_Soft_Tissue
GCA_053006645.1,Urinary
GCA_053006585.1,Respiratory
GCA_053006555.1,Urinary
GCA_053006525.1,Skin_Soft_Tissue
GCA_053006445.1,Respiratory
GCA_053006425.1,Urinary
GCA_053006405.1,Bloodstream
GCA_053006325.1,Respiratory
GCA_053006305.1,Urinary
GCA_053006245.1,Bloodstream
GCA_053006205.1,Respiratory
GCA_053006045.1,Urinary
GCA_053006005.1,Skin_Soft_Tissue
GCA_053005965.1,Gastrointestinal
GCA_053005945.1,Bloodstream
GCA_053005825.1,Respiratory
GCA_053005795.1,Respiratory
GCA_053005745.1,Respiratory
GCA_053005685.1,Respiratory
GCA_053005665.1,Bloodstream
GCA_053005585.1,Skin_Soft_Tissue
GCA_053005565.1,Respiratory
GCA_053005545.1,Respiratory
GCA_053005465.1,Respiratory
GCA_053005445.1,Gastrointestinal
GCA_053005405.1,Urinary
GCA_053005345.1,Bloodstream
GCA_053005325.1,Respiratory
GCA_053005305.1,Respiratory
GCA_053005245.1,Respiratory
GCA_053005195.1,Respiratory
GCA_053005185.1,Bloodstream
GCA_053005095.1,Respiratory
GCA_053005085.1,Respiratory
GCA_053005045.1,Respiratory
GCA_053004975.1,Respiratory
GCA_053004965.1,Urinary
GCA_053004925.1,Bloodstream
GCA_053004865.1,Respiratory
GCA_053004805.1,Respiratory
GCA_053004795.1,Respiratory
GCA_053004765.1,Gastrointestinal
GCA_053004705.1,Urinary
GCA_053004715.1,Skin_Soft_Tissue
GCA_053004645.1,Respiratory
GCA_053004595.1,Respiratory
GCA_053004585.1,Respiratory
GCA_052979625.1,Bloodstream
GCA_052979645.1,Respiratory
GCA_052979665.1,Respiratory
GCA_052979685.1,Respiratory
GCA_053023885.1,Respiratory
GCA_053001085.1,Respiratory
GCA_053042465.1,Urinary
GCA_053043205.1,Air
GCA_053043745.1,Air
GCA_053044605.1,Air
GCA_053044585.1,Skin_Soft_Tissue
GCA_053044625.1,Respiratory
GCA_053044685.1,Air
GCA_053047605.1,Skin_Soft_Tissue
GCA_053047585.1,Urinary
GCA_053053805.1,Air
GCA_053053785.1,Air
GCA_053053845.1,Air
GCA_053104895.1,Urinary
GCA_053059345.1,Respiratory
GCA_053109815.1,Respiratory
GCA_053090225.1,Respiratory
GCA_053093985.2,Urinary
GCA_053094025.1,Respiratory
GCA_053096165.1,Water
GCA_053101815.1,Gastrointestinal
GCA_053101835.1,Respiratory
GCA_053101855.1,Urinary
GCA_053101875.1,Bloodstream
GCA_053119255.1,Urinary
GCA_053142735.1,Skin_Soft_Tissue
GCA_053153375.1,Air
GCA_053152055.1,Air
GCA_053127015.1,Skin_Soft_Tissue
GCA_053127025.1,Skin_Soft_Tissue
GCA_053127055.1,Bloodstream
GCA_053127155.1,Urinary
GCA_053127175.1,Bloodstream
GCA_053127195.1,Skin_Soft_Tissue
GCA_053127215.1,Urinary
GCA_053127385.1,Urinary
GCA_053155775.1,Air
GCA_053157355.1,Urinary
GCA_053169135.1,Respiratory
GCA_053178485.1,Urinary
GCA_053178425.1,Urinary
GCA_053178445.1,Urinary
GCA_053178405.1,Urinary
GCA_053172975.1,Bloodstream
GCA_053172995.1,Bloodstream
GCA_053194625.1,Respiratory
GCA_053197745.1,Respiratory
GCA_053197765.1,Urinary
GCA_053197725.1,Skin_Soft_Tissue
GCA_053196925.1,Urinary
GCA_053196705.1,Respiratory
GCA_053196845.1,Ear_Nose_Throat
GCA_053198145.1,Urinary
GCA_053197685.1,Urinary
GCA_053199405.1,Respiratory
GCA_053197705.1,Urinary
GCA_053196825.1,Urinary
GCA_053210235.1,Respiratory
GCA_053210255.1,Respiratory
GCA_053215905.1,Respiratory
GCA_053229965.1,Bloodstream
GCA_053230395.1,Bloodstream
GCA_053236925.1,Respiratory
GCA_052923665.2,Urinary
GCA_052923645.2,Skin_Soft_Tissue
GCA_053233885.1,Respiratory
GCA_053233905.1,Gastrointestinal
GCA_053274595.1,Water
GCA_053274615.1,Respiratory
GCA_053274635.1,Urinary
GCA_053299835.1,Urinary
GCA_053299815.1,Respiratory
GCA_053299795.1,Respiratory
GCA_053291805.1,Crop
GCA_053293985.1,Urinary
GCA_053301055.1,Gastrointestinal
GCA_053302115.1,Urinary
GCA_053302095.1,Respiratory
GCA_053294695.1,Hospital
GCA_053294715.1,Respiratory
GCA_053294775.1,Respiratory
GCA_053314435.1,Urinary
GCA_053309655.1,Respiratory
GCA_053320215.1,Soil
GCA_053320555.1,Respiratory
GCA_053320575.1,Bloodstream
GCA_053320615.1,Bloodstream
GCA_053320635.1,Bloodstream
GCA_053320655.1,Bloodstream
GCA_053320675.1,Respiratory
GCA_053320695.1,Bloodstream
GCA_053320715.1,Respiratory
GCA_053320735.1,Bloodstream
GCA_053320755.1,Respiratory
GCA_053320775.1,Respiratory
GCA_053320795.1,Respiratory
GCA_053320815.1,Respiratory
GCA_053320835.1,Bloodstream
GCA_053320855.1,Respiratory
GCA_053320875.1,Bloodstream
GCA_053320915.1,Respiratory
GCA_053320935.1,Respiratory
GCA_053320955.1,Bloodstream
GCA_053320975.1,Respiratory
GCA_053320995.1,Respiratory
GCA_053321015.1,Bloodstream
GCA_053321035.1,Respiratory
GCA_053321055.1,Respiratory
GCA_053321075.1,Respiratory
GCA_053321095.1,Respiratory
GCA_053321115.1,Respiratory
GCA_053321135.1,Bloodstream
GCA_053321155.1,Respiratory
GCA_053321175.1,Respiratory
GCA_053323795.1,Bloodstream
GCA_053324975.1,Bloodstream
GCA_053353935.1,Respiratory
GCA_053356115.1,Skin_Soft_Tissue
GCA_053359275.1,Respiratory
GCA_053359175.1,Urinary
GCA_053347355.1,Respiratory
GCA_053347375.1,Respiratory
GCA_053347395.1,Respiratory
GCA_053347415.1,Respiratory
GCA_053347435.1,Bloodstream
GCA_053347455.1,Respiratory
GCA_053347875.1,Respiratory
GCA_053347835.1,Respiratory
GCA_053347895.1,Respiratory
GCA_053347915.1,Respiratory
GCA_053347935.1,Respiratory
GCA_053347955.1,Respiratory
GCA_053347975.1,Respiratory
GCA_053347995.1,Respiratory
GCA_053348015.1,Respiratory
GCA_053348035.1,Respiratory
GCA_053348055.1,Respiratory
GCA_053348075.1,Respiratory
GCA_053348095.1,Respiratory
GCA_053348115.1,Respiratory
GCA_053348135.1,Respiratory
GCA_053348155.1,Bloodstream
GCA_053348235.1,Respiratory
GCA_053348755.1,Bloodstream
GCA_053348775.1,Respiratory
GCA_053348815.1,Bloodstream
GCA_976988945.1,Industrial
GCA_053366175.1,Urinary
GCA_053366095.1,Urinary
GCA_053360955.1,Lab_Strain
GCA_053361135.1,Respiratory
GCA_053361155.1,Respiratory
GCA_053361185.1,Respiratory
GCA_053361175.1,Respiratory
GCA_053361215.1,Respiratory
GCA_053361235.1,Respiratory
GCA_053361255.1,Respiratory
GCA_053361275.1,Respiratory
GCA_053387375.1,Hospital
GCA_053387335.1,Hospital
GCA_053387305.1,Hospital
GCA_053387295.1,Hospital
GCA_053387275.1,Hospital
GCA_053387215.1,Hospital
GCA_053387245.1,Hospital
GCA_053387225.1,Hospital
GCA_053387185.1,Hospital
GCA_053387175.1,Hospital
GCA_053387155.1,Hospital
GCA_053387135.1,Hospital
GCA_053387095.1,Hospital
GCA_053387105.1,Hospital
GCA_053387075.1,Hospital
GCA_053387055.1,Hospital
GCA_053387015.1,Hospital
GCA_053386975.1,Hospital
GCA_053386995.1,Hospital
GCA_053386955.1,Hospital
GCA_053386915.1,Hospital
GCA_053386935.1,Hospital
GCA_053386895.1,Hospital
GCA_053386865.1,Hospital
GCA_053386855.1,Hospital
GCA_053386835.1,Hospital
GCA_053386795.1,Hospital
GCA_053386815.1,Hospital
GCA_053386775.1,Hospital
GCA_053386735.1,Hospital
GCA_053386755.1,Hospital
GCA_053386715.1,Hospital
GCA_053386675.1,Hospital
GCA_053386695.1,Hospital
GCA_053386655.1,Hospital
GCA_053386635.1,Hospital
GCA_053386615.1,Hospital
GCA_053386595.1,Hospital
GCA_053386575.1,Hospital
GCA_053386555.1,Hospital
GCA_053386535.1,Hospital
GCA_053386515.1,Hospital
GCA_053386475.1,Hospital
GCA_053386495.1,Hospital
GCA_053386415.1,Hospital
GCA_053386435.1,Hospital
GCA_053386455.1,Hospital
GCA_053386395.1,Hospital
GCA_053386375.1,Hospital
GCA_053386355.1,Hospital
GCA_053386315.1,Hospital
GCA_053386335.1,Hospital
GCA_053386295.1,Hospital
GCA_053386255.1,Hospital
GCA_053386265.1,Hospital
GCA_053386235.1,Hospital
GCA_053386175.1,Hospital
GCA_053386215.1,Hospital
GCA_053386185.1,Hospital
GCA_053386155.1,Hospital
GCA_053386135.1,Hospital
GCA_053386115.1,Hospital
GCA_053386095.1,Hospital
GCA_053386075.1,Hospital
GCA_053386055.1,Hospital
GCA_053386035.1,Hospital
GCA_053386015.1,Hospital
GCA_053385995.1,Hospital
GCA_053385975.1,Hospital
GCA_053385935.1,Hospital
GCA_053385955.1,Hospital
GCA_053385915.1,Hospital
GCA_053385895.1,Hospital
GCA_053385875.1,Hospital
GCA_053385855.1,Hospital
GCA_053385835.1,Hospital
GCA_053385815.1,Hospital
GCA_053385795.1,Hospital
GCA_053385775.1,Hospital
GCA_053385755.1,Hospital
GCA_053385735.1,Hospital
GCA_053385715.1,Hospital
GCA_053385695.1,Hospital
GCA_053385675.1,Hospital
GCA_053385655.1,Hospital
GCA_053385635.1,Hospital
GCA_053385615.1,Hospital
GCA_053385595.1,Hospital
GCA_053385575.1,Hospital
GCA_053385555.1,Hospital
GCA_053385535.1,Hospital
GCA_053385515.1,Hospital
GCA_053385495.1,Hospital
GCA_053385475.1,Hospital
GCA_053385455.1,Hospital
GCA_053385435.1,Hospital
GCA_053385415.1,Hospital
GCA_053385395.1,Hospital
GCA_053385355.1,Hospital
GCA_053385365.1,Hospital
GCA_053385335.1,Hospital
GCA_053385315.1,Hospital
GCA_053385295.1,Hospital
GCA_053385275.1,Hospital
GCA_053385255.1,Hospital
GCA_053385235.1,Hospital
GCA_053385215.1,Hospital
GCA_053385195.1,Hospital
GCA_053385175.1,Hospital
GCA_053385155.1,Hospital
GCA_053385035.1,Hospital
GCA_053384975.1,Hospital
GCA_053384995.1,Hospital
GCA_053384955.1,Hospital
GCA_053384935.1,Hospital
GCA_053384915.1,Hospital
GCA_053384895.1,Hospital
GCA_053384865.1,Hospital
GCA_053384855.1,Hospital
GCA_053384835.1,Hospital
GCA_053384805.1,Hospital
GCA_053384795.1,Hospital
GCA_053384775.1,Hospital
GCA_053384755.1,Hospital
GCA_053384735.1,Hospital
GCA_053384715.1,Hospital
GCA_053384675.1,Hospital
GCA_053384685.1,Hospital
GCA_053384655.1,Hospital
GCA_053384615.1,Hospital
GCA_053384625.1,Hospital
GCA_053384595.1,Hospital
GCA_053384535.1,Hospital
GCA_053384565.1,Hospital
GCA_053384555.1,Hospital
GCA_053384515.1,Hospital
GCA_053384485.1,Hospital
GCA_053384475.1,Hospital
GCA_053384455.1,Hospital
GCA_053384425.1,Hospital
GCA_053384415.1,Hospital
GCA_053384395.1,Hospital
GCA_053384355.1,Hospital
GCA_053384365.1,Hospital
GCA_053384335.1,Hospital
GCA_053384295.1,Hospital
GCA_053384305.1,Hospital
GCA_053384275.1,Hospital
GCA_053384235.1,Hospital
GCA_053384215.1,Hospital
GCA_053384195.1,Hospital
GCA_053384175.1,Hospital
GCA_053384155.1,Hospital
GCA_053384135.1,Hospital
GCA_053384115.1,Hospital
GCA_053384095.1,Hospital
GCA_053384075.1,Hospital
GCA_053384045.1,Hospital
GCA_053384035.1,Hospital
GCA_053384015.1,Hospital
GCA_053383985.1,Hospital
GCA_053383975.1,Hospital
GCA_053383955.1,Hospital
GCA_053383935.1,Hospital
GCA_053383915.1,Hospital
GCA_053383895.1,Hospital
GCA_053383855.1,Hospital
GCA_053383865.1,Hospital
GCA_053383835.1,Hospital
GCA_053383795.1,Hospital
GCA_053383815.1,Hospital
GCA_053383775.1,Hospital
GCA_053383755.1,Hospital
GCA_053383725.1,Hospital
GCA_053383715.1,Hospital
GCA_053383695.1,Hospital
GCA_053383675.1,Hospital
GCA_053383655.1,Hospital
GCA_053383635.1,Hospital
GCA_053383615.1,Hospital
GCA_053383595.1,Hospital
GCA_053383555.1,Hospital
GCA_053383575.1,Hospital
GCA_053383495.1,Hospital
GCA_053383535.1,Hospital
GCA_053383515.1,Hospital
GCA_053383475.1,Hospital
GCA_053383455.1,Hospital
GCA_053383435.1,Hospital
GCA_053383415.1,Hospital
GCA_053383395.1,Hospital
GCA_053383375.1,Hospital
GCA_053383355.1,Hospital
GCA_053383335.1,Hospital
GCA_053383315.1,Hospital
GCA_053383295.1,Hospital
GCA_053383255.1,Hospital
GCA_053383235.1,Hospital
GCA_053383215.1,Hospital
GCA_053383195.1,Hospital
GCA_053383175.1,Hospital
GCA_053383155.1,Hospital
GCA_053383135.1,Hospital
GCA_053383115.1,Hospital
GCA_053383095.1,Hospital
GCA_053371295.1,Water
GCA_053371375.1,Respiratory
GCA_053371395.1,Respiratory
GCA_053371415.1,Respiratory
GCA_053371435.1,Ear_Nose_Throat
GCA_053371455.1,Respiratory
GCA_053371495.1,Water
GCA_053371535.1,Gastrointestinal
GCA_053371555.1,Respiratory
GCA_053371615.1,Respiratory
GCA_053371835.1,Hospital
GCA_053371855.1,Hospital
GCA_053371875.1,Hospital
GCA_053401175.1,Urinary
GCA_053440755.1,Medical_Device
GCA_053444525.1,Urinary
GCA_053373695.1,Respiratory
GCA_053374515.1,Water
GCA_053374535.1,Respiratory
GCA_053374615.2,Water
GCA_053467625.1,Gastrointestinal
GCA_053466145.1,Urinary
GCA_053467965.1,Respiratory
GCA_053465125.1,Respiratory
GCA_038627235.2,Skin_Soft_Tissue
GCA_028073755.2,Urinary
GCA_046023445.2,Urinary
GCA_053511985.1,Urinary
GCA_053519215.1,Respiratory
GCA_053538295.1,Urinary
GCA_054227755.1,Urinary
GCA_028640085.5,Urinary
GCA_028640045.5,Urinary
GCA_029049085.5,Respiratory
GCA_053635255.1,Skin_Soft_Tissue
GCA_053635215.1,Respiratory
GCA_053639835.1,Urinary
GCA_053639795.1,Respiratory
GCA_053639775.1,Respiratory
GCA_053639755.1,Respiratory
GCA_053639735.1,Urinary
GCA_053639705.1,Urinary
GCA_053639695.1,Respiratory
GCA_053637295.1,Urinary
GCA_053636815.1,Urinary
GCA_053636775.1,Gastrointestinal
GCA_053636755.1,Gastrointestinal
GCA_053634675.1,Respiratory
GCA_053539455.1,Gastrointestinal
GCA_053554475.1,Urinary
GCA_053554495.1,Medical_Device
GCA_053554515.1,Skin_Soft_Tissue
GCA_053554535.1,Medical_Device
GCA_053554555.1,Medical_Device
GCA_053554565.1,Respiratory
GCA_053554595.1,Respiratory
GCA_053554615.1,Skin_Soft_Tissue
GCA_053554635.1,Skin_Soft_Tissue
GCA_053554655.1,Urinary
GCA_053554675.1,Respiratory
GCA_053554755.1,Respiratory
GCA_053554775.1,Respiratory
GCA_053554795.1,Ear_Nose_Throat
GCA_053554815.1,Urinary
GCA_053554825.1,Skin_Soft_Tissue
GCA_053554875.1,Skin_Soft_Tissue
GCA_053554895.1,Respiratory
GCA_053554915.1,Medical_Device
GCA_053554935.1,Respiratory
GCA_053554955.1,Respiratory
GCA_053554975.1,Respiratory
GCA_053554995.1,Skin_Soft_Tissue
GCA_053555015.1,Skin_Soft_Tissue
GCA_053555035.1,Respiratory
GCA_053555055.1,Skin_Soft_Tissue
GCA_053555075.1,Skin_Soft_Tissue
GCA_053555095.1,Respiratory
GCA_053555115.1,Respiratory
GCA_053555135.1,Skin_Soft_Tissue
GCA_053555155.1,Respiratory
GCA_053555175.1,Respiratory
GCA_053555195.1,Bloodstream
GCA_053555215.1,Skin_Soft_Tissue
GCA_053555235.1,Skin_Soft_Tissue
GCA_053555255.1,Respiratory
GCA_053555275.1,Medical_Device
GCA_053555295.1,Urinary
GCA_053555315.1,Respiratory
GCA_053555335.1,Respiratory
GCA_053555375.1,Skin_Soft_Tissue
GCA_053555395.1,Respiratory
GCA_053555415.1,Skin_Soft_Tissue
GCA_053555435.1,Urinary
GCA_053555455.1,Respiratory
GCA_053555475.1,Skin_Soft_Tissue
GCA_053555495.1,Urinary
GCA_053555515.1,Respiratory
GCA_053555535.1,Respiratory
GCA_053555555.1,Skin_Soft_Tissue
GCA_053555575.1,Respiratory
GCA_053555595.1,Skin_Soft_Tissue
GCA_053555615.1,Urinary
GCA_053555635.1,Respiratory
GCA_053555655.1,Urinary
GCA_053555675.1,Respiratory
GCA_053555695.1,Respiratory
GCA_053555715.1,Skin_Soft_Tissue
GCA_053555735.1,Respiratory
GCA_053557355.1,Ear_Nose_Throat
GCA_053557375.1,Urinary
GCA_053557395.1,Urinary
GCA_053557415.1,Skin_Soft_Tissue
GCA_053557455.1,Respiratory
GCA_053557495.1,Respiratory
GCA_053557515.1,Respiratory
GCA_053557535.1,Urinary
GCA_053557555.1,Skin_Soft_Tissue
GCA_053557575.1,Urinary
GCA_053557595.1,Skin_Soft_Tissue
GCA_053557615.1,Respiratory
GCA_053557635.1,Skin_Soft_Tissue
GCA_053557655.1,Urinary
GCA_053676875.1,Respiratory
GCA_053676335.1,Water
GCA_053676135.1,Respiratory
GCA_053675795.1,Urinary
GCA_053675495.1,Urinary
GCA_053675455.1,Respiratory
GCA_053675095.1,Water
GCA_053674975.1,Urinary
GCA_053674815.1,Respiratory
GCA_053674655.1,Bloodstream
GCA_053650535.1,Urinary
GCA_053651915.1,Bloodstream
GCA_053674215.1,Respiratory
GCA_053651805.1,Respiratory
GCA_053674055.1,Respiratory
GCA_053673895.1,Respiratory
GCA_053673735.1,Water
GCA_053673675.1,Respiratory
GCA_053673475.1,Respiratory
GCA_053673115.1,Bloodstream
GCA_053672915.1,Skin_Soft_Tissue
GCA_053672815.1,Bloodstream
GCA_053672655.1,Respiratory
GCA_053650415.1,Respiratory
GCA_053672515.1,Respiratory
GCA_053671595.1,Respiratory
GCA_053671475.1,Respiratory
GCA_053655655.1,Urinary
GCA_053671435.1,Urinary
GCA_053655635.1,Urinary
GCA_053668335.1,Respiratory
GCA_053668135.1,Urinary
GCA_053671235.1,Urinary
GCA_053667535.1,Urinary
GCA_053667255.1,Urinary
GCA_053666195.1,Bloodstream
GCA_053665615.1,Respiratory
GCA_053671155.1,Urinary
GCA_053665435.1,Respiratory
GCA_053650275.1,Urinary
GCA_053665105.1,Respiratory
GCA_053671055.1,Urinary
GCA_053654875.1,Urinary
GCA_053666895.1,Respiratory
GCA_053659775.1,Urinary
GCA_053661415.1,Urinary
GCA_053661355.1,Urinary
GCA_053664715.1,Urinary
GCA_053661295.1,Water
GCA_053663655.1,Urinary
GCA_053663495.1,Respiratory
GCA_053670835.1,Urinary
GCA_053664575.1,Respiratory
GCA_053670795.1,Urinary
GCA_053664495.1,Respiratory
GCA_053660895.1,Respiratory
GCA_053666675.1,Respiratory
GCA_053660795.1,Urinary
GCA_053650895.1,Urinary
GCA_053569815.1,Respiratory
GCA_053569835.1,Water
GCA_053569855.1,Respiratory
GCA_053569875.1,Respiratory
GCA_053569895.1,Respiratory
GCA_053569915.1,Water
GCA_053569935.1,Respiratory
GCA_053569955.1,Respiratory
GCA_053569975.1,Water
GCA_053677815.1,Urinary
GCA_053577115.1,Ocular
GCA_053577135.1,Ocular
GCA_053577155.1,Ocular
GCA_053577175.1,Ocular
GCA_053577195.1,Ocular
GCA_053577215.1,Ocular
GCA_053577235.1,Ocular
GCA_053577255.1,Ocular
GCA_053577265.1,Ocular
GCA_053577295.1,Ocular
GCA_053577315.1,Ocular
GCA_053577335.1,Ocular
GCA_053577355.1,Ocular
GCA_053577375.1,Ocular
GCA_053577395.1,Ocular
GCA_053577415.1,Ocular
GCA_053577435.1,Ocular
GCA_053577455.1,Ocular
GCA_053577475.1,Ocular
GCA_053577495.1,Ocular
GCA_053577535.1,Ocular
GCA_053577555.1,Ocular
GCA_053577575.1,Ocular
GCA_053577595.1,Ocular
GCA_053577615.1,Ocular
GCA_053577635.1,Ocular
GCA_053577655.1,Ocular
GCA_053577675.1,Ocular
GCA_053577695.1,Ocular
GCA_053577715.1,Ocular
GCA_053577735.1,Ocular
GCA_053577755.1,Ocular
GCA_053577775.1,Ocular
GCA_053577795.1,Ocular
GCA_053577815.1,Ocular
GCA_053577835.1,Ocular
GCA_053577855.1,Ocular
GCA_053577875.1,Ocular
GCA_053577895.1,Ocular
GCA_053577915.1,Ocular
GCA_053577935.1,Ocular
GCA_053577955.1,Ocular
GCA_053577975.1,Ocular
GCA_053577995.1,Ocular
GCA_053578015.1,Ocular
GCA_053578035.1,Ocular
GCA_053578055.1,Ocular
GCA_053578075.1,Ocular
GCA_053578095.1,Ocular
GCA_053578115.1,Ocular
GCA_053582835.1,Ocular
GCA_053582865.1,Ocular
GCA_053582925.1,Ocular
GCA_053582945.1,Ocular
GCA_053583005.1,Ocular
GCA_053583035.1,Ocular
GCA_053583095.1,Ocular
GCA_053583115.1,Ocular
GCA_053583185.1,Ocular
GCA_053583205.1,Ocular
GCA_053583275.1,Ocular
GCA_053583295.1,Ocular
GCA_053583365.1,Ocular
GCA_053583385.1,Ocular
GCA_053583455.1,Ocular
GCA_053583485.1,Ocular
GCA_053583565.1,Ocular
GCA_053583575.1,Ocular
GCA_053583645.1,Ocular
GCA_053583665.1,Ocular
GCA_053583725.1,Ocular
GCA_053583755.1,Ocular
GCA_053583815.1,Ocular
GCA_053583845.1,Ocular
GCA_053583935.1,Ocular
GCA_053583985.1,Ocular
GCA_053584025.1,Ocular
GCA_053584085.1,Ocular
GCA_053584125.1,Ocular
GCA_053584165.1,Ocular
GCA_053584205.1,Ocular
GCA_053584245.1,Ocular
GCA_053584285.1,Ocular
GCA_053584335.1,Ocular
GCA_053584375.1,Ocular
GCA_053584435.1,Ocular
GCA_053584465.1,Ocular
GCA_053584525.1,Ocular
GCA_053584555.1,Ocular
GCA_053584605.1,Ocular
GCA_053584655.1,Ocular
GCA_053584695.1,Ocular
GCA_053584765.1,Ocular
GCA_053584795.1,Ocular
GCA_053584845.1,Ocular
GCA_053690645.1,Urinary
GCA_053630155.1,Skin_Soft_Tissue
GCA_053710295.1,Urinary
GCA_053716375.1,Urinary
GCA_053716355.1,Respiratory
GCA_053718115.1,Respiratory
GCA_053708055.1,Skin_Soft_Tissue
GCA_053710855.1,Skin_Soft_Tissue
GCA_053713255.1,Soil
GCA_977007345.1,Soil
GCA_053747595.1,Soil
GCA_053747945.1,Soil
GCA_053762565.1,Water
GCA_053804055.1,Urinary
GCA_053807785.1,Bloodstream
GCA_053806835.1,Bloodstream
GCA_053812935.1,Respiratory
GCA_053786275.1,Water
GCA_053816205.1,Urinary
GCA_053815645.1,Skin_Soft_Tissue
GCA_053813685.1,Gastrointestinal
GCA_053813705.1,Gastrointestinal
GCA_053813725.1,Gastrointestinal
GCA_053848145.1,Water
GCA_053848225.1,Water
GCA_053848705.1,Skin_Soft_Tissue
GCA_053877595.1,Urinary
GCA_053880955.1,Urinary
GCA_053880935.1,Gastrointestinal
GCA_053880915.1,Bloodstream
GCA_053880895.1,Urinary
GCA_053880875.1,Skin_Soft_Tissue
GCA_053850635.1,Hospital
GCA_053850655.1,Hospital
GCA_053852055.1,Urinary
GCA_053901205.1,Skin_Soft_Tissue
GCA_053900765.1,Urinary
GCA_053901165.1,Urinary
GCA_053926915.1,Respiratory
GCA_053984435.1,Bloodstream
GCA_053996275.1,Urinary
GCA_053996215.1,Skin_Soft_Tissue
GCA_053997395.1,Skin_Soft_Tissue
GCA_053998535.1,Urinary
GCA_053997295.1,Respiratory
GCA_053996115.1,Skin_Soft_Tissue
GCA_053992835.1,Skin_Soft_Tissue
GCA_053996015.1,Respiratory
GCA_053995835.1,Urinary
GCA_053995755.1,Urinary
GCA_053995695.1,Respiratory
GCA_053992695.1,Respiratory
GCA_053995335.1,Skin_Soft_Tissue
GCA_053995255.1,Skin_Soft_Tissue
GCA_053992635.1,Bloodstream
GCA_053997755.1,Respiratory
GCA_053997735.1,Skin_Soft_Tissue
GCA_053997075.1,Skin_Soft_Tissue
GCA_053997135.1,Urinary
GCA_053996975.1,Urinary
GCA_053995235.1,Urinary
GCA_053995015.1,Urinary
GCA_053995195.1,Skin_Soft_Tissue
GCA_053994995.1,Urinary
GCA_053992555.1,Urinary
GCA_053994915.1,Urinary
GCA_053994925.1,Bloodstream
GCA_054001075.1,Bloodstream
GCA_053998255.1,Respiratory
GCA_053998235.1,Urinary
GCA_053998195.1,Respiratory
GCA_053992455.1,Respiratory
GCA_053996755.1,Skin_Soft_Tissue
GCA_053994755.1,Urinary
GCA_053994675.1,Urinary
GCA_053994655.1,Respiratory
GCA_053994495.1,Bloodstream
GCA_053994395.1,Urinary
GCA_053995455.1,Respiratory
GCA_053994375.1,Respiratory
GCA_053994335.1,Skin_Soft_Tissue
GCA_053994295.1,Skin_Soft_Tissue
GCA_053997535.1,Skin_Soft_Tissue
GCA_053999355.1,Respiratory
GCA_053996625.1,Respiratory
GCA_053996595.1,Respiratory
GCA_053998675.1,Ear_Nose_Throat
GCA_053998695.1,Urinary
GCA_054000195.1,Skin_Soft_Tissue
GCA_054083055.1,Ear_Nose_Throat
GCA_054083035.1,Domestic
GCA_054083015.1,Medical_Device
GCA_054082995.1,Domestic
GCA_054082975.1,Ear_Nose_Throat
GCA_054082955.1,Ear_Nose_Throat
GCA_054082935.1,Ear_Nose_Throat
GCA_054082915.1,Ear_Nose_Throat
GCA_054082895.1,Ear_Nose_Throat
GCA_054082875.1,Ear_Nose_Throat
GCA_054082855.1,Ear_Nose_Throat
GCA_054082835.1,Ear_Nose_Throat
GCA_054096845.1,Ear_Nose_Throat
GCA_054082815.1,Ear_Nose_Throat
GCA_054082795.1,Ear_Nose_Throat
GCA_054082775.1,Ear_Nose_Throat
GCA_054082755.1,Skin_Soft_Tissue
GCA_054082735.1,Skin_Soft_Tissue
GCA_054082715.1,Skin_Soft_Tissue
GCA_054082695.1,Skin_Soft_Tissue
GCA_054096825.1,Ear_Nose_Throat
GCA_054082675.1,Ear_Nose_Throat
GCA_054082655.1,Skin_Soft_Tissue
GCA_054096785.1,Reproductive
GCA_054082635.1,Skin_Soft_Tissue
GCA_054082615.1,Skin_Soft_Tissue
GCA_054082595.1,Skin_Soft_Tissue
GCA_054082535.1,Domestic
GCA_054096805.1,Ear_Nose_Throat
GCA_054082575.1,Ear_Nose_Throat
GCA_054082515.1,Ear_Nose_Throat
GCA_054082495.1,Ear_Nose_Throat
GCA_054082555.1,Ear_Nose_Throat
GCA_054096745.1,Ear_Nose_Throat
GCA_054062455.1,Ear_Nose_Throat
GCA_054064305.1,Ear_Nose_Throat
GCA_054082475.1,Ear_Nose_Throat
GCA_054096765.1,Ear_Nose_Throat
GCA_054082455.1,Ear_Nose_Throat
GCA_054082415.1,Ear_Nose_Throat
GCA_054096725.1,Medical_Device
GCA_054064635.1,Reproductive
GCA_054082435.1,Skin_Soft_Tissue
GCA_054096705.1,Skin_Soft_Tissue
GCA_054096685.1,Skin_Soft_Tissue
GCA_054082395.1,Domestic
GCA_054063255.1,Ear_Nose_Throat
GCA_054082375.1,Domestic
GCA_054082355.1,Respiratory
GCA_054082335.1,Skin_Soft_Tissue
GCA_054096665.1,Ear_Nose_Throat
GCA_054082195.1,Respiratory
GCA_054082175.1,Respiratory
GCA_054068535.1,Skin_Soft_Tissue
GCA_054068515.1,Skin_Soft_Tissue
GCA_054069135.1,Skin_Soft_Tissue
GCA_054070015.1,Urinary
GCA_054070875.1,Urinary
GCA_054082115.1,Urinary
GCA_054082095.1,Respiratory
GCA_054070805.1,Respiratory
GCA_054066885.1,Respiratory
GCA_054071255.1,Respiratory
GCA_054081955.1,Respiratory
GCA_054063425.1,Respiratory
GCA_054081935.1,Bloodstream
GCA_054069885.1,Respiratory
GCA_054069035.1,Respiratory
GCA_054070695.1,Respiratory
GCA_054081775.1,Skin_Soft_Tissue
GCA_054065735.1,Respiratory
GCA_054065655.1,Respiratory
GCA_054081655.1,Respiratory
GCA_054081615.1,Respiratory
GCA_054081595.1,Respiratory
GCA_054066775.1,Urinary
GCA_054081535.1,Respiratory
GCA_054081515.1,Respiratory
GCA_054081435.1,Urinary
GCA_054069795.1,Urinary
GCA_054081375.1,Skin_Soft_Tissue
GCA_054081415.1,Skin_Soft_Tissue
GCA_054081395.1,Respiratory
GCA_054069735.1,Respiratory
GCA_054147185.1,Respiratory
GCA_054147165.1,Skin_Soft_Tissue
GCA_054147145.1,Skin_Soft_Tissue
GCA_054081295.1,Urinary
GCA_054081135.1,Urinary
GCA_054081095.1,Urinary
GCA_054081115.1,Respiratory
GCA_054081055.1,Skin_Soft_Tissue
GCA_054081015.1,Bloodstream
GCA_054081035.1,Respiratory
GCA_054069655.1,Urinary
GCA_054080995.1,Skin_Soft_Tissue
GCA_054070615.1,Bloodstream
GCA_054080875.1,Urinary
GCA_054080835.1,Skin_Soft_Tissue
GCA_054080795.1,Skin_Soft_Tissue
GCA_054080715.1,Respiratory
GCA_054080695.1,Gastrointestinal
GCA_054063315.1,Respiratory
GCA_054080555.1,Respiratory
GCA_054080515.1,Respiratory
GCA_054080395.1,Respiratory
GCA_054080275.1,Respiratory
GCA_054080195.1,Respiratory
GCA_054064185.1,Respiratory
GCA_054080155.1,Urinary
GCA_054080115.1,Skin_Soft_Tissue
GCA_054080095.1,Skin_Soft_Tissue
GCA_054080055.1,Respiratory
GCA_054080075.1,Respiratory
GCA_054065555.1,Respiratory
GCA_054079995.1,Skin_Soft_Tissue
GCA_054080035.1,Bloodstream
GCA_054070395.1,Respiratory
GCA_054079735.1,Respiratory
GCA_054079695.1,Respiratory
GCA_054079655.1,Skin_Soft_Tissue
GCA_054079495.1,Urinary
GCA_054079455.1,Urinary
GCA_054064195.1,Respiratory
GCA_054079415.1,Respiratory
GCA_054063155.1,Respiratory
GCA_054079435.1,Skin_Soft_Tissue
GCA_054064115.1,Skin_Soft_Tissue
GCA_054079355.1,Bloodstream
GCA_054079375.1,Bloodstream
GCA_054079215.1,Urinary
GCA_054065425.1,Urinary
GCA_054079195.1,Urinary
GCA_054079175.1,Respiratory
GCA_054065395.1,Respiratory
GCA_054066605.1,Bloodstream
GCA_054079135.1,Respiratory
GCA_054065305.1,Respiratory
GCA_054066595.1,Respiratory
GCA_054065275.1,Respiratory
GCA_054079055.1,Respiratory
GCA_054079035.1,Respiratory
GCA_054065215.1,Respiratory
GCA_054068235.1,Respiratory
GCA_054065185.1,Respiratory
GCA_054068195.1,Respiratory
GCA_054070315.1,Respiratory
GCA_054062945.1,Respiratory
GCA_054078935.1,Respiratory
GCA_054078915.1,Respiratory
GCA_054065155.1,Urinary
GCA_054078815.1,Bloodstream
GCA_054078795.1,Respiratory
GCA_054067285.1,Respiratory
GCA_054078115.1,Respiratory
GCA_054078095.1,Respiratory
GCA_054078055.1,Skin_Soft_Tissue
GCA_054069535.1,Skin_Soft_Tissue
GCA_054078035.1,Ear_Nose_Throat
GCA_054065115.1,Skin_Soft_Tissue
GCA_054065075.1,Skin_Soft_Tissue
GCA_054066475.1,Gastrointestinal
GCA_054069435.1,Bloodstream
GCA_054077855.1,Urinary
GCA_054077815.1,Urinary
GCA_054077835.1,Respiratory
GCA_054077675.1,Skin_Soft_Tissue
GCA_054077655.1,Urinary
GCA_054077635.1,Urinary
GCA_054069335.1,Urinary
GCA_054066325.1,Respiratory
GCA_054077515.1,Respiratory
GCA_054077495.1,Respiratory
GCA_054064935.1,Respiratory
GCA_054077475.1,Respiratory
GCA_054077425.1,Urinary
GCA_054067155.1,Respiratory
GCA_054077415.1,Respiratory
GCA_054077395.1,Respiratory
GCA_054069315.1,Respiratory
GCA_054067775.1,Ear_Nose_Throat
GCA_054077375.1,Ear_Nose_Throat
GCA_054077355.1,Ear_Nose_Throat
GCA_054077335.1,Urinary
GCA_054070175.1,Bloodstream
GCA_054068735.1,Respiratory
GCA_054077175.1,Respiratory
GCA_054067665.1,Respiratory
GCA_054077115.1,Urinary
GCA_054064915.1,Respiratory
GCA_054071115.1,Respiratory
GCA_054077095.1,Gastrointestinal
GCA_054066275.1,Respiratory
GCA_054063625.1,Urinary
GCA_054076955.1,Urinary
GCA_054064815.1,Urinary
GCA_054064795.1,Urinary
GCA_054076975.1,Respiratory
GCA_054076915.1,Skin_Soft_Tissue
GCA_054064735.1,Skin_Soft_Tissue
GCA_054076875.1,Respiratory
GCA_054076815.1,Urinary
GCA_054067035.1,Urinary
GCA_054076835.1,Urinary
GCA_054067415.1,Skin_Soft_Tissue
GCA_054062715.1,Skin_Soft_Tissue
GCA_054076795.1,Respiratory
GCA_054076655.1,Urinary
GCA_054030875.1,Skin_Soft_Tissue
GCA_054030995.1,Ear_Nose_Throat
GCA_054047285.1,Urinary
GCA_054048025.1,Skin_Soft_Tissue
GCA_054084555.1,Bloodstream
GCA_054084535.1,Bird
GCA_054088585.1,Respiratory
GCA_054097525.1,Respiratory
GCA_054097545.1,Respiratory
GCA_054097565.1,Respiratory
GCA_054097485.1,Respiratory
GCA_054097505.1,Respiratory
GCA_054097465.1,Respiratory
GCA_054097405.1,Respiratory
GCA_054097445.1,Respiratory
GCA_054097425.1,Respiratory
GCA_054097385.1,Respiratory
GCA_054097365.1,Respiratory
GCA_054097345.1,Respiratory
GCA_054097825.1,Respiratory
GCA_054097305.1,Respiratory
GCA_054097325.1,Respiratory
GCA_054097285.1,Respiratory
GCA_054097255.1,Respiratory
GCA_054097245.1,Respiratory
GCA_054097225.1,Respiratory
GCA_054097185.1,Respiratory
GCA_054097805.1,Respiratory
GCA_054097165.1,Respiratory
GCA_054097785.1,Respiratory
GCA_054097205.1,Respiratory
GCA_054097145.1,Respiratory
GCA_054121455.1,Respiratory
GCA_054097105.1,Respiratory
GCA_054097845.1,Respiratory
GCA_054097125.1,Respiratory
GCA_054129285.1,Urinary
GCA_054129305.1,Urinary
GCA_054140945.1,Respiratory
GCA_054141485.1,Respiratory
GCA_054129005.1,Respiratory
GCA_054139965.1,Respiratory
GCA_054140445.1,Urinary
GCA_054139945.1,Respiratory
GCA_054139845.1,Respiratory
GCA_054139745.1,Skin_Soft_Tissue
GCA_054139795.1,Urinary
GCA_054140065.1,Respiratory
GCA_054140395.1,Skin_Soft_Tissue
GCA_054140705.1,Respiratory
GCA_054129205.1,Skin_Soft_Tissue
GCA_054139705.1,Skin_Soft_Tissue
GCA_054141645.1,Skin_Soft_Tissue
GCA_054142865.1,Urinary
GCA_054128945.1,Bloodstream
GCA_054139675.1,Respiratory
GCA_054140925.1,Urinary
GCA_054140885.1,Respiratory
GCA_054128505.1,Respiratory
GCA_054141185.1,Urinary
GCA_054140365.1,Urinary
GCA_054140625.1,Respiratory
GCA_054128885.1,Urinary
GCA_054141435.1,Respiratory
GCA_054128485.1,Respiratory
GCA_054141425.1,Respiratory
GCA_054140825.1,Respiratory
GCA_054140585.1,Respiratory
GCA_054139785.1,Respiratory
GCA_054128825.1,Skin_Soft_Tissue
GCA_054128395.1,Bloodstream
GCA_054139605.1,Skin_Soft_Tissue
GCA_054128745.1,Respiratory
GCA_054128425.1,Respiratory
GCA_054142845.1,Skin_Soft_Tissue
GCA_054140105.1,Respiratory
GCA_054128385.1,Urinary
GCA_054128725.1,Urinary
GCA_054128705.1,Urinary
GCA_054129085.1,Skin_Soft_Tissue
GCA_054141125.1,Urinary
GCA_054128685.1,Bloodstream
GCA_054128605.1,Urinary
GCA_054128555.1,Skin_Soft_Tissue
GCA_054141035.1,Urinary
GCA_054141025.1,Urinary
GCA_054141005.1,Respiratory
GCA_054140985.1,Respiratory
GCA_054128565.1,Urinary
GCA_054141265.1,Urinary
GCA_054140785.1,Urinary
GCA_054134415.1,Skin_Soft_Tissue
GCA_054134375.1,Respiratory
GCA_054138305.1,Skin_Soft_Tissue
GCA_054148885.1,Ear_Nose_Throat
GCA_054147745.1,Respiratory
GCA_054147645.1,Urinary
GCA_054145065.1,Urinary
GCA_054147625.1,Respiratory
GCA_054147585.1,Respiratory
GCA_054147595.1,Respiratory
GCA_054145385.1,Skin_Soft_Tissue
GCA_054147565.1,Bloodstream
GCA_054147525.1,Bloodstream
GCA_054147365.1,Urinary
GCA_054145425.1,Skin_Soft_Tissue
GCA_054146905.1,Respiratory
GCA_054147265.1,Skin_Soft_Tissue
GCA_054144965.1,Bloodstream
GCA_054146775.1,Respiratory
GCA_054145365.1,Skin_Soft_Tissue
GCA_054145405.1,Skin_Soft_Tissue
GCA_054145345.1,Respiratory
GCA_054146745.1,Skin_Soft_Tissue
GCA_054146715.1,Skin_Soft_Tissue
GCA_054148675.1,Respiratory
GCA_054145325.1,Respiratory
GCA_054146705.1,Respiratory
GCA_054149805.1,Skin_Soft_Tissue
GCA_054146685.1,Respiratory
GCA_054143675.1,Respiratory
GCA_054146665.1,Respiratory
GCA_054144845.1,Respiratory
GCA_054146605.1,Respiratory
GCA_054146585.1,Respiratory
GCA_054149735.1,Ear_Nose_Throat
GCA_054146965.1,Skin_Soft_Tissue
GCA_054144805.1,Skin_Soft_Tissue
GCA_054146565.1,Skin_Soft_Tissue
GCA_054138605.1,Urinary
GCA_054146485.1,Respiratory
GCA_054145285.1,Respiratory
GCA_054146385.1,Urinary
GCA_054147205.1,Respiratory
GCA_054146365.1,Respiratory
GCA_054146345.1,Urinary
GCA_054144145.1,Respiratory
GCA_054145305.1,Urinary
GCA_054144085.1,Urinary
GCA_054145235.1,Urinary
GCA_054146165.1,Respiratory
GCA_054145225.1,Respiratory
GCA_054146025.1,Urinary
GCA_054146005.1,Respiratory
GCA_054145205.1,Respiratory
GCA_054144065.1,Respiratory
GCA_054145865.1,Respiratory
GCA_054145825.1,Respiratory
GCA_054145845.1,Bloodstream
GCA_054145185.1,Bloodstream
GCA_054145705.1,Respiratory
GCA_054144035.1,Respiratory
GCA_054145165.1,Respiratory
GCA_054144005.1,Skin_Soft_Tissue
GCA_054144665.1,Skin_Soft_Tissue
GCA_054144605.1,Respiratory
GCA_054145125.1,Skin_Soft_Tissue
GCA_054145605.1,Respiratory
GCA_054144565.1,Respiratory
GCA_054144585.1,Urinary
GCA_054144545.1,Urinary
GCA_054145565.1,Respiratory
GCA_054144525.1,Respiratory
GCA_054145105.1,Bloodstream
GCA_054145085.1,Bloodstream
GCA_054145585.1,Urinary
GCA_054113085.1,Respiratory
GCA_054121535.1,Skin_Soft_Tissue
GCA_054121545.1,Respiratory
GCA_054121555.1,Respiratory
GCA_054121565.1,Respiratory
GCA_054121575.1,Respiratory
GCA_054121585.1,Respiratory
GCA_054121715.1,Respiratory
GCA_054121775.1,Respiratory
GCA_054121785.1,Respiratory
GCA_054122015.1,Respiratory
GCA_054122025.1,Respiratory
GCA_054122065.1,Respiratory
GCA_054122115.1,Respiratory
GCA_054122125.1,Respiratory
GCA_054122215.1,Respiratory
GCA_054122225.1,Respiratory
GCA_054122505.1,Respiratory
GCA_054122525.1,Respiratory
GCA_054123335.1,Respiratory
GCA_054123365.1,Respiratory
GCA_054124135.1,Respiratory
GCA_054124165.1,Respiratory
GCA_054125005.1,Respiratory
GCA_054125025.1,Respiratory
GCA_054125485.1,Respiratory
GCA_054125505.1,Respiratory
GCA_054126005.1,Respiratory
GCA_054126015.1,Urinary
GCA_054126825.1,Skin_Soft_Tissue
GCA_054126835.1,Skin_Soft_Tissue
GCA_054127325.1,Skin_Soft_Tissue
GCA_054127345.1,Skin_Soft_Tissue
GCA_054150995.1,Bloodstream
GCA_054150895.1,Bloodstream
GCA_054155935.1,Gastrointestinal
GCA_054168505.1,Gastrointestinal
GCA_054129875.1,Skin_Soft_Tissue
GCA_054129885.1,Skin_Soft_Tissue
GCA_054129955.1,Skin_Soft_Tissue
GCA_054129965.1,Skin_Soft_Tissue
GCA_054129975.1,Skin_Soft_Tissue
GCA_054129985.1,Skin_Soft_Tissue
GCA_054130025.1,Skin_Soft_Tissue
GCA_054130035.1,Skin_Soft_Tissue
GCA_054130085.1,Skin_Soft_Tissue
GCA_054130095.1,Skin_Soft_Tissue
GCA_054130115.1,Skin_Soft_Tissue
GCA_054130105.1,Skin_Soft_Tissue
GCA_054130155.1,Bloodstream
GCA_054130165.1,Bloodstream
GCA_054130175.1,Respiratory
GCA_054130185.1,Respiratory
GCA_054130195.1,Respiratory
GCA_054130205.1,Respiratory
GCA_054130215.1,Bloodstream
GCA_054130225.1,Respiratory
GCA_054130245.1,Respiratory
GCA_054130255.1,Respiratory
GCA_054130265.1,Respiratory
GCA_054130275.1,Respiratory
GCA_054130345.1,Respiratory
GCA_054130355.1,Respiratory
GCA_054130365.1,Respiratory
GCA_054130375.1,Respiratory
GCA_054130385.1,Respiratory
GCA_054130395.1,Respiratory
GCA_054130405.1,Respiratory
GCA_054130415.1,Respiratory
GCA_054130425.1,Respiratory
GCA_054170765.1,Water
GCA_054228695.1,Urinary
GCA_054253015.1,Urinary
GCA_054299635.1,Bloodstream
GCA_054299655.1,Bloodstream
GCA_054299675.1,Bloodstream
GCA_054299695.1,Bloodstream
GCA_054299715.1,Bloodstream
GCA_054299735.1,Bloodstream
GCA_054299755.1,Bloodstream
GCA_054299775.1,Bloodstream
GCA_054299795.1,Bloodstream
GCA_054299815.1,Bloodstream
GCA_054299835.1,Bloodstream
GCA_054299855.1,Bloodstream
GCA_054299875.1,Bloodstream
GCA_054299895.1,Bloodstream
GCA_054299915.1,Bloodstream
GCA_054299935.1,Bloodstream
GCA_054299955.1,Bloodstream
GCA_054299975.1,Bloodstream
GCA_054299995.1,Bloodstream
GCA_054300015.1,Bloodstream
GCA_054300055.1,Bloodstream
GCA_054300075.1,Bloodstream
GCA_054300095.1,Bloodstream
GCA_054300115.1,Bloodstream
GCA_054300135.1,Bloodstream
GCA_054300155.1,Bloodstream
GCA_054300175.1,Bloodstream
GCA_054300195.1,Bloodstream
GCA_054300215.1,Bloodstream
GCA_054300235.1,Bloodstream
GCA_054300255.1,Bloodstream
GCA_054300275.1,Bloodstream
GCA_054300295.1,Bloodstream
GCA_054300315.1,Bloodstream
GCA_054300335.1,Bloodstream
GCA_054300355.1,Bloodstream
GCA_054300375.1,Bloodstream
GCA_054300395.1,Bloodstream
GCA_054300415.1,Bloodstream
GCA_054300455.1,Bloodstream
GCA_054300475.1,Bloodstream
GCA_054300495.1,Bloodstream
GCA_054300515.1,Bloodstream
GCA_054300535.1,Bloodstream
GCA_054300555.1,Bloodstream
GCA_054300575.1,Bloodstream
GCA_054301115.1,Bloodstream
GCA_054301135.1,Bloodstream
GCA_054301155.1,Bloodstream
GCA_054301175.1,Bloodstream
GCA_054301445.1,Gastrointestinal
GCA_054331375.1,Urinary
GCA_054331555.1,Respiratory
GCA_054331575.1,Respiratory
GCA_054331895.1,Respiratory
GCA_054331915.1,Respiratory
GCA_054331935.1,Bone_Joint
GCA_054331955.1,Bloodstream
GCA_054332075.1,Respiratory
GCA_054332155.1,Respiratory
GCA_054332275.1,Respiratory
GCA_054332295.1,Gastrointestinal
GCA_054332335.1,Gastrointestinal
GCA_054332355.1,Bone_Joint
GCA_054332465.1,Respiratory
GCA_054332595.1,Water
GCA_054332615.1,Bone_Joint
GCA_054332655.1,Gastrointestinal
GCA_054332795.1,Respiratory
GCA_054332815.1,Skin_Soft_Tissue
GCA_054346015.1,Skin_Soft_Tissue
GCA_054349535.1,Respiratory
GCA_054343515.1,Respiratory
GCA_054369315.1,Respiratory
GCA_054369265.1,Urinary
GCA_054369125.1,Respiratory
GCA_054395525.1,Respiratory
GCA_054395505.1,Respiratory
GCA_054408365.1,Water
GCA_054408335.1,Water
GCA_054408325.1,Water
GCA_054832005.1,Urinary
GCA_054456755.1,Bone_Joint
GCA_054476475.1,Urinary
GCA_054493315.1,Bloodstream
GCA_054493255.1,Skin_Soft_Tissue
GCA_054488365.1,Urinary
GCA_054488385.1,Respiratory
GCA_054488345.1,Urinary
GCA_054488665.1,Gastrointestinal
GCA_054462075.1,Water
GCA_054501445.1,Respiratory
GCA_054501425.1,Respiratory
GCA_054501405.1,Skin_Soft_Tissue
GCA_054501385.1,Respiratory
GCA_054501365.1,Urinary
GCA_054501705.1,Urinary
GCA_054495325.1,Urinary
GCA_054495335.1,Medical_Device
GCA_054507755.1,Respiratory
GCA_054557485.1,Respiratory
GCA_054557185.1,Respiratory
GCA_054557205.1,Skin_Soft_Tissue
GCA_054589785.1,Urinary
GCA_054598455.1,Skin_Soft_Tissue
GCA_054652295.1,Urinary
GCA_054588975.1,Bloodstream
GCA_029615625.5,Respiratory
GCA_054688155.1,Skin_Soft_Tissue
GCA_054687735.1,Urinary
GCA_054742285.1,Respiratory
GCA_054741715.1,Respiratory
GCA_054734795.1,Respiratory
GCA_054734715.1,Respiratory
GCA_054734735.1,Respiratory
GCA_054767095.1,Bone_Joint
GCA_051026475.2,Urinary
GCA_054847745.1,Respiratory
GCA_054803585.1,Bloodstream
GCA_054806565.1,Respiratory
GCA_054811905.1,Respiratory
GCA_054838055.1,Water
GCA_054839955.1,Water
GCA_054838535.1,Water
GCA_054838515.1,Water
GCA_054838495.1,Water
GCA_054838475.1,Water
GCA_054836755.1,Water
GCA_054838455.1,Water
GCA_054838435.1,Water
GCA_054838415.1,Water
GCA_054838395.1,Water
GCA_054838375.1,Water
GCA_054821925.1,Respiratory
GCA_054859925.1,Urinary
GCA_054862485.1,Respiratory
GCA_054862505.1,Respiratory
GCA_054862525.1,Respiratory
GCA_054862545.1,Respiratory
GCA_054862565.1,Respiratory
GCA_054862585.1,Respiratory
GCA_054862605.1,Respiratory
GCA_054862625.1,Respiratory
GCA_054862645.1,Bloodstream
GCA_054862685.1,Bloodstream
GCA_054862705.1,Bloodstream
GCA_054882795.1,Respiratory
GCA_054882775.1,Respiratory
GCA_054887595.1,Urinary
GCA_054887395.1,Skin_Soft_Tissue
GCA_054887835.1,Respiratory
GCA_054887855.1,Urinary
GCA_054880015.1,Water
GCA_054880115.1,Water
GCA_054881555.1,Water
GCA_054883735.1,Medical_Device
GCA_054883745.1,Medical_Device
GCA_054883755.1,Medical_Device
GCA_054883795.1,Medical_Device
GCA_054883825.1,Medical_Device
GCA_054883815.1,Medical_Device
GCA_054883855.1,Medical_Device
GCA_054899425.1,Respiratory
GCA_054900235.1,Bone_Joint
GCA_054898435.1,Skin_Soft_Tissue
GCA_054909105.1,Bloodstream
GCA_054917115.1,Water
GCA_054916845.1,Water
GCA_054916835.1,Water
GCA_054916775.1,Water
GCA_054916785.1,Water
GCA_054990915.1,Respiratory
GCA_054991325.1,Respiratory
GCA_054991305.1,Respiratory
GCA_054990895.1,Respiratory
GCA_054991465.1,Bloodstream
GCA_054991215.1,Urinary
GCA_054991445.1,Respiratory
GCA_054990875.1,Water
GCA_054990855.1,Water
GCA_054990835.1,Gastrointestinal
GCA_032862315.4,Urinary
GCA_055002145.1,Bloodstream
GCA_055000965.1,Bloodstream
GCA_054998305.1,Bloodstream
GCA_977166575.1,Respiratory
GCA_977212735.1,Respiratory
GCA_977153735.1,Respiratory
GCA_977167045.1,Respiratory
GCA_977172195.1,Respiratory
GCA_977153625.1,Respiratory
GCA_977172425.1,Respiratory
GCA_977156945.1,Respiratory
GCA_977153245.1,Respiratory
GCA_977156845.1,Respiratory
GCA_977192285.1,Respiratory
GCA_977212305.1,Respiratory
GCA_977209835.1,Respiratory
GCA_977191855.1,Respiratory
GCA_977139815.1,Respiratory
GCA_977198595.1,Respiratory
GCA_977192805.1,Respiratory
GCA_977169365.1,Respiratory
GCA_977160005.1,Respiratory
GCA_977190595.1,Respiratory
GCA_977213695.1,Respiratory
GCA_977147505.1,Respiratory
GCA_977191225.1,Respiratory
GCA_977157025.1,Respiratory
GCA_977138535.1,Respiratory
GCA_977139735.1,Respiratory
GCA_977167255.1,Respiratory
GCA_977177805.1,Respiratory
GCA_977153795.1,Respiratory
GCA_977213615.1,Respiratory
GCA_977191245.1,Respiratory
GCA_977157105.1,Respiratory
GCA_977177705.1,Respiratory
GCA_977207425.1,Respiratory
GCA_977153985.1,Respiratory
GCA_977193065.1,Respiratory
GCA_977198315.1,Respiratory
GCA_977169485.1,Respiratory
GCA_977157155.1,Respiratory
GCA_977191405.1,Respiratory
GCA_977209875.1,Respiratory
GCA_977191825.1,Respiratory
GCA_977192095.1,Respiratory
GCA_977143255.1,Respiratory
GCA_977159885.1,Respiratory
GCA_977192195.1,Respiratory
GCA_977172545.1,Respiratory
GCA_977152675.1,Respiratory
GCA_977212955.1,Respiratory
GCA_977152505.1,Respiratory
GCA_977153955.1,Respiratory
GCA_977202375.1,Respiratory
GCA_977144625.1,Respiratory
GCA_977174485.1,Respiratory
GCA_977152805.1,Respiratory
GCA_977157055.1,Respiratory
GCA_977177735.1,Respiratory
GCA_977167235.1,Respiratory
GCA_977143545.1,Respiratory
GCA_977167285.1,Respiratory
GCA_977172075.1,Respiratory
GCA_977212605.1,Respiratory
GCA_977192045.1,Respiratory
GCA_977198615.1,Respiratory
GCA_977155335.1,Respiratory
GCA_977209495.1,Respiratory
GCA_977192345.1,Respiratory
GCA_977170435.1,Respiratory
GCA_977207665.1,Respiratory
GCA_977209355.1,Respiratory
GCA_977192955.1,Respiratory
GCA_977212505.1,Respiratory
GCA_977174415.1,Respiratory
GCA_977198245.1,Respiratory
GCA_977198295.1,Respiratory
GCA_977169465.1,Respiratory
GCA_977192595.1,Respiratory
GCA_977171965.1,Respiratory
GCA_977192545.1,Respiratory
GCA_977213715.1,Respiratory
GCA_977212635.1,Respiratory
GCA_977212185.1,Respiratory
GCA_977144725.1,Respiratory
GCA_977211505.1,Respiratory
GCA_977191505.1,Respiratory
GCA_977171445.1,Respiratory
GCA_977166975.1,Respiratory
GCA_977152355.1,Respiratory
GCA_977154425.1,Respiratory
GCA_977153545.1,Respiratory
GCA_977171705.1,Respiratory
GCA_977153345.1,Respiratory
GCA_977172335.1,Respiratory
GCA_977212335.1,Respiratory
GCA_977154195.1,Respiratory
GCA_977170645.1,Respiratory
GCA_977153405.1,Respiratory
GCA_977171685.1,Respiratory
GCA_977153435.1,Respiratory
GCA_977139565.1,Respiratory
GCA_977209775.1,Respiratory
GCA_977139355.1,Respiratory
GCA_977154625.1,Respiratory
GCA_977153875.1,Respiratory
GCA_977192305.1,Respiratory
GCA_977177765.1,Respiratory
GCA_977209905.1,Respiratory
GCA_977144805.1,Respiratory
GCA_977212155.1,Respiratory
GCA_977152755.1,Respiratory
GCA_977164415.1,Respiratory
GCA_977153965.1,Respiratory
GCA_977211895.1,Respiratory
GCA_977198325.1,Respiratory
GCA_977171775.1,Respiratory
GCA_977152725.1,Respiratory
GCA_977207395.1,Respiratory
GCA_977171845.1,Respiratory
GCA_977192375.1,Respiratory
GCA_977213665.1,Respiratory
GCA_977153675.1,Respiratory
GCA_977154225.1,Respiratory
GCA_977144675.1,Respiratory
GCA_977191835.1,Respiratory
GCA_977172455.1,Respiratory
GCA_977156875.1,Respiratory
GCA_977192715.1,Respiratory
GCA_977192185.1,Respiratory
GCA_977172215.1,Respiratory
GCA_977167295.1,Respiratory
GCA_977212005.1,Respiratory
GCA_977172585.1,Respiratory
GCA_977167365.1,Respiratory
GCA_977212365.1,Respiratory
GCA_977167035.1,Respiratory
GCA_977153565.1,Respiratory
GCA_977153215.1,Respiratory
GCA_977166535.1,Respiratory
GCA_977152905.1,Respiratory
GCA_977174355.1,Respiratory
GCA_977140135.1,Respiratory
GCA_977194085.1,Respiratory
GCA_977171915.1,Respiratory
GCA_977192585.1,Respiratory
GCA_977192565.1,Respiratory
GCA_977213645.1,Respiratory
GCA_977183985.1,Respiratory
GCA_977191295.1,Respiratory
GCA_977157195.1,Respiratory
GCA_977211645.1,Respiratory
GCA_977172155.1,Respiratory
GCA_977190635.1,Respiratory
GCA_977172595.1,Respiratory
GCA_977171575.1,Respiratory
GCA_977198605.1,Respiratory
GCA_977191905.1,Respiratory
GCA_977153585.1,Respiratory
GCA_977159945.1,Respiratory
GCA_977153705.1,Respiratory
GCA_977207255.1,Respiratory
GCA_977153935.1,Respiratory
GCA_977171885.1,Respiratory
GCA_977198355.1,Respiratory
GCA_977152825.1,Respiratory
GCA_977144855.1,Respiratory
GCA_977139165.1,Respiratory
GCA_977213705.1,Respiratory
GCA_977192445.1,Respiratory
GCA_977154565.1,Respiratory
GCA_977147445.1,Respiratory
GCA_977213895.1,Respiratory
GCA_977147345.1,Respiratory
GCA_977174445.1,Respiratory
GCA_977212045.1,Respiratory
GCA_977209845.1,Respiratory
GCA_977153415.1,Respiratory
GCA_977212615.1,Respiratory
GCA_977192735.1,Respiratory
GCA_977172315.1,Respiratory
GCA_977213855.1,Respiratory
GCA_977209455.1,Respiratory
GCA_977185505.1,Respiratory
GCA_977139045.1,Respiratory
GCA_977191165.1,Respiratory
GCA_977171495.1,Respiratory
GCA_977198385.1,Respiratory
GCA_977154575.1,Respiratory
GCA_977207475.1,Respiratory
GCA_977166915.1,Respiratory
GCA_977147475.1,Respiratory
GCA_977183955.1,Respiratory
GCA_977209645.1,Respiratory
GCA_977167155.1,Respiratory
GCA_977177625.1,Respiratory
GCA_977167005.1,Respiratory
GCA_977154155.1,Respiratory
GCA_977209655.1,Respiratory
GCA_977187525.1,Respiratory
GCA_977169435.1,Respiratory
GCA_977183895.1,Respiratory
GCA_977211465.1,Respiratory
GCA_977191015.1,Respiratory
GCA_977166945.1,Respiratory
GCA_977172395.1,Respiratory
GCA_977192175.1,Respiratory
GCA_977213815.1,Respiratory
GCA_977174335.1,Respiratory
GCA_977191625.1,Respiratory
GCA_977144715.1,Respiratory
GCA_977209575.1,Respiratory
GCA_977192875.1,Respiratory
GCA_977190515.1,Respiratory
GCA_977191795.1,Respiratory
GCA_977184055.1,Respiratory
GCA_977139585.1,Respiratory
GCA_977153105.1,Respiratory
GCA_977190665.1,Respiratory
GCA_977167085.1,Respiratory
GCA_977172465.1,Respiratory
GCA_977207285.1,Respiratory
GCA_977192525.1,Respiratory
GCA_977159715.1,Respiratory
GCA_977169855.1,Respiratory
GCA_977169505.1,Respiratory
GCA_977152895.1,Respiratory
GCA_977144405.1,Respiratory
GCA_977207115.1,Respiratory
GCA_977153925.1,Respiratory
GCA_977192905.1,Respiratory
GCA_977207355.1,Respiratory
GCA_977205985.1,Respiratory
GCA_977174385.1,Respiratory
GCA_977181745.1,Respiratory
GCA_977193075.1,Respiratory
GCA_977202095.1,Respiratory
GCA_977190755.1,Respiratory
GCA_977211585.1,Respiratory
GCA_977209925.1,Respiratory
GCA_977139615.1,Respiratory
GCA_977198505.1,Respiratory
GCA_977172565.1,Respiratory
GCA_977174275.1,Respiratory
GCA_977170415.1,Respiratory
GCA_977211255.1,Respiratory
GCA_977153695.1,Respiratory
GCA_977159955.1,Respiratory
GCA_977169715.1,Respiratory
GCA_977212745.1,Respiratory
GCA_977171765.1,Respiratory
GCA_977191995.1,Respiratory
GCA_977143435.1,Respiratory
GCA_977170535.1,Respiratory
GCA_977205925.1,Respiratory
GCA_977209945.1,Respiratory
GCA_977144495.1,Respiratory
GCA_977191305.1,Respiratory
GCA_977192605.1,Respiratory
GCA_977177665.1,Respiratory
GCA_977192535.1,Respiratory
GCA_977212205.1,Respiratory
GCA_977152405.1,Respiratory
GCA_977154415.1,Respiratory
GCA_977166515.1,Respiratory
GCA_977212715.1,Respiratory
GCA_977209585.1,Respiratory
GCA_977194215.1,Respiratory
GCA_977181865.1,Respiratory
GCA_977153535.1,Respiratory
GCA_977154435.1,Respiratory
GCA_977191975.1,Respiratory
GCA_977198565.1,Respiratory
GCA_977191765.1,Respiratory
GCA_977153635.1,Respiratory
GCA_977213785.1,Respiratory
GCA_977159915.1,Respiratory
GCA_977167335.1,Respiratory
GCA_977153265.1,Respiratory
GCA_977194175.1,Respiratory
GCA_977211425.1,Respiratory
GCA_977194195.1,Respiratory
GCA_977169545.1,Respiratory
GCA_977157065.1,Respiratory
GCA_977143445.1,Respiratory
GCA_977154015.1,Respiratory
GCA_977172325.1,Respiratory
GCA_977171855.1,Respiratory
GCA_977194135.1,Respiratory
GCA_977169625.1,Respiratory
GCA_977171715.1,Respiratory
GCA_977152715.1,Respiratory
GCA_977171905.1,Respiratory
GCA_977181735.1,Respiratory
GCA_977191235.1,Respiratory
GCA_977155225.1,Respiratory
GCA_977155365.1,Respiratory
GCA_977152855.1,Respiratory
GCA_977209475.1,Respiratory
GCA_977207185.1,Respiratory
GCA_977170565.1,Respiratory
GCA_977159805.1,Respiratory
GCA_977190645.1,Respiratory
GCA_977159925.1,Respiratory
GCA_977171675.1,Respiratory
GCA_977212865.1,Respiratory
GCA_977191745.1,Respiratory
GCA_977190985.1,Respiratory
GCA_977154505.1,Respiratory
GCA_977211315.1,Respiratory
GCA_977154465.1,Respiratory
GCA_977190495.1,Respiratory
GCA_977171485.1,Respiratory
GCA_977191615.1,Respiratory
GCA_977212665.1,Respiratory
GCA_977212265.1,Respiratory
GCA_977177605.1,Respiratory
GCA_977152305.1,Respiratory
GCA_977152985.1,Respiratory
GCA_977174365.1,Respiratory
GCA_977191735.1,Respiratory
GCA_977198765.1,Respiratory
GCA_977140125.1,Respiratory
GCA_977138435.1,Respiratory
GCA_977143315.1,Respiratory
GCA_977167175.1,Respiratory
GCA_977181775.1,Respiratory
GCA_977154365.1,Respiratory
GCA_977210195.1,Respiratory
GCA_977170865.1,Respiratory
GCA_977157135.1,Respiratory
GCA_977152795.1,Respiratory
GCA_977164365.1,Respiratory
GCA_977212515.1,Respiratory
GCA_977152635.1,Respiratory
GCA_977198455.1,Respiratory
GCA_977139005.1,Respiratory
GCA_977155575.1,Respiratory
GCA_977190725.1,Respiratory
GCA_977177775.1,Respiratory
GCA_977172235.1,Respiratory
GCA_977207095.1,Respiratory
GCA_977170725.1,Respiratory
GCA_977181755.1,Respiratory
GCA_977212075.1,Respiratory
GCA_977211405.1,Respiratory
GCA_977172485.1,Respiratory
GCA_977171735.1,Respiratory
GCA_977154185.1,Respiratory
GCA_977209535.1,Respiratory
GCA_977154335.1,Respiratory
GCA_977190655.1,Respiratory
GCA_977166675.1,Respiratory
GCA_977170875.1,Respiratory
GCA_977154135.1,Respiratory
GCA_977177655.1,Respiratory
GCA_977207125.1,Respiratory
GCA_977154035.1,Respiratory
GCA_977191425.1,Respiratory
GCA_977138505.1,Respiratory
GCA_977209665.1,Respiratory
GCA_977144455.1,Respiratory
GCA_977139785.1,Respiratory
GCA_977166455.1,Respiratory
GCA_977172005.1,Respiratory
GCA_977152315.1,Respiratory
GCA_977153525.1,Respiratory
GCA_977154455.1,Respiratory
GCA_977152665.1,Respiratory
GCA_977191515.1,Respiratory
GCA_977169695.1,Respiratory
GCA_977191585.1,Respiratory
GCA_977169965.1,Respiratory
GCA_977152785.1,Respiratory
GCA_977170515.1,Respiratory
GCA_977171895.1,Respiratory
GCA_977202215.1,Respiratory
GCA_977167305.1,Respiratory
GCA_977191275.1,Respiratory
GCA_977155395.1,Respiratory
GCA_977170995.1,Respiratory
GCA_977144475.1,Respiratory
GCA_977191755.1,Respiratory
GCA_977139525.1,Respiratory
GCA_977177555.1,Respiratory
GCA_977211325.1,Respiratory
GCA_977211285.1,Respiratory
GCA_977213745.1,Respiratory
GCA_977209805.1,Respiratory
GCA_977212705.1,Respiratory
GCA_977191045.1,Respiratory
GCA_977153045.1,Respiratory
GCA_977154345.1,Respiratory
GCA_977207535.1,Respiratory
GCA_977170845.1,Respiratory
GCA_977206055.1,Respiratory
GCA_977171655.1,Respiratory
GCA_977212765.1,Respiratory
GCA_977211165.1,Respiratory
GCA_977160025.1,Respiratory
GCA_977192415.1,Respiratory
GCA_977207245.1,Respiratory
GCA_977212525.1,Respiratory
GCA_977164405.1,Respiratory
GCA_977169885.1,Respiratory
GCA_977191185.1,Respiratory
GCA_977144895.1,Respiratory
GCA_977166565.1,Respiratory
GCA_977153975.1,Respiratory
GCA_977171835.1,Respiratory
GCA_977153845.1,Respiratory
GCA_977138575.1,Respiratory
GCA_977152765.1,Respiratory
GCA_977169315.1,Respiratory
GCA_977193035.1,Respiratory
GCA_977207085.1,Respiratory
GCA_977209435.1,Respiratory
GCA_977211965.1,Respiratory
GCA_977156935.1,Respiratory
GCA_977152815.1,Respiratory
GCA_977209965.1,Respiratory
GCA_977172435.1,Respiratory
GCA_977169805.1,Respiratory
GCA_977192685.1,Respiratory
GCA_977207685.1,Respiratory
GCA_977153725.1,Respiratory
GCA_977207235.1,Respiratory
GCA_977211995.1,Respiratory
GCA_977212675.1,Respiratory
GCA_977212035.1,Respiratory
GCA_977170835.1,Respiratory
GCA_977181845.1,Respiratory
GCA_977190575.1,Respiratory
GCA_977170805.1,Respiratory
GCA_977206465.1,Respiratory
GCA_977191055.1,Respiratory
GCA_977170915.1,Respiratory
GCA_977153455.1,Respiratory
GCA_977154445.1,Respiratory
GCA_977172255.1,Respiratory
GCA_977172165.1,Respiratory
GCA_977212395.1,Respiratory
GCA_977159815.1,Respiratory
GCA_977198235.1,Respiratory
GCA_977191495.1,Respiratory
GCA_977152885.1,Respiratory
GCA_977210185.1,Respiratory
GCA_977192985.1,Respiratory
GCA_977192615.1,Respiratory
GCA_977177615.1,Respiratory
GCA_977192555.1,Respiratory
GCA_977174305.1,Respiratory
GCA_977153355.1,Respiratory
GCA_977192315.1,Respiratory
GCA_977172225.1,Respiratory
GCA_977192785.1,Respiratory
GCA_977207555.1,Respiratory
GCA_977192155.1,Respiratory
GCA_977198525.1,Respiratory
GCA_977153255.1,Respiratory
GCA_977156855.1,Respiratory
GCA_977169655.1,Respiratory
GCA_977194115.1,Respiratory
GCA_977202105.1,Respiratory
GCA_977212625.1,Respiratory
GCA_977169255.1,Respiratory
GCA_977207075.1,Respiratory
GCA_977206045.1,Respiratory
GCA_977166465.1,Respiratory
GCA_977139095.1,Respiratory
GCA_977139625.1,Respiratory
GCA_977191675.1,Respiratory
GCA_977190925.1,Respiratory
GCA_977213755.1,Respiratory
GCA_977153575.1,Respiratory
GCA_977211295.1,Respiratory
GCA_977159895.1,Respiratory
GCA_977171615.1,Respiratory
GCA_977211495.1,Respiratory
GCA_977169705.1,Respiratory
GCA_977191575.1,Respiratory
GCA_977183975.1,Respiratory
GCA_977144825.1,Respiratory
GCA_977153915.1,Respiratory
GCA_977164475.1,Respiratory
GCA_977207365.1,Respiratory
GCA_977172115.1,Respiratory
GCA_977184175.1,Respiratory
GCA_977209995.1,Respiratory
GCA_977169475.1,Respiratory
GCA_977194075.1,Respiratory
GCA_977170625.1,Respiratory
GCA_977177985.1,Respiratory
GCA_977212125.1,Respiratory
GCA_977171025.1,Respiratory
GCA_977212015.1,Respiratory
GCA_977171785.1,Respiratory
GCA_977207145.1,Respiratory
GCA_977154005.1,Respiratory
GCA_977146265.1,Respiratory
GCA_977153865.1,Respiratory
GCA_977213875.1,Respiratory
GCA_977153595.1,Respiratory
GCA_977172535.1,Respiratory
GCA_977198755.1,Respiratory
GCA_977144655.1,Respiratory
GCA_977153375.1,Respiratory
GCA_977153655.1,Respiratory
GCA_977213775.1,Respiratory
GCA_977207375.1,Respiratory
GCA_977213915.1,Respiratory
GCA_977153395.1,Respiratory
GCA_977209855.1,Respiratory
GCA_977212355.1,Respiratory
GCA_977170705.1,Respiratory
GCA_977207385.1,Respiratory
GCA_977172185.1,Respiratory
GCA_977156865.1,Respiratory
GCA_977191955.1,Respiratory
GCA_977169815.1,Respiratory
GCA_977170775.1,Respiratory
GCA_977156915.1,Respiratory
GCA_977191115.1,Respiratory
GCA_977170615.1,Respiratory
GCA_977143405.1,Respiratory
GCA_977143855.1,Respiratory
GCA_977170665.1,Respiratory
GCA_977152705.1,Respiratory
GCA_977157035.1,Respiratory
GCA_977139635.1,Respiratory
GCA_977157115.1,Respiratory
GCA_977207315.1,Respiratory
GCA_977177585.1,Respiratory
GCA_977210225.1,Respiratory
GCA_977191435.1,Respiratory
GCA_977209615.1,Respiratory
GCA_977149915.1,Respiratory
GCA_977213805.1,Respiratory
GCA_977207325.1,Respiratory
GCA_977154405.1,Respiratory
GCA_977172125.1,Respiratory
GCA_977143345.1,Respiratory
GCA_977190535.1,Respiratory
GCA_977209635.1,Respiratory
GCA_977155495.1,Respiratory
GCA_977166435.1,Respiratory
GCA_977152935.1,Respiratory
GCA_977153465.1,Respiratory
GCA_977212215.1,Respiratory
GCA_977147365.1,Respiratory
GCA_977167105.1,Respiratory
GCA_977139745.1,Respiratory
GCA_977206035.1,Respiratory
GCA_977213595.1,Respiratory
GCA_977192485.1,Respiratory
GCA_977212475.1,Respiratory
GCA_977207035.1,Respiratory
GCA_977156985.1,Respiratory
GCA_977152545.1,Respiratory
GCA_977209885.1,Respiratory
GCA_977191155.1,Respiratory
GCA_977157045.1,Respiratory
GCA_977212645.1,Respiratory
GCA_977153755.1,Respiratory
GCA_977154255.1,Respiratory
GCA_977181795.1,Respiratory
GCA_977153715.1,Respiratory
GCA_977172445.1,Respiratory
GCA_977156965.1,Respiratory
GCA_977191915.1,Respiratory
GCA_977198795.1,Respiratory
GCA_977144905.1,Respiratory
GCA_977198475.1,Respiratory
GCA_977164385.1,Respiratory
GCA_977211225.1,Respiratory
GCA_977192515.1,Respiratory
GCA_977143455.1,Respiratory
GCA_977198415.1,Respiratory
GCA_977139675.1,Respiratory
GCA_977184075.1,Respiratory
GCA_977144795.1,Respiratory
GCA_977166605.1,Respiratory
GCA_977191945.1,Respiratory
GCA_977147375.1,Respiratory
GCA_977172175.1,Respiratory
GCA_977172135.1,Respiratory
GCA_977212535.1,Respiratory
GCA_977191705.1,Respiratory
GCA_977198555.1,Respiratory
GCA_977153365.1,Respiratory
GCA_977139545.1,Respiratory
GCA_977172275.1,Respiratory
GCA_977171995.1,Respiratory
GCA_977144685.1,Respiratory
GCA_977153185.1,Respiratory
GCA_977139755.1,Respiratory
GCA_977190935.1,Respiratory
GCA_977172085.1,Respiratory
GCA_977170695.1,Respiratory
GCA_977207205.1,Respiratory
GCA_977172295.1,Respiratory
GCA_977159705.1,Respiratory
GCA_977212465.1,Respiratory
GCA_977169525.1,Respiratory
GCA_977155355.1,Respiratory
GCA_977139065.1,Respiratory
GCA_977209725.1,Respiratory
GCA_977147435.1,Respiratory
GCA_977143515.1,Respiratory
GCA_977211105.1,Respiratory
GCA_977159855.1,Respiratory
GCA_977191375.1,Respiratory
GCA_977206085.1,Respiratory
GCA_977159765.1,Respiratory
GCA_977192575.1,Respiratory
GCA_977154145.1,Respiratory
GCA_977159755.1,Respiratory
GCA_977198285.1,Respiratory
GCA_977169565.1,Respiratory
GCA_977174295.1,Respiratory
GCA_977191335.1,Respiratory
GCA_977144705.1,Respiratory
GCA_977169375.1,Respiratory
GCA_977190545.1,Respiratory
GCA_977172035.1,Respiratory
GCA_977147575.1,Respiratory
GCA_977192055.1,Respiratory
GCA_977152955.1,Respiratory
GCA_977169685.1,Respiratory
GCA_977153175.1,Respiratory
GCA_977144745.1,Respiratory
GCA_977153745.1,Respiratory
GCA_977170525.1,Respiratory
GCA_977169765.1,Respiratory
GCA_977153295.1,Respiratory
GCA_977212695.1,Respiratory
GCA_977155385.1,Respiratory
GCA_977181805.1,Respiratory
GCA_977192355.1,Respiratory
GCA_977167125.1,Respiratory
GCA_977190615.1,Respiratory
GCA_977159635.1,Respiratory
GCA_977211235.1,Respiratory
GCA_977169645.1,Respiratory
GCA_977198395.1,Respiratory
GCA_977169745.1,Respiratory
GCA_977152595.1,Respiratory
GCA_977167245.1,Respiratory
GCA_977177795.1,Respiratory
GCA_977211215.1,Respiratory
GCA_977164425.1,Respiratory
GCA_977139775.1,Respiratory
GCA_977171475.1,Respiratory
GCA_977207265.1,Respiratory
GCA_977153555.1,Respiratory
GCA_977152235.1,Respiratory
GCA_977154355.1,Respiratory
GCA_977209815.1,Respiratory
GCA_977191565.1,Respiratory
GCA_977152485.1,Respiratory
GCA_977153205.1,Respiratory
GCA_977211555.1,Respiratory
GCA_977207465.1,Respiratory
GCA_977143325.1,Respiratory
GCA_977171955.1,Respiratory
GCA_977207345.1,Respiratory
GCA_977191445.1,Respiratory
GCA_977183925.1,Respiratory
GCA_977170935.1,Respiratory
GCA_977169915.1,Respiratory
GCA_977198535.1,Respiratory
GCA_977172415.1,Respiratory
GCA_977147425.1,Respiratory
GCA_977154245.1,Respiratory
GCA_977212375.1,Respiratory
GCA_977211265.1,Respiratory
GCA_977211415.1,Respiratory
GCA_977198585.1,Respiratory
GCA_977191875.1,Respiratory
GCA_977171645.1,Respiratory
GCA_977171455.1,Respiratory
GCA_977198465.1,Respiratory
GCA_977202155.1,Respiratory
GCA_977153805.1,Respiratory
GCA_977153905.1,Respiratory
GCA_977164335.1,Respiratory
GCA_977212095.1,Respiratory
GCA_977205915.1,Respiratory
GCA_977155375.1,Respiratory
GCA_977139655.1,Respiratory
GCA_977192915.1,Respiratory
GCA_977212485.1,Respiratory
GCA_977191415.1,Respiratory
GCA_977169945.1,Respiratory
GCA_977206095.1,Respiratory
GCA_977174455.1,Respiratory
GCA_977211045.1,Respiratory
GCA_977177645.1,Respiratory
GCA_977181715.1,Respiratory
GCA_977143425.1,Respiratory
GCA_977153515.1,Respiratory
GCA_977177575.1,Respiratory
GCA_977152525.1,Respiratory
GCA_977172625.1,Respiratory
GCA_977191555.1,Respiratory
GCA_977152605.1,Respiratory
GCA_977167065.1,Respiratory
GCA_977211345.1,Respiratory
GCA_977181855.1,Respiratory
GCA_977152295.1,Respiratory
GCA_977152575.1,Respiratory
GCA_977153015.1,Respiratory
GCA_977169355.1,Respiratory
GCA_977192675.1,Respiratory
GCA_977212345.1,Respiratory
GCA_977152345.1,Respiratory
GCA_977169425.1,Respiratory
GCA_977155515.1,Respiratory
GCA_977139695.1,Respiratory
GCA_977171465.1,Respiratory
GCA_977211605.1,Respiratory
GCA_977210145.1,Respiratory
GCA_977202425.1,Respiratory
GCA_977167215.1,Respiratory
GCA_977154055.1,Respiratory
GCA_977171945.1,Respiratory
GCA_977171805.1,Respiratory
GCA_977191325.1,Respiratory
GCA_977170115.1,Respiratory
GCA_977170895.1,Respiratory
GCA_977171825.1,Respiratory
GCA_977212445.1,Respiratory
GCA_977209675.1,Respiratory
GCA_977184005.1,Respiratory
GCA_977184025.1,Respiratory
GCA_977171505.1,Respiratory
GCA_977207495.1,Respiratory
GCA_977177745.1,Respiratory
GCA_977192385.1,Respiratory
GCA_977171795.1,Respiratory
GCA_977170715.1,Respiratory
GCA_977154295.1,Respiratory
GCA_977206425.1,Respiratory
GCA_977191725.1,Respiratory
GCA_977191885.1,Respiratory
GCA_977156825.1,Respiratory
GCA_977192825.1,Respiratory
GCA_977212565.1,Respiratory
GCA_977211085.1,Respiratory
GCA_977211205.1,Respiratory
GCA_977210165.1,Respiratory
GCA_977169455.1,Respiratory
GCA_977170555.1,Respiratory
GCA_977159735.1,Respiratory
GCA_977143415.1,Respiratory
GCA_977211145.1,Respiratory
GCA_977152845.1,Respiratory
GCA_977198335.1,Respiratory
GCA_977191535.1,Respiratory
GCA_977138475.1,Respiratory
GCA_977212725.1,Respiratory
GCA_977166485.1,Respiratory
GCA_977170385.1,Respiratory
GCA_977192245.1,Respiratory
GCA_977192295.1,Respiratory
GCA_977207295.1,Respiratory
GCA_977144665.1,Respiratory
GCA_977191715.1,Respiratory
GCA_977191125.1,Respiratory
GCA_977191525.1,Respiratory
GCA_977198185.1,Respiratory
GCA_977211535.1,Respiratory
GCA_977181765.1,Respiratory
GCA_977167025.1,Respiratory
GCA_977192865.1,Respiratory
GCA_977170545.1,Respiratory
GCA_977209685.1,Respiratory
GCA_977198205.1,Respiratory
GCA_977140145.1,Respiratory
GCA_977194095.1,Respiratory
GCA_977191545.1,Respiratory
GCA_977191135.1,Respiratory
GCA_977192845.1,Respiratory
GCA_977172345.1,Respiratory
GCA_977192135.1,Respiratory
GCA_977207225.1,Respiratory
GCA_977191035.1,Respiratory
GCA_977191695.1,Respiratory
GCA_977152655.1,Respiratory
GCA_977153115.1,Respiratory
GCA_977192815.1,Respiratory
GCA_977212595.1,Respiratory
GCA_977153385.1,Respiratory
GCA_977144635.1,Respiratory
GCA_977166545.1,Respiratory
GCA_977192085.1,Respiratory
GCA_977209565.1,Respiratory
GCA_977211035.1,Respiratory
GCA_977153645.1,Respiratory
GCA_977172105.1,Respiratory
GCA_977192325.1,Respiratory
GCA_977202065.1,Respiratory
GCA_977209895.1,Respiratory
GCA_977211975.1,Respiratory
GCA_977166475.1,Respiratory
GCA_977171725.1,Respiratory
GCA_977177785.1,Respiratory
GCA_977192455.1,Respiratory
GCA_977202125.1,Respiratory
GCA_977192495.1,Respiratory
GCA_977157015.1,Respiratory
GCA_977191215.1,Respiratory
GCA_977170595.1,Respiratory
GCA_977212225.1,Respiratory
GCA_977159685.1,Respiratory
GCA_977153995.1,Respiratory
GCA_977174435.1,Respiratory
GCA_977155415.1,Respiratory
GCA_977139665.1,Respiratory
GCA_977209935.1,Respiratory
GCA_977191935.1,Respiratory
GCA_977139505.1,Respiratory
GCA_977192705.1,Respiratory
GCA_977207505.1,Respiratory
GCA_977192265.1,Respiratory
GCA_977154215.1,Respiratory
GCA_977139555.1,Respiratory
GCA_977153135.1,Respiratory
GCA_977198495.1,Respiratory
GCA_977191965.1,Respiratory
GCA_977192855.1,Respiratory
GCA_977152335.1,Respiratory
GCA_977212755.1,Respiratory
GCA_977194205.1,Respiratory
GCA_977211935.1,Respiratory
GCA_977170825.1,Respiratory
GCA_977207695.1,Respiratory
GCA_977167095.1,Respiratory
GCA_977169285.1,Respiratory
GCA_977166995.1,Respiratory
GCA_977169245.1,Respiratory
GCA_977213685.1,Respiratory
GCA_977174315.1,Respiratory
GCA_977211675.1,Respiratory
GCA_977211575.1,Respiratory
GCA_977138625.1,Respiratory
GCA_977143525.1,Respiratory
GCA_977172095.1,Respiratory
GCA_977159795.1,Respiratory
GCA_977147565.1,Respiratory
GCA_977171635.1,Respiratory
GCA_977192025.1,Respiratory
GCA_977170675.1,Respiratory
GCA_977170425.1,Respiratory
GCA_977154325.1,Respiratory
GCA_977192425.1,Respiratory
GCA_977153145.1,Respiratory
GCA_977198625.1,Respiratory
GCA_977209485.1,Respiratory
GCA_977169755.1,Respiratory
GCA_977169585.1,Respiratory
GCA_977209985.1,Respiratory
GCA_977177715.1,Respiratory
GCA_977167225.1,Respiratory
GCA_977212495.1,Respiratory
GCA_977202185.1,Respiratory
GCA_977209915.1,Respiratory
GCA_977191195.1,Respiratory
GCA_977169735.1,Respiratory
GCA_977144765.1,Respiratory
GCA_977171755.1,Respiratory
GCA_977169575.1,Respiratory
GCA_977211125.1,Respiratory
GCA_977164395.1,Respiratory
GCA_977166925.1,Respiratory
GCA_977209465.1,Respiratory
GCA_977191345.1,Respiratory
GCA_977171815.1,Respiratory
GCA_977209795.1,Respiratory
GCA_977144565.1,Respiratory
GCA_977211435.1,Respiratory
GCA_977198575.1,Respiratory
GCA_977192795.1,Respiratory
GCA_977169265.1,Respiratory
GCA_977172375.1,Respiratory
GCA_977147585.1,Respiratory
GCA_977155485.1,Respiratory
GCA_977191815.1,Respiratory
GCA_977139535.1,Respiratory
GCA_977152445.1,Respiratory
GCA_977177595.1,Respiratory
GCA_977192105.1,Respiratory
GCA_977139835.1,Respiratory
GCA_977171585.1,Respiratory
GCA_977155445.1,Respiratory
GCA_977153195.1,Respiratory
GCA_977192215.1,Respiratory
GCA_977192835.1,Respiratory
GCA_977190565.1,Respiratory
GCA_977172015.1,Respiratory
GCA_977207415.1,Respiratory
GCA_977177635.1,Respiratory
GCA_977144435.1,Respiratory
GCA_977169535.1,Respiratory
GCA_977139715.1,Respiratory
GCA_977157085.1,Respiratory
GCA_977177685.1,Respiratory
GCA_977207435.1,Respiratory
GCA_977154495.1,Respiratory
GCA_977154175.1,Respiratory
GCA_977205975.1,Respiratory
GCA_977153035.1,Respiratory
GCA_977147455.1,Respiratory
GCA_977154475.1,Respiratory
GCA_977159785.1,Respiratory
GCA_977212405.1,Respiratory
GCA_977170885.1,Respiratory
GCA_977210175.1,Respiratory
GCA_977139705.1,Respiratory
GCA_977198375.1,Respiratory
GCA_977170905.1,Respiratory
GCA_977191075.1,Respiratory
GCA_977212175.1,Respiratory
GCA_977211365.1,Respiratory
GCA_977153275.1,Respiratory
GCA_977143275.1,Respiratory
GCA_977190965.1,Respiratory
GCA_977172555.1,Respiratory
GCA_977209785.1,Respiratory
GCA_977153095.1,Respiratory
GCA_977211095.1,Respiratory
GCA_977153765.1,Respiratory
GCA_977209525.1,Respiratory
GCA_977169725.1,Respiratory
GCA_977144585.1,Respiratory
GCA_977211375.1,Respiratory
GCA_977153685.1,Respiratory
GCA_977213865.1,Respiratory
GCA_977172355.1,Respiratory
GCA_977147555.1,Respiratory
GCA_977170655.1,Respiratory
GCA_977193005.1,Respiratory
GCA_977209955.1,Respiratory
GCA_977171535.1,Respiratory
GCA_977191095.1,Respiratory
GCA_977156895.1,Respiratory
GCA_977164325.1,Respiratory
GCA_977154025.1,Respiratory
GCA_977212145.1,Respiratory
GCA_977169345.1,Respiratory
GCA_977169615.1,Respiratory
GCA_977153025.1,Respiratory
GCA_977211305.1,Respiratory
GCA_977143375.1,Respiratory
GCA_977213765.1,Respiratory
GCA_977170785.1,Respiratory
GCA_977209545.1,Respiratory
GCA_977169675.1,Respiratory
GCA_977212945.1,Respiratory
GCA_977209755.1,Respiratory
GCA_977152965.1,Respiratory
GCA_977144415.1,Respiratory
GCA_977171935.1,Respiratory
GCA_977154085.1,Respiratory
GCA_977167165.1,Respiratory
GCA_977177675.1,Respiratory
GCA_977144425.1,Respiratory
GCA_977152865.1,Respiratory
GCA_977166725.1,Respiratory
GCA_977191265.1,Respiratory
GCA_977166495.1,Respiratory
GCA_977211485.1,Respiratory
GCA_977167345.1,Respiratory
GCA_977181875.1,Respiratory
GCA_977143285.1,Respiratory
GCA_977170735.1,Respiratory
GCA_977172605.1,Respiratory
GCA_977152555.1,Respiratory
GCA_977152925.1,Respiratory
GCA_977152625.1,Respiratory
GCA_977152835.1,Respiratory
GCA_977157095.1,Respiratory
GCA_977159745.1,Respiratory
GCA_977169305.1,Respiratory
GCA_977192655.1,Respiratory
GCA_977166985.1,Respiratory
GCA_977206005.1,Respiratory
GCA_977169445.1,Respiratory
GCA_977138525.1,Respiratory
GCA_977152915.1,Respiratory
GCA_977202055.1,Respiratory
GCA_977153945.1,Respiratory
GCA_977211615.1,Respiratory
GCA_977198445.1,Respiratory
GCA_977139025.1,Respiratory
GCA_977166405.1,Respiratory
GCA_977211175.1,Respiratory
GCA_977159675.1,Respiratory
GCA_977211185.1,Respiratory
GCA_977143395.1,Respiratory
GCA_977207705.1,Respiratory
GCA_977211025.1,Respiratory
GCA_977169795.1,Respiratory
GCA_977191845.1,Respiratory
GCA_977169415.1,Respiratory
GCA_977171665.1,Respiratory
GCA_977147775.1,Respiratory
GCA_977192275.1,Respiratory
GCA_977167115.1,Respiratory
GCA_977192395.1,Respiratory
GCA_977198545.1,Respiratory
GCA_977152225.1,Respiratory
GCA_977153615.1,Respiratory
GCA_977154205.1,Respiratory
GCA_977211075.1,Respiratory
GCA_977147515.1,Respiratory
GCA_977192035.1,Respiratory
GCA_977156815.1,Respiratory
GCA_977139865.1,Respiratory
GCA_977212025.1,Respiratory
GCA_977209825.1,Respiratory
GCA_977212085.1,Respiratory
GCA_977164375.1,Respiratory
GCA_977153825.1,Respiratory
GCA_977170635.1,Respiratory
GCA_977213565.1,Respiratory
GCA_977156995.1,Respiratory
GCA_977171545.1,Respiratory
GCA_977198405.1,Respiratory
GCA_977191205.1,Respiratory
GCA_977192885.1,Respiratory
GCA_977154065.1,Respiratory
GCA_977174425.1,Respiratory
GCA_977155255.1,Respiratory
GCA_977206105.1,Respiratory
GCA_977152875.1,Respiratory
GCA_977154075.1,Respiratory
GCA_977213825.1,Respiratory
GCA_977212425.1,Respiratory
GCA_977143305.1,Respiratory
GCA_977190525.1,Respiratory
GCA_977171985.1,Respiratory
GCA_977155465.1,Respiratory
GCA_977139765.1,Respiratory
GCA_977152995.1,Respiratory
GCA_977209765.1,Respiratory
GCA_977159845.1,Respiratory
GCA_977152325.1,Respiratory
GCA_977170375.1,Respiratory
GCA_977212655.1,Respiratory
GCA_977194155.1,Respiratory
GCA_977144775.1,Respiratory
GCA_977169325.1,Respiratory
GCA_977202075.1,Respiratory
GCA_977143465.1,Respiratory
GCA_977192435.1,Respiratory
GCA_977174375.1,Respiratory
GCA_977171695.1,Respiratory
GCA_977171435.1,Respiratory
GCA_977156975.1,Respiratory
GCA_977152245.1,Respiratory
GCA_977194125.1,Respiratory
GCA_977211065.1,Respiratory
GCA_977153605.1,Respiratory
GCA_977153885.1,Respiratory
GCA_977167075.1,Respiratory
GCA_977166555.1,Respiratory
GCA_977153425.1,Respiratory
GCA_977166505.1,Respiratory
GCA_977153305.1,Respiratory
GCA_977191285.1,Respiratory
GCA_977169825.1,Respiratory
GCA_977212235.1,Respiratory
GCA_977211055.1,Respiratory
GCA_977212435.1,Respiratory
GCA_977212275.1,Respiratory
GCA_977157075.1,Respiratory
GCA_977209735.1,Respiratory
GCA_977174265.1,Respiratory
GCA_977209705.1,Respiratory
GCA_977211955.1,Respiratory
GCA_977153165.1,Respiratory
GCA_977149385.1,Respiratory
GCA_977159875.1,Respiratory
GCA_977159905.1,Respiratory
GCA_977212685.1,Respiratory
GCA_977211455.1,Respiratory
GCA_977171625.1,Respiratory
GCA_977139725.1,Respiratory
GCA_977206435.1,Respiratory
GCA_977192225.1,Respiratory
GCA_977212295.1,Respiratory
GCA_977171565.1,Respiratory
GCA_977172475.1,Respiratory
GCA_977191865.1,Respiratory
GCA_977211945.1,Respiratory
GCA_977181815.1,Respiratory
GCA_977211195.1,Respiratory
GCA_977181785.1,Respiratory
GCA_977153785.1,Respiratory
GCA_977143535.1,Respiratory
GCA_977167265.1,Respiratory
GCA_977144815.1,Respiratory
GCA_977144575.1,Respiratory
GCA_977144485.1,Respiratory
GCA_977184085.1,Respiratory
GCA_977207455.1,Respiratory
GCA_977213655.1,Respiratory
GCA_977170605.1,Respiratory
GCA_977166935.1,Respiratory
GCA_977155555.1,Respiratory
GCA_977155345.1,Respiratory
GCA_977202085.1,Respiratory
GCA_977207485.1,Respiratory
GCA_977192475.1,Respiratory
GCA_977177825.1,Respiratory
GCA_977144615.1,Respiratory
GCA_977155475.1,Respiratory
GCA_977198345.1,Respiratory
GCA_977166425.1,Respiratory
GCA_977156835.1,Respiratory
GCA_977169275.1,Respiratory
GCA_977209595.1,Respiratory
GCA_977170575.1,Respiratory
GCA_977211275.1,Respiratory
GCA_977192335.1,Respiratory
GCA_977192005.1,Respiratory
GCA_977206015.1,Respiratory
GCA_977191805.1,Respiratory
GCA_977166525.1,Respiratory
GCA_977192065.1,Respiratory
GCA_977192935.1,Respiratory
GCA_977191005.1,Respiratory
GCA_977153055.1,Respiratory
GCA_977170765.1,Respiratory
GCA_977206445.1,Respiratory
GCA_977192925.1,Respiratory
GCA_977170815.1,Respiratory
GCA_977154515.1,Respiratory
GCA_977153485.1,Respiratory
GCA_977213795.1,Respiratory
GCA_977154095.1,Respiratory
GCA_977169495.1,Respiratory
GCA_977170585.1,Respiratory
GCA_977183935.1,Respiratory
GCA_977144845.1,Respiratory
GCA_977211115.1,Respiratory
GCA_977171975.1,Respiratory
GCA_977181725.1,Respiratory
GCA_977207165.1,Respiratory
GCA_977153285.1,Respiratory
GCA_977169785.1,Respiratory
GCA_977192775.1,Respiratory
GCA_977207445.1,Respiratory
GCA_977209505.1,Respiratory
GCA_977154235.1,Respiratory
GCA_977144605.1,Respiratory
GCA_977172505.1,Respiratory
GCA_977194065.1,Respiratory
GCA_977169665.1,Respiratory
GCA_977153155.1,Respiratory
GCA_977166595.1,Respiratory
GCA_977152745.1,Respiratory
GCA_977167275.1,Respiratory
GCA_977164355.1,Respiratory
GCA_977166955.1,Respiratory
GCA_977190745.1,Respiratory
GCA_977152685.1,Respiratory
GCA_977166585.1,Respiratory
GCA_977152775.1,Respiratory
GCA_977209975.1,Respiratory
GCA_977191775.1,Respiratory
GCA_977198635.1,Respiratory
GCA_977210985.1,Respiratory
GCA_977153665.1,Respiratory
GCA_977192725.1,Respiratory
GCA_977144645.1,Respiratory
GCA_977172495.1,Respiratory
GCA_977194145.1,Respiratory
GCA_977153445.1,Respiratory
GCA_977155425.1,Respiratory
GCA_977191255.1,Respiratory
GCA_977172285.1,Respiratory
GCA_977202145.1,Respiratory
GCA_977202175.1,Respiratory
GCA_977172305.1,Respiratory
GCA_977169595.1,Respiratory
GCA_977184035.1,Respiratory
GCA_977152695.1,Respiratory
GCA_977169865.1,Respiratory
GCA_977192645.1,Respiratory
GCA_977213725.1,Respiratory
GCA_977169925.1,Respiratory
GCA_977191465.1,Respiratory
GCA_977170975.1,Respiratory
GCA_977138735.1,Respiratory
GCA_977159775.1,Respiratory
GCA_977167195.1,Respiratory
GCA_977212165.1,Respiratory
GCA_977172205.1,Respiratory
GCA_977207195.1,Respiratory
GCA_977170685.1,Respiratory
GCA_977191655.1,Respiratory
GCA_977174395.1,Respiratory
GCA_977190995.1,Respiratory
GCA_977212775.1,Respiratory
GCA_977152285.1,Respiratory
GCA_977172045.1,Respiratory
GCA_977192165.1,Respiratory
GCA_977166965.1,Respiratory
GCA_977191595.1,Respiratory
GCA_977212055.1,Respiratory
GCA_977154485.1,Respiratory
GCA_977153325.1,Respiratory
GCA_977192145.1,Respiratory
GCA_977159835.1,Respiratory
GCA_977174405.1,Respiratory
GCA_977169405.1,Respiratory
GCA_977190955.1,Respiratory
GCA_977211475.1,Respiratory
GCA_977198275.1,Respiratory
GCA_977209695.1,Respiratory
GCA_977154115.1,Respiratory
GCA_977207155.1,Respiratory
GCA_977143355.1,Respiratory
GCA_977169335.1,Respiratory
GCA_977140055.1,Respiratory
GCA_977183945.1,Respiratory
GCA_977191315.1,Respiratory
GCA_977138765.1,Respiratory
GCA_977153835.1,Respiratory
GCA_977143475.1,Respiratory
GCA_977194185.1,Respiratory
GCA_977169605.1,Respiratory
GCA_977169635.1,Respiratory
GCA_977144595.1,Respiratory
GCA_977146275.1,Respiratory
GCA_977209515.1,Respiratory
GCA_977177725.1,Respiratory
GCA_977192505.1,Respiratory
GCA_977154315.1,Respiratory
GCA_977207515.1,Respiratory
GCA_977153335.1,Respiratory
GCA_977156955.1,Respiratory
GCA_977139495.1,Respiratory
GCA_977191985.1,Respiratory
GCA_977170755.1,Respiratory
GCA_977192745.1,Respiratory
GCA_977153505.1,Respiratory
GCA_977159935.1,Respiratory
GCA_977191475.1,Respiratory
GCA_977174255.1,Respiratory
GCA_977147525.1,Respiratory
GCA_977167205.1,Respiratory
GCA_977172145.1,Respiratory
GCA_977167185.1,Respiratory
GCA_977183915.1,Respiratory
GCA_977211665.1,Respiratory
GCA_977144445.1,Respiratory
GCA_977170985.1,Respiratory
GCA_977190945.1,Respiratory
GCA_977152975.1,Respiratory
GCA_977152255.1,Respiratory
GCA_977172055.1,Respiratory
GCA_977192895.1,Respiratory
GCA_977190585.1,Respiratory
GCA_977191485.1,Respiratory
GCA_977191105.1,Respiratory
GCA_977191785.1,Respiratory
GCA_977174345.1,Respiratory
GCA_977190765.1,Respiratory
GCA_977147545.1,Respiratory
GCA_977156885.1,Respiratory
GCA_977153315.1,Respiratory
GCA_977211385.1,Respiratory
GCA_977211985.1,Respiratory
GCA_977192765.1,Respiratory
GCA_977172405.1,Respiratory
GCA_977154275.1,Respiratory
GCA_977147415.1,Respiratory
GCA_977212255.1,Respiratory
GCA_977153815.1,Respiratory
GCA_977152735.1,Respiratory
GCA_977169895.1,Respiratory
GCA_977209865.1,Respiratory
GCA_977191085.1,Respiratory
GCA_977172365.1,Respiratory
GCA_977143485.1,Respiratory
GCA_977207405.1,Respiratory
GCA_977159655.1,Respiratory
GCA_977211565.1,Respiratory
GCA_977198265.1,Respiratory
GCA_977154395.1,Respiratory
GCA_977154045.1,Respiratory
GCA_977192635.1,Respiratory
GCA_977172025.1,Respiratory
GCA_977166695.1,Respiratory
GCA_977191455.1,Respiratory
GCA_977198305.1,Respiratory
GCA_977169515.1,Respiratory
GCA_977171525.1,Respiratory
GCA_977153005.1,Respiratory
GCA_977153475.1,Respiratory
GCA_977172065.1,Respiratory
GCA_977154375.1,Respiratory
GCA_977211355.1,Respiratory
GCA_977191685.1,Respiratory
GCA_977166445.1,Respiratory
GCA_977191605.1,Respiratory
GCA_977190975.1,Respiratory
GCA_977209555.1,Respiratory
GCA_977192965.1,Respiratory
GCA_977198695.1,Respiratory
GCA_977153125.1,Respiratory
GCA_977153075.1,Respiratory
GCA_977184015.1,Respiratory
GCA_977192975.1,Respiratory
GCA_977190605.1,Respiratory
GCA_977167015.1,Respiratory
GCA_977192075.1,Respiratory
GCA_977193045.1,Respiratory
GCA_977167145.1,Respiratory
GCA_977166395.1,Respiratory
GCA_977157145.1,Respiratory
GCA_977206025.1,Respiratory
GCA_977209745.1,Respiratory
GCA_977212415.1,Respiratory
GCA_977159725.1,Respiratory
GCA_977192755.1,Respiratory
GCA_977207105.1,Respiratory
GCA_977211795.1,Respiratory
GCA_977184045.1,Respiratory
GCA_977193025.1,Respiratory
GCA_977211155.1,Respiratory
GCA_977192465.1,Respiratory
GCA_977171865.1,Respiratory
GCA_977212135.1,Respiratory
GCA_977169555.1,Respiratory
GCA_977194105.1,Respiratory
GCA_977191065.1,Respiratory
GCA_977155405.1,Respiratory
GCA_977191925.1,Respiratory
GCA_977170745.1,Respiratory
GCA_977167055.1,Respiratory
GCA_977172245.1,Respiratory
GCA_977192205.1,Respiratory
GCA_977170925.1,Respiratory
GCA_054951345.1,Skin_Soft_Tissue
GCA_054951825.1,Respiratory
GCA_054952525.1,Soil
GCA_054953125.1,Gastrointestinal
GCA_055015155.1,Respiratory
GCA_055015095.1,Urinary
GCA_977193095.1,Respiratory
GCA_054958045.1,Respiratory
GCA_054958065.1,Respiratory
GCA_054958735.1,Skin_Soft_Tissue
GCA_055041335.1,Respiratory
GCA_055041295.1,Urinary
GCA_055041775.1,Respiratory
GCA_054960795.1,Water
GCA_054960855.1,Water
GCA_054960875.1,Hospital
GCA_054960955.1,Water
GCA_054961015.1,Water
GCA_054961055.1,Water
GCA_054961075.1,Water
GCA_054961095.1,Water
GCA_054961115.1,Water
GCA_054961215.1,Water
GCA_054961255.1,Hospital
GCA_054961275.1,Hospital
GCA_054961355.1,Water
GCA_054961375.1,Water
GCA_054961415.1,Hospital
GCA_054961435.1,Water
GCA_054961495.1,Water
GCA_054961505.1,Water
GCA_054961565.1,Water
GCA_054961595.1,Water
GCA_054961695.1,Water
GCA_054961715.1,Water
GCA_054961735.1,Water
GCA_054961755.1,Water
GCA_054961775.1,Water
GCA_054961895.1,Water
GCA_054961915.1,Water
GCA_054961935.1,Water
GCA_054961945.1,Water
GCA_054961965.1,Water
GCA_054962015.1,Water
GCA_054962095.1,Water
GCA_054962135.1,Hospital
GCA_054962415.1,Respiratory
GCA_054962375.1,Respiratory
GCA_054962555.1,Hospital
GCA_054962615.1,Water
GCA_054962655.1,Water
GCA_054962695.1,Water
GCA_054962755.1,Water
GCA_054962795.1,Water
GCA_054962815.1,Water
GCA_054962915.1,Water
GCA_054962935.1,Hospital
GCA_054962995.1,Water
GCA_054963035.1,Water
GCA_054963095.1,Hospital
GCA_054963115.1,Hospital
GCA_054963155.1,Water
GCA_054963195.1,Water
GCA_054963215.1,Hospital
GCA_054963315.1,Hospital
GCA_054963335.1,Hospital
GCA_054963835.1,Hospital
GCA_054963875.1,Hospital
GCA_054964335.1,Hospital
GCA_055051485.1,Respiratory
GCA_055051455.1,Gastrointestinal
GCA_055054415.1,Bloodstream
GCA_055054575.1,Bloodstream
GCA_055054555.1,Skin_Soft_Tissue
GCA_055053795.1,Bloodstream
GCA_055053735.1,Urinary
GCA_055054405.1,Skin_Soft_Tissue
GCA_055053715.1,Skin_Soft_Tissue
GCA_055054335.1,Urinary
GCA_055054535.1,Bloodstream
GCA_055054255.1,Skin_Soft_Tissue
GCA_055053665.1,Bloodstream
GCA_055053625.1,Bloodstream
GCA_055053575.1,Skin_Soft_Tissue
GCA_055053555.1,Bloodstream
GCA_055053495.1,Skin_Soft_Tissue
GCA_055053465.1,Skin_Soft_Tissue
GCA_055053425.1,Urinary
GCA_055053375.1,Urinary
GCA_055054245.1,Bloodstream
GCA_055053345.1,Urinary
GCA_055054215.1,Urinary
GCA_055053285.1,Skin_Soft_Tissue
GCA_055054155.1,Skin_Soft_Tissue
GCA_055053235.1,Skin_Soft_Tissue
GCA_055054135.1,Skin_Soft_Tissue
GCA_055053225.1,Skin_Soft_Tissue
GCA_055054095.1,Skin_Soft_Tissue
GCA_055053165.1,Skin_Soft_Tissue
GCA_055053135.1,Bloodstream
GCA_055054035.1,Skin_Soft_Tissue
GCA_055053075.1,Skin_Soft_Tissue
GCA_055053045.1,Skin_Soft_Tissue
GCA_055052995.1,Urinary
GCA_055052965.1,Skin_Soft_Tissue
GCA_055052925.1,Skin_Soft_Tissue
GCA_055052875.1,Urinary
GCA_055052835.1,Urinary
GCA_055052825.1,Skin_Soft_Tissue
GCA_055052755.1,Skin_Soft_Tissue
GCA_055052725.1,Urinary
GCA_055052705.1,Bloodstream
GCA_055052635.1,Bloodstream
GCA_055052595.1,Bloodstream
GCA_055054015.1,Bloodstream
GCA_055053995.1,Urinary
GCA_055052555.1,Bloodstream
GCA_055052515.1,Skin_Soft_Tissue
GCA_055052475.1,Bloodstream
GCA_055052415.1,Bloodstream
GCA_055052395.1,Urinary
GCA_055052365.1,Urinary
GCA_055053915.1,Urinary
GCA_055052315.1,Skin_Soft_Tissue
GCA_055052285.1,Skin_Soft_Tissue
GCA_055052255.1,Bloodstream
GCA_055052215.1,Bloodstream
GCA_055053875.1,Skin_Soft_Tissue
GCA_055052145.1,Urinary
GCA_055053885.1,Skin_Soft_Tissue
GCA_055059165.1,Respiratory
GCA_055059095.1,Skin_Soft_Tissue
GCA_054979125.1,Respiratory
GCA_054979165.1,Respiratory
GCA_054979185.1,Respiratory
GCA_054979205.1,Respiratory
GCA_054979225.1,Respiratory
GCA_054979245.1,Respiratory
GCA_054979265.1,Respiratory
GCA_054979285.1,Respiratory
GCA_054979305.1,Respiratory
GCA_054979325.1,Respiratory
GCA_054979345.1,Respiratory
GCA_054979365.1,Respiratory
GCA_054979385.1,Respiratory
GCA_054979405.1,Respiratory
GCA_054979425.1,Respiratory
GCA_054979445.1,Respiratory
GCA_054979465.1,Respiratory
GCA_054979485.1,Respiratory
GCA_054979805.1,Respiratory
GCA_054979825.1,Respiratory
GCA_054979865.1,Respiratory
GCA_054979885.1,Respiratory
GCA_054979905.1,Respiratory
GCA_054979925.1,Respiratory
GCA_054979945.1,Respiratory
GCA_054979965.1,Respiratory
GCA_054979985.1,Respiratory
GCA_054980005.1,Respiratory
GCA_054980025.1,Respiratory
GCA_054980045.1,Respiratory
GCA_054980065.1,Respiratory
GCA_054980085.1,Respiratory
GCA_054980105.1,Respiratory
GCA_054980125.1,Respiratory
GCA_054980145.1,Respiratory
GCA_054980165.1,Respiratory
GCA_054980185.1,Respiratory
GCA_054980205.1,Respiratory
GCA_054980225.1,Respiratory
GCA_054980245.1,Respiratory
GCA_054980275.1,Respiratory
GCA_054980295.1,Respiratory
GCA_054980315.1,Respiratory
GCA_054980335.1,Respiratory
GCA_054980355.1,Respiratory
GCA_054980415.1,Respiratory
GCA_054980435.1,Respiratory
GCA_054980455.1,Respiratory
GCA_054980475.1,Respiratory
GCA_054980495.1,Respiratory
GCA_054980515.1,Respiratory
GCA_054980555.1,Respiratory
GCA_054980575.1,Respiratory
GCA_054980595.1,Respiratory
GCA_054980615.1,Respiratory
GCA_054980625.1,Respiratory
GCA_054980655.1,Respiratory
GCA_054980675.1,Respiratory
GCA_054980695.1,Respiratory
GCA_054980715.1,Respiratory
GCA_054980735.1,Respiratory
GCA_054980755.1,Respiratory
GCA_054980775.1,Respiratory
GCA_054980795.1,Respiratory
GCA_054980815.1,Respiratory
GCA_054980835.1,Respiratory
GCA_054980855.1,Respiratory
GCA_054980875.1,Respiratory
GCA_054980895.1,Respiratory
GCA_054980915.1,Respiratory
GCA_054980935.1,Respiratory
GCA_054980955.1,Respiratory
GCA_054980975.1,Respiratory
GCA_054981005.1,Respiratory
GCA_054980995.1,Respiratory
GCA_054981035.1,Respiratory
GCA_054981055.1,Respiratory
GCA_054981075.1,Respiratory
GCA_054981095.1,Respiratory
GCA_054981115.1,Respiratory
GCA_054981135.1,Respiratory
GCA_054981155.1,Respiratory
GCA_054981175.1,Respiratory
GCA_054981195.1,Respiratory
GCA_054981215.1,Respiratory
GCA_054981235.1,Respiratory
GCA_054981255.1,Respiratory
GCA_054981275.1,Respiratory
GCA_054981295.1,Respiratory
GCA_054981315.1,Respiratory
GCA_054981335.1,Respiratory
GCA_054981355.1,Respiratory
GCA_054981375.1,Respiratory
GCA_054981395.1,Respiratory
GCA_054981415.1,Respiratory
GCA_054981435.1,Respiratory
GCA_054981455.1,Respiratory
GCA_054981475.1,Respiratory
GCA_054981495.1,Respiratory
GCA_054981515.1,Respiratory
GCA_054981535.1,Respiratory
GCA_054981555.1,Respiratory
GCA_054981575.1,Respiratory
GCA_054981595.1,Respiratory
GCA_054981615.1,Respiratory
GCA_054981635.1,Respiratory
GCA_054981655.1,Respiratory
GCA_054981675.1,Respiratory
GCA_054981695.1,Respiratory
GCA_054981715.1,Respiratory
GCA_054981735.1,Respiratory
GCA_054981755.1,Respiratory
GCA_054981775.1,Respiratory
GCA_054981795.1,Respiratory
GCA_054981805.1,Respiratory
GCA_054983415.1,Respiratory
GCA_054984235.1,Respiratory
GCA_055321215.1,Urinary
GCA_055233235.1,Urinary
GCA_055233295.1,Respiratory
GCA_055233395.1,Bloodstream
GCA_055233405.1,Skin_Soft_Tissue
GCA_055233515.1,Bloodstream
GCA_055233455.1,Respiratory
GCA_055233635.1,Bone_Joint
GCA_055285105.1,Hospital
GCA_055359645.1,Respiratory
GCA_055329655.1,Urinary
GCA_055330095.1,Medical_Device
GCA_055330145.1,Bloodstream
GCA_055441955.1,Bloodstream
GCA_055441925.1,Bloodstream
GCA_055441875.1,Bloodstream
GCA_055441895.1,Bloodstream
GCA_055448195.1,Bloodstream
GCA_055448155.1,Bloodstream
GCA_055448175.1,Bloodstream
GCA_055448135.1,Bloodstream
GCA_055448115.1,Bloodstream
GCA_055448095.1,Bloodstream
GCA_055448075.1,Bloodstream
GCA_055448055.1,Bloodstream
GCA_055447995.1,Bloodstream
GCA_055448035.1,Bloodstream
GCA_055448015.1,Bloodstream
GCA_055447975.1,Bloodstream
GCA_055447955.1,Bloodstream
GCA_055447935.1,Bloodstream
GCA_055447915.1,Bloodstream
GCA_055447895.1,Bloodstream
GCA_055447875.1,Bloodstream
GCA_055447835.1,Bloodstream
GCA_055447855.1,Bloodstream
GCA_055447775.1,Bloodstream
GCA_055447815.1,Bloodstream
GCA_055447785.1,Bloodstream
GCA_055447705.1,Bloodstream
GCA_055447725.1,Bloodstream
GCA_055441855.1,Bloodstream
GCA_055447715.1,Bloodstream
GCA_055447675.1,Bloodstream
GCA_055441805.1,Bloodstream
GCA_055447635.1,Bloodstream
GCA_055447645.1,Bloodstream
GCA_055447615.1,Bloodstream
GCA_055447595.1,Bloodstream
GCA_055447575.1,Bloodstream
GCA_055447555.1,Bloodstream
GCA_055441775.1,Bloodstream
GCA_055441735.1,Bloodstream
GCA_055447525.1,Bloodstream
GCA_055447515.1,Bloodstream
GCA_055447495.1,Bloodstream
GCA_055447475.1,Bloodstream
GCA_055447455.1,Bloodstream
GCA_055447415.1,Bloodstream
GCA_055447435.1,Bloodstream
GCA_055447395.1,Bloodstream
GCA_055447355.1,Bloodstream
GCA_055447365.1,Bloodstream
GCA_055447335.1,Bloodstream
GCA_055447315.1,Bloodstream
GCA_055447295.1,Bloodstream
GCA_055441745.1,Bloodstream
GCA_055447275.1,Bloodstream
GCA_055447215.1,Bloodstream
GCA_055447235.1,Bloodstream
GCA_055447255.1,Bloodstream
GCA_055447195.1,Bloodstream
GCA_055447175.1,Bloodstream
GCA_055447155.1,Bloodstream
GCA_055447135.1,Bloodstream
GCA_055447105.1,Bloodstream
GCA_055447095.1,Bloodstream
GCA_055447075.1,Bloodstream
GCA_055447055.1,Bloodstream
GCA_055446845.1,Bloodstream
GCA_055446875.1,Bloodstream
GCA_055446835.1,Bloodstream
GCA_055441715.1,Bloodstream
GCA_055446775.1,Bloodstream
GCA_055446785.1,Bloodstream
GCA_055446815.1,Bloodstream
GCA_055446725.1,Bloodstream
GCA_055446715.1,Bloodstream
GCA_055446735.1,Bloodstream
GCA_055446695.1,Bloodstream
GCA_055446675.1,Bloodstream
GCA_055446635.1,Bloodstream
GCA_055446655.1,Bloodstream
GCA_055445915.1,Bloodstream
GCA_055445895.1,Bloodstream
GCA_055445815.1,Bloodstream
GCA_055445855.1,Bloodstream
GCA_055444915.1,Bloodstream
GCA_055444845.1,Bloodstream
GCA_055444835.1,Bloodstream
GCA_055444855.1,Bloodstream
GCA_055444815.1,Bloodstream
GCA_055444785.1,Bloodstream
GCA_055444775.1,Bloodstream
GCA_055441675.1,Bloodstream
GCA_055444755.1,Bloodstream
GCA_055444715.1,Bloodstream
GCA_055444735.1,Bloodstream
GCA_055444695.1,Bloodstream
GCA_055444675.1,Bloodstream
GCA_055444655.1,Bloodstream
GCA_055444635.1,Bloodstream
GCA_055444595.1,Bloodstream
GCA_055444605.1,Bloodstream
GCA_055444575.1,Bloodstream
GCA_055444555.1,Bloodstream
GCA_055444535.1,Bloodstream
GCA_055444495.1,Bloodstream
GCA_055444475.1,Bloodstream
GCA_055444515.1,Bloodstream
GCA_055443915.1,Bloodstream
GCA_055443925.1,Bloodstream
GCA_055443835.1,Bloodstream
GCA_055443855.1,Bloodstream
GCA_055443815.1,Bloodstream
GCA_055443775.1,Bloodstream
GCA_055442895.1,Bloodstream
GCA_055443785.1,Bloodstream
GCA_055442865.1,Bloodstream
GCA_055443755.1,Bloodstream
GCA_055442855.1,Bloodstream
GCA_055442815.1,Bloodstream
GCA_055443735.1,Bloodstream
GCA_055443715.1,Bloodstream
GCA_055442835.1,Bloodstream
GCA_055442795.1,Bloodstream
GCA_055442775.1,Bloodstream
GCA_055442755.1,Bloodstream
GCA_055442735.1,Bloodstream
GCA_055441695.1,Bloodstream
GCA_055442715.1,Bloodstream
GCA_055442695.1,Bloodstream
GCA_055442675.1,Bloodstream
GCA_055442655.1,Bloodstream
GCA_055442635.1,Bloodstream
GCA_055442615.1,Bloodstream
GCA_055441655.1,Bloodstream
GCA_055442595.1,Bloodstream
GCA_055442575.1,Bloodstream
GCA_055441615.1,Bloodstream
GCA_055442555.1,Bloodstream
GCA_055442535.1,Bloodstream
GCA_055442495.1,Bloodstream
GCA_055442515.1,Bloodstream
GCA_055442455.1,Bloodstream
GCA_055442475.1,Bloodstream
GCA_055442435.1,Bloodstream
GCA_055442415.1,Bloodstream
GCA_055442395.1,Bloodstream
GCA_055443695.1,Bloodstream
GCA_055443675.1,Bloodstream
GCA_055443655.1,Bloodstream
GCA_055443635.1,Bloodstream
GCA_055443595.1,Bloodstream
GCA_055443615.1,Bloodstream
GCA_055442365.1,Bloodstream
GCA_055443575.1,Bloodstream
GCA_055443535.1,Bloodstream
GCA_055443545.1,Bloodstream
GCA_055443515.1,Bloodstream
GCA_055443475.1,Bloodstream
GCA_055442355.1,Bloodstream
GCA_055442335.1,Bloodstream
GCA_055443495.1,Bloodstream
GCA_055442295.1,Bloodstream
GCA_055443455.1,Bloodstream
GCA_055443425.1,Bloodstream
GCA_055443415.1,Bloodstream
GCA_055442305.1,Bloodstream
GCA_055442275.1,Bloodstream
GCA_055443395.1,Bloodstream
GCA_055443375.1,Bloodstream
GCA_055442235.1,Bloodstream
GCA_055443355.1,Bloodstream
GCA_055442255.1,Bloodstream
GCA_055443335.1,Bloodstream
GCA_055443315.1,Bloodstream
GCA_055443295.1,Bloodstream
GCA_055479715.1,Bloodstream
GCA_055443275.1,Bloodstream
GCA_055443255.1,Bloodstream
GCA_055443235.1,Bloodstream
GCA_055443215.1,Bloodstream
GCA_055443195.1,Bloodstream
GCA_055443155.1,Bloodstream
GCA_055443165.1,Bloodstream
GCA_055446615.1,Bloodstream
GCA_055444435.1,Bloodstream
GCA_055444445.1,Bloodstream
GCA_055446595.1,Bloodstream
GCA_055446575.1,Bloodstream
GCA_055445825.1,Bloodstream
GCA_055446555.1,Bloodstream
GCA_055446515.1,Bloodstream
GCA_055446535.1,Bloodstream
GCA_055445795.1,Bloodstream
GCA_055446495.1,Bloodstream
GCA_055444415.1,Bloodstream
GCA_055446455.1,Bloodstream
GCA_055515875.1,Bloodstream
GCA_055446475.1,Bloodstream
GCA_055446405.1,Bloodstream
GCA_055446395.1,Bloodstream
GCA_055446415.1,Bloodstream
GCA_055446335.1,Bloodstream
GCA_055446355.1,Bloodstream
GCA_055446345.1,Bloodstream
GCA_055446315.1,Bloodstream
GCA_055445775.1,Bloodstream
GCA_055445755.1,Bloodstream
GCA_055446295.1,Bloodstream
GCA_055445735.1,Bloodstream
GCA_055445715.1,Bloodstream
GCA_055446275.1,Bloodstream
GCA_055445695.1,Bloodstream
GCA_055445675.1,Bloodstream
GCA_055445645.1,Bloodstream
GCA_055445635.1,Bloodstream
GCA_055445615.1,Bloodstream
GCA_055446255.1,Bloodstream
GCA_055445575.1,Bloodstream
GCA_055446235.1,Bloodstream
GCA_055446215.1,Bloodstream
GCA_055446195.1,Bloodstream
GCA_055446175.1,Bloodstream
GCA_055446145.1,Bloodstream
GCA_055445595.1,Bloodstream
GCA_055445555.1,Bloodstream
GCA_055446135.1,Bloodstream
GCA_055445525.1,Bloodstream
GCA_055445515.1,Bloodstream
GCA_055445495.1,Bloodstream
GCA_055445475.1,Bloodstream
GCA_055446115.1,Bloodstream
GCA_055446075.1,Bloodstream
GCA_055446095.1,Bloodstream
GCA_055445455.1,Bloodstream
GCA_055445415.1,Bloodstream
GCA_055445435.1,Bloodstream
GCA_055445375.1,Bloodstream
GCA_055445395.1,Bloodstream
GCA_055445355.1,Bloodstream
GCA_055445335.1,Bloodstream
GCA_055445315.1,Bloodstream
GCA_055445295.1,Bloodstream
GCA_055445275.1,Bloodstream
GCA_055445255.1,Bloodstream
GCA_055445235.1,Bloodstream
GCA_055445195.1,Bloodstream
GCA_055445215.1,Bloodstream
GCA_055445175.1,Bloodstream
GCA_055445135.1,Bloodstream
GCA_055445115.1,Bloodstream
GCA_055444395.1,Bloodstream
GCA_055445145.1,Bloodstream
GCA_055445095.1,Bloodstream
GCA_055445055.1,Bloodstream
GCA_055445065.1,Bloodstream
GCA_055445015.1,Bloodstream
GCA_055446055.1,Bloodstream
GCA_055444375.1,Bloodstream
GCA_055379075.1,Respiratory
GCA_055385575.1,Respiratory
GCA_055386395.1,Hospital
GCA_055391165.1,Crop
GCA_055403105.1,Respiratory
GCA_055403265.1,Bloodstream
GCA_055403785.1,Respiratory
GCA_055403825.1,Respiratory
GCA_055403885.1,Respiratory
GCA_055403905.1,Respiratory
GCA_055405665.1,Urinary
GCA_055417405.1,Skin_Soft_Tissue
GCA_055419065.1,Water
GCA_055431825.1,Respiratory
GCA_055432695.1,Respiratory
GCA_055432725.1,Respiratory
GCA_055433015.1,Respiratory
GCA_055433025.1,Respiratory
GCA_055433155.1,Respiratory
GCA_055433165.1,Respiratory
GCA_055433175.1,Respiratory
GCA_055518805.1,Respiratory
GCA_055518775.1,Urinary
GCA_055519335.1,Respiratory
GCA_055518755.1,Respiratory
GCA_055518735.1,Gastrointestinal
GCA_055518715.1,Gastrointestinal
GCA_055518695.1,Respiratory
GCA_055518675.1,Urinary
GCA_055518655.1,Respiratory
GCA_055518635.1,Respiratory
GCA_055518615.1,Gastrointestinal
GCA_055518595.1,Respiratory
GCA_055518555.1,Respiratory
GCA_055518575.1,Respiratory
GCA_055518535.1,Respiratory
GCA_055518495.1,Respiratory
GCA_055518505.1,Respiratory
GCA_055518475.1,Gastrointestinal
GCA_055518455.1,Skin_Soft_Tissue
GCA_055519295.1,Skin_Soft_Tissue
GCA_055518435.1,Respiratory
GCA_055518415.1,Urinary
GCA_055520855.1,Skin_Soft_Tissue
GCA_055518395.1,Respiratory
GCA_055518375.1,Respiratory
GCA_055518355.1,Respiratory
GCA_055518335.1,Respiratory
GCA_055520415.1,Urinary
GCA_055520425.1,Skin_Soft_Tissue
GCA_055520215.1,Urinary
GCA_055520735.1,Skin_Soft_Tissue
GCA_055531545.1,Bloodstream
GCA_055531485.1,Respiratory
GCA_055531465.1,Bloodstream
GCA_055531495.1,Respiratory
GCA_055531425.1,Bloodstream
GCA_055531405.1,Respiratory
GCA_055531435.1,Respiratory
GCA_055531385.1,Respiratory
GCA_055531355.1,Respiratory
GCA_055531185.1,Bloodstream
GCA_055531145.1,Urinary
GCA_055531105.1,Respiratory
GCA_055531125.1,Urinary
GCA_055531085.1,Skin_Soft_Tissue
GCA_055531065.1,Skin_Soft_Tissue
GCA_055531025.1,Respiratory
GCA_055531045.1,Urinary
GCA_055531005.1,Skin_Soft_Tissue
GCA_055530965.1,Urinary
GCA_055530925.1,Urinary
GCA_055530945.1,Urinary
GCA_055530905.1,Skin_Soft_Tissue
GCA_055530885.1,Respiratory
GCA_055530865.1,Respiratory
GCA_055530845.1,Respiratory
GCA_055530805.1,Respiratory
GCA_055530765.1,Respiratory
GCA_055530745.1,Medical_Device
GCA_055530725.1,Respiratory
GCA_055530705.1,Bloodstream
GCA_055530685.1,Bloodstream
GCA_055530665.1,Respiratory
GCA_055530645.1,Respiratory
GCA_055530625.1,Respiratory
GCA_055551545.1,Urinary
GCA_055556315.1,Gastrointestinal
GCA_055643065.1,Respiratory
GCA_055673195.1,Water
GCA_055671545.1,Water
GCA_055671695.1,Water
GCA_055671815.1,Water
GCA_055671505.1,Water
GCA_055671795.1,Water
GCA_055676815.1,Urinary
GCA_978243445.1,Bloodstream
GCA_055685665.1,Urinary
GCA_055685525.1,Skin_Soft_Tissue
GCA_055685685.1,Respiratory
GCA_055685565.1,Urinary
GCA_055685535.1,Skin_Soft_Tissue
GCA_055669685.1,Respiratory
GCA_055685725.1,Skin_Soft_Tissue
GCA_055737505.1,Skin_Soft_Tissue
GCA_055700075.1,Skin_Soft_Tissue
GCA_055700115.1,Skin_Soft_Tissue
GCA_055736805.1,Bloodstream
GCA_055736725.1,Bloodstream
GCA_055736765.1,Respiratory
GCA_055736745.1,Respiratory
GCA_055736685.1,Respiratory
GCA_055736705.1,Respiratory
GCA_055736665.1,Bloodstream
GCA_055736625.1,Respiratory
GCA_055736615.1,Respiratory
GCA_055736605.1,Respiratory
GCA_055736545.1,Respiratory
GCA_055736585.1,Respiratory
GCA_055735505.1,Respiratory
GCA_055735475.1,Respiratory
GCA_055736565.1,Respiratory
GCA_055736505.1,Bloodstream
GCA_055736485.1,Respiratory
GCA_055736495.1,Respiratory
GCA_055735465.1,Respiratory
GCA_055736455.1,Respiratory
GCA_055736425.1,Respiratory
GCA_055736445.1,Respiratory
GCA_055736405.1,Respiratory
GCA_055736365.1,Respiratory
GCA_055735445.1,Bloodstream
GCA_055736375.1,Bloodstream
GCA_055735425.1,Bloodstream
GCA_055735405.1,Bloodstream
GCA_055736325.1,Bloodstream
GCA_055736305.1,Bloodstream
GCA_055736345.1,Bloodstream
GCA_055735385.1,Bloodstream
GCA_055736245.1,Bloodstream
GCA_055736265.1,Bloodstream
GCA_055736285.1,Bloodstream
GCA_055735365.1,Bloodstream
GCA_055735345.1,Bloodstream
GCA_055735315.1,Bloodstream
GCA_055736925.1,Bloodstream
GCA_055736215.1,Bloodstream
GCA_055736185.1,Bloodstream
GCA_055736205.1,Bloodstream
GCA_055736145.1,Bloodstream
GCA_055735305.1,Bloodstream
GCA_055736125.1,Bloodstream
GCA_055735285.1,Bloodstream
GCA_055736165.1,Bloodstream
GCA_055735265.1,Bloodstream
GCA_055735235.1,Bloodstream
GCA_055735225.1,Bloodstream
GCA_055735205.1,Bloodstream
GCA_055735165.1,Bloodstream
GCA_055736095.1,Bloodstream
GCA_055735185.1,Bloodstream
GCA_055736085.1,Bloodstream
GCA_055736065.1,Bloodstream
GCA_055736025.1,Bloodstream
GCA_055736035.1,Bloodstream
GCA_055735125.1,Bloodstream
GCA_055736005.1,Bloodstream
GCA_055735145.1,Bloodstream
GCA_055735105.1,Bloodstream
GCA_055735085.1,Bloodstream
GCA_055735055.1,Bloodstream
GCA_055777085.1,Urinary
GCA_055780145.1,Respiratory
GCA_055784385.1,Skin_Soft_Tissue
GCA_055784365.1,Urinary
GCA_055784345.1,Urinary
GCA_055754665.1,Soil
GCA_055754685.1,Soil
GCA_055790325.1,Water
GCA_055804575.1,Urinary
GCA_055805015.1,Gastrointestinal
GCA_055805035.1,Gastrointestinal
GCA_055805055.1,Urinary
GCA_055805535.1,Urinary
GCA_055838215.1,Urinary
GCA_055838235.1,Urinary
GCA_055993605.1,Ear_Nose_Throat
GCA_056005265.1,Urinary
GCA_056004885.1,Urinary
GCA_056008435.1,Respiratory
GCA_056008605.1,Respiratory
GCA_056008615.1,Respiratory
GCA_056054895.1,Urinary
GCA_056032805.1,Urinary
GCA_056114335.1,Water
GCA_056153885.1,Urinary
GCA_056261805.1,Gastrointestinal
GCA_056262065.1,Gastrointestinal
GCA_056261725.1,Gastrointestinal
GCA_056417585.1,Respiratory
GCA_056418105.1,Urinary
GCA_056418085.1,Skin_Soft_Tissue
GCA_056362715.1,Urinary
GCA_056372645.1,Respiratory
GCA_056373155.1,Urinary
GCA_056381215.1,Bloodstream
GCA_056461455.1,Skin_Soft_Tissue
GCA_056484045.1,Respiratory
GCA_056484065.1,Respiratory
GCA_056484085.1,Respiratory
GCA_056484105.1,Respiratory
GCA_056484125.1,Respiratory
GCA_056484145.1,Respiratory
GCA_056484165.1,Respiratory
GCA_056484185.1,Respiratory
GCA_056484205.1,Respiratory
GCA_056484225.1,Respiratory
GCA_056484245.1,Respiratory
GCA_056484265.1,Respiratory
GCA_056484285.1,Respiratory
GCA_056484305.1,Respiratory
GCA_056484325.1,Respiratory
GCA_056484345.1,Respiratory
GCA_056484365.1,Respiratory
GCA_056484385.1,Respiratory
GCA_056484405.1,Respiratory
GCA_056484425.1,Respiratory
GCA_056484445.1,Respiratory
GCA_056484465.1,Respiratory
GCA_056484485.1,Respiratory
GCA_056484505.1,Respiratory
GCA_056484525.1,Respiratory
GCA_056484545.1,Respiratory
GCA_056484565.1,Respiratory
GCA_056484585.1,Respiratory
GCA_056484605.1,Respiratory
GCA_056484625.1,Respiratory
GCA_056484645.1,Respiratory
GCA_056484665.1,Respiratory
GCA_056484685.1,Respiratory
GCA_056484705.1,Respiratory
GCA_056484725.1,Respiratory
GCA_056484745.1,Respiratory
GCA_056484765.1,Respiratory
GCA_056484785.1,Respiratory
GCA_056484805.1,Respiratory
GCA_056484825.1,Respiratory
GCA_056484845.1,Respiratory
GCA_056484865.1,Respiratory
GCA_056484885.1,Respiratory
GCA_056484905.1,Respiratory
GCA_056484925.1,Respiratory
GCA_056484945.1,Respiratory
GCA_056484965.1,Respiratory
GCA_056484985.1,Respiratory
GCA_056485005.1,Respiratory
GCA_056485025.1,Respiratory
GCA_056485045.1,Respiratory
GCA_056485065.1,Respiratory
GCA_056485085.1,Respiratory
GCA_056485105.1,Respiratory
GCA_056485125.1,Respiratory
GCA_056485485.1,Water
GCA_056485505.1,Water
GCA_056485545.1,Water
GCA_056485565.1,Water
GCA_056485525.1,Hospital
GCA_056485585.1,Water
GCA_056485605.1,Water
GCA_056485625.1,Water
GCA_056485645.1,Water
GCA_056485665.1,Water
GCA_056485685.1,Water
GCA_056485705.1,Water
GCA_056485725.1,Gastrointestinal
GCA_056485745.1,Gastrointestinal
GCA_056491025.1,Respiratory
GCA_056491045.1,Respiratory
GCA_056491065.1,Respiratory
GCA_056491085.1,Respiratory
GCA_056491105.1,Respiratory
