AFNF01000001.1	9802	11433	27884	VFG000127(gb|NP_252235)	1	1632	1632	99.755	1632	4	0	0.0	2992	VFG000127(gb|NP_252235) (algG) outer membrane protein AlgE [Alginate (VF0091) - Biofilm (VFC0271)] [Pseudomonas aeruginosa PAO1]
AFNF01000001.1	9802	11433	27884	VFG019893(gb|WP_003110465)	1	1632	1632	99.694	1632	5	0	0.0	2987	VFG019893(gb|WP_003110465) (algG) outer membrane protein AlgE [Alginate (VF0091) - Biofilm (VFC0271)] [Pseudomonas aeruginosa LESB58]
AFNF01000001.1	9802	11433	27884	VFG014809(gb|WP_003138099)	1	1632	1632	99.387	1632	10	0	0.0	2959	VFG014809(gb|WP_003138099) (algG) outer membrane protein AlgE [Alginate (VF0091) - Biofilm (VFC0271)] [Pseudomonas aeruginosa UCBPP-PA14]
AFNF01000001.1	14219	15781	27884	VFG019899(gb|WP_003110467)	1	1563	1563	99.744	1563	4	0	0.0	2865	VFG019899(gb|WP_003110467) (algI) alginate o-acetyltransferase AlgI [Alginate (VF0091) - Biofilm (VFC0271)] [Pseudomonas aeruginosa LESB58]
AFNF01000001.1	14219	15781	27884	VFG014845(gb|WP_003138085)	1	1563	1563	99.616	1563	6	0	0.0	2854	VFG014845(gb|WP_003138085) (algI) alginate o-acetyltransferase AlgI [Alginate (VF0091) - Biofilm (VFC0271)] [Pseudomonas aeruginosa UCBPP-PA14]
AFNF01000001.1	14219	15781	27884	VFG000130(gb|NP_252238)	1	1563	1563	99.616	1563	6	0	0.0	2854	VFG000130(gb|NP_252238) (algI) alginate o-acetyltransferase AlgI [Alginate (VF0091) - Biofilm (VFC0271)] [Pseudomonas aeruginosa PAO1]
AFNF01000001.1	4135	5619	27884	VFG019885(gb|WP_003119545)	1	1485	1485	99.933	1485	1	0	0.0	2737	VFG019885(gb|WP_003119545) (alg8) alginate-c5-mannuronan-epimerase AlgG [Alginate (VF0091) - Biofilm (VFC0271)] [Pseudomonas aeruginosa LESB58]
AFNF01000001.1	4135	5619	27884	VFG000123(gb|NP_252231)	1	1485	1485	99.933	1485	1	0	0.0	2737	VFG000123(gb|NP_252231) (alg8) alginate-c5-mannuronan-epimerase AlgG [Alginate (VF0091) - Biofilm (VFC0271)] [Pseudomonas aeruginosa PAO1]
AFNF01000001.1	9847	11433	27884	VFG014808(gb|WP_012074766)	34	1620	1620	97.732	1587	36	0	0.0	2732	VFG014808(gb|WP_012074766) (algG) outer membrane protein AlgE [Alginate (VF0091) - Biofilm (VFC0271)] [Pseudomonas aeruginosa PA7]
AFNF01000001.1	14219	15781	27884	VFG014844(gb|WP_012074763)	1	1563	1563	98.145	1563	29	0	0.0	2726	VFG014844(gb|WP_012074763) (algI) alginate o-acetyltransferase AlgI [Alginate (VF0091) - Biofilm (VFC0271)] [Pseudomonas aeruginosa PA7]
AFNF01000002.1	1	1308	26819	VFG043014(gb|NP_250149)	955	2262	2262	99.847	1308	2	0	0.0	2405	VFG043014(gb|NP_250149) (PA1458) two-component sensor [Flagella (VF0273) - Motility (VFC0204)] [Pseudomonas aeruginosa PAO1]
AFNF01000002.1	1362	2468	26819	VFG043015(gb|NP_250150)	1	1107	1107	99.819	1107	2	0	0.0	2034	VFG043015(gb|NP_250150) (PA1459) chemotaxis-specific methylesterase [Flagella (VF0273) - Motility (VFC0204)] [Pseudomonas aeruginosa PAO1]
AFNF01000002.1	3310	4200	26819	VFG019879(gb|WP_012614339)	1	891	891	99.888	891	1	0	0.0	1640	VFG019879(gb|WP_012614339) (motD) flagellar motor protein [Flagella (VF0273) - Motility (VFC0204)] [Pseudomonas aeruginosa LESB58]
AFNF01000002.1	3310	4200	26819	VFG014720(gb|NP_250152)	1	891	891	99.776	891	2	0	0.0	1635	VFG014720(gb|NP_250152) (motD) flagellar motor protein [Flagella (VF0273) - Motility (VFC0204)] [Pseudomonas aeruginosa PAO1]
AFNF01000002.1	3310	4200	26819	VFG014722(gb|WP_003083090)	1	891	891	98.653	891	12	0	0.0	1580	VFG014722(gb|WP_003083090) (motD) flagellar motor protein [Flagella (VF0273) - Motility (VFC0204)] [Pseudomonas aeruginosa UCBPP-PA14]
AFNF01000002.1	2557	3297	26819	VFG019877(gb|WP_003159935)	1	741	741	100.000	741	0	0	0.0	1369	VFG019877(gb|WP_003159935) (motC) flagellar motor protein [Flagella (VF0273) - Motility (VFC0204)] [Pseudomonas aeruginosa LESB58]
AFNF01000002.1	2557	3297	26819	VFG014707(gb|NP_250151)	1	741	741	99.865	741	1	0	0.0	1363	VFG014707(gb|NP_250151) (motC) flagellar motor protein [Flagella (VF0273) - Motility (VFC0204)] [Pseudomonas aeruginosa PAO1]
AFNF01000002.1	2557	3297	26819	VFG014709(gb|WP_003083089)	1	741	741	98.785	741	9	0	0.0	1319	VFG014709(gb|WP_003083089) (motC) flagellar motor protein [Flagella (VF0273) - Motility (VFC0204)] [Pseudomonas aeruginosa UCBPP-PA14]
AFNF01000002.1	3310	4200	26819	VFG014721(gb|WP_003153720)	1	891	891	93.266	891	60	0	0.0	1314	VFG014721(gb|WP_003153720) (motD) flagellar motor protein [Flagella (VF0273) - Motility (VFC0204)] [Pseudomonas aeruginosa PA7]
AFNF01000002.1	2557	3297	26819	VFG014708(gb|WP_003153718)	1	741	741	94.602	741	40	0	0.0	1147	VFG014708(gb|WP_003153718) (motC) flagellar motor protein [Flagella (VF0273) - Motility (VFC0204)] [Pseudomonas aeruginosa PA7]
AFNF01000003.1	13402	14682	24100	VFG019932(gb|WP_012613761)	1	1281	1281	99.375	1281	8	0	0.0	2322	VFG019932(gb|WP_012613761) (rhlB) rhamnosyltransferase chain B [Rhamnolipid (VF0089) - Immune modulation (VFC0258)] [Pseudomonas aeruginosa LESB58]
AFNF01000003.1	13402	14682	24100	VFG000155(gb|NP_252168)	1	1281	1281	99.375	1281	8	0	0.0	2322	VFG000155(gb|NP_252168) (rhlB) rhamnosyltransferase chain B [Rhamnolipid (VF0089) - Immune modulation (VFC0258)] [Pseudomonas aeruginosa PAO1]
AFNF01000003.1	13402	14682	24100	VFG015044(gb|WP_003092007)	1	1281	1281	99.297	1281	9	0	0.0	2316	VFG015044(gb|WP_003092007) (rhlB) rhamnosyltransferase chain B [Rhamnolipid (VF0089) - Immune modulation (VFC0258)] [Pseudomonas aeruginosa UCBPP-PA14]
AFNF01000003.1	5950	7176	24100	VFG051821(gb|WP_003138171.1)	1227	1	1227	99.593	1227	5	0	0.0	2239	VFG051821(gb|WP_003138171.1) (tse3) type VI secretion system effector Tse3, glycoside hydrolase  [HSI-1 T6SS secreted effectors (VF1194) - Effector delivery system (VFC0086)] [Pseudomonas aeruginosa UCBPP-PA14]
AFNF01000003.1	5950	7176	24100	VFG041047(gb|NP_252174)	1227	1	1227	99.511	1227	6	0	0.0	2233	VFG041047(gb|NP_252174) (tse3) type VI secretion system effector Tse3, glycoside hydrolase  [HSI-1 T6SS secreted effectors (VF1194) - Effector delivery system (VFC0086)] [Pseudomonas aeruginosa PAO1]
AFNF01000003.1	5950	7176	24100	VFG051818(gb|WP_003092026.1)	1227	1	1227	99.267	1227	9	0	0.0	2217	VFG051818(gb|WP_003092026.1) (tse3) type VI secretion system effector Tse3, glycoside hydrolase  [HSI-1 T6SS secreted effectors (VF1194) - Effector delivery system (VFC0086)] [Pseudomonas aeruginosa LESB58]
AFNF01000003.1	5950	7176	24100	VFG051819(gb|WP_012074797.1)	1227	1	1227	96.985	1227	37	0	0.0	2061	VFG051819(gb|WP_012074797.1) (tse3) type VI secretion system effector Tse3, glycoside hydrolase  [HSI-1 T6SS secreted effectors (VF1194) - Effector delivery system (VFC0086)] [Pseudomonas aeruginosa PA7]
AFNF01000003.1	13402	14682	24100	VFG015043(gb|WP_003155939)	1	1281	1281	90.562	1282	119	2	0.0	1696	VFG015043(gb|WP_003155939) (rhlB) rhamnosyltransferase chain B [Rhamnolipid (VF0089) - Immune modulation (VFC0258)] [Pseudomonas aeruginosa PA7]
AFNF01000003.1	12449	13336	24100	VFG019930(gb|WP_003092013)	1	888	888	100.000	888	0	0	0.0	1640	VFG019930(gb|WP_003092013) (rhlA) rhamnosyltransferase chain A [Rhamnolipid (VF0089) - Immune modulation (VFC0258)] [Pseudomonas aeruginosa LESB58]
AFNF01000003.1	12449	13336	24100	VFG015041(gb|WP_003092013)	1	888	888	99.662	888	3	0	0.0	1624	VFG015041(gb|WP_003092013) (rhlA) rhamnosyltransferase chain A [Rhamnolipid (VF0089) - Immune modulation (VFC0258)] [Pseudomonas aeruginosa UCBPP-PA14]
AFNF01000004.1	19487	20473	23004	VFG015856(gb|NP_248716)	1	987	987	99.899	987	1	0	0.0	1818	VFG015856(gb|NP_248716) (plcB) phospholipase C [Phospholipase C (VF0914) - Exotoxin (VFC0235)] [Pseudomonas aeruginosa PAO1]
AFNF01000004.1	19487	20473	23004	VFG020046(gb|WP_012613422)	1	987	987	99.493	987	5	0	0.0	1796	VFG020046(gb|WP_012613422) (plcB) phospholipase [Phospholipase C (VF0914) - Exotoxin (VFC0235)] [Pseudomonas aeruginosa LESB58]
AFNF01000004.1	19487	20473	23004	VFG015858(gb|WP_003097316)	1	987	987	98.683	987	13	0	0.0	1751	VFG015858(gb|WP_003097316) (plcB) phospholipase [Phospholipase C (VF0914) - Exotoxin (VFC0235)] [Pseudomonas aeruginosa UCBPP-PA14]
AFNF01000004.1	19487	20473	23004	VFG015857(gb|WP_011979056)	1	987	987	95.643	987	43	0	0.0	1585	VFG015857(gb|WP_011979056) (plcB) phospholipase [Phospholipase C (VF0914) - Exotoxin (VFC0235)] [Pseudomonas aeruginosa PA7]
AFNF01000005.1	332	2407	19574	VFG042738(gb|NP_253646)	1	2076	2076	99.807	2076	4	0	0.0	3812	VFG042738(gb|NP_253646) (fimX) protein FimX [Type IV pili (VF0082) - Adherence (VFC0001)] [Pseudomonas aeruginosa PAO1]
AFNF01000007.1	256	2628	18838	VFG044448(gb|NP_253341)	2373	1	2373	99.452	2373	13	0	0.0	4311	VFG044448(gb|NP_253341) (PA4652) hypothetical protein [CupE fimbriae (VF0934) - Biofilm (VFC0271)] [Pseudomonas aeruginosa PAO1]
AFNF01000007.1	2645	3433	18838	VFG044447(gb|NP_253340)	789	1	789	99.620	789	3	0	0.0	1441	VFG044447(gb|NP_253340) (PA4651) pili assembly chaperone [CupE fimbriae (VF0934) - Biofilm (VFC0271)] [Pseudomonas aeruginosa PAO1]
AFNF01000007.1	4558	5106	18838	VFG044030(gb|NP_253337)	549	1	549	100.000	549	0	0	0.0	1014	VFG044030(gb|NP_253337) (PA4648) hypothetical protein [CupE fimbriae (VF0934) - Biofilm (VFC0271)] [Pseudomonas aeruginosa PAO1]
AFNF01000007.1	3452	3994	18838	VFG044446(gb|NP_253339)	543	1	543	99.263	543	4	0	0.0	981	VFG044446(gb|NP_253339) (PA4650) hypothetical protein [CupE fimbriae (VF0934) - Biofilm (VFC0271)] [Pseudomonas aeruginosa PAO1]
AFNF01000007.1	3994	4527	18838	VFG044445(gb|NP_253338)	534	1	534	99.438	534	3	0	0.0	970	VFG044445(gb|NP_253338) (PA4649) hypothetical protein [CupE fimbriae (VF0934) - Biofilm (VFC0271)] [Pseudomonas aeruginosa PAO1]
AFNF01000007.1	1	259	18838	VFG044449(gb|NP_253342)	259	1	948	100.000	259	0	0	4.27e-133	479	VFG044449(gb|NP_253342) (PA4653) hypothetical protein [CupE fimbriae (VF0934) - Biofilm (VFC0271)] [Pseudomonas aeruginosa PAO1]
AFNF01000011.1	9838	12132	17052	VFG044104(gb|NP_253398)	2295	1	2295	99.739	2295	6	0	0.0	4205	VFG044104(gb|NP_253398) (phuR) heme/hemoglobin uptake outer membrane receptor PhuR [Direct heme uptake system (VF0941) - Nutritional/Metabolic factor (VFC0272)] [Pseudomonas aeruginosa PAO1]
AFNF01000011.1	12313	13377	17052	VFG044103(gb|NP_253397)	1	1065	1065	99.531	1065	5	0	0.0	1940	VFG044103(gb|NP_253397) (PA4709) hemin degrading factor [Direct heme uptake system (VF0941) - Nutritional/Metabolic factor (VFC0272)] [Pseudomonas aeruginosa PAO1]
AFNF01000011.1	14332	15315	17052	VFG044101(gb|NP_253395)	1	984	984	99.390	984	6	0	0.0	1784	VFG044101(gb|NP_253395) (PA4707) ABC transporter permease [Direct heme uptake system (VF0941) - Nutritional/Metabolic factor (VFC0272)] [Pseudomonas aeruginosa PAO1]
AFNF01000011.1	13387	14281	17052	VFG044102(gb|NP_253396)	1	894	894	98.994	895	8	1	0.0	1602	VFG044102(gb|NP_253396) (phuT) heme-transporter PhuT [Direct heme uptake system (VF0941) - Nutritional/Metabolic factor (VFC0272)] [Pseudomonas aeruginosa PAO1]
AFNF01000011.1	16093	16980	17052	VFG044099(gb|NP_253393)	1	888	888	98.536	888	13	0	0.0	1568	VFG044099(gb|NP_253393) (PA4705) hypothetical protein [Direct heme uptake system (VF0941) - Nutritional/Metabolic factor (VFC0272)] [Pseudomonas aeruginosa PAO1]
AFNF01000011.1	15315	16082	17052	VFG044100(gb|NP_253394)	1	768	768	99.740	768	2	0	0.0	1408	VFG044100(gb|NP_253394) (PA4706) hemin importer ATP-binding subunit [Direct heme uptake system (VF0941) - Nutritional/Metabolic factor (VFC0272)] [Pseudomonas aeruginosa PAO1]
AFNF01000012.1	342	1115	16945	VFG015599(gb|NP_064725)	1	774	774	99.871	774	1	0	0.0	1424	VFG015599(gb|NP_064725) (hdtS) lysophosphatidic acid acyltransferase [Acylhomoserine lactone synthase (VF0907) - Biofilm (VFC0271)] [Pseudomonas aeruginosa PAO1]
AFNF01000012.1	342	1115	16945	VFG019939(gb|WP_012613418)	1	774	774	99.742	774	2	0	0.0	1419	VFG019939(gb|WP_012613418) (hdtS) 1-acyl-sn-glycerol-3-phosphate acyltransferase [Acylhomoserine lactone synthase (VF0907) - Biofilm (VFC0271)] [Pseudomonas aeruginosa LESB58]
AFNF01000012.1	342	1115	16945	VFG015601(gb|WP_003100265)	1	774	774	99.225	774	6	0	0.0	1397	VFG015601(gb|WP_003100265) (hdtS) 1-acyl-sn-glycerol-3-phosphate acyltransferase [Acylhomoserine lactone synthase (VF0907) - Biofilm (VFC0271)] [Pseudomonas aeruginosa UCBPP-PA14]
AFNF01000012.1	342	1115	16945	VFG015600(gb|WP_003150817)	1	774	774	95.736	774	33	0	0.0	1247	VFG015600(gb|WP_003150817) (hdtS) 1-acyl-sn-glycerol-3-phosphate acyltransferase [Acylhomoserine lactone synthase (VF0907) - Biofilm (VFC0271)] [Pseudomonas aeruginosa PA7]
AFNF01000012.1	342	1031	16945	VFG015608(gb|WP_011920370)	1	690	768	81.792	692	122	3	1.32e-162	577	VFG015608(gb|WP_011920370) (hdtS) 1-acyl-sn-glycerol-3-phosphate acyltransferase [Acylhomoserine lactone synthase (VF0907) - Biofilm (VFC0271)] [Pseudomonas mendocina ymp]
AFNF01000016.1	1676	3616	16176	VFG042297(gb|NP_253799)	1	1941	1941	99.176	1941	16	0	0.0	3496	VFG042297(gb|NP_253799) (estA) esterase [EstA (VF0942) - Effector delivery system (VFC0086)] [Pseudomonas aeruginosa PAO1]
AFNF01000017.1	13103	14458	15970	VFG019837(gb|WP_003086458)	1356	1	1356	99.779	1356	3	0	0.0	2488	VFG019837(gb|WP_003086458) (fliI) flagellum-specific ATP synthase FliI [Flagella (VF0273) - Motility (VFC0204)] [Pseudomonas aeruginosa LESB58]
AFNF01000017.1	13103	14458	15970	VFG001254(gb|NP_249795)	1356	1	1356	99.336	1356	9	0	0.0	2455	VFG001254(gb|NP_249795) (fliI) flagellum-specific ATP synthase FliI [Flagella (VF0273) - Motility (VFC0204)] [Pseudomonas aeruginosa PAO1]
AFNF01000017.1	13103	14458	15970	VFG014449(gb|WP_003086458)	1356	1	1356	99.263	1356	10	0	0.0	2449	VFG014449(gb|WP_003086458) (fliI) flagellum-specific ATP synthase FliI [Flagella (VF0273) - Motility (VFC0204)] [Pseudomonas aeruginosa UCBPP-PA14]
AFNF01000017.1	13103	14458	15970	VFG014448(gb|WP_012076709)	1356	1	1356	94.322	1356	77	0	0.0	2078	VFG014448(gb|WP_012076709) (fliI) flagellum-specific ATP synthase FliI [Flagella (VF0273) - Motility (VFC0204)] [Pseudomonas aeruginosa PA7]
AFNF01000017.1	14448	15254	15970	VFG019835(gb|WP_003449045)	807	1	807	100.000	807	0	0	0.0	1491	VFG019835(gb|WP_003449045) (fliH) flagellar assembly protein H [Flagella (VF0273) - Motility (VFC0204)] [Pseudomonas aeruginosa LESB58]
AFNF01000017.1	14448	15254	15970	VFG014436(gb|WP_003140589)	807	1	807	98.885	807	9	0	0.0	1441	VFG014436(gb|WP_003140589) (fliH) flagellar assembly protein H [Flagella (VF0273) - Motility (VFC0204)] [Pseudomonas aeruginosa UCBPP-PA14]
AFNF01000017.1	14448	15254	15970	VFG001253(gb|NP_249794)	807	1	807	98.885	807	9	0	0.0	1441	VFG001253(gb|NP_249794) (fliH) flagellar assembly protein H [Flagella (VF0273) - Motility (VFC0204)] [Pseudomonas aeruginosa PAO1]
AFNF01000017.1	15256	15970	15970	VFG019833(gb|WP_003082212)	1017	303	1017	100.000	715	0	0	0.0	1321	VFG019833(gb|WP_003082212) (fliG) flagellar motor switch protein G [Flagella (VF0273) - Motility (VFC0204)] [Pseudomonas aeruginosa LESB58]
AFNF01000017.1	15256	15970	15970	VFG014423(gb|WP_003082212)	1017	303	1017	99.860	715	1	0	0.0	1315	VFG014423(gb|WP_003082212) (fliG) flagellar motor switch protein G [Flagella (VF0273) - Motility (VFC0204)] [Pseudomonas aeruginosa UCBPP-PA14]
AFNF01000017.1	15256	15970	15970	VFG001252(gb|NP_249793)	1017	303	1017	99.720	715	2	0	0.0	1310	VFG001252(gb|NP_249793) (fliG) flagellar motor switch protein G [Flagella (VF0273) - Motility (VFC0204)] [Pseudomonas aeruginosa PAO1]
AFNF01000023.1	14267	15020	15020	VFG019780(gb|WP_014602695)	1	754	1065	100.000	754	0	0	0.0	1393	VFG019780(gb|WP_014602695) (PLES_RS09885) LPS O-antigen chain length determinant protein WzzB [LPS (VF0085) - Immune modulation (VFC0258)] [Pseudomonas aeruginosa LESB58]
AFNF01000026.1	4206	4964	14684	VFG019735(gb|WP_003092804)	1	759	759	100.000	759	0	0	0.0	1402	VFG019735(gb|WP_003092804) (pilF) type 4 fimbrial biogenesis protein PilF [Type IV pili (VF0082) - Adherence (VFC0001)] [Pseudomonas aeruginosa LESB58]
AFNF01000026.1	4206	4964	14684	VFG001217(gb|NP_252494)	1	759	759	99.736	759	2	0	0.0	1391	VFG001217(gb|NP_252494) (pilF) type 4 fimbrial biogenesis protein PilF [Type IV pili (VF0082) - Adherence (VFC0001)] [Pseudomonas aeruginosa PAO1]
AFNF01000026.1	4206	4964	14684	VFG013823(gb|WP_003092804)	1	759	759	99.341	759	5	0	0.0	1375	VFG013823(gb|WP_003092804) (pilF) type 4 fimbrial biogenesis protein PilF [Type IV pili (VF0082) - Adherence (VFC0001)] [Pseudomonas aeruginosa UCBPP-PA14]
AFNF01000026.1	4206	4964	14684	VFG013822(gb|WP_012074560)	1	759	759	91.700	759	63	0	0.0	1053	VFG013822(gb|WP_012074560) (pilF) type 4 fimbrial biogenesis protein PilF [Type IV pili (VF0082) - Adherence (VFC0001)] [Pseudomonas aeruginosa PA7]
AFNF01000028.1	9108	10532	14548	VFG014950(gb|NP_249457)	1425	1	1425	99.789	1425	3	0	0.0	2615	VFG014950(gb|NP_249457) (mucD) serine protease MucD precursor [Alginate (VF0091) - Biofilm (VFC0271)] [Pseudomonas aeruginosa PAO1]
AFNF01000028.1	9108	10532	14548	VFG019916(gb|WP_009315254)	1425	1	1425	99.228	1425	11	0	0.0	2571	VFG019916(gb|WP_009315254) (mucD) serine protease MucD precursor [Alginate (VF0091) - Biofilm (VFC0271)] [Pseudomonas aeruginosa LESB58]
AFNF01000028.1	9108	10532	14548	VFG014952(gb|WP_003140933)	1425	1	1425	98.737	1425	18	0	0.0	2532	VFG014952(gb|WP_003140933) (mucD) serine protease MucD precursor [Alginate (VF0091) - Biofilm (VFC0271)] [Pseudomonas aeruginosa UCBPP-PA14]
AFNF01000028.1	9108	10532	14548	VFG014951(gb|WP_012077033)	1425	1	1425	96.140	1425	55	0	0.0	2327	VFG014951(gb|WP_012077033) (mucD) serine protease MucD precursor [Alginate (VF0091) - Biofilm (VFC0271)] [Pseudomonas aeruginosa PA7]
AFNF01000028.1	11024	11974	14548	VFG000135(gb|NP_249455)	951	1	951	99.264	951	7	0	0.0	1718	VFG000135(gb|NP_249455) (mucB) anti-sigma factor MucA, inhibitor of alg gene expression [Alginate (VF0091) - Biofilm (VFC0271)] [Pseudomonas aeruginosa PAO1]
AFNF01000028.1	11024	11974	14548	VFG019913(gb|WP_003085548)	951	1	951	99.159	951	8	0	0.0	1712	VFG019913(gb|WP_003085548) (mucB) anti-sigma factor MucA, inhibitor of alg gene expression [Alginate (VF0091) - Biofilm (VFC0271)] [Pseudomonas aeruginosa LESB58]
AFNF01000028.1	11024	11974	14548	VFG014934(gb|WP_003140937)	951	1	951	99.054	951	9	0	0.0	1707	VFG014934(gb|WP_003140937) (mucB) anti-sigma factor MucA, inhibitor of alg gene expression [Alginate (VF0091) - Biofilm (VFC0271)] [Pseudomonas aeruginosa UCBPP-PA14]
AFNF01000028.1	11024	11974	14548	VFG014933(gb|WP_012077034)	951	1	951	89.496	952	98	2	0.0	1203	VFG014933(gb|WP_012077034) (mucB) anti-sigma factor MucA, inhibitor of alg gene expression [Alginate (VF0091) - Biofilm (VFC0271)] [Pseudomonas aeruginosa PA7]
AFNF01000028.1	9108	10454	14548	VFG014958(gb|WP_011535351)	1440	91	1440	82.245	1363	213	20	0.0	1149	VFG014958(gb|WP_011535351) (mucD) serine protease MucD precursor [Alginate (VF0091) - Biofilm (VFC0271)] [Pseudomonas entomophila L48]
AFNF01000028.1	11983	12567	14548	VFG019911(gb|WP_003101958)	585	1	585	100.000	585	0	0	0.0	1081	VFG019911(gb|WP_003101958) (mucA) alkaline metalloproteinase precursor [Alginate (VF0091) - Biofilm (VFC0271)] [Pseudomonas aeruginosa LESB58]
AFNF01000034.1	4446	6965	14114	VFG042706(gb|NP_249685)	1	2520	2520	99.802	2520	5	0	0.0	4626	VFG042706(gb|NP_249685) (cupC3) usher CupC3 [CupC fimbriae (VF0926) - Biofilm (VFC0271)] [Pseudomonas aeruginosa PAO1]
AFNF01000034.1	3617	4330	14114	VFG042705(gb|NP_249684)	1	714	714	100.000	714	0	0	0.0	1319	VFG042705(gb|NP_249684) (cupC2) chaperone CupC2 [CupC fimbriae (VF0926) - Biofilm (VFC0271)] [Pseudomonas aeruginosa PAO1]
AFNF01000034.1	2936	3559	14114	VFG042704(gb|NP_249683)	1	618	618	98.718	624	2	1	0.0	1103	VFG042704(gb|NP_249683) (cupC1) fimbrial subunit CupC1 [CupC fimbriae (VF0926) - Biofilm (VFC0271)] [Pseudomonas aeruginosa PAO1]
AFNF01000037.1	4308	6224	13857	VFG000115(gb|NP_249839)	1917	1	1917	99.113	1917	17	0	0.0	3446	VFG000115(gb|NP_249839) (toxA) exotoxin A precursor [ExoA (VF0086) - Exotoxin (VFC0235)] [Pseudomonas aeruginosa PAO1]
AFNF01000037.1	4309	6224	13857	VFG015862(gb|WP_003140553)	1907	1	1908	99.113	1916	8	1	0.0	3435	VFG015862(gb|WP_003140553) (toxA) exotoxin A precursor [ExoA (VF0086) - Exotoxin (VFC0235)] [Pseudomonas aeruginosa UCBPP-PA14]
AFNF01000037.1	4308	6224	13857	VFG020047(gb|WP_012614391)	1917	1	1917	98.905	1917	21	0	0.0	3424	VFG020047(gb|WP_012614391) (toxA) exotoxin A precursor [ExoA (VF0086) - Exotoxin (VFC0235)] [Pseudomonas aeruginosa LESB58]
AFNF01000041.1	2738	2770	13542	VFG025905(gb|WP_012327701)	155	122	2253	97.059	34	0	1	6.14e-06	56.5	VFG025905(gb|WP_012327701) (cheA) chemotaxis two-component sensor kinase CheA [Flagella (VF0430) - Motility (VFC0204)] [Burkholderia cenocepacia MC0-3]
AFNF01000041.1	2738	2770	13542	VFG025902(gb|WP_011546713)	155	122	2271	97.059	34	0	1	6.14e-06	56.5	VFG025902(gb|WP_011546713) (cheA) chemotaxis two-component sensor kinase CheA [Flagella (VF0430) - Motility (VFC0204)] [Burkholderia cenocepacia AU 1054]
AFNF01000044.1	1331	3937	13454	VFG014893(gb|NP_254009)	2607	1	2607	99.885	2607	3	0	0.0	4798	VFG014893(gb|NP_254009) (algC) phosphomannomutase AlgC [Alginate (VF0091) - Biofilm (VFC0271)] [Pseudomonas aeruginosa PAO1]
AFNF01000044.1	1331	3937	13454	VFG019907(gb|WP_010792971)	2598	1	2598	99.463	2607	5	1	0.0	4728	VFG019907(gb|WP_010792971) (algC) phosphomannomutase AlgC [Alginate (VF0091) - Biofilm (VFC0271)] [Pseudomonas aeruginosa LESB58]
AFNF01000044.1	1331	3937	13454	VFG014895(gb|WP_016254361)	2604	1	2604	99.003	2607	23	1	0.0	4667	VFG014895(gb|WP_016254361) (algC) phosphomannomutase AlgC [Alginate (VF0091) - Biofilm (VFC0271)] [Pseudomonas aeruginosa UCBPP-PA14]
AFNF01000044.1	1331	3937	13454	VFG014894(gb|WP_012077935)	2607	1	2607	94.438	2607	145	0	0.0	4012	VFG014894(gb|WP_012077935) (algC) phosphomannomutase AlgC [Alginate (VF0091) - Biofilm (VFC0271)] [Pseudomonas aeruginosa PA7]
AFNF01000044.1	1377	2722	13454	VFG014905(gb|WP_196240458)	1346	1	1392	85.969	1347	187	2	0.0	1439	VFG014905(gb|WP_196240458) (algC) phosphomannomutase AlgC [Alginate (VF0091) - Biofilm (VFC0271)] [Pseudomonas stutzeri A1501]
AFNF01000044.1	1367	2704	13454	VFG014904(gb|WP_003242532)	1359	22	1395	85.331	1343	187	10	0.0	1380	VFG014904(gb|WP_003242532) (algC) phosphomannomutase AlgC [Alginate (VF0091) - Biofilm (VFC0271)] [Pseudomonas mendocina ymp]
AFNF01000044.1	1410	2690	13454	VFG015760(gb|WP_012274823)	1322	42	1401	81.986	1299	198	31	0.0	1070	VFG015760(gb|WP_012274823) (algC) phosphomannomutase AlgC [Alginate (VF0091) - Biofilm (VFC0271)] [Pseudomonas putida GB-1]
AFNF01000044.1	1422	2695	13454	VFG014902(gb|WP_011064224)	1307	34	1398	81.974	1287	206	18	0.0	1068	VFG014902(gb|WP_011064224) (algC) phosphomannomutase AlgC [Alginate (VF0091) - Biofilm (VFC0271)] [Pseudomonas fluorescens Pf-5]
AFNF01000044.1	1378	2686	13454	VFG014898(gb|WP_004666559)	1351	43	1398	80.091	1321	239	21	0.0	961	VFG014898(gb|WP_004666559) (algC) phosphomannomutase AlgC [Alginate (VF0091) - Biofilm (VFC0271)] [Pseudomonas syringae pv. phaseolicola 1448A]
AFNF01000051.1	6860	6943	12976	VFG016168(gb|WP_011267801)	205	288	990	83.529	85	12	2	1.25e-12	78.7	VFG016168(gb|WP_011267801) (cbrB) iron ABC transporter permease [Achromobactin biosynthesis and transport (VF0922) - Nutritional/Metabolic factor (VFC0272)] [Pseudomonas syringae pv. syringae B728a]
AFNF01000054.1	8434	8464	12624	VFG048739(gb|WP_012968403)	1536	1506	2454	100.000	31	0	0	1.59e-06	58.4	VFG048739(gb|WP_012968403) (tle1) type VI secretion system effector  [T6SS (VF0569) - Effector delivery system (VFC0086)] [Klebsiella variicola At-22]
AFNF01000054.1	8434	8464	12624	VFG048738(gb|WP_004224376)	1524	1494	2442	100.000	31	0	0	1.59e-06	58.4	VFG048738(gb|WP_004224376) (tle1) type VI secretion system effector  [T6SS (VF0569) - Effector delivery system (VFC0086)] [Klebsiella pneumoniae KCTC 2242]
AFNF01000054.1	8434	8464	12624	VFG048737	171	141	1065	100.000	31	0	0	1.59e-06	58.4	VFG048737 (tle1) type VI secretion system effector  [T6SS (VF0569) - Effector delivery system (VFC0086)] [Klebsiella pneumoniae JM45]
AFNF01000054.1	8434	8464	12624	VFG048736(gb|YP_005226611)	405	375	1299	100.000	31	0	0	1.59e-06	58.4	VFG048736(gb|YP_005226611) (tle1) type VI secretion system effector  [T6SS (VF0569) - Effector delivery system (VFC0086)] [Klebsiella pneumoniae subsp. pneumoniae HS11286]
AFNF01000054.1	8434	8464	12624	VFG048735	1386	1356	1665	100.000	31	0	0	1.59e-06	58.4	VFG048735 (tle1) type VI secretion system effector  [T6SS (VF0569) - Effector delivery system (VFC0086)] [Klebsiella pneumoniae 342]
AFNF01000059.1	6467	7615	12353	VFG001224(gb|NP_249087)	1	1149	1149	99.826	1149	2	0	0.0	2111	VFG001224(gb|NP_249087) (pilU) twitching motility protein PilU [Type IV pili (VF0082) - Adherence (VFC0001)] [Pseudomonas aeruginosa PAO1]
AFNF01000059.1	6467	7615	12353	VFG013911(gb|WP_003110016)	1	1149	1149	99.565	1149	5	0	0.0	2095	VFG013911(gb|WP_003110016) (pilU) twitching motility protein PilU [Type IV pili (VF0082) - Adherence (VFC0001)] [Pseudomonas aeruginosa UCBPP-PA14]
AFNF01000059.1	6467	7615	12353	VFG013910(gb|WP_033999672)	1	1149	1149	97.302	1149	31	0	0.0	1951	VFG013910(gb|WP_033999672) (pilU) twitching motility protein PilU [Type IV pili (VF0082) - Adherence (VFC0001)] [Pseudomonas aeruginosa PA7]
AFNF01000059.1	5255	6289	12353	VFG019744(gb|WP_003084552)	1	1035	1035	99.903	1035	1	0	0.0	1906	VFG019744(gb|WP_003084552) (pilT) twitching motility protein PilT [Type IV pili (VF0082) - Adherence (VFC0001)] [Pseudomonas aeruginosa LESB58]
AFNF01000059.1	5255	6289	12353	VFG013898(gb|WP_003084552)	1	1035	1035	99.903	1035	1	0	0.0	1906	VFG013898(gb|WP_003084552) (pilT) twitching motility protein PilT [Type IV pili (VF0082) - Adherence (VFC0001)] [Pseudomonas aeruginosa UCBPP-PA14]
AFNF01000059.1	5255	6289	12353	VFG001223(gb|NP_249086)	1	1035	1035	99.710	1035	3	0	0.0	1895	VFG001223(gb|NP_249086) (pilT) twitching motility protein PilT [Type IV pili (VF0082) - Adherence (VFC0001)] [Pseudomonas aeruginosa PAO1]
AFNF01000059.1	5255	6289	12353	VFG013897(gb|WP_003084552)	1	1035	1035	98.261	1035	18	0	0.0	1812	VFG013897(gb|WP_003084552) (pilT) twitching motility protein PilT [Type IV pili (VF0082) - Adherence (VFC0001)] [Pseudomonas aeruginosa PA7]
AFNF01000059.1	6467	7615	12353	VFG013916(gb|WP_012019966)	1	1146	1146	89.844	1152	108	8	0.0	1471	VFG013916(gb|WP_012019966) (pilU) twitching motility protein PilU [Type IV pili (VF0082) - Adherence (VFC0001)] [Pseudomonas mendocina ymp]
AFNF01000059.1	6467	7611	12353	VFG013917(gb|WP_019405534)	1	1142	1146	86.987	1145	146	2	0.0	1286	VFG013917(gb|WP_019405534) (pilU) twitching motility protein PilU [Type IV pili (VF0082) - Adherence (VFC0001)] [Pseudomonas stutzeri A1501]
AFNF01000059.1	5255	6287	12353	VFG013907(gb|WP_004373763)	1	1033	1035	88.781	1034	114	2	0.0	1266	VFG013907(gb|WP_004373763) (pilT) twitching motility protein PilT [Type IV pili (VF0082) - Adherence (VFC0001)] [Pseudomonas mendocina ymp]
AFNF01000066.1	6084	6671	11971	VFG051483(gb|NP_251464.1)	1	588	588	100.000	588	0	0	0.0	1086	VFG051483(gb|NP_251464.1) (tse4) Toxin protein Tse4 [HSI-1 T6SS secreted effectors (VF1194) - Effector delivery system (VFC0086)] [Pseudomonas aeruginosa PAO1]
AFNF01000066.1	6084	6671	11971	VFG051829(gb|WP_003138819.1)	1	588	588	98.980	588	6	0	0.0	1053	VFG051829(gb|WP_003138819.1) (tse4) Toxin protein Tse4 [HSI-1 T6SS secreted effectors (VF1194) - Effector delivery system (VFC0086)] [Pseudomonas aeruginosa UCBPP-PA14]
AFNF01000078.1	8078	9199	11425	VFG000139(gb|NP_253697)	1122	1	1122	99.733	1122	3	0	0.0	2056	VFG000139(gb|NP_253697) (waaG) B-band O-antigen polymerase [LPS (VF0085) - Immune modulation (VFC0258)] [Pseudomonas aeruginosa PAO1]
AFNF01000078.1	9196	10263	11425	VFG000142(gb|NP_253698)	1068	1	1068	99.719	1068	3	0	0.0	1956	VFG000142(gb|NP_253698) (waaC) 3-deoxy-D-manno-octulosonic-acid (KDO) transferase [LPS (VF0085) - Immune modulation (VFC0258)] [Pseudomonas aeruginosa PAO1]
AFNF01000078.1	10260	11297	11425	VFG000143(gb|NP_253699)	1038	1	1038	99.904	1038	1	0	0.0	1912	VFG000143(gb|NP_253699) (waaF) heptosyltransferase I [LPS (VF0085) - Immune modulation (VFC0258)] [Pseudomonas aeruginosa PAO1]
AFNF01000078.1	7275	8081	11425	VFG000140(gb|NP_253696)	807	1	807	100.000	807	0	0	0.0	1491	VFG000140(gb|NP_253696) (waaP) UDP-glucose:(heptosyl) LPS alpha 1,3-glucosyltransferase WaaG [LPS (VF0085) - Immune modulation (VFC0258)] [Pseudomonas aeruginosa PAO1]
AFNF01000086.1	5160	6860	10984	VFG019728(gb|WP_003122078)	1	1701	1701	100.000	1701	0	0	0.0	3142	VFG019728(gb|WP_003122078) (pilB) type 4 fimbrial biogenesis protein PilB [Type IV pili (VF0082) - Adherence (VFC0001)] [Pseudomonas aeruginosa LESB58]
AFNF01000086.1	6864	8081	10984	VFG019729(gb|WP_003107299)	1	1218	1218	100.000	1218	0	0	0.0	2250	VFG019729(gb|WP_003107299) (pilC) still frameshift type 4 fimbrial biogenesis protein PilC [Type IV pili (VF0082) - Adherence (VFC0001)] [Pseudomonas aeruginosa LESB58]
AFNF01000086.1	5178	6860	10984	VFG000112(gb|NP_253216)	19	1701	1701	88.803	1688	179	10	0.0	2061	VFG000112(gb|NP_253216) (pilB) type 4 fimbrial biogenesis protein PilB [Type IV pili (VF0082) - Adherence (VFC0001)] [Pseudomonas aeruginosa PAO1]
AFNF01000086.1	5160	6860	10984	VFG013774(gb|WP_033998207)	1	1704	1704	87.865	1714	185	20	0.0	1991	VFG013774(gb|WP_033998207) (pilB) type 4 fimbrial biogenesis protein PilB [Type IV pili (VF0082) - Adherence (VFC0001)] [Pseudomonas aeruginosa PA7]
AFNF01000086.1	5178	6860	10984	VFG013775(gb|WP_003141354)	19	1704	1704	87.670	1695	188	16	0.0	1953	VFG013775(gb|WP_003141354) (pilB) type 4 fimbrial biogenesis protein PilB [Type IV pili (VF0082) - Adherence (VFC0001)] [Pseudomonas aeruginosa UCBPP-PA14]
AFNF01000086.1	8082	8954	10984	VFG019731(gb|WP_003107301)	1	873	873	99.885	873	1	0	0.0	1607	VFG019731(gb|WP_003107301) (xcpA/pilD) type 4 prepilin peptidase PilD [Type IV pili (VF0082) - Adherence (VFC0001)] [Pseudomonas aeruginosa LESB58]
AFNF01000086.1	8082	8954	10984	VFG000114(gb|NP_253218)	1	873	873	99.656	873	3	0	0.0	1596	VFG000114(gb|NP_253218) (xcpA/pilD) type 4 prepilin peptidase PilD [Type IV pili (VF0082) - Adherence (VFC0001)] [Pseudomonas aeruginosa PAO1]
AFNF01000086.1	8088	8954	10984	VFG013797(gb|WP_003141356)	7	873	873	99.308	867	6	0	0.0	1568	VFG013797(gb|WP_003141356) (xcpA/pilD) type 4 prepilin peptidase PilD [Type IV pili (VF0082) - Adherence (VFC0001)] [Pseudomonas aeruginosa UCBPP-PA14]
AFNF01000086.1	8082	8954	10984	VFG013796(gb|WP_012077297)	1	873	873	96.105	873	34	0	0.0	1424	VFG013796(gb|WP_012077297) (xcpA/pilD) type 4 prepilin peptidase PilD [Type IV pili (VF0082) - Adherence (VFC0001)] [Pseudomonas aeruginosa PA7]
AFNF01000086.1	6864	8068	10984	VFG013783(gb|WP_012077296)	1	1205	1218	82.770	1213	193	13	0.0	1068	VFG013783(gb|WP_012077296) (pilC) still frameshift type 4 fimbrial biogenesis protein PilC [Type IV pili (VF0082) - Adherence (VFC0001)] [Pseudomonas aeruginosa PA7]
AFNF01000091.1	1	855	10807	VFG000144(gb|NP_249940)	855	1	1440	99.649	855	3	0	0.0	1563	VFG000144(gb|NP_249940) (aprA) alkaline metalloproteinase precursor [Alkaline protease (VF0090) - Exoenzyme (VFC0251)] [Pseudomonas aeruginosa PAO1]
AFNF01000091.1	1	855	10807	VFG020041(gb|WP_003159842)	855	1	1440	99.298	855	6	0	0.0	1546	VFG020041(gb|WP_003159842) (aprA) alkaline metalloproteinase precursor [Alkaline protease (VF0090) - Exoenzyme (VFC0251)] [Pseudomonas aeruginosa LESB58]
AFNF01000091.1	1	855	10807	VFG015561(gb|WP_003086731)	855	1	1440	98.830	855	10	0	0.0	1524	VFG015561(gb|WP_003086731) (aprA) alkaline metalloproteinase precursor [Alkaline protease (VF0090) - Exoenzyme (VFC0251)] [Pseudomonas aeruginosa UCBPP-PA14]
AFNF01000091.1	3	855	10807	VFG015560(gb|WP_012076619)	853	1	1440	93.669	853	54	0	0.0	1277	VFG015560(gb|WP_012076619) (aprA) alkaline metalloproteinase precursor [Alkaline protease (VF0090) - Exoenzyme (VFC0251)] [Pseudomonas aeruginosa PA7]
AFNF01000101.1	7214	9922	10381	VFG020018(gb|WP_012613439)	1	2709	2709	99.779	2709	6	0	0.0	4970	VFG020018(gb|WP_012613439) (clpV1) type VI secretion system AAA+ family ATPase [HSI-1 (VF0334) - Effector delivery system (VFC0086)] [Pseudomonas aeruginosa LESB58]
AFNF01000101.1	7214	9922	10381	VFG002076(gb|NP_248780)	1	2709	2709	99.631	2709	10	0	0.0	4948	VFG002076(gb|NP_248780) (clpV1) type VI secretion system AAA+ family ATPase [HSI-1 (VF0334) - Effector delivery system (VFC0086)] [Pseudomonas aeruginosa PAO1]
AFNF01000101.1	7214	9922	10381	VFG015492(gb|WP_003136970)	1	2709	2709	99.557	2709	12	0	0.0	4937	VFG015492(gb|WP_003136970) (clpV1) type VI secretion system AAA+ family ATPase [HSI-1 (VF0334) - Effector delivery system (VFC0086)] [Pseudomonas aeruginosa UCBPP-PA14]
AFNF01000101.1	7214	9922	10381	VFG015491(gb|WP_011979138)	1	2709	2709	97.638	2709	64	0	0.0	4649	VFG015491(gb|WP_011979138) (clpV1) type VI secretion system AAA+ family ATPase [HSI-1 (VF0334) - Effector delivery system (VFC0086)] [Pseudomonas aeruginosa PA7]
AFNF01000101.1	4352	6211	10381	VFG020014(gb|WP_003083676)	1	1860	1860	99.785	1860	4	0	0.0	3413	VFG020014(gb|WP_003083676) (hsiG1/tssF) type VI secretion system hcp secretion island protein HsiG1 [HSI-1 (VF0334) - Effector delivery system (VFC0086)] [Pseudomonas aeruginosa LESB58]
AFNF01000101.1	4352	6211	10381	VFG002074(gb|NP_248778)	1	1860	1860	99.785	1860	4	0	0.0	3413	VFG002074(gb|NP_248778) (hsiG1/tssF) type VI secretion system hcp secretion island protein HsiG1 [HSI-1 (VF0334) - Effector delivery system (VFC0086)] [Pseudomonas aeruginosa PAO1]
AFNF01000101.1	4352	6211	10381	VFG015474(gb|WP_003083676)	1	1860	1860	99.247	1860	14	0	0.0	3358	VFG015474(gb|WP_003083676) (hsiG1/tssF) type VI secretion system hcp secretion island protein HsiG1 [HSI-1 (VF0334) - Effector delivery system (VFC0086)] [Pseudomonas aeruginosa UCBPP-PA14]
AFNF01000101.1	4352	6211	10381	VFG015473(gb|WP_011979136)	1	1860	1860	96.559	1860	64	0	0.0	3081	VFG015473(gb|WP_011979136) (hsiG1/tssF) type VI secretion system hcp secretion island protein HsiG1 [HSI-1 (VF0334) - Effector delivery system (VFC0086)] [Pseudomonas aeruginosa PA7]
AFNF01000101.1	7214	9908	10381	VFG015498(gb|WP_012018669)	1	2695	2703	87.067	2714	313	36	0.0	3033	VFG015498(gb|WP_012018669) (clpV1) type VI secretion system AAA+ family ATPase [HSI-1 (VF0334) - Effector delivery system (VFC0086)] [Pseudomonas mendocina ymp]
AFNF01000101.1	771	2267	10381	VFG020007(gb|WP_003104973)	1	1497	1497	100.000	1497	0	0	0.0	2765	VFG020007(gb|WP_003104973) (hsiC1/vipB/tssC) type VI secretion system tubule-forming protein VipB [HSI-1 (VF0334) - Effector delivery system (VFC0086)] [Pseudomonas aeruginosa LESB58]
AFNF01000107.1	6852	9788	10188	VFG043810(gb|NP_253231)	1318	4254	4254	98.945	2937	31	0	0.0	5252	VFG043810(gb|NP_253231) (PA4541) hypothetical protein [LepA (VF0946) - Exoenzyme (VFC0251)] [Pseudomonas aeruginosa PAO1]
AFNF01000107.1	5643	7209	10188	VFG043810(gb|NP_253231)	1	1567	4254	95.855	1568	63	2	0.0	2534	VFG043810(gb|NP_253231) (PA4541) hypothetical protein [LepA (VF0946) - Exoenzyme (VFC0251)] [Pseudomonas aeruginosa PAO1]
AFNF01000107.1	6927	7171	10188	VFG043810(gb|NP_253231)	1231	1475	4254	87.755	245	30	0	1.50e-75	287	VFG043810(gb|NP_253231) (PA4541) hypothetical protein [LepA (VF0946) - Exoenzyme (VFC0251)] [Pseudomonas aeruginosa PAO1]
AFNF01000107.1	6873	7009	10188	VFG043810(gb|NP_253231)	1501	1637	4254	89.051	137	15	0	1.58e-40	171	VFG043810(gb|NP_253231) (PA4541) hypothetical protein [LepA (VF0946) - Exoenzyme (VFC0251)] [Pseudomonas aeruginosa PAO1]
AFNF01000110.1	7479	9951	9951	VFG019753(gb|WP_003123397)	3492	1020	3492	99.960	2473	1	0	0.0	4562	VFG019753(gb|WP_003123397) (pilY1) type 4 fimbrial biogenesis protein PilY1 [Type IV pili (VF0082) - Adherence (VFC0001)] [Pseudomonas aeruginosa LESB58]
AFNF01000110.1	7479	9951	9951	VFG001210(gb|NP_253244)	3486	1014	3486	97.736	2473	56	0	0.0	4257	VFG001210(gb|NP_253244) (pilY1) type 4 fimbrial biogenesis protein PilY1 [Type IV pili (VF0082) - Adherence (VFC0001)] [Pseudomonas aeruginosa PAO1]
AFNF01000110.1	7479	9950	9951	VFG013936(gb|WP_012077311)	3468	1015	3468	87.409	2478	282	16	0.0	2820	VFG013936(gb|WP_012077311) (pilY1) type 4 fimbrial biogenesis protein PilY1 [Type IV pili (VF0082) - Adherence (VFC0001)] [Pseudomonas aeruginosa PA7]
AFNF01000110.1	6708	7133	9951	VFG019733(gb|WP_003094721)	426	1	426	100.000	426	0	0	0.0	787	VFG019733(gb|WP_003094721) (pilE) type 4 fimbrial biogenesis protein PilE [Type IV pili (VF0082) - Adherence (VFC0001)] [Pseudomonas aeruginosa LESB58]
AFNF01000110.1	6708	7133	9951	VFG001212(gb|NP_253246)	426	1	426	99.531	426	2	0	0.0	776	VFG001212(gb|NP_253246) (pilE) type 4 fimbrial biogenesis protein PilE [Type IV pili (VF0082) - Adherence (VFC0001)] [Pseudomonas aeruginosa PAO1]
AFNF01000110.1	7130	7477	9951	VFG001211(gb|NP_253245)	348	1	348	100.000	348	0	0	0.0	643	VFG001211(gb|NP_253245) (pilY2) type 4 fimbrial biogenesis protein PilY2 [Type IV pili (VF0082) - Adherence (VFC0001)] [Pseudomonas aeruginosa PAO1]
AFNF01000110.1	7130	7477	9951	VFG019754(gb|WP_012614546)	348	1	348	99.425	348	2	0	1.64e-179	632	VFG019754(gb|WP_012614546) (pilY2) type 4 fimbrial biogenesis protein PilY2 [Type IV pili (VF0082) - Adherence (VFC0001)] [Pseudomonas aeruginosa LESB58]
AFNF01000110.1	6708	7133	9951	VFG013809(gb|WP_003150015)	426	1	426	93.427	426	28	0	1.64e-179	632	VFG013809(gb|WP_003150015) (pilE) type 4 fimbrial biogenesis protein PilE [Type IV pili (VF0082) - Adherence (VFC0001)] [Pseudomonas aeruginosa PA7]
AFNF01000110.1	7130	7477	9951	VFG013946(gb|WP_012077312)	348	1	348	88.252	349	39	2	1.79e-114	416	VFG013946(gb|WP_012077312) (pilY2) type 4 fimbrial biogenesis protein PilY2 [Type IV pili (VF0082) - Adherence (VFC0001)] [Pseudomonas aeruginosa PA7]
AFNF01000111.1	1291	1353	9909	VFG038765	702	640	1409	85.938	64	7	2	2.07e-09	67.6	VFG038765 (flrA) FleQ protein [Polar flagella (VF0473) - Motility (VFC0204)] [Aeromonas salmonicida subsp. salmonicida A449]
AFNF01000112.1	2471	6004	9882	VFG015404(gb|WP_003111851)	3534	1	3534	99.802	3534	7	0	0.0	6488	VFG015404(gb|WP_003111851) (icmF1/tssM1) type VI secretion system protein IcmF1 [HSI-1 (VF0334) - Effector delivery system (VFC0086)] [Pseudomonas aeruginosa UCBPP-PA14]
AFNF01000112.1	2471	6004	9882	VFG019993(gb|WP_024082388)	3531	1	3531	98.896	3534	36	1	0.0	6307	VFG019993(gb|WP_024082388) (icmF1/tssM1) type VI secretion system protein IcmF1 [HSI-1 (VF0334) - Effector delivery system (VFC0086)] [Pseudomonas aeruginosa LESB58]
AFNF01000112.1	2471	6004	9882	VFG015403(gb|WP_011979127)	3531	1	3531	97.227	3534	95	1	0.0	5980	VFG015403(gb|WP_011979127) (icmF1/tssM1) type VI secretion system protein IcmF1 [HSI-1 (VF0334) - Effector delivery system (VFC0086)] [Pseudomonas aeruginosa PA7]
AFNF01000112.1	2471	5779	9882	VFG002063(gb|NP_248767)	3306	1	3306	98.972	3309	31	1	0.0	5919	VFG002063(gb|NP_248767) (icmF1/tssM1) type VI secretion system protein IcmF1 [HSI-1 (VF0334) - Effector delivery system (VFC0086)] [Pseudomonas aeruginosa PAO1]
AFNF01000112.1	2478	6000	9882	VFG015410(gb|WP_012018659)	3509	4	3516	81.757	3541	593	47	0.0	2911	VFG015410(gb|WP_012018659) (icmF1/tssM1) type VI secretion system protein IcmF1 [HSI-1 (VF0334) - Effector delivery system (VFC0086)] [Pseudomonas mendocina ymp]
AFNF01000112.1	6001	7350	9882	VFG002064(gb|NP_248768)	1350	1	1350	99.778	1350	3	0	0.0	2477	VFG002064(gb|NP_248768) (dotU1) type VI secretion system protein DotU [HSI-1 (VF0334) - Effector delivery system (VFC0086)] [Pseudomonas aeruginosa PAO1]
AFNF01000112.1	6001	7350	9882	VFG019995(gb|WP_012613437)	1350	1	1350	99.556	1350	6	0	0.0	2460	VFG019995(gb|WP_012613437) (dotU1) type VI secretion system protein DotU [HSI-1 (VF0334) - Effector delivery system (VFC0086)] [Pseudomonas aeruginosa LESB58]
AFNF01000112.1	6001	7350	9882	VFG015413(gb|WP_003115051)	1350	1	1350	99.556	1350	6	0	0.0	2460	VFG015413(gb|WP_003115051) (dotU1) type VI secretion system protein DotU [HSI-1 (VF0334) - Effector delivery system (VFC0086)] [Pseudomonas aeruginosa UCBPP-PA14]
AFNF01000112.1	7357	8691	9882	VFG019997(gb|WP_003115052)	1335	1	1335	99.700	1335	4	0	0.0	2444	VFG019997(gb|WP_003115052) (hsiJ1) type VI secretion system hcp secretion island protein HsiJ1 [HSI-1 (VF0334) - Effector delivery system (VFC0086)] [Pseudomonas aeruginosa LESB58]
AFNF01000112.1	7357	8691	9882	VFG015418(gb|WP_003115052)	1335	1	1335	99.551	1335	6	0	0.0	2433	VFG015418(gb|WP_003115052) (hsiJ1) type VI secretion system hcp secretion island protein HsiJ1 [HSI-1 (VF0334) - Effector delivery system (VFC0086)] [Pseudomonas aeruginosa UCBPP-PA14]
AFNF01000113.1	9155	9724	9874	VFG042703(gb|NP_252775)	1	570	570	97.544	570	14	0	0.0	976	VFG042703(gb|NP_252775) (cupB1) fimbrial subunit CupB1 [CupB fimbriae (VF0925) - Biofilm (VFC0271)] [Pseudomonas aeruginosa PAO1]
AFNF01000113.1	9755	9874	9874	VFG042702(gb|NP_252774)	1	120	747	100.000	120	0	0	4.17e-56	222	VFG042702(gb|NP_252774) (cupB2) chaperone CupB2 [CupB fimbriae (VF0925) - Biofilm (VFC0271)] [Pseudomonas aeruginosa PAO1]
AFNF01000116.1	314	438	9730	VFG011123(gb|WP_010926708)	2234	2109	3717	80.469	128	20	5	3.36e-17	93.5	VFG011123(gb|WP_010926708) (bvgS) virulence factors two-component system sensor histidine kinase BvgS [BvgAS (VF0336) - Regulation (VFC0301)] [Bordetella bronchiseptica RB50]
AFNF01000116.1	314	438	9730	VFG011122(gb|WP_010928858)	2234	2109	3717	80.469	128	20	5	3.36e-17	93.5	VFG011122(gb|WP_010928858) (bvgS) virulence factors two-component system sensor histidine kinase BvgS [BvgAS (VF0336) - Regulation (VFC0301)] [Bordetella parapertussis 12822]
AFNF01000116.1	314	432	9730	VFG002045(gb|WP_010930608)	2234	2116	3717	80.992	121	19	4	3.36e-17	93.5	VFG002045(gb|WP_010930608) (bvgS) virulence factors two-component system sensor histidine kinase BvgS [BvgAS (VF0336) - Regulation (VFC0301)] [Bordetella pertussis Tohama I]
AFNF01000125.1	5798	8473	9422	VFG044093(gb|NP_252098)	2676	1	2676	99.626	2676	10	0	0.0	4887	VFG044093(gb|NP_252098) (hasR) heme uptake outer membrane receptor HasR [HasA-type hemophore-mediated heme uptake system (VF0939) - Nutritional/Metabolic factor (VFC0272)] [Pseudomonas aeruginosa PAO1]
AFNF01000125.1	3087	4877	9422	VFG044091(gb|NP_252096)	1803	1	1803	98.225	1803	20	1	0.0	3142	VFG044091(gb|NP_252096) (hasD) transporter HasD [HasA-type hemophore-mediated heme uptake system (VF0939) - Nutritional/Metabolic factor (VFC0272)] [Pseudomonas aeruginosa PAO1]
AFNF01000125.1	407	1762	9422	VFG044089(gb|NP_252094)	1356	1	1356	99.853	1356	2	0	0.0	2494	VFG044089(gb|NP_252094) (PA3404) hypothetical protein [HasA-type hemophore-mediated heme uptake system (VF0939) - Nutritional/Metabolic factor (VFC0272)] [Pseudomonas aeruginosa PAO1]
AFNF01000125.1	1759	3090	9422	VFG044090(gb|NP_252095)	1332	1	1332	100.000	1332	0	0	0.0	2460	VFG044090(gb|NP_252095) (hasE) metalloprotease secretion protein [HasA-type hemophore-mediated heme uptake system (VF0939) - Nutritional/Metabolic factor (VFC0272)] [Pseudomonas aeruginosa PAO1]
AFNF01000125.1	5798	8039	9422	VFG044155(gb|WP_011063601)	2706	447	2706	82.400	2267	367	24	0.0	1947	VFG044155(gb|WP_011063601) (PFL_RS27290) TonB-dependent receptor [HasA-type hemophore-mediated heme uptake system (VF0940) - Nutritional/Metabolic factor (VFC0272)] [Pseudomonas fluorescens Pf-5]
AFNF01000125.1	8683	9422	9422	VFG044094(gb|NP_252099)	987	248	987	99.459	740	4	0	0.0	1345	VFG044094(gb|NP_252099) (PA3409) transmembrane sensor [HasA-type hemophore-mediated heme uptake system (VF0939) - Nutritional/Metabolic factor (VFC0272)] [Pseudomonas aeruginosa PAO1]
AFNF01000125.1	5095	5712	9422	VFG044092(gb|NP_252097)	618	1	618	99.676	618	2	0	0.0	1131	VFG044092(gb|NP_252097) (hasAp) heme acquisition protein HasA [HasA-type hemophore-mediated heme uptake system (VF0939) - Nutritional/Metabolic factor (VFC0272)] [Pseudomonas aeruginosa PAO1]
AFNF01000128.1	1	640	9345	VFG051504(gb|WP_003097814.1)	640	1	1557	99.688	640	2	0	0.0	1171	VFG051504(gb|WP_003097814.1) (tssA) type VI secretion system protein TssA [HSI-2 (VF0943) - Effector delivery system (VFC0086)] [Pseudomonas aeruginosa LESB58]
AFNF01000128.1	1	640	9345	VFG051507(gb|WP_003140090.1)	640	1	1557	99.531	640	3	0	0.0	1166	VFG051507(gb|WP_003140090.1) (tssA) type VI secretion system protein TssA [HSI-2 (VF0943) - Effector delivery system (VFC0086)] [Pseudomonas aeruginosa UCBPP-PA14]
AFNF01000128.1	1	640	9345	VFG041014(gb|NP_250347)	640	1	1557	99.531	640	3	0	0.0	1166	VFG041014(gb|NP_250347) (tssA) type VI secretion system protein TssA [HSI-2 (VF0943) - Effector delivery system (VFC0086)] [Pseudomonas aeruginosa PAO1]
AFNF01000128.1	6	640	9345	VFG051505(gb|WP_012076244.1)	635	1	1557	83.937	635	102	0	2.59e-172	608	VFG051505(gb|WP_012076244.1) (tssA) type VI secretion system protein TssA [HSI-2 (VF0943) - Effector delivery system (VFC0086)] [Pseudomonas aeruginosa PA7]
AFNF01000132.1	474	4427	9200	VFG051484(gb|NP_251374.1)	1	3954	3954	99.848	3954	6	0	0.0	7269	VFG051484(gb|NP_251374.1) (tse5/rhsP1) Toxin protein Tse5  [HSI-1 T6SS secreted effectors (VF1194) - Effector delivery system (VFC0086)] [Pseudomonas aeruginosa PAO1]
AFNF01000132.1	474	4427	9200	VFG051833(gb|WP_003138894.1)	1	3954	3954	99.747	3954	10	0	0.0	7247	VFG051833(gb|WP_003138894.1) (tse5/rhsP1) Toxin protein Tse5  [HSI-1 T6SS secreted effectors (VF1194) - Effector delivery system (VFC0086)] [Pseudomonas aeruginosa UCBPP-PA14]
AFNF01000132.1	474	4427	9200	VFG051830(gb|WP_012613984.1)	1	3954	3954	99.722	3954	11	0	0.0	7241	VFG051830(gb|WP_012613984.1) (tse5/rhsP1) Toxin protein Tse5  [HSI-1 T6SS secreted effectors (VF1194) - Effector delivery system (VFC0086)] [Pseudomonas aeruginosa LESB58]
AFNF01000132.1	474	4427	9200	VFG051831(gb|WP_012076472.1)	1	3960	3960	88.192	3972	439	26	0.0	4710	VFG051831(gb|WP_012076472.1) (tse5/rhsP1) Toxin protein Tse5  [HSI-1 T6SS secreted effectors (VF1194) - Effector delivery system (VFC0086)] [Pseudomonas aeruginosa PA7]
AFNF01000133.1	3699	3737	9189	VFG038916(gb|WP_011705263)	1764	1802	2088	100.000	39	0	0	4.13e-11	73.1	VFG038916(gb|WP_011705263) (rtxB) RTX toxin transporter, ATPase protein [RtxA (VF0482) - Exotoxin (VFC0235)] [Aeromonas hydrophila subsp. hydrophila ATCC 7966]
AFNF01000133.1	3700	3744	9189	VFG044091(gb|NP_252096)	1405	1449	1803	88.889	45	5	0	4.16e-06	56.5	VFG044091(gb|NP_252096) (hasD) transporter HasD [HasA-type hemophore-mediated heme uptake system (VF0939) - Nutritional/Metabolic factor (VFC0272)] [Pseudomonas aeruginosa PAO1]
AFNF01000134.1	1	1197	9174	VFG000157(gb|NP_249535)	997	2193	2193	99.749	1197	3	0	0.0	2194	VFG000157(gb|NP_249535) (plcH) hemolytic phospholipase C precursor [PLC (VF0092) - Exotoxin (VFC0235)] [Pseudomonas aeruginosa PAO1]
AFNF01000134.1	1	1197	9174	VFG020044(gb|WP_012614438)	997	2193	2193	99.666	1197	4	0	0.0	2189	VFG020044(gb|WP_012614438) (plcH) hemolytic phospholipase C precursor [PLC (VF0092) - Exotoxin (VFC0235)] [Pseudomonas aeruginosa LESB58]
AFNF01000134.1	1	1197	9174	VFG015851(gb|WP_003140852)	997	2193	2193	99.499	1197	6	0	0.0	2178	VFG015851(gb|WP_003140852) (plcH) hemolytic phospholipase C precursor [PLC (VF0092) - Exotoxin (VFC0235)] [Pseudomonas aeruginosa UCBPP-PA14]
AFNF01000134.1	1	1197	9174	VFG015850(gb|WP_012076980)	997	2193	2193	94.820	1197	62	0	0.0	1868	VFG015850(gb|WP_012076980) (plcH) hemolytic phospholipase C precursor [PLC (VF0092) - Exotoxin (VFC0235)] [Pseudomonas aeruginosa PA7]
AFNF01000136.1	6627	8771	9174	VFG019743(gb|WP_012614629)	1	2145	2145	100.000	2145	0	0	0.0	3962	VFG019743(gb|WP_012614629) (pilQ) type 4 fimbrial biogenesis protein PilQ [Type IV pili (VF0082) - Adherence (VFC0001)] [Pseudomonas aeruginosa LESB58]
AFNF01000136.1	6627	8771	9174	VFG001218(gb|NP_253727)	1	2145	2145	97.529	2145	53	0	0.0	3668	VFG001218(gb|NP_253727) (pilQ) type 4 fimbrial biogenesis protein PilQ [Type IV pili (VF0082) - Adherence (VFC0001)] [Pseudomonas aeruginosa PAO1]
AFNF01000136.1	6627	8771	9174	VFG013884(gb|WP_012077720)	1	2145	2145	91.985	2146	170	2	0.0	3009	VFG013884(gb|WP_012077720) (pilQ) type 4 fimbrial biogenesis protein PilQ [Type IV pili (VF0082) - Adherence (VFC0001)] [Pseudomonas aeruginosa PA7]
AFNF01000136.1	6627	8771	9174	VFG013885(gb|WP_003141780)	1	2133	2133	90.816	2145	185	10	0.0	2859	VFG013885(gb|WP_003141780) (pilQ) type 4 fimbrial biogenesis protein PilQ [Type IV pili (VF0082) - Adherence (VFC0001)] [Pseudomonas aeruginosa UCBPP-PA14]
AFNF01000136.1	3772	4836	9174	VFG013836(gb|WP_003110888)	1	1065	1065	99.812	1065	2	0	0.0	1956	VFG013836(gb|WP_003110888) (pilM) type IV pilus inner membrane platform protein PilM [Type IV pili (VF0082) - Adherence (VFC0001)] [Pseudomonas aeruginosa UCBPP-PA14]
AFNF01000136.1	3772	4836	9174	VFG001222(gb|NP_253731)	1	1065	1065	99.812	1065	2	0	0.0	1956	VFG001222(gb|NP_253731) (pilM) type IV pilus inner membrane platform protein PilM [Type IV pili (VF0082) - Adherence (VFC0001)] [Pseudomonas aeruginosa PAO1]
AFNF01000136.1	3772	4836	9174	VFG019737(gb|WP_003110888)	1	1065	1065	99.718	1065	3	0	0.0	1951	VFG019737(gb|WP_003110888) (pilM) type IV pilus inner membrane platform protein PilM [Type IV pili (VF0082) - Adherence (VFC0001)] [Pseudomonas aeruginosa LESB58]
AFNF01000136.1	3772	4836	9174	VFG013835(gb|WP_003110888)	1	1065	1065	96.338	1065	39	0	0.0	1751	VFG013835(gb|WP_003110888) (pilM) type IV pilus inner membrane platform protein PilM [Type IV pili (VF0082) - Adherence (VFC0001)] [Pseudomonas aeruginosa PA7]
AFNF01000136.1	5429	6052	9174	VFG001220(gb|NP_253729)	1	624	624	100.000	624	0	0	0.0	1153	VFG001220(gb|NP_253729) (pilO) type IV pilus inner membrane platform protein PilO [Type IV pili (VF0082) - Adherence (VFC0001)] [Pseudomonas aeruginosa PAO1]
AFNF01000136.1	4836	5432	9174	VFG019738(gb|WP_003095839)	1	597	597	100.000	597	0	0	0.0	1103	VFG019738(gb|WP_003095839) (pilN) type IV pilus inner membrane platform protein PilN [Type IV pili (VF0082) - Adherence (VFC0001)] [Pseudomonas aeruginosa LESB58]
AFNF01000137.1	8270	9169	9169	VFG042736(gb|NP_253152)	1494	595	1494	99.556	900	4	0	0.0	1640	VFG042736(gb|NP_253152) (rpoN) RNA polymerase factor sigma-54 [Type IV pili (VF0082) - Adherence (VFC0001)] [Pseudomonas aeruginosa PAO1]
AFNF01000142.1	1	3514	8954	VFG020074(gb|WP_012614121)	3514	1	13029	99.829	3514	6	0	0.0	6457	VFG020074(gb|WP_012614121) (pvdL) peptide synthase PvdL [Pyoverdine (VF0094) - Nutritional/Metabolic factor (VFC0272)] [Pseudomonas aeruginosa LESB58]
AFNF01000142.1	1	3514	8954	VFG016058(gb|NP_251114)	3514	1	13029	99.715	3514	10	0	0.0	6434	VFG016058(gb|NP_251114) (pvdL) peptide synthase PvdL [Pyoverdine (VF0094) - Nutritional/Metabolic factor (VFC0272)] [Pseudomonas aeruginosa PAO1]
AFNF01000142.1	1	3514	8954	VFG016060(gb|WP_003139218)	3514	1	13029	98.919	3514	38	0	0.0	6279	VFG016060(gb|WP_003139218) (pvdL) peptide synthase PvdL [Pyoverdine (VF0094) - Nutritional/Metabolic factor (VFC0272)] [Pseudomonas aeruginosa UCBPP-PA14]
AFNF01000142.1	1	3514	8954	VFG016059(gb|WP_012075639)	3514	1	13029	95.340	3519	154	7	0.0	5581	VFG016059(gb|WP_012075639) (pvdL) peptide synthase PvdL [Pyoverdine (VF0094) - Nutritional/Metabolic factor (VFC0272)] [Pseudomonas aeruginosa PA7]
AFNF01000142.1	3587	4351	8954	VFG020076(gb|WP_003116905)	765	1	765	99.869	765	1	0	0.0	1408	VFG020076(gb|WP_003116905) (pvdG) pyoverdine biosynthesis protein PvdG [Pyoverdine (VF0094) - Nutritional/Metabolic factor (VFC0272)] [Pseudomonas aeruginosa LESB58]
AFNF01000142.1	3587	4351	8954	VFG016069(gb|NP_251115)	765	1	765	99.608	765	3	0	0.0	1397	VFG016069(gb|NP_251115) (pvdG) pyoverdine biosynthesis protein PvdG [Pyoverdine (VF0094) - Nutritional/Metabolic factor (VFC0272)] [Pseudomonas aeruginosa PAO1]
AFNF01000142.1	3587	4351	8954	VFG016071(gb|WP_003139216)	765	1	765	98.954	765	8	0	0.0	1369	VFG016071(gb|WP_003139216) (pvdG) pyoverdine biosynthesis protein PvdG [Pyoverdine (VF0094) - Nutritional/Metabolic factor (VFC0272)] [Pseudomonas aeruginosa UCBPP-PA14]
AFNF01000142.1	4995	5558	8954	VFG000162(gb|NP_251116)	1	564	564	100.000	564	0	0	0.0	1042	VFG000162(gb|NP_251116) (pvdS) extracytoplasmic-function sigma-70 factor  [Pyoverdine (VF0094) - Nutritional/Metabolic factor (VFC0272)] [Pseudomonas aeruginosa PAO1]
AFNF01000142.1	4995	5558	8954	VFG016077(gb|WP_003113068)	1	564	564	99.645	564	2	0	0.0	1031	VFG016077(gb|WP_003113068) (pvdS) extracytoplasmic-function sigma-70 factor  [Pyoverdine (VF0094) - Nutritional/Metabolic factor (VFC0272)] [Pseudomonas aeruginosa UCBPP-PA14]
AFNF01000142.1	5575	6042	8954	VFG016087(gb|NP_251117)	468	1	468	99.786	468	1	0	0.0	859	VFG016087(gb|NP_251117) (pvdY) hypothetical protein [Pyoverdine (VF0094) - Nutritional/Metabolic factor (VFC0272)] [Pseudomonas aeruginosa PAO1]
AFNF01000146.1	4149	5405	8781	VFG000145(gb|NP_250562)	1	1257	1257	99.920	1257	1	0	0.0	2316	VFG000145(gb|NP_250562) (lasA) LasA protease precursor [LasA (VF0088) - Effector delivery system (VFC0086)] [Pseudomonas aeruginosa PAO1]
AFNF01000146.1	4149	5405	8781	VFG020039(gb|WP_003120216)	1	1257	1257	99.284	1257	9	0	0.0	2272	VFG020039(gb|WP_003120216) (lasA) LasA protease precursor [LasB (VF0087) - Effector delivery system (VFC0086)] [Pseudomonas aeruginosa LESB58]
AFNF01000146.1	4149	5405	8781	VFG015555(gb|WP_003139897)	1	1257	1257	98.091	1257	24	0	0.0	2189	VFG015555(gb|WP_003139897) (lasA) LasA protease precursor [LasB (VF0087) - Effector delivery system (VFC0086)] [Pseudomonas aeruginosa UCBPP-PA14]
AFNF01000146.1	4149	5405	8781	VFG015554(gb|WP_012076121)	1	1257	1257	85.748	1263	168	11	0.0	1325	VFG015554(gb|WP_012076121) (lasA) LasA protease precursor [LasB (VF0087) - Effector delivery system (VFC0086)] [Pseudomonas aeruginosa PA7]
AFNF01000159.1	6569	6925	8424	VFG013948(gb|NP_251650)	357	1	357	100.000	357	0	0	0.0	660	VFG013948(gb|NP_251650) (pilZ) type 4 fimbrial biogenesis protein PilZ [Type IV pili (VF0082) - Adherence (VFC0001)] [Pseudomonas aeruginosa PAO1]
AFNF01000159.1	6569	6925	8424	VFG013950(gb|WP_003091119)	357	1	357	98.599	357	5	0	1.38e-179	632	VFG013950(gb|WP_003091119) (pilZ) PilZ domain-containing protein [Type IV pili (VF0082) - Adherence (VFC0001)] [Pseudomonas aeruginosa UCBPP-PA14]
AFNF01000159.1	6569	6925	8424	VFG013949(gb|WP_003091119)	357	1	357	98.599	357	5	0	1.38e-179	632	VFG013949(gb|WP_003091119) (pilZ) PilZ domain-containing protein [Type IV pili (VF0082) - Adherence (VFC0001)] [Pseudomonas aeruginosa PA7]
AFNF01000159.1	6569	6925	8424	VFG013954(gb|WP_003245164)	357	1	357	89.636	357	37	0	3.22e-126	455	VFG013954(gb|WP_003245164) (pilZ) PilZ domain-containing protein [Type IV pili (VF0082) - Adherence (VFC0001)] [Pseudomonas mendocina ymp]
AFNF01000159.1	6570	6904	8424	VFG013951(gb|WP_003381088)	356	22	357	85.970	335	47	0	2.60e-97	359	VFG013951(gb|WP_003381088) (pilZ) PilZ domain-containing protein [Type IV pili (VF0082) - Adherence (VFC0001)] [Pseudomonas syringae pv. tomato str. DC3000]
AFNF01000168.1	7489	8295	8295	VFG042695(gb|NP_250820)	1	806	2619	99.876	807	0	1	0.0	1483	VFG042695(gb|NP_250820) (cupA3) usher CupA3 [CupA fimbriae (VF0924) - Biofilm (VFC0271)] [Pseudomonas aeruginosa PAO1]
AFNF01000168.1	6759	7505	8295	VFG042694(gb|NP_250819)	1	747	747	100.000	747	0	0	0.0	1380	VFG042694(gb|NP_250819) (cupA2) chaperone CupA2 [CupA fimbriae (VF0924) - Biofilm (VFC0271)] [Pseudomonas aeruginosa PAO1]
AFNF01000168.1	6120	6671	8295	VFG042693(gb|NP_250818)	1	552	552	99.819	552	1	0	0.0	1014	VFG042693(gb|NP_250818) (cupA1) fimbrial subunit CupA1 [CupA fimbriae (VF0924) - Biofilm (VFC0271)] [Pseudomonas aeruginosa PAO1]
AFNF01000179.1	6666	8130	8130	VFG020045(gb|WP_012613840)	2079	615	2079	99.727	1465	4	0	0.0	2684	VFG020045(gb|WP_012613840) (plcN) phospholipase C, phosphocholine-specific [Non-hemolytic phospholipase C (VF0913) - Exotoxin (VFC0235)] [Pseudomonas aeruginosa LESB58]
AFNF01000179.1	6666	8130	8130	VFG015852(gb|NP_252009)	2079	615	2079	99.659	1465	5	0	0.0	2678	VFG015852(gb|NP_252009) (plcN) non-hemolytic phospholipase C [Non-hemolytic phospholipase C (VF0913) - Exotoxin (VFC0235)] [Pseudomonas aeruginosa PAO1]
AFNF01000179.1	6666	8130	8130	VFG015854(gb|WP_003138281)	2079	615	2079	99.317	1465	10	0	0.0	2651	VFG015854(gb|WP_003138281) (plcN) phospholipase C, phosphocholine-specific [Non-hemolytic phospholipase C (VF0913) - Exotoxin (VFC0235)] [Pseudomonas aeruginosa UCBPP-PA14]
AFNF01000179.1	6666	8130	8130	VFG015853(gb|WP_012074913)	2079	615	2079	96.928	1465	45	0	0.0	2457	VFG015853(gb|WP_012074913) (plcN) phospholipase C, phosphocholine-specific [Non-hemolytic phospholipase C (VF0913) - Exotoxin (VFC0235)] [Pseudomonas aeruginosa PA7]
AFNF01000183.1	4065	4997	8047	VFG043018(gb|NP_252039)	933	1	933	100.000	933	0	0	0.0	1724	VFG043018(gb|NP_252039) (PA3349) chemotaxis protein [Flagella (VF0273) - Motility (VFC0204)] [Pseudomonas aeruginosa PAO1]
AFNF01000183.1	3164	3988	8047	VFG043017(gb|NP_252038)	825	1	825	99.879	825	1	0	0.0	1519	VFG043017(gb|NP_252038) (PA3348) chemotaxis protein methyltransferase [Flagella (VF0273) - Motility (VFC0204)] [Pseudomonas aeruginosa PAO1]
AFNF01000183.1	5129	5827	8047	VFG019867(gb|WP_003098745)	1	699	699	99.714	699	2	0	0.0	1280	VFG019867(gb|WP_003098745) (flgA) flagellar basal body P-ring biosynthesis protein FlgA [Flagella (VF0273) - Motility (VFC0204)] [Pseudomonas aeruginosa LESB58]
AFNF01000183.1	5129	5827	8047	VFG014642(gb|NP_252040)	1	699	699	99.571	699	3	0	0.0	1275	VFG014642(gb|NP_252040) (flgA) flagellar basal body P-ring biosynthesis protein FlgA [Flagella (VF0273) - Motility (VFC0204)] [Pseudomonas aeruginosa PAO1]
AFNF01000183.1	5129	5827	8047	VFG014644(gb|WP_003091731)	1	699	699	97.854	699	15	0	0.0	1208	VFG014644(gb|WP_003091731) (flgA) flagellar basal body P-ring biosynthesis protein FlgA [Flagella (VF0273) - Motility (VFC0204)] [Pseudomonas aeruginosa UCBPP-PA14]
AFNF01000183.1	5129	5827	8047	VFG014643(gb|WP_003151924)	1	699	699	91.273	699	61	0	0.0	953	VFG014643(gb|WP_003151924) (flgA) flagellar basal body P-ring biosynthesis protein FlgA [Flagella (VF0273) - Motility (VFC0204)] [Pseudomonas aeruginosa PA7]
AFNF01000183.1	6350	6820	8047	VFG019871(gb|WP_003091733)	1	471	471	100.000	471	0	0	0.0	870	VFG019871(gb|WP_003091733) (flgN) flagella synthesis protein FlgN [Flagella (VF0273) - Motility (VFC0204)] [Pseudomonas aeruginosa LESB58]
AFNF01000183.1	6350	6820	8047	VFG014668(gb|NP_252042)	1	471	471	99.575	471	2	0	0.0	859	VFG014668(gb|NP_252042) (flgN) flagella synthesis protein FlgN [Flagella (VF0273) - Motility (VFC0204)] [Pseudomonas aeruginosa PAO1]
AFNF01000183.1	6350	6820	8047	VFG014670(gb|WP_003091733)	1	471	471	99.151	471	4	0	0.0	848	VFG014670(gb|WP_003091733) (flgN) flagella synthesis protein FlgN [Flagella (VF0273) - Motility (VFC0204)] [Pseudomonas aeruginosa UCBPP-PA14]
AFNF01000183.1	5972	6295	8047	VFG019869(gb|WP_003098742)	1	324	324	100.000	324	0	0	1.34e-169	599	VFG019869(gb|WP_003098742) (flgM) negative regulator of flagellin synthesis [Flagella (VF0273) - Motility (VFC0204)] [Pseudomonas aeruginosa LESB58]
AFNF01000191.1	4432	6843	7907	VFG040877(gb|NP_249376)	1	2412	2412	99.627	2412	9	0	0.0	4405	VFG040877(gb|NP_249376) (PA0685) type II secretion system protein [Hxc (VF0945) - Effector delivery system (VFC0086)] [Pseudomonas aeruginosa PAO1]
AFNF01000191.1	2700	3855	7907	VFG040875(gb|NP_249374)	1	1146	1146	98.183	1156	11	2	0.0	2010	VFG040875(gb|NP_249374) (PA0683) type II secretion system protein [Hxc (VF0945) - Effector delivery system (VFC0086)] [Pseudomonas aeruginosa PAO1]
AFNF01000191.1	6840	7907	7907	VFG040878(gb|NP_249377)	1	1068	1410	100.000	1068	0	0	0.0	1973	VFG040878(gb|NP_249377) (PA0686) type II secretion system protein HxcR [Hxc (VF0945) - Effector delivery system (VFC0086)] [Pseudomonas aeruginosa PAO1]
AFNF01000191.1	1673	2638	7907	VFG040874(gb|NP_249373)	1	966	966	98.965	966	10	0	0.0	1729	VFG040874(gb|NP_249373) (PA0682) HxcX atypical pseudopilin [Hxc (VF0945) - Effector delivery system (VFC0086)] [Pseudomonas aeruginosa PAO1]
AFNF01000191.1	3842	4435	7907	VFG040876(gb|NP_249375)	1	594	594	99.832	594	1	0	0.0	1092	VFG040876(gb|NP_249375) (PA0684) type II secretion system protein [Hxc (VF0945) - Effector delivery system (VFC0086)] [Pseudomonas aeruginosa PAO1]
AFNF01000191.1	1216	1665	7907	VFG040873(gb|NP_249372)	1	450	450	99.556	450	2	0	0.0	821	VFG040873(gb|NP_249372) (PA0681) HxcT pseudopilin [Hxc (VF0945) - Effector delivery system (VFC0086)] [Pseudomonas aeruginosa PAO1]
AFNF01000191.1	174	605	7907	VFG040871(gb|NP_249370)	1	432	432	99.074	432	4	0	0.0	776	VFG040871(gb|NP_249370) (PA0679) hypothetical protein [Hxc (VF0945) - Effector delivery system (VFC0086)] [Pseudomonas aeruginosa PAO1]
AFNF01000191.1	7040	7907	7907	VFG040983(gb|WP_028853770)	267	1134	1557	81.714	875	146	14	0.0	717	VFG040983(gb|WP_028853770) (gspE) type II secretion system ATPase GspE [Gsp (VF1296) - Effector delivery system (VFC0086)] [Ralstonia solanacearum GMI1000]
AFNF01000191.1	608	982	7907	VFG040872(gb|NP_249371)	375	1	375	99.467	375	2	0	0.0	682	VFG040872(gb|NP_249371) (PA0680) HxcV pseudopilin [Hxc (VF0945) - Effector delivery system (VFC0086)] [Pseudomonas aeruginosa PAO1]
AFNF01000192.1	198	1868	7900	VFG042744(gb|NP_252987)	1671	1	1671	99.461	1671	9	0	0.0	3037	VFG042744(gb|NP_252987) (tadG) hypothetical protein [Type IV pili (VF0928) - Adherence (VFC0001)] [Pseudomonas aeruginosa PAO1]
AFNF01000192.1	4736	6001	7900	VFG042749(gb|NP_252992)	1266	1	1266	99.447	1266	7	0	0.0	2300	VFG042749(gb|NP_252992) (tadA) ATPase TadA [Type IV pili (VF0928) - Adherence (VFC0001)] [Pseudomonas aeruginosa PAO1]
AFNF01000192.1	5998	7182	7900	VFG042750(gb|NP_252993)	1185	1	1185	99.831	1185	2	0	0.0	2178	VFG042750(gb|NP_252993) (tadZ) hypothetical protein [Type IV pili (VF0928) - Adherence (VFC0001)] [Pseudomonas aeruginosa PAO1]
AFNF01000192.1	2934	3845	7900	VFG042747(gb|NP_252990)	912	1	912	99.890	912	1	0	0.0	1679	VFG042747(gb|NP_252990) (tadC) type II secretion system protein TadC [Type IV pili (VF0928) - Adherence (VFC0001)] [Pseudomonas aeruginosa PAO1]
AFNF01000192.1	3855	4739	7900	VFG042748(gb|NP_252991)	885	1	885	99.774	885	2	0	0.0	1624	VFG042748(gb|NP_252991) (tadB) type II secretion system protein TadB [Type IV pili (VF0928) - Adherence (VFC0001)] [Pseudomonas aeruginosa PAO1]
AFNF01000192.1	2200	2937	7900	VFG042746(gb|NP_252989)	738	1	738	99.729	738	2	0	0.0	1352	VFG042746(gb|NP_252989) (tadD) type II secretion system protein TadD [Type IV pili (VF0928) - Adherence (VFC0001)] [Pseudomonas aeruginosa PAO1]
AFNF01000192.1	7192	7900	7900	VFG042751(gb|NP_252994)	1251	543	1251	99.577	709	3	0	0.0	1293	VFG042751(gb|NP_252994) (rcpA) type II/III secretion system protein [Type IV pili (VF0928) - Adherence (VFC0001)] [Pseudomonas aeruginosa PAO1]
AFNF01000192.1	1893	2177	7900	VFG042745(gb|NP_252988)	285	1	285	99.649	285	1	0	2.93e-146	521	VFG042745(gb|NP_252988) (PA4298) hypothetical protein [Type IV pili (VF0928) - Adherence (VFC0001)] [Pseudomonas aeruginosa PAO1]
AFNF01000192.1	1	172	7900	VFG042743(gb|NP_252986)	657	828	828	97.674	172	4	0	1.93e-78	296	VFG042743(gb|NP_252986) (pprB) two-component response regulator PprB [Type IV pili (VF0928) - Adherence (VFC0001)] [Pseudomonas aeruginosa PAO1]
AFNF01000196.1	787	823	7826	VFG038916(gb|WP_011705263)	1766	1802	2088	100.000	37	0	0	4.55e-10	69.4	VFG038916(gb|WP_011705263) (rtxB) RTX toxin transporter, ATPase protein [RtxA (VF0482) - Exotoxin (VFC0235)] [Aeromonas hydrophila subsp. hydrophila ATCC 7966]
AFNF01000196.1	852	882	7826	VFG044100(gb|NP_253394)	481	511	768	100.000	31	0	0	9.85e-07	58.4	VFG044100(gb|NP_253394) (PA4706) hemin importer ATP-binding subunit [Direct heme uptake system (VF0941) - Nutritional/Metabolic factor (VFC0272)] [Pseudomonas aeruginosa PAO1]
AFNF01000197.1	5769	6929	7820	VFG050294(gb|NP_248789)	1161	1	1161	100.000	1161	0	0	0.0	2145	VFG050294(gb|NP_248789) (tse7) type VI secretion exported 7, a DNase and PAAR protein [HSI-1 T6SS secreted effectors (VF1194) - Effector delivery system (VFC0086)] [Pseudomonas aeruginosa PAO1]
AFNF01000197.1	6520	6929	7820	VFG051825(gb|WP_003136992.1)	410	1	1092	99.268	410	3	0	0.0	741	VFG051825(gb|WP_003136992.1) (tse7) type VI secretion exported 7, a DNase and PAAR protein [HSI-1 T6SS secreted effectors (VF1194) - Effector delivery system (VFC0086)] [Pseudomonas aeruginosa UCBPP-PA14]
AFNF01000197.1	6542	6929	7820	VFG051823(gb|WP_011979148.1)	388	1	1164	90.488	389	35	2	1.75e-143	512	VFG051823(gb|WP_011979148.1) (tse7) type VI secretion exported 7, a DNase and PAAR protein [HSI-1 T6SS secreted effectors (VF1194) - Effector delivery system (VFC0086)] [Pseudomonas aeruginosa PA7]
AFNF01000203.1	3587	4936	7684	VFG000116(gb|NP_254170)	1	1350	1350	100.000	1350	0	0	0.0	2494	VFG000116(gb|NP_254170) (algB) two-component response regulator AlgB [Alginate (VF0091) - Biofilm (VFC0271)] [Pseudomonas aeruginosa PAO1]
AFNF01000209.1	7079	7627	7627	VFG000154(gb|NP_250123)	606	58	606	100.000	549	0	0	0.0	1014	VFG000154(gb|NP_250123) (lasI) autoinducer synthesis protein LasI [Quorum sensing (VF0093) - Biofilm (VFC0271)] [Pseudomonas aeruginosa PAO1]
AFNF01000209.1	7079	7627	7627	VFG015058(gb|WP_003083017)	606	58	606	99.818	549	1	0	0.0	1009	VFG015058(gb|WP_003083017) (lasI) autoinducer synthesis protein LasI [Quorum sensing (VF0093) - Biofilm (VFC0271)] [Pseudomonas aeruginosa UCBPP-PA14]
AFNF01000209.1	7079	7627	7627	VFG015057(gb|WP_003151020)	606	58	606	92.714	549	40	0	0.0	793	VFG015057(gb|WP_003151020) (lasI) autoinducer synthesis protein LasI [Quorum sensing (VF0093) - Biofilm (VFC0271)] [Pseudomonas aeruginosa PA7]
AFNF01000222.1	3826	5178	7438	VFG019924(gb|WP_012613725)	1353	1	1353	99.926	1353	1	0	0.0	2494	VFG019924(gb|WP_012613725) (mucP) metalloprotease protease [Alginate (VF0091) - Biofilm (VFC0271)] [Pseudomonas aeruginosa LESB58]
AFNF01000222.1	3826	5178	7438	VFG015000(gb|NP_252339)	1353	1	1353	99.778	1353	3	0	0.0	2483	VFG015000(gb|NP_252339) (mucP) metalloprotease protease [Alginate (VF0091) - Biofilm (VFC0271)] [Pseudomonas aeruginosa PAO1]
AFNF01000222.1	3826	5178	7438	VFG015002(gb|WP_003138017)	1353	1	1353	99.113	1353	12	0	0.0	2433	VFG015002(gb|WP_003138017) (mucP) metalloprotease protease [Alginate (VF0091) - Biofilm (VFC0271)] [Pseudomonas aeruginosa UCBPP-PA14]
AFNF01000222.1	3826	5178	7438	VFG015001(gb|WP_012074695)	1353	1	1353	97.191	1353	38	0	0.0	2289	VFG015001(gb|WP_012074695) (mucP) metalloprotease protease [Alginate (VF0091) - Biofilm (VFC0271)] [Pseudomonas aeruginosa PA7]
AFNF01000223.1	5523	5663	7434	VFG011119(gb|WP_010930609)	432	572	630	81.944	144	20	6	1.52e-24	117	VFG011119(gb|WP_010930609) (bvgA) virulence factors two-component system response regulator BvgA [BvgAS (VF0336) - Regulation (VFC0301)] [Bordetella bronchiseptica RB50]
AFNF01000223.1	5523	5663	7434	VFG011118(gb|WP_010930609)	432	572	630	81.944	144	20	6	1.52e-24	117	VFG011118(gb|WP_010930609) (bvgA) virulence factors two-component system response regulator BvgA [BvgAS (VF0336) - Regulation (VFC0301)] [Bordetella parapertussis 12822]
AFNF01000223.1	5523	5663	7434	VFG002044(gb|WP_010930609)	432	572	630	81.379	145	19	8	7.08e-23	111	VFG002044(gb|WP_010930609) (bvgA) virulence factors two-component system response regulator BvgA [BvgAS (VF0336) - Regulation (VFC0301)] [Bordetella pertussis Tohama I]
AFNF01000235.1	4657	6633	7177	VFG000184(gb|NP_251795)	1977	1	1977	99.848	1977	3	0	0.0	3635	VFG000184(gb|NP_251795) (xcpQ) general secretion pathway protein D [Xcp secretion system (VF0084) - Effector delivery system (VFC0086)] [Pseudomonas aeruginosa PAO1]
AFNF01000235.1	6638	7177	7177	VFG000183(gb|NP_251794)	708	169	708	100.000	540	0	0	0.0	998	VFG000183(gb|NP_251794) (xcpP) secretion protein XcpP [Xcp secretion system (VF0084) - Effector delivery system (VFC0086)] [Pseudomonas aeruginosa PAO1]
AFNF01000238.1	5634	5718	7141	VFG014357(gb|WP_003152329)	791	707	1473	84.706	85	13	0	4.12e-15	86.1	VFG014357(gb|WP_003152329) (fleQ) transcriptional regulator FleQ [Flagella (VF0273) - Motility (VFC0204)] [Pseudomonas aeruginosa PA7]
AFNF01000244.1	4090	5067	7040	VFG019933(gb|WP_003082283)	1	978	978	99.796	978	2	0	0.0	1796	VFG019933(gb|WP_003082283) (rhlC) rhamnosyltransferase 2 [Rhamnolipid (VF0089) - Immune modulation (VFC0258)] [Pseudomonas aeruginosa LESB58]
AFNF01000244.1	4090	5067	7040	VFG015046(gb|WP_003140566)	1	978	978	99.182	978	8	0	0.0	1762	VFG015046(gb|WP_003140566) (rhlC) rhamnosyltransferase 2 [Rhamnolipid (VF0089) - Immune modulation (VFC0258)] [Pseudomonas aeruginosa UCBPP-PA14]
AFNF01000244.1	4090	5067	7040	VFG015045(gb|NP_249821)	1	978	978	98.875	978	11	0	0.0	1746	VFG015045(gb|NP_249821) (rhlC) rhamnosyltransferase 2 [Rhamnolipid (VF0089) - Immune modulation (VFC0258)] [Pseudomonas aeruginosa PAO1]
AFNF01000246.1	5525	6994	6994	VFG001231(gb|NP_249104)	7419	5950	7419	99.660	1470	5	0	0.0	2687	VFG001231(gb|NP_249104) (chpA) still frameshift probable component of chemotactic signal transduction system [Type IV pili (VF0082) - Adherence (VFC0001)] [Pseudomonas aeruginosa PAO1]
AFNF01000246.1	5525	6994	6994	VFG019771(gb|WP_012613502)	7419	5950	7419	99.524	1470	7	0	0.0	2676	VFG019771(gb|WP_012613502) (chpA) still frameshift probable component of chemotactic signal transduction system [Type IV pili (VF0082) - Adherence (VFC0001)] [Pseudomonas aeruginosa LESB58]
AFNF01000246.1	5525	6994	6994	VFG014062(gb|WP_004365046)	7431	5962	7431	99.320	1470	10	0	0.0	2660	VFG014062(gb|WP_004365046) (chpA) still frameshift probable component of chemotactic signal transduction system [Type IV pili (VF0082) - Adherence (VFC0001)] [Pseudomonas aeruginosa UCBPP-PA14]
AFNF01000246.1	5525	6994	6994	VFG014061(gb|WP_012074001)	7377	5908	7377	96.667	1470	49	0	0.0	2444	VFG014061(gb|WP_012074001) (chpA) still frameshift probable component of chemotactic signal transduction system [Type IV pili (VF0082) - Adherence (VFC0001)] [Pseudomonas aeruginosa PA7]
AFNF01000246.1	4501	5532	6994	VFG001232(gb|NP_249105)	1032	1	1032	99.709	1032	3	0	0.0	1890	VFG001232(gb|NP_249105) (chpB) probable methylesterase [Type IV pili (VF0082) - Adherence (VFC0001)] [Pseudomonas aeruginosa PAO1]
AFNF01000246.1	4501	5532	6994	VFG019773(gb|WP_003084598)	1032	1	1032	99.419	1032	6	0	0.0	1873	VFG019773(gb|WP_003084598) (chpB) probable methylesterase [Type IV pili (VF0082) - Adherence (VFC0001)] [Pseudomonas aeruginosa LESB58]
AFNF01000246.1	4501	5532	6994	VFG014075(gb|WP_004365048)	1032	1	1032	99.128	1032	9	0	0.0	1857	VFG014075(gb|WP_004365048) (chpB) probable methylesterase [Type IV pili (VF0082) - Adherence (VFC0001)] [Pseudomonas aeruginosa UCBPP-PA14]
AFNF01000246.1	4501	5532	6994	VFG014074(gb|WP_012074002)	1032	1	1032	94.961	1032	52	0	0.0	1618	VFG014074(gb|WP_012074002) (chpB) probable methylesterase [Type IV pili (VF0082) - Adherence (VFC0001)] [Pseudomonas aeruginosa PA7]
AFNF01000246.1	3196	3990	6994	VFG019776(gb|WP_003117898)	795	1	795	99.874	795	1	0	0.0	1463	VFG019776(gb|WP_003117898) (chpD) probable transcriptional regulator [Type IV pili (VF0082) - Adherence (VFC0001)] [Pseudomonas aeruginosa LESB58]
AFNF01000246.1	3196	3990	6994	VFG001234(gb|NP_249107)	795	1	795	99.371	795	5	0	0.0	1441	VFG001234(gb|NP_249107) (chpD) probable transcriptional regulator [Type IV pili (VF0082) - Adherence (VFC0001)] [Pseudomonas aeruginosa PAO1]
AFNF01000247.1	6336	6463	6979	VFG025873(gb|WP_009967292)	819	692	948	82.812	128	22	0	5.13e-24	115	VFG025873(gb|WP_009967292) (cheR) chemotaxis protein methyltransferase [Flagella (VF0430) - Motility (VFC0204)] [Burkholderia pseudomallei 668]
AFNF01000247.1	6336	6463	6979	VFG025871(gb|WP_009932209)	819	692	948	82.812	128	22	0	5.13e-24	115	VFG025871(gb|WP_009932209) (cheR) chemotaxis protein methyltransferase [Flagella (VF0430) - Motility (VFC0204)] [Burkholderia pseudomallei 1106a]
AFNF01000247.1	6336	6463	6979	VFG025870	809	682	938	82.812	128	22	0	5.13e-24	115	VFG025870 (cheR) chemotaxis protein methyltransferase [Flagella (VF0430) - Motility (VFC0204)] [Burkholderia mallei SAVP1]
AFNF01000247.1	6336	6463	6979	VFG025867(gb|WP_011832274)	819	692	948	82.812	128	22	0	5.13e-24	115	VFG025867(gb|WP_011832274) (cheR) chemotaxis protein methyltransferase [Flagella (VF0430) - Motility (VFC0204)] [Burkholderia mallei ATCC 23344]
AFNF01000247.1	6336	6463	6979	VFG002528(gb|WP_004525698)	819	692	948	82.812	128	22	0	5.13e-24	115	VFG002528(gb|WP_004525698) (cheR) chemotaxis protein methyltransferase [Flagella (VF0430) - Motility (VFC0204)] [Burkholderia pseudomallei K96243]
AFNF01000247.1	6336	6463	6979	VFG025872(gb|WP_004525698)	819	692	948	82.031	128	23	0	2.39e-22	110	VFG025872(gb|WP_004525698) (cheR) chemotaxis protein methyltransferase [Flagella (VF0430) - Motility (VFC0204)] [Burkholderia pseudomallei 1710b]
AFNF01000247.1	6336	6463	6979	VFG025875(gb|WP_009906572)	819	692	948	81.250	128	24	0	1.11e-20	104	VFG025875(gb|WP_009906572) (cheR) chemotaxis protein methyltransferase [Flagella (VF0430) - Motility (VFC0204)] [Burkholderia thailandensis E264]
AFNF01000249.1	3309	4811	6965	VFG044081(gb|NP_250946)	1503	1	1503	99.401	1503	9	0	0.0	2726	VFG044081(gb|NP_250946) (pvcC) paerucumarin biosynthesis protein PvcC [Pyoverdine (VF0094) - Nutritional/Metabolic factor (VFC0272)] [Pseudomonas aeruginosa PAO1]
AFNF01000249.1	5756	6742	6965	VFG044079(gb|NP_250944)	987	1	987	99.696	987	3	0	0.0	1807	VFG044079(gb|NP_250944) (pvcA) paerucumarin biosynthesis protein PvcA [Pyoverdine (VF0094) - Nutritional/Metabolic factor (VFC0272)] [Pseudomonas aeruginosa PAO1]
AFNF01000249.1	1498	2436	6965	VFG044083(gb|NP_250948)	1	939	939	99.148	939	8	0	0.0	1690	VFG044083(gb|NP_250948) (ptxR) transcriptional regulator PtxR [Pyoverdine (VF0094) - Nutritional/Metabolic factor (VFC0272)] [Pseudomonas aeruginosa PAO1]
AFNF01000249.1	4863	5738	6965	VFG044080(gb|NP_250945)	876	1	876	100.000	876	0	0	0.0	1618	VFG044080(gb|NP_250945) (pvcB) paerucumarin biosynthesis protein PvcB [Pyoverdine (VF0094) - Nutritional/Metabolic factor (VFC0272)] [Pseudomonas aeruginosa PAO1]
AFNF01000249.1	2670	3316	6965	VFG044082(gb|NP_250947)	647	1	648	98.609	647	9	0	0.0	1146	VFG044082(gb|NP_250947) (pvcD) paerucumarin biosynthesis protein PvcD [Pyoverdine (VF0094) - Nutritional/Metabolic factor (VFC0272)] [Pseudomonas aeruginosa PAO1]
AFNF01000253.1	2707	4419	6858	VFG002057(gb|NP_248761)	1713	1	1713	99.883	1713	2	0	0.0	3153	VFG002057(gb|NP_248761) (tagR) type VI secretion associated protein TagR, positively regulates PpkA [HSI-1 (VF0334) - Effector delivery system (VFC0086)] [Pseudomonas aeruginosa PAO1]
AFNF01000253.1	2707	4419	6858	VFG019981(gb|WP_003106615)	1713	1	1713	99.825	1713	3	0	0.0	3147	VFG019981(gb|WP_003106615) (tagR) type VI secretion associated protein TagR, positively regulates PpkA [HSI-1 (VF0334) - Effector delivery system (VFC0086)] [Pseudomonas aeruginosa LESB58]
AFNF01000253.1	2707	4419	6858	VFG015366(gb|WP_003083632)	1713	1	1713	99.416	1713	10	0	0.0	3109	VFG015366(gb|WP_003083632) (tagR) type VI secretion associated protein TagR, positively regulates PpkA [HSI-1 (VF0334) - Effector delivery system (VFC0086)] [Pseudomonas aeruginosa UCBPP-PA14]
AFNF01000253.1	2707	4419	6858	VFG015365(gb|WP_011979122)	1713	1	1713	97.548	1713	42	0	0.0	2931	VFG015365(gb|WP_011979122) (tagR) type VI secretion associated protein TagR, positively regulates PpkA [HSI-1 (VF0334) - Effector delivery system (VFC0086)] [Pseudomonas aeruginosa PA7]
AFNF01000253.1	4412	5611	6858	VFG019983(gb|WP_003083634)	1200	1	1200	99.750	1200	3	0	0.0	2200	VFG019983(gb|WP_003083634) (tagS) type VI secretion associated protein TagS, forming a stable inner membrane complex with TagT [HSI-1 (VF0334) - Effector delivery system (VFC0086)] [Pseudomonas aeruginosa LESB58]
AFNF01000253.1	4412	5611	6858	VFG002058(gb|NP_248762)	1200	1	1200	99.667	1200	4	0	0.0	2194	VFG002058(gb|NP_248762) (tagS) type VI secretion associated protein TagS, forming a stable inner membrane complex with TagT [HSI-1 (VF0334) - Effector delivery system (VFC0086)] [Pseudomonas aeruginosa PAO1]
AFNF01000253.1	4412	5611	6858	VFG015373(gb|WP_003136958)	1200	1	1200	99.500	1200	6	0	0.0	2183	VFG015373(gb|WP_003136958) (tagS) type VI secretion associated protein TagS, forming a stable inner membrane complex with TagT [HSI-1 (VF0334) - Effector delivery system (VFC0086)] [Pseudomonas aeruginosa UCBPP-PA14]
AFNF01000253.1	4412	5611	6858	VFG015372(gb|WP_011979123)	1200	1	1200	95.754	1201	49	2	0.0	1934	VFG015372(gb|WP_011979123) (tagS) type VI secretion associated protein TagS, forming a stable inner membrane complex with TagT [HSI-1 (VF0334) - Effector delivery system (VFC0086)] [Pseudomonas aeruginosa PA7]
AFNF01000253.1	1731	2645	6858	VFG041010(gb|NP_248760)	915	1	915	100.000	915	0	0	0.0	1690	VFG041010(gb|NP_248760) (tagQ) type VI secretiona ssociated protein TagQ, outer membrane lipoprotein [HSI-1 (VF0334) - Effector delivery system (VFC0086)] [Pseudomonas aeruginosa PAO1]
AFNF01000253.1	2723	4336	6858	VFG015369(gb|WP_011064243)	1691	78	1713	81.500	1627	275	22	0.0	1314	VFG015369(gb|WP_011064243) (tagR) type VI secretion associated protein TagR, positively regulates PpkA [HSI-1 (VF0334) - Effector delivery system (VFC0086)] [Pseudomonas fluorescens Pf-5]
AFNF01000254.1	4360	6840	6840	VFG001230(gb|NP_251805)	2760	280	2760	99.879	2481	3	0	0.0	4566	VFG001230(gb|NP_251805) (fimV) a polar peptidoglycan-binding protein involved in type IV pilus assembly [Type IV pili (VF0082) - Adherence (VFC0001)] [Pseudomonas aeruginosa PAO1]
AFNF01000254.1	4360	6840	6840	VFG019758(gb|WP_012613878)	2760	280	2760	98.670	2481	33	0	0.0	4399	VFG019758(gb|WP_012613878) (fimV) a polar peptidoglycan-binding protein involved in type IV pilus assembly [Type IV pili (VF0082) - Adherence (VFC0001)] [Pseudomonas aeruginosa LESB58]
AFNF01000254.1	4360	6840	6840	VFG013973(gb|WP_003138501)	2775	280	2775	98.117	2496	32	1	0.0	4335	VFG013973(gb|WP_003138501) (fimV) a polar peptidoglycan-binding protein involved in type IV pilus assembly [Type IV pili (VF0082) - Adherence (VFC0001)] [Pseudomonas aeruginosa UCBPP-PA14]
AFNF01000254.1	4360	6840	6840	VFG013972(gb|WP_034028141)	2745	280	2745	88.280	2500	240	26	0.0	2944	VFG013972(gb|WP_034028141) (fimV) a polar peptidoglycan-binding protein involved in type IV pilus assembly [Type IV pili (VF0082) - Adherence (VFC0001)] [Pseudomonas aeruginosa PA7]
AFNF01000258.1	6660	6780	6780	VFG020029(gb|WP_012614267)	1	121	489	100.000	121	0	0	7.94e-57	224	VFG020029(gb|WP_012614267) (phzA2) phenazine biosynthesis protein PhzA [Pyocyanin (VF0100) - Nutritional/Metabolic factor (VFC0272)] [Pseudomonas aeruginosa LESB58]
AFNF01000258.1	6660	6780	6780	VFG015526(gb|WP_009877875)	1	121	489	99.174	121	1	0	3.70e-55	219	VFG015526(gb|WP_009877875) (phzA2) phenazine biosynthesis protein PhzA [Pyocyanin (VF0100) - Nutritional/Metabolic factor (VFC0272)] [Pseudomonas aeruginosa UCBPP-PA14]
AFNF01000258.1	6660	6780	6780	VFG015524(gb|NP_250590)	1	121	489	99.174	121	1	0	3.70e-55	219	VFG015524(gb|NP_250590) (phzA2) phenazine biosynthesis protein PhzA [Pyocyanin (VF0100) - Nutritional/Metabolic factor (VFC0272)] [Pseudomonas aeruginosa PAO1]
AFNF01000263.1	1	348	6738	VFG000147(gb|NP_252530)	1015	1362	1362	99.713	348	1	0	0.0	638	VFG000147(gb|NP_252530) (exoS) type III secretion system effector ExoS, ADP ribosyltransferase activity and GTPase-activating protein activity [TTSS secreted effectors (VF0853) - Effector delivery system (VFC0086)] [Pseudomonas aeruginosa PAO1]
AFNF01000263.1	1	348	6738	VFG019978(gb|WP_003113791)	1015	1362	1362	99.138	348	3	0	5.15e-178	627	VFG019978(gb|WP_003113791) (exoS) type III secretion system effector ExoS, ADP ribosyltransferase activity and GTPase-activating protein activity [TTSS secreted effectors (VF0853) - Effector delivery system (VFC0086)] [Pseudomonas aeruginosa LESB58]
AFNF01000264.1	3089	3121	6724	VFG016108(gb|WP_011061774)	1126	1093	1767	97.059	34	0	1	3.04e-06	56.5	VFG016108(gb|WP_011061774) (pchI) ABC transporter ATP-binding protein [Pyochelin (VF0095) - Nutritional/Metabolic factor (VFC0272)] [Pseudomonas fluorescens Pf-5]
AFNF01000267.1	262	2058	6641	VFG019831(gb|WP_012614400)	1797	1	1797	99.944	1797	1	0	0.0	3314	VFG019831(gb|WP_012614400) (fliF) flagellar M-ring protein FliF [Flagella (VF0273) - Motility (VFC0204)] [Pseudomonas aeruginosa LESB58]
AFNF01000267.1	262	2058	6641	VFG001251(gb|NP_249792)	1797	1	1797	99.444	1797	10	0	0.0	3264	VFG001251(gb|NP_249792) (fliF) flagellar M-ring protein FliF [Flagella (VF0273) - Motility (VFC0204)] [Pseudomonas aeruginosa PAO1]
AFNF01000267.1	262	2058	6641	VFG014410(gb|WP_003109118)	1797	1	1797	99.277	1797	13	0	0.0	3247	VFG014410(gb|WP_003109118) (fliF) flagellar M-ring protein FliF [Flagella (VF0273) - Motility (VFC0204)] [Pseudomonas aeruginosa UCBPP-PA14]
AFNF01000267.1	264	2058	6641	VFG014409(gb|WP_012076711)	1792	1	1794	96.100	1795	67	1	0.0	2924	VFG014409(gb|WP_012076711) (fliF) flagellar M-ring protein FliF [Flagella (VF0273) - Motility (VFC0204)] [Pseudomonas aeruginosa PA7]
AFNF01000267.1	2658	4079	6641	VFG019827(gb|WP_003082202)	1422	1	1422	99.719	1422	4	0	0.0	2604	VFG019827(gb|WP_003082202) (fleR) two-component response regulator [Flagella (VF0273) - Motility (VFC0204)] [Pseudomonas aeruginosa LESB58]
AFNF01000267.1	2658	4079	6641	VFG014384(gb|WP_003082202)	1422	1	1422	99.508	1422	7	0	0.0	2588	VFG014384(gb|WP_003082202) (fleR) two-component response regulator [Flagella (VF0273) - Motility (VFC0204)] [Pseudomonas aeruginosa UCBPP-PA14]
AFNF01000267.1	2658	4079	6641	VFG001249(gb|NP_249790)	1422	1	1422	99.367	1422	9	0	0.0	2577	VFG001249(gb|NP_249790) (fleR) two-component response regulator [Flagella (VF0273) - Motility (VFC0204)] [Pseudomonas aeruginosa PAO1]
AFNF01000267.1	5405	6641	6641	VFG019823(gb|WP_003086448)	1473	237	1473	99.596	1237	5	0	0.0	2257	VFG019823(gb|WP_003086448) (fleQ) transcriptional regulator FleQ [Flagella (VF0273) - Motility (VFC0204)] [Pseudomonas aeruginosa LESB58]
AFNF01000267.1	5405	6641	6641	VFG014358(gb|WP_003086448)	1473	237	1473	99.515	1237	6	0	0.0	2252	VFG014358(gb|WP_003086448) (fleQ) transcriptional regulator FleQ [Flagella (VF0273) - Motility (VFC0204)] [Pseudomonas aeruginosa UCBPP-PA14]
AFNF01000267.1	5405	6641	6641	VFG001248(gb|NP_249788)	1473	237	1473	99.192	1237	10	0	0.0	2230	VFG001248(gb|NP_249788) (fleQ) transcriptional regulator FleQ [Flagella (VF0273) - Motility (VFC0204)] [Pseudomonas aeruginosa PAO1]
AFNF01000279.1	2397	2428	6475	VFG044225(gb|WP_011533698)	126	95	783	100.000	32	0	0	2.26e-07	60.2	VFG044225(gb|WP_011533698) (PSEEN_RS11610) ATP-binding cassette domain-containing protein [Pseudomonine (VF0936) - Nutritional/Metabolic factor (VFC0272)] [Pseudomonas entomophila L48]
AFNF01000281.1	3318	6464	6464	VFG020069(gb|WP_148235954)	13110	9964	13110	99.841	3147	5	0	0.0	5784	VFG020069(gb|WP_148235954) (pvdD) pyoverdine synthetase D [Pyoverdine (VF0094) - Nutritional/Metabolic factor (VFC0272)] [Pseudomonas aeruginosa LESB58]
AFNF01000281.1	694	3078	6464	VFG020082(gb|WP_025208403)	2385	1	2385	99.748	2385	6	0	0.0	4372	VFG020082(gb|WP_025208403) (fpvA) ferripyoverdine receptor FpvA [Pyoverdine (VF0094) - Nutritional/Metabolic factor (VFC0272)] [Pseudomonas aeruginosa LESB58]
AFNF01000281.1	1	277	6464	VFG020065(gb|WP_012614134)	1377	1653	1653	100.000	277	0	0	1.44e-143	512	VFG020065(gb|WP_012614134) (pvdE) pyoverdine biosynthesis protein PvdE [Pyoverdine (VF0094) - Nutritional/Metabolic factor (VFC0272)] [Pseudomonas aeruginosa LESB58]
AFNF01000281.1	1	220	6464	VFG016028(gb|WP_011534370)	1377	1596	1650	85.455	220	32	0	1.63e-58	230	VFG016028(gb|WP_011534370) (pvdE) pyoverdine biosynthesis protein PvdE [Pyoverdine (VF0094) - Nutritional/Metabolic factor (VFC0272)] [Pseudomonas entomophila L48]
AFNF01000281.1	4605	4754	6464	VFG016066(gb|WP_011533065)	12384	12235	12948	83.444	151	23	2	2.82e-31	139	VFG016066(gb|WP_011533065) (pvdL) peptide synthase PvdL [Pyoverdine (VF0094) - Nutritional/Metabolic factor (VFC0272)] [Pseudomonas entomophila L48]
AFNF01000292.1	5962	6333	6333	VFG001225(gb|NP_249099)	1	372	408	100.000	372	0	0	0.0	688	VFG001225(gb|NP_249099) (pilG) twitching motility protein PilG [Type IV pili (VF0082) - Adherence (VFC0001)] [Pseudomonas aeruginosa PAO1]
AFNF01000292.1	5962	6333	6333	VFG014004(gb|WP_003148848)	1	372	408	97.581	372	9	0	0.0	638	VFG014004(gb|WP_003148848) (pilG) twitching motility protein PilG [Type IV pili (VF0082) - Adherence (VFC0001)] [Pseudomonas aeruginosa PA7]
AFNF01000292.1	5962	6329	6333	VFG014014(gb|WP_003458788)	1	368	408	89.674	368	38	0	8.63e-131	470	VFG014014(gb|WP_003458788) (pilG) twitching motility protein PilG [Type IV pili (VF0082) - Adherence (VFC0001)] [Pseudomonas mendocina ymp]
AFNF01000292.1	5962	6329	6333	VFG014012(gb|WP_011064001)	1	368	405	87.228	368	47	0	8.81e-116	420	VFG014012(gb|WP_011064001) (pilG) twitching motility protein PilG [Type IV pili (VF0082) - Adherence (VFC0001)] [Pseudomonas fluorescens Pf-5]
AFNF01000292.1	5962	6329	6333	VFG014015(gb|WP_003282729)	1	368	408	85.598	368	53	0	8.94e-106	387	VFG014015(gb|WP_003282729) (pilG) twitching motility protein PilG [Type IV pili (VF0082) - Adherence (VFC0001)] [Pseudomonas stutzeri A1501]
AFNF01000292.1	5962	6329	6333	VFG019763(gb|WP_003176671)	1	368	408	85.326	368	54	0	4.16e-104	381	VFG019763(gb|WP_003176671) (pilG) twitching motility protein PilG [Type IV pili (VF0082) - Adherence (VFC0001)] [Pseudomonas fluorescens SBW25]
AFNF01000292.1	5984	6329	6333	VFG014007(gb|WP_002551738)	23	368	411	84.682	346	53	0	1.52e-93	346	VFG014007(gb|WP_002551738) (pilG) twitching motility protein PilG [Type IV pili (VF0082) - Adherence (VFC0001)] [Pseudomonas syringae pv. syringae B728a]
AFNF01000293.1	3359	4003	6319	VFG019943(gb|WP_003090351)	1	645	645	99.690	645	2	0	0.0	1181	VFG019943(gb|WP_003090351) (gacA) UvrY/SirA/GacA family response regulator transcription factor [GacS/GacA two-component system (VF0908) - Regulation (VFC0301)] [Pseudomonas aeruginosa LESB58]
AFNF01000293.1	3359	4003	6319	VFG015082(gb|WP_003090351)	1	645	645	99.690	645	2	0	0.0	1181	VFG015082(gb|WP_003090351) (gacA) UvrY/SirA/GacA family response regulator transcription factor [GacS/GacA two-component system (VF0908) - Regulation (VFC0301)] [Pseudomonas aeruginosa UCBPP-PA14]
AFNF01000293.1	3359	4003	6319	VFG015080(gb|NP_251276)	1	645	645	99.535	645	3	0	0.0	1175	VFG015080(gb|NP_251276) (gacA) response regulator GacA [GacS/GacA two-component system (VF0908) - Regulation (VFC0301)] [Pseudomonas aeruginosa PAO1]
AFNF01000293.1	3359	4003	6319	VFG015081(gb|WP_003090351)	1	645	645	95.659	645	28	0	0.0	1037	VFG015081(gb|WP_003090351) (gacA) UvrY/SirA/GacA family response regulator transcription factor [GacS/GacA two-component system (VF0908) - Regulation (VFC0301)] [Pseudomonas aeruginosa PA7]
AFNF01000293.1	3360	4001	6319	VFG015091(gb|WP_003240627)	2	643	645	85.008	647	87	7	0.0	649	VFG015091(gb|WP_003240627) (gacA) UvrY/SirA/GacA family response regulator transcription factor [GacS/GacA two-component system (VF0908) - Regulation (VFC0301)] [Pseudomonas mendocina ymp]
AFNF01000293.1	3360	3987	6319	VFG015087(gb|WP_003251380)	2	623	639	82.671	629	101	5	2.99e-155	551	VFG015087(gb|WP_003251380) (gacA) UvrY/SirA/GacA family response regulator transcription factor [GacS/GacA two-component system (VF0908) - Regulation (VFC0301)] [Pseudomonas putida F1]
AFNF01000293.1	3360	3987	6319	VFG015086(gb|WP_003251380)	2	623	639	82.353	629	103	5	6.47e-152	540	VFG015086(gb|WP_003251380) (gacA) UvrY/SirA/GacA family response regulator transcription factor [GacS/GacA two-component system (VF0908) - Regulation (VFC0301)] [Pseudomonas putida KT2440]
AFNF01000293.1	3360	3997	6319	VFG015089(gb|WP_011061841)	2	637	642	81.377	639	115	3	3.03e-145	518	VFG015089(gb|WP_011061841) (gacA) UvrY/SirA/GacA family response regulator transcription factor [GacS/GacA two-component system (VF0908) - Regulation (VFC0301)] [Pseudomonas fluorescens Pf-5]
AFNF01000293.1	3360	3987	6319	VFG015784	2	618	634	80.952	630	105	8	3.07e-135	484	VFG015784 (gacA) UvrY/SirA/GacA family response regulator transcription factor [GacS/GacA two-component system (VF0908) - Regulation (VFC0301)] [Pseudomonas putida GB-1]
AFNF01000295.1	1	6310	6310	VFG016058(gb|NP_251114)	9812	3503	13029	99.319	6310	43	0	0.0	11415	VFG016058(gb|NP_251114) (pvdL) peptide synthase PvdL [Pyoverdine (VF0094) - Nutritional/Metabolic factor (VFC0272)] [Pseudomonas aeruginosa PAO1]
AFNF01000295.1	6136	6306	6310	VFG016058(gb|NP_251114)	6851	6681	13029	80.571	175	26	6	5.96e-28	128	VFG016058(gb|NP_251114) (pvdL) peptide synthase PvdL [Pyoverdine (VF0094) - Nutritional/Metabolic factor (VFC0272)] [Pseudomonas aeruginosa PAO1]
AFNF01000295.1	1	6310	6310	VFG016060(gb|WP_003139218)	9812	3503	13029	99.081	6310	58	0	0.0	11332	VFG016060(gb|WP_003139218) (pvdL) peptide synthase PvdL [Pyoverdine (VF0094) - Nutritional/Metabolic factor (VFC0272)] [Pseudomonas aeruginosa UCBPP-PA14]
AFNF01000295.1	6136	6306	6310	VFG016060(gb|WP_003139218)	6851	6681	13029	80.460	174	28	4	5.96e-28	128	VFG016060(gb|WP_003139218) (pvdL) peptide synthase PvdL [Pyoverdine (VF0094) - Nutritional/Metabolic factor (VFC0272)] [Pseudomonas aeruginosa UCBPP-PA14]
AFNF01000295.1	1	6310	6310	VFG020074(gb|WP_012614121)	9812	3503	13029	98.906	6310	69	0	0.0	11271	VFG020074(gb|WP_012614121) (pvdL) peptide synthase PvdL [Pyoverdine (VF0094) - Nutritional/Metabolic factor (VFC0272)] [Pseudomonas aeruginosa LESB58]
AFNF01000295.1	6136	6306	6310	VFG020074(gb|WP_012614121)	6851	6681	13029	80.571	175	26	6	5.96e-28	128	VFG020074(gb|WP_012614121) (pvdL) peptide synthase PvdL [Pyoverdine (VF0094) - Nutritional/Metabolic factor (VFC0272)] [Pseudomonas aeruginosa LESB58]
AFNF01000295.1	1	6310	6310	VFG016059(gb|WP_012075639)	9812	3503	13029	97.765	6310	141	0	0.0	10872	VFG016059(gb|WP_012075639) (pvdL) peptide synthase PvdL [Pyoverdine (VF0094) - Nutritional/Metabolic factor (VFC0272)] [Pseudomonas aeruginosa PA7]
AFNF01000295.1	6136	6306	6310	VFG016059(gb|WP_012075639)	6851	6681	13029	80.571	175	26	6	5.96e-28	128	VFG016059(gb|WP_012075639) (pvdL) peptide synthase PvdL [Pyoverdine (VF0094) - Nutritional/Metabolic factor (VFC0272)] [Pseudomonas aeruginosa PA7]
AFNF01000295.1	1	6308	6310	VFG016067(gb|WP_011062464)	9857	3514	13029	80.081	6416	1098	158	0.0	4602	VFG016067(gb|WP_011062464) (pvdL) peptide synthase PvdL [Pyoverdine (VF0094) - Nutritional/Metabolic factor (VFC0272)] [Pseudomonas fluorescens Pf-5]
AFNF01000295.1	2940	3227	6310	VFG016044(gb|WP_011534374)	5031	4744	11796	80.887	293	46	10	2.66e-56	222	VFG016044(gb|WP_011534374) (pvdI) peptide synthase [Pyoverdine (VF0094) - Nutritional/Metabolic factor (VFC0272)] [Pseudomonas entomophila L48]
AFNF01000295.1	1495	1669	6310	VFG020073(gb|WP_043205221)	3236	3062	14040	81.250	176	31	2	7.66e-32	141	VFG020073(gb|WP_043205221) (pvdI) peptide synthase [Pyoverdine (VF0094) - Nutritional/Metabolic factor (VFC0272)] [Pseudomonas fluorescens SBW25]
AFNF01000303.1	2597	4006	6238	VFG016048(gb|WP_003089638)	1	1410	1410	99.220	1410	11	0	0.0	2543	VFG016048(gb|WP_003089638) (pvdH) diaminobutyrate-2-oxoglutarate aminotransferase PvdH [Pyoverdine (VF0094) - Nutritional/Metabolic factor (VFC0272)] [Pseudomonas aeruginosa UCBPP-PA14]
AFNF01000303.1	2597	4006	6238	VFG020072(gb|WP_012614127)	1	1410	1410	99.078	1410	13	0	0.0	2532	VFG020072(gb|WP_012614127) (pvdH) diaminobutyrate-2-oxoglutarate aminotransferase PvdH [Pyoverdine (VF0094) - Nutritional/Metabolic factor (VFC0272)] [Pseudomonas aeruginosa LESB58]
AFNF01000303.1	2597	4006	6238	VFG016046(gb|NP_251103)	1	1410	1410	99.007	1410	14	0	0.0	2527	VFG016046(gb|NP_251103) (pvdH) diaminobutyrate-2-oxoglutarate aminotransferase PvdH [Pyoverdine (VF0094) - Nutritional/Metabolic factor (VFC0272)] [Pseudomonas aeruginosa PAO1]
AFNF01000303.1	2597	4006	6238	VFG016047(gb|WP_012075653)	1	1410	1410	94.681	1410	75	0	0.0	2189	VFG016047(gb|WP_012075653) (pvdH) diaminobutyrate-2-oxoglutarate aminotransferase PvdH [Pyoverdine (VF0094) - Nutritional/Metabolic factor (VFC0272)] [Pseudomonas aeruginosa PA7]
AFNF01000303.1	2708	3976	6238	VFG016054(gb|WP_011534775)	100	1368	1395	83.386	1276	198	13	0.0	1170	VFG016054(gb|WP_011534775) (pvdH) diaminobutyrate-2-oxoglutarate aminotransferase PvdH [Pyoverdine (VF0094) - Nutritional/Metabolic factor (VFC0272)] [Pseudomonas entomophila L48]
AFNF01000303.1	2657	3965	6238	VFG016055(gb|WP_011062454)	61	1369	1413	82.393	1312	225	6	0.0	1138	VFG016055(gb|WP_011062454) (pvdH) diaminobutyrate-2-oxoglutarate aminotransferase PvdH [Pyoverdine (VF0094) - Nutritional/Metabolic factor (VFC0272)] [Pseudomonas fluorescens Pf-5]
AFNF01000303.1	2681	3931	6238	VFG016056(gb|WP_011335247)	85	1335	1413	82.909	1258	201	13	0.0	1120	VFG016056(gb|WP_011335247) (pvdH) diaminobutyrate-2-oxoglutarate aminotransferase PvdH [Pyoverdine (VF0094) - Nutritional/Metabolic factor (VFC0272)] [Pseudomonas fluorescens Pf0-1]
AFNF01000303.1	2708	3928	6238	VFG020075(gb|WP_015885139)	94	1314	1395	82.722	1227	200	11	0.0	1081	VFG020075(gb|WP_015885139) (pvdH) diaminobutyrate-2-oxoglutarate aminotransferase PvdH [Pyoverdine (VF0094) - Nutritional/Metabolic factor (VFC0272)] [Pseudomonas fluorescens SBW25]
AFNF01000303.1	2642	3963	6238	VFG016049(gb|WP_005770701)	46	1367	1413	81.429	1330	231	14	0.0	1074	VFG016049(gb|WP_005770701) (pvdH) diaminobutyrate-2-oxoglutarate aminotransferase PvdH [Pyoverdine (VF0094) - Nutritional/Metabolic factor (VFC0272)] [Pseudomonas syringae pv. tomato str. DC3000]
AFNF01000303.1	2643	3964	6238	VFG016051(gb|WP_041924771)	47	1368	1413	80.992	1331	235	15	0.0	1040	VFG016051(gb|WP_041924771) (pvdH) diaminobutyrate-2-oxoglutarate aminotransferase PvdH [Pyoverdine (VF0094) - Nutritional/Metabolic factor (VFC0272)] [Pseudomonas syringae pv. phaseolicola 1448A]
AFNF01000304.1	1254	2249	6229	VFG044087(gb|NP_251078)	1	996	996	99.699	996	3	0	0.0	1823	VFG044087(gb|NP_251078) (fpvR) protein FpvR [Pyoverdine (VF0094) - Nutritional/Metabolic factor (VFC0272)] [Pseudomonas aeruginosa PAO1]
AFNF01000304.1	1	478	6229	VFG020053(gb|WP_003103622)	478	1	1332	100.000	478	0	0	0.0	883	VFG020053(gb|WP_003103622) (pvdA) L-ornithine N5-oxygenase PvdA [Pyoverdine (VF0094) - Nutritional/Metabolic factor (VFC0272)] [Pseudomonas aeruginosa LESB58]
AFNF01000304.1	1	478	6229	VFG015963(gb|WP_003114509)	478	1	1332	99.791	478	1	0	0.0	878	VFG015963(gb|WP_003114509) (pvdA) L-ornithine N5-oxygenase PvdA [Pyoverdine (VF0094) - Nutritional/Metabolic factor (VFC0272)] [Pseudomonas aeruginosa UCBPP-PA14]
AFNF01000304.1	1	478	6229	VFG000159(gb|NP_251076)	478	1	1332	99.791	478	1	0	0.0	878	VFG000159(gb|NP_251076) (pvdA) L-ornithine N5-oxygenase PvdA [Pyoverdine (VF0094) - Nutritional/Metabolic factor (VFC0272)] [Pseudomonas aeruginosa PAO1]
AFNF01000304.1	611	1090	6229	VFG044086(gb|NP_251077)	480	1	480	99.583	480	2	0	0.0	876	VFG044086(gb|NP_251077) (fpvI) RNA polymerase sigma factor [Pyoverdine (VF0094) - Nutritional/Metabolic factor (VFC0272)] [Pseudomonas aeruginosa PAO1]
AFNF01000304.1	3	478	6229	VFG015962(gb|WP_012075675)	476	1	1332	85.146	478	67	4	8.43e-136	486	VFG015962(gb|WP_012075675) (pvdA) L-ornithine N5-oxygenase PvdA [Pyoverdine (VF0094) - Nutritional/Metabolic factor (VFC0272)] [Pseudomonas aeruginosa PA7]
AFNF01000304.1	3	478	6229	VFG015970(gb|WP_011062360)	476	1	1338	82.218	478	81	4	1.88e-112	409	VFG015970(gb|WP_011062360) (pvdA) L-ornithine N5-oxygenase PvdA [Pyoverdine (VF0094) - Nutritional/Metabolic factor (VFC0272)] [Pseudomonas fluorescens Pf-5]
AFNF01000304.1	10	478	6229	VFG020054(gb|WP_015884768)	469	1	1338	81.818	473	78	7	6.80e-107	390	VFG020054(gb|WP_015884768) (pvdA) L-ornithine N5-oxygenase PvdA [Pyoverdine (VF0094) - Nutritional/Metabolic factor (VFC0272)] [Pseudomonas fluorescens SBW25]
AFNF01000304.1	10	452	6229	VFG015969(gb|WP_011534369)	472	27	1332	81.208	447	79	4	2.48e-96	355	VFG015969(gb|WP_011534369) (pvdA) L-ornithine N5-oxygenase PvdA [Pyoverdine (VF0094) - Nutritional/Metabolic factor (VFC0272)] [Pseudomonas entomophila L48]
AFNF01000306.1	1207	2472	6211	VFG050300(gb|NP_250641)	1266	1	1266	99.763	1266	3	0	0.0	2322	VFG050300(gb|NP_250641) (fapF) outer membrane secretin FapF [Fap (VF1191) - Adherence (VFC0001)] [Pseudomonas aeruginosa PAO1]
AFNF01000306.1	4041	5063	6211	VFG050297(gb|NP_250644)	1023	1	1023	99.902	1023	1	0	0.0	1884	VFG050297(gb|NP_250644) (fapC) major amyloid subunit FapC [Fap (VF1191) - Adherence (VFC0001)] [Pseudomonas aeruginosa PAO1]
AFNF01000306.1	2533	3285	6211	VFG050299(gb|NP_250642)	753	1	753	98.008	753	15	0	0.0	1308	VFG050299(gb|NP_250642) (fapE) chaprone FapE [Fap (VF1191) - Adherence (VFC0001)] [Pseudomonas aeruginosa PAO1]
AFNF01000306.1	3299	3979	6211	VFG050298(gb|NP_250643)	681	1	681	99.266	681	5	0	0.0	1230	VFG050298(gb|NP_250643) (fapD) periplasmic accessory protein FapD [Fap (VF1191) - Adherence (VFC0001)] [Pseudomonas aeruginosa PAO1]
AFNF01000306.1	5120	5689	6211	VFG050296(gb|NP_250645)	570	1	570	98.772	570	7	0	0.0	1014	VFG050296(gb|NP_250645) (fapB) minor amyloid subunit FapB [Fap (VF1191) - Adherence (VFC0001)] [Pseudomonas aeruginosa PAO1]
AFNF01000306.1	5686	6174	6211	VFG050295(gb|NP_250646)	489	1	489	97.955	489	10	0	0.0	848	VFG050295(gb|NP_250646) (fapA) periplasmic accessory protein FapA [Fap (VF1191) - Adherence (VFC0001)] [Pseudomonas aeruginosa PAO1]
AFNF01000316.1	1555	3051	6047	VFG000146(gb|NP_252413)	1497	1	1497	99.866	1497	2	0	0.0	2754	VFG000146(gb|NP_252413) (lasB) elastase LasB [LasB (VF0087) - Effector delivery system (VFC0086)] [Pseudomonas aeruginosa PAO1]
AFNF01000316.1	1555	3051	6047	VFG020040(gb|WP_003113835)	1497	1	1497	99.599	1497	6	0	0.0	2732	VFG020040(gb|WP_003113835) (lasB) elastase LasB [LasB (VF0087) - Effector delivery system (VFC0086)] [Pseudomonas aeruginosa LESB58]
AFNF01000316.1	1555	3051	6047	VFG015558(gb|WP_003092588)	1497	1	1497	98.397	1497	24	0	0.0	2632	VFG015558(gb|WP_003092588) (lasB) elastase LasB [LasB (VF0087) - Effector delivery system (VFC0086)] [Pseudomonas aeruginosa UCBPP-PA14]
AFNF01000316.1	1561	3051	6047	VFG015557(gb|WP_012074626)	1491	1	1497	93.101	1493	99	3	0.0	2183	VFG015557(gb|WP_012074626) (lasB) elastase LasB [LasB (VF0087) - Effector delivery system (VFC0086)] [Pseudomonas aeruginosa PA7]
AFNF01000326.1	1407	1452	5994	VFG016123(gb|WP_011061773)	2158	2113	3471	97.826	46	1	0	1.61e-13	80.5	VFG016123(gb|WP_011061773) (pchE) dihydroaeruginoic acid synthetase PchE [Pyochelin (VF0095) - Nutritional/Metabolic factor (VFC0272)] [Pseudomonas fluorescens Pf-5]
AFNF01000334.1	1819	3942	5854	VFG001263(gb|NP_250143)	2124	1	2124	99.859	2124	3	0	0.0	3906	VFG001263(gb|NP_250143) (flhA) flagellar biosynthesis protein FlhA [Flagella (VF0273) - Motility (VFC0204)] [Pseudomonas aeruginosa PAO1]
AFNF01000334.1	1819	3942	5854	VFG019859(gb|WP_003083059)	2124	1	2124	99.718	2124	6	0	0.0	3890	VFG019859(gb|WP_003083059) (flhA) flagellar biosynthesis protein FlhA [Flagella (VF0273) - Motility (VFC0204)] [Pseudomonas aeruginosa LESB58]
AFNF01000334.1	1819	3942	5854	VFG014592(gb|WP_003083059)	2124	1	2124	99.247	2124	16	0	0.0	3834	VFG014592(gb|WP_003083059) (flhA) flagellar biosynthesis protein FlhA [Flagella (VF0273) - Motility (VFC0204)] [Pseudomonas aeruginosa UCBPP-PA14]
AFNF01000334.1	1819	3942	5854	VFG014591(gb|WP_003155638)	2124	1	2124	96.092	2124	83	0	0.0	3463	VFG014591(gb|WP_003155638) (flhA) flagellar biosynthesis protein FlhA [Flagella (VF0273) - Motility (VFC0204)] [Pseudomonas aeruginosa PA7]
AFNF01000334.1	446	1735	5854	VFG019861(gb|WP_003083061)	1290	1	1290	99.612	1290	5	0	0.0	2355	VFG019861(gb|WP_003083061) (flhF) flagellar biosynthesis protein FlhF [Flagella (VF0273) - Motility (VFC0204)] [Pseudomonas aeruginosa LESB58]
AFNF01000334.1	446	1735	5854	VFG014605(gb|WP_003087102)	1290	1	1290	99.457	1290	7	0	0.0	2344	VFG014605(gb|WP_003087102) (flhF) flagellar biosynthesis protein FlhF [Flagella (VF0273) - Motility (VFC0204)] [Pseudomonas aeruginosa UCBPP-PA14]
AFNF01000334.1	446	1735	5854	VFG001264(gb|NP_250144)	1290	1	1290	99.380	1290	8	0	0.0	2338	VFG001264(gb|NP_250144) (flhF) flagellar biosynthesis protein FlhF [Flagella (VF0273) - Motility (VFC0204)] [Pseudomonas aeruginosa PAO1]
AFNF01000334.1	1819	3943	5854	VFG014601(gb|WP_012019015)	2148	24	2148	85.426	2134	293	15	0.0	2202	VFG014601(gb|WP_012019015) (flhA) flagellar biosynthesis protein FlhA [Flagella (VF0273) - Motility (VFC0204)] [Pseudomonas mendocina ymp]
AFNF01000334.1	1823	3942	5854	VFG014602(gb|WP_017243981)	2117	1	2121	83.466	2129	331	15	0.0	1962	VFG014602(gb|WP_017243981) (flhA) flagellar biosynthesis protein FlhA [Flagella (VF0273) - Motility (VFC0204)] [Pseudomonas stutzeri A1501]
AFNF01000334.1	446	1735	5854	VFG014604(gb|WP_012076406)	1290	1	1290	93.643	1290	82	0	0.0	1929	VFG014604(gb|WP_012076406) (flhF) flagellar biosynthesis protein FlhF [Flagella (VF0273) - Motility (VFC0204)] [Pseudomonas aeruginosa PA7]
AFNF01000335.1	303	475	5848	VFG013774(gb|WP_033998207)	1313	1140	1704	83.429	175	26	3	1.96e-37	159	VFG013774(gb|WP_033998207) (pilB) type 4 fimbrial biogenesis protein PilB [Type IV pili (VF0082) - Adherence (VFC0001)] [Pseudomonas aeruginosa PA7]
AFNF01000335.1	303	469	5848	VFG019728(gb|WP_003122078)	1310	1144	1701	83.333	168	26	2	9.12e-36	154	VFG019728(gb|WP_003122078) (pilB) type 4 fimbrial biogenesis protein PilB [Type IV pili (VF0082) - Adherence (VFC0001)] [Pseudomonas aeruginosa LESB58]
AFNF01000335.1	344	475	5848	VFG000112(gb|NP_253216)	1269	1137	1701	87.218	133	16	1	1.18e-34	150	VFG000112(gb|NP_253216) (pilB) type 4 fimbrial biogenesis protein PilB [Type IV pili (VF0082) - Adherence (VFC0001)] [Pseudomonas aeruginosa PAO1]
AFNF01000335.1	615	664	5848	VFG000112(gb|NP_253216)	998	949	1701	92.000	50	4	0	9.45e-11	71.3	VFG000112(gb|NP_253216) (pilB) type 4 fimbrial biogenesis protein PilB [Type IV pili (VF0082) - Adherence (VFC0001)] [Pseudomonas aeruginosa PAO1]
AFNF01000338.1	4679	5398	5790	VFG000151(gb|NP_250121)	1	720	720	100.000	720	0	0	0.0	1330	VFG000151(gb|NP_250121) (lasR) transcriptional regulator LasR [Quorum sensing (VF0093) - Biofilm (VFC0271)] [Pseudomonas aeruginosa PAO1]
AFNF01000338.1	4679	5398	5790	VFG015055(gb|WP_003082999)	1	720	720	99.444	720	4	0	0.0	1308	VFG015055(gb|WP_003082999) (lasR) transcriptional regulator LasR [Quorum sensing (VF0093) - Biofilm (VFC0271)] [Pseudomonas aeruginosa UCBPP-PA14]
AFNF01000338.1	4679	5398	5790	VFG015054(gb|WP_012076422)	1	720	720	92.500	720	54	0	0.0	1031	VFG015054(gb|WP_012076422) (lasR) transcriptional regulator LasR [Quorum sensing (VF0093) - Biofilm (VFC0271)] [Pseudomonas aeruginosa PA7]
AFNF01000338.1	5762	5790	5790	VFG015058(gb|WP_003083017)	1	29	606	100.000	29	0	0	9.42e-06	54.7	VFG015058(gb|WP_003083017) (lasI) autoinducer synthesis protein LasI [Quorum sensing (VF0093) - Biofilm (VFC0271)] [Pseudomonas aeruginosa UCBPP-PA14]
AFNF01000338.1	5762	5790	5790	VFG000154(gb|NP_250123)	1	29	606	100.000	29	0	0	9.42e-06	54.7	VFG000154(gb|NP_250123) (lasI) autoinducer synthesis protein LasI [Quorum sensing (VF0093) - Biofilm (VFC0271)] [Pseudomonas aeruginosa PAO1]
AFNF01000344.1	4384	5741	5741	VFG041033(gb|NP_251051)	3816	2459	3816	99.853	1358	2	0	0.0	2497	VFG041033(gb|NP_251051) (tssM) type VI secretion system membrane subunit [HSI-3 (VF0944) - Effector delivery system (VFC0086)] [Pseudomonas aeruginosa PAO1]
AFNF01000344.1	4384	5741	5741	VFG051606(gb|WP_012614151.1)	3816	2459	3816	99.779	1358	3	0	0.0	2492	VFG051606(gb|WP_012614151.1) (tssM) type VI secretion system membrane subunit [HSI-3 (VF0944) - Effector delivery system (VFC0086)] [Pseudomonas aeruginosa LESB58]
AFNF01000344.1	4384	5741	5741	VFG051607(gb|WP_012075692.1)	3816	2459	3816	99.264	1358	10	0	0.0	2453	VFG051607(gb|WP_012075692.1) (tssM) type VI secretion system membrane subunit [HSI-3 (VF0944) - Effector delivery system (VFC0086)] [Pseudomonas aeruginosa PA7]
AFNF01000344.1	4384	5741	5741	VFG051609(gb|WP_003139320.1)	3816	2459	3816	98.306	1358	23	0	0.0	2381	VFG051609(gb|WP_003139320.1) (tssM) type VI secretion system membrane subunit [HSI-3 (VF0944) - Effector delivery system (VFC0086)] [Pseudomonas aeruginosa UCBPP-PA14]
AFNF01000344.1	3287	4387	5741	VFG051601(gb|WP_012614152.1)	1101	1	1101	99.364	1101	7	0	0.0	1995	VFG051601(gb|WP_012614152.1) (tssA) type VI secretion system protein TssA [HSI-3 (VF0944) - Effector delivery system (VFC0086)] [Pseudomonas aeruginosa LESB58]
AFNF01000344.1	2092	3177	5741	VFG041031(gb|NP_251049)	1086	1	1086	99.724	1086	3	0	0.0	1989	VFG041031(gb|NP_251049) (PA2359) transcriptional regulator [HSI-3 (VF0944) - Effector delivery system (VFC0086)] [Pseudomonas aeruginosa PAO1]
AFNF01000344.1	3288	4387	5741	VFG041032(gb|NP_251050)	1100	1	1101	98.909	1100	12	0	0.0	1965	VFG041032(gb|NP_251050) (tssA) type VI secretion system protein TssA [HSI-3 (VF0944) - Effector delivery system (VFC0086)] [Pseudomonas aeruginosa PAO1]
AFNF01000344.1	3288	4387	5741	VFG051602(gb|WP_012075693.1)	1100	1	1101	98.636	1100	15	0	0.0	1949	VFG051602(gb|WP_012075693.1) (tssA) type VI secretion system protein TssA [HSI-3 (VF0944) - Effector delivery system (VFC0086)] [Pseudomonas aeruginosa PA7]
AFNF01000344.1	3288	4387	5741	VFG051604(gb|WP_003139323.1)	1100	1	1101	98.091	1100	21	0	0.0	1916	VFG051604(gb|WP_003139323.1) (tssA) type VI secretion system protein TssA [HSI-3 (VF0944) - Effector delivery system (VFC0086)] [Pseudomonas aeruginosa UCBPP-PA14]
AFNF01000345.1	5453	5723	5723	VFG051489(gb|WP_003083217.1)	2529	2259	2529	100.000	271	0	0	2.77e-140	501	VFG051489(gb|WP_003083217.1) (vgrG) type VI secretion system tip protein VgrG [HSI-2 (VF0943) - Effector delivery system (VFC0086)] [Pseudomonas aeruginosa LESB58]
AFNF01000345.1	5453	5723	5723	VFG041012(gb|NP_250202)	2529	2259	2529	99.631	271	1	0	1.29e-138	496	VFG041012(gb|NP_250202) (vgrG) type VI secretion system tip protein VgrG [HSI-2 (VF0943) - Effector delivery system (VFC0086)] [Pseudomonas aeruginosa PAO1]
AFNF01000345.1	5453	5723	5723	VFG051491(gb|WP_011666716.1)	2529	2259	2529	98.524	271	4	0	1.30e-133	479	VFG051491(gb|WP_011666716.1) (vgrG) type VI secretion system tip protein VgrG [HSI-2 (VF0943) - Effector delivery system (VFC0086)] [Pseudomonas aeruginosa UCBPP-PA14]
AFNF01000355.1	1115	1384	5663	VFG014997(gb|NP_252722)	1	270	270	100.000	270	0	0	9.84e-140	499	VFG014997(gb|NP_252722) (mucE) small envelope protein MucE [Alginate (VF0091) - Biofilm (VFC0271)] [Pseudomonas aeruginosa PAO1]
AFNF01000355.1	1115	1384	5663	VFG019923(gb|WP_003093256)	1	270	270	99.630	270	1	0	4.58e-138	494	VFG019923(gb|WP_003093256) (mucE) small envelope protein MucE [Alginate (VF0091) - Biofilm (VFC0271)] [Pseudomonas aeruginosa LESB58]
AFNF01000355.1	1115	1384	5663	VFG014999(gb|WP_003093256)	1	270	270	98.519	270	4	0	4.61e-133	477	VFG014999(gb|WP_003093256) (mucE) small envelope protein MucE [Alginate (VF0091) - Biofilm (VFC0271)] [Pseudomonas aeruginosa UCBPP-PA14]
AFNF01000355.1	1115	1384	5663	VFG014998(gb|WP_012074401)	1	270	270	83.395	271	43	2	1.09e-64	250	VFG014998(gb|WP_012074401) (mucE) small envelope protein MucE [Alginate (VF0091) - Biofilm (VFC0271)] [Pseudomonas aeruginosa PA7]
AFNF01000360.1	243	2792	5620	VFG041043(gb|NP_251061)	2550	1	2550	99.294	2550	18	0	0.0	4610	VFG041043(gb|NP_251061) (tssH) type VI secretion system ATPase TssH [HSI-3 (VF0944) - Effector delivery system (VFC0086)] [Pseudomonas aeruginosa PAO1]
AFNF01000360.1	253	2792	5620	VFG051654(gb|WP_003139311.1)	2540	1	2550	99.055	2540	24	0	0.0	4558	VFG051654(gb|WP_003139311.1) (tssH) type VI secretion system ATPase TssH [HSI-3 (VF0944) - Effector delivery system (VFC0086)] [Pseudomonas aeruginosa UCBPP-PA14]
AFNF01000360.1	253	2792	5620	VFG051651(gb|WP_012614148.1)	2540	1	2550	99.016	2540	25	0	0.0	4553	VFG051651(gb|WP_012614148.1) (tssH) type VI secretion system ATPase TssH [HSI-3 (VF0944) - Effector delivery system (VFC0086)] [Pseudomonas aeruginosa LESB58]
AFNF01000360.1	244	2791	5620	VFG051652(gb|WP_012075685.1)	2549	2	2550	96.199	2552	89	7	0.0	4169	VFG051652(gb|WP_012075685.1) (tssH) type VI secretion system ATPase TssH [HSI-3 (VF0944) - Effector delivery system (VFC0086)] [Pseudomonas aeruginosa PA7]
AFNF01000360.1	3774	5567	5620	VFG051642(gb|WP_012075687.1)	1794	1	1794	98.941	1794	19	0	0.0	3208	VFG051642(gb|WP_012075687.1) (tssF) type VI secretion system baseplate subunit TssF [HSI-3 (VF0944) - Effector delivery system (VFC0086)] [Pseudomonas aeruginosa PA7]
AFNF01000360.1	3774	5567	5620	VFG051644(gb|WP_003089497.1)	1794	1	1794	98.829	1794	21	0	0.0	3197	VFG051644(gb|WP_003089497.1) (tssF) type VI secretion system baseplate subunit TssF [HSI-3 (VF0944) - Effector delivery system (VFC0086)] [Pseudomonas aeruginosa UCBPP-PA14]
AFNF01000360.1	3774	5567	5620	VFG041041(gb|NP_251059)	1794	1	1794	98.606	1794	25	0	0.0	3175	VFG041041(gb|NP_251059) (tssF) type VI secretion system baseplate subunit TssF [HSI-3 (VF0944) - Effector delivery system (VFC0086)] [Pseudomonas aeruginosa PAO1]
AFNF01000360.1	3774	5567	5620	VFG051641(gb|WP_012614149.1)	1794	1	1794	98.384	1794	29	0	0.0	3153	VFG051641(gb|WP_012614149.1) (tssF) type VI secretion system baseplate subunit TssF [HSI-3 (VF0944) - Effector delivery system (VFC0086)] [Pseudomonas aeruginosa LESB58]
AFNF01000360.1	247	2792	5620	VFG051655(gb|WP_011334782.1)	2537	1	2541	81.077	2563	442	39	0.0	2006	VFG051655(gb|WP_011334782.1) (tssH) type VI secretion system ATPase TssH [HSI-3 (VF0944) - Effector delivery system (VFC0086)] [Pseudomonas fluorescens Pf0-1]
AFNF01000360.1	2794	3810	5620	VFG051647(gb|WP_012075686.1)	1017	1	1017	98.427	1017	16	0	0.0	1790	VFG051647(gb|WP_012075686.1) (tssG) type VI secretion system baseplate subunit TssG [HSI-3 (VF0944) - Effector delivery system (VFC0086)] [Pseudomonas aeruginosa PA7]
AFNF01000361.1	1545	3428	5609	VFG020026(gb|WP_012613547)	1884	1	1884	99.522	1884	9	0	0.0	3430	VFG020026(gb|WP_012613547) (phzE1) phenazine biosynthesis protein PhzE [Pyocyanin (VF0100) - Nutritional/Metabolic factor (VFC0272)] [Pseudomonas aeruginosa LESB58]
AFNF01000361.1	1545	3428	5609	VFG015515(gb|NP_252903)	1884	1	1884	99.151	1884	16	0	0.0	3391	VFG015515(gb|NP_252903) (phzE1) phenazine biosynthesis protein PhzE [Pyocyanin (VF0100) - Nutritional/Metabolic factor (VFC0272)] [Pseudomonas aeruginosa PAO1]
AFNF01000361.1	1545	3428	5609	VFG015517(gb|WP_003137488)	1884	1	1884	99.045	1884	18	0	0.0	3380	VFG015517(gb|WP_003137488) (phzE1) phenazine biosynthesis protein PhzE [Pyocyanin (VF0100) - Nutritional/Metabolic factor (VFC0272)] [Pseudomonas aeruginosa UCBPP-PA14]
AFNF01000361.1	1545	3428	5609	VFG015538(gb|WP_011666697)	1884	1	1884	98.885	1884	21	0	0.0	3363	VFG015538(gb|WP_011666697) (phzE2) phenazine biosynthesis protein PhzE [Pyocyanin (VF0100) - Nutritional/Metabolic factor (VFC0272)] [Pseudomonas aeruginosa UCBPP-PA14]
AFNF01000361.1	1545	3428	5609	VFG015537(gb|WP_012074247)	1884	1	1884	96.444	1884	67	0	0.0	3109	VFG015537(gb|WP_012074247) (phzE2) phenazine biosynthesis protein PhzE [Pyocyanin (VF0100) - Nutritional/Metabolic factor (VFC0272)] [Pseudomonas aeruginosa PA7]
AFNF01000361.1	1545	3428	5609	VFG015516(gb|WP_012074247)	1884	1	1884	96.125	1884	73	0	0.0	3075	VFG015516(gb|WP_012074247) (phzE1) phenazine biosynthesis protein PhzE [Pyocyanin (VF0100) - Nutritional/Metabolic factor (VFC0272)] [Pseudomonas aeruginosa PA7]
AFNF01000361.1	4045	5262	5609	VFG015511(gb|WP_011666542)	1218	1	1218	99.507	1218	6	0	0.0	2217	VFG015511(gb|WP_011666542) (phzC1) phenazine biosynthesis protein PhzC [Pyocyanin (VF0100) - Nutritional/Metabolic factor (VFC0272)] [Pseudomonas aeruginosa UCBPP-PA14]
AFNF01000361.1	4045	5262	5609	VFG015532(gb|WP_011666699)	1218	1	1218	99.261	1218	9	0	0.0	2200	VFG015532(gb|WP_011666699) (phzC2) phenazine biosynthesis protein PhzC [Pyocyanin (VF0100) - Nutritional/Metabolic factor (VFC0272)] [Pseudomonas aeruginosa UCBPP-PA14]
AFNF01000361.1	4045	5262	5609	VFG020024(gb|WP_003093621)	1218	1	1218	99.179	1218	10	0	0.0	2194	VFG020024(gb|WP_003093621) (phzC1) phenazine biosynthesis protein PhzC [Pyocyanin (VF0100) - Nutritional/Metabolic factor (VFC0272)] [Pseudomonas aeruginosa LESB58]
AFNF01000361.1	4045	5262	5609	VFG015509(gb|NP_252901)	1218	1	1218	99.097	1218	11	0	0.0	2189	VFG015509(gb|NP_252901) (phzC1) phenazine biosynthesis protein PhzC [Pyocyanin (VF0100) - Nutritional/Metabolic factor (VFC0272)] [Pseudomonas aeruginosa PAO1]
AFNF01000364.1	1377	2342	5582	VFG014733(gb|NP_252216)	1	966	966	99.689	966	3	0	0.0	1768	VFG014733(gb|NP_252216) (motY) probable outer membrane protein precursor [Flagella (VF0273) - Motility (VFC0204)] [Pseudomonas aeruginosa PAO1]
AFNF01000364.1	1377	2342	5582	VFG014735(gb|WP_003138116)	1	966	966	99.172	966	8	0	0.0	1740	VFG014735(gb|WP_003138116) (motY) probable outer membrane protein precursor [Flagella (VF0273) - Motility (VFC0204)] [Pseudomonas aeruginosa UCBPP-PA14]
AFNF01000364.1	1377	2342	5582	VFG014734(gb|WP_012074781)	1	966	966	92.754	966	70	0	0.0	1397	VFG014734(gb|WP_012074781) (motY) probable outer membrane protein precursor [Flagella (VF0273) - Motility (VFC0204)] [Pseudomonas aeruginosa PA7]
AFNF01000372.1	3297	3975	5550	VFG041031(gb|NP_251049)	791	113	1086	81.936	692	99	20	1.21e-158	562	VFG041031(gb|NP_251049) (PA2359) transcriptional regulator [HSI-3 (VF0944) - Effector delivery system (VFC0086)] [Pseudomonas aeruginosa PAO1]
AFNF01000372.1	3668	3965	5550	VFG019823(gb|WP_003086448)	795	498	1473	80.984	305	44	11	1.40e-58	230	VFG019823(gb|WP_003086448) (fleQ) transcriptional regulator FleQ [Flagella (VF0273) - Motility (VFC0204)] [Pseudomonas aeruginosa LESB58]
AFNF01000372.1	3668	3965	5550	VFG014358(gb|WP_003086448)	795	498	1473	80.984	305	44	11	1.40e-58	230	VFG014358(gb|WP_003086448) (fleQ) transcriptional regulator FleQ [Flagella (VF0273) - Motility (VFC0204)] [Pseudomonas aeruginosa UCBPP-PA14]
AFNF01000372.1	3668	3965	5550	VFG001248(gb|NP_249788)	795	498	1473	80.984	305	44	11	1.40e-58	230	VFG001248(gb|NP_249788) (fleQ) transcriptional regulator FleQ [Flagella (VF0273) - Motility (VFC0204)] [Pseudomonas aeruginosa PAO1]
AFNF01000372.1	3716	3756	5550	VFG000116(gb|NP_254170)	750	710	1350	95.122	41	2	0	4.17e-09	65.8	VFG000116(gb|NP_254170) (algB) two-component response regulator AlgB [Alginate (VF0091) - Biofilm (VFC0271)] [Pseudomonas aeruginosa PAO1]
AFNF01000373.1	2221	3417	5540	VFG015170(gb|WP_011666674)	1	1196	1245	98.997	1197	11	1	0.0	2143	VFG015170(gb|WP_011666674) (exoY) type III secretion system effector ExoY, adenylate cyclase [TTSS secreted effectors (VF0853) - Effector delivery system (VFC0086)] [Pseudomonas aeruginosa UCBPP-PA14]
AFNF01000373.1	3995	4042	5540	VFG015170(gb|WP_011666674)	1196	1244	1245	95.918	49	1	1	5.35e-13	78.7	VFG015170(gb|WP_011666674) (exoY) type III secretion system effector ExoY, adenylate cyclase [TTSS secreted effectors (VF0853) - Effector delivery system (VFC0086)] [Pseudomonas aeruginosa UCBPP-PA14]
AFNF01000373.1	2221	3357	5540	VFG019980(gb|WP_003115517)	1	1137	1137	99.296	1137	8	0	0.0	2056	VFG019980(gb|WP_003115517) (exoY) type III secretion system effector ExoY, adenylate cyclase [TTSS secreted effectors (VF0853) - Effector delivery system (VFC0086)] [Pseudomonas aeruginosa LESB58]
AFNF01000373.1	2221	3357	5540	VFG000150(gb|NP_250881)	1	1137	1137	99.296	1137	8	0	0.0	2056	VFG000150(gb|NP_250881) (exoY) type III secretion system effector ExoY, adenylate cyclase [TTSS secreted effectors (VF0853) - Effector delivery system (VFC0086)] [Pseudomonas aeruginosa PAO1]
AFNF01000373.1	1	844	5540	VFG020049(gb|WP_003113685)	844	1	1395	99.882	844	1	0	0.0	1554	VFG020049(gb|WP_003113685) (hcnB) cyanide-forming glycine dehydrogenase subunit HcnB [Hydrogen cyanide production (VF0920) - Antimicrobial activity/Competitive advantage (VFC0325)] [Pseudomonas aeruginosa LESB58]
AFNF01000373.1	1	844	5540	VFG015920(gb|NP_250884)	844	1	1395	99.882	844	1	0	0.0	1554	VFG015920(gb|NP_250884) (hcnB) hydrogen cyanide synthase subunit HcnB [Hydrogen cyanide production (VF0920) - Antimicrobial activity/Competitive advantage (VFC0325)] [Pseudomonas aeruginosa PAO1]
AFNF01000373.1	1	844	5540	VFG015922(gb|WP_009315733)	844	1	1395	99.289	844	6	0	0.0	1526	VFG015922(gb|WP_009315733) (hcnB) cyanide-forming glycine dehydrogenase subunit HcnB [Hydrogen cyanide production (VF0920) - Antimicrobial activity/Competitive advantage (VFC0325)] [Pseudomonas aeruginosa UCBPP-PA14]
AFNF01000373.1	1	844	5540	VFG015921(gb|WP_012075861)	844	1	1395	91.124	845	73	2	0.0	1144	VFG015921(gb|WP_012075861) (hcnB) cyanide-forming glycine dehydrogenase subunit HcnB [Hydrogen cyanide production (VF0920) - Antimicrobial activity/Competitive advantage (VFC0325)] [Pseudomonas aeruginosa PA7]
AFNF01000373.1	841	1155	5540	VFG015914(gb|NP_250883)	315	1	315	99.683	315	1	0	4.32e-163	577	VFG015914(gb|NP_250883) (hcnA) hydrogen cyanide synthase subunit HcnA [Hydrogen cyanide production (VF0920) - Antimicrobial activity/Competitive advantage (VFC0325)] [Pseudomonas aeruginosa PAO1]
AFNF01000373.1	841	1155	5540	VFG015916(gb|WP_003089025)	315	1	315	99.048	315	3	0	9.36e-160	566	VFG015916(gb|WP_003089025) (hcnA) cyanide-forming glycine dehydrogenase subunit HcnA [Hydrogen cyanide production (VF0920) - Antimicrobial activity/Competitive advantage (VFC0325)] [Pseudomonas aeruginosa UCBPP-PA14]
AFNF01000373.1	841	1155	5540	VFG015915(gb|WP_012075862)	315	1	315	92.405	316	22	2	9.84e-125	449	VFG015915(gb|WP_012075862) (hcnA) cyanide-forming glycine dehydrogenase subunit HcnA [Hydrogen cyanide production (VF0920) - Antimicrobial activity/Competitive advantage (VFC0325)] [Pseudomonas aeruginosa PA7]
AFNF01000377.1	2526	3914	5518	VFG019797(gb|WP_003082154)	1389	1	1389	99.856	1389	2	0	0.0	2555	VFG019797(gb|WP_003082154) (flgE) flagellar hook protein FlgE [Flagella (VF0273) - Motility (VFC0204)] [Pseudomonas aeruginosa LESB58]
AFNF01000377.1	2526	3914	5518	VFG001238(gb|NP_249771)	1389	1	1389	99.784	1389	3	0	0.0	2549	VFG001238(gb|NP_249771) (flgE) flagellar hook protein FlgE [Flagella (VF0273) - Motility (VFC0204)] [Pseudomonas aeruginosa PAO1]
AFNF01000377.1	2526	3914	5518	VFG014189(gb|WP_003086405)	1389	1	1389	98.560	1389	20	0	0.0	2455	VFG014189(gb|WP_003086405) (flgE) flagellar hook protein FlgE [Flagella (VF0273) - Motility (VFC0204)] [Pseudomonas aeruginosa UCBPP-PA14]
AFNF01000377.1	2526	3914	5518	VFG014188(gb|WP_012076727)	1389	1	1389	93.808	1389	86	0	0.0	2089	VFG014188(gb|WP_012076727) (flgE) flagellar hook protein FlgE [Flagella (VF0273) - Motility (VFC0204)] [Pseudomonas aeruginosa PA7]
AFNF01000377.1	727	1512	5518	VFG001240(gb|NP_249773)	786	1	786	99.873	786	1	0	0.0	1447	VFG001240(gb|NP_249773) (flgG) flagellar basal-body rod protein FlgG [Flagella (VF0273) - Motility (VFC0204)] [Pseudomonas aeruginosa PAO1]
AFNF01000377.1	727	1512	5518	VFG014215(gb|WP_003082164)	786	1	786	99.364	786	5	0	0.0	1424	VFG014215(gb|WP_003082164) (flgG) flagellar basal-body rod protein FlgG [Flagella (VF0273) - Motility (VFC0204)] [Pseudomonas aeruginosa UCBPP-PA14]
AFNF01000377.1	1559	2308	5518	VFG001239(gb|NP_249772)	750	1	750	100.000	750	0	0	0.0	1386	VFG001239(gb|NP_249772) (flgF) flagellar basal-body rod protein FlgF [Flagella (VF0273) - Motility (VFC0204)] [Pseudomonas aeruginosa PAO1]
AFNF01000377.1	1559	2308	5518	VFG014202(gb|WP_003082159)	750	1	750	99.200	750	6	0	0.0	1352	VFG014202(gb|WP_003082159) (flgF) flagellar basal-body rod protein FlgF [Flagella (VF0273) - Motility (VFC0204)] [Pseudomonas aeruginosa UCBPP-PA14]
AFNF01000377.1	3942	4655	5518	VFG001237(gb|NP_249770)	714	1	714	100.000	714	0	0	0.0	1319	VFG001237(gb|NP_249770) (flgD) flagellar basal-body rod modification protein FlgD [Flagella (VF0273) - Motility (VFC0204)] [Pseudomonas aeruginosa PAO1]
AFNF01000377.1	3942	4655	5518	VFG019795(gb|WP_003082153)	714	1	714	99.860	714	1	0	0.0	1314	VFG019795(gb|WP_003082153) (flgD) flagellar basal-body rod modification protein FlgD [Flagella (VF0273) - Motility (VFC0204)] [Pseudomonas aeruginosa LESB58]
AFNF01000381.1	3340	4344	5472	VFG020036(gb|WP_003093617)	1005	1	1005	100.000	1005	0	0	0.0	1857	VFG020036(gb|WP_003093617) (phzM) phenazine-specific methyltransferase PhzM (adenosylmethionine dependent methyltransferase) [Pyocyanin (VF0100) - Nutritional/Metabolic factor (VFC0272)] [Pseudomonas aeruginosa LESB58]
AFNF01000381.1	3340	4344	5472	VFG000172(gb|NP_252898)	1005	1	1005	99.701	1005	3	0	0.0	1840	VFG000172(gb|NP_252898) (phzM) phenazine-specific methyltransferase PhzM (adenosylmethionine dependent methyltransferase) [Pyocyanin (VF0100) - Nutritional/Metabolic factor (VFC0272)] [Pseudomonas aeruginosa PAO1]
AFNF01000381.1	3340	4344	5472	VFG015547(gb|WP_003093617)	1005	1	1005	99.602	1005	4	0	0.0	1834	VFG015547(gb|WP_003093617) (phzM) phenazine-specific methyltransferase PhzM (adenosylmethionine dependent methyltransferase) [Pyocyanin (VF0100) - Nutritional/Metabolic factor (VFC0272)] [Pseudomonas aeruginosa UCBPP-PA14]
AFNF01000381.1	3340	4344	5472	VFG015546(gb|WP_012074250)	1005	1	1005	88.194	1008	113	6	0.0	1197	VFG015546(gb|WP_012074250) (phzM) phenazine-specific methyltransferase PhzM (adenosylmethionine dependent methyltransferase) [Pyocyanin (VF0100) - Nutritional/Metabolic factor (VFC0272)] [Pseudomonas aeruginosa PA7]
AFNF01000381.1	5041	5472	5472	VFG015505(gb|WP_003137497)	1	432	489	98.380	432	7	0	0.0	760	VFG015505(gb|WP_003137497) (phzA1) phenazine biosynthesis protein PhzA [Pyocyanin (VF0100) - Nutritional/Metabolic factor (VFC0272)] [Pseudomonas aeruginosa UCBPP-PA14]
AFNF01000381.1	5041	5472	5472	VFG015503(gb|NP_252899)	1	432	489	98.380	432	7	0	0.0	760	VFG015503(gb|NP_252899) (phzA1) phenazine biosynthesis protein PhzA [Pyocyanin (VF0100) - Nutritional/Metabolic factor (VFC0272)] [Pseudomonas aeruginosa PAO1]
AFNF01000381.1	5041	5472	5472	VFG020022(gb|WP_012613549)	1	432	489	98.148	432	8	0	0.0	754	VFG020022(gb|WP_012613549) (phzA1) phenazine biosynthesis protein PhzA [Pyocyanin (VF0100) - Nutritional/Metabolic factor (VFC0272)] [Pseudomonas aeruginosa LESB58]
AFNF01000381.1	5098	5472	5472	VFG015524(gb|NP_250590)	58	432	489	97.606	376	7	2	0.0	643	VFG015524(gb|NP_250590) (phzA2) phenazine biosynthesis protein PhzA [Pyocyanin (VF0100) - Nutritional/Metabolic factor (VFC0272)] [Pseudomonas aeruginosa PAO1]
AFNF01000381.1	5087	5472	5472	VFG015526(gb|WP_009877875)	47	432	489	96.382	387	12	2	0.0	636	VFG015526(gb|WP_009877875) (phzA2) phenazine biosynthesis protein PhzA [Pyocyanin (VF0100) - Nutritional/Metabolic factor (VFC0272)] [Pseudomonas aeruginosa UCBPP-PA14]
AFNF01000381.1	5098	5472	5472	VFG020029(gb|WP_012614267)	58	432	489	96.809	376	10	2	4.18e-178	627	VFG020029(gb|WP_012614267) (phzA2) phenazine biosynthesis protein PhzA [Pyocyanin (VF0100) - Nutritional/Metabolic factor (VFC0272)] [Pseudomonas aeruginosa LESB58]
AFNF01000387.1	3209	4213	5412	VFG043648(gb|NP_252312)	1005	1	1005	99.502	1005	5	0	0.0	1829	VFG043648(gb|NP_252312) (rpoS) RNA polymerase sigma factor RpoS [Type IV pili (VF0082) - Adherence (VFC0001)] [Pseudomonas aeruginosa PAO1]
AFNF01000387.1	3743	3850	5412	VFG024127(gb|WP_011894790)	939	832	1467	82.727	110	15	3	5.19e-18	95.3	VFG024127(gb|WP_011894790) (sigA/rpoV) RNA polymerase sigma factor [SigA (VF0257) - Regulation (VFC0301)] [Mycobacterium gilvum Spyr1]
AFNF01000390.1	2571	3848	5396	VFG043480(gb|NP_251450)	1	1278	1278	99.609	1278	5	0	0.0	2333	VFG043480(gb|NP_251450) (PA2760) hypothetical protein [PA2760 (VF0929) - Adherence (VFC0001)] [Pseudomonas aeruginosa PAO1]
AFNF01000390.1	3208	3323	5396	VFG043484(gb|WP_011063027)	728	843	1341	83.051	118	16	4	8.59e-21	104	VFG043484(gb|WP_011063027) (PFL_RS24295) OprD family porin [OprD (VF0933) - Adherence (VFC0001)] [Pseudomonas fluorescens Pf-5]
AFNF01000391.1	4855	5379	5379	VFG000141(gb|NP_253675)	1278	754	1278	100.000	525	0	0	0.0	970	VFG000141(gb|NP_253675) (waaA) lipopolysaccharide core biosynthesis protein WaaP [LPS (VF0085) - Immune modulation (VFC0258)] [Pseudomonas aeruginosa PAO1]
AFNF01000395.1	3907	4066	5357	VFG041031(gb|NP_251049)	264	423	1086	81.595	163	24	6	1.41e-28	130	VFG041031(gb|NP_251049) (PA2359) transcriptional regulator [HSI-3 (VF0944) - Effector delivery system (VFC0086)] [Pseudomonas aeruginosa PAO1]
AFNF01000395.1	3929	4024	5357	VFG000116(gb|NP_254170)	664	759	1350	81.633	98	14	4	5.17e-13	78.7	VFG000116(gb|NP_254170) (algB) two-component response regulator AlgB [Alginate (VF0091) - Biofilm (VFC0271)] [Pseudomonas aeruginosa PAO1]
AFNF01000399.1	563	5292	5292	VFG001231(gb|NP_249104)	1	4730	7419	99.725	4730	13	0	0.0	8663	VFG001231(gb|NP_249104) (chpA) still frameshift probable component of chemotactic signal transduction system [Type IV pili (VF0082) - Adherence (VFC0001)] [Pseudomonas aeruginosa PAO1]
AFNF01000399.1	4757	4857	5292	VFG001231(gb|NP_249104)	4675	4775	7419	90.099	101	10	0	3.86e-29	132	VFG001231(gb|NP_249104) (chpA) still frameshift probable component of chemotactic signal transduction system [Type IV pili (VF0082) - Adherence (VFC0001)] [Pseudomonas aeruginosa PAO1]
AFNF01000399.1	5237	5291	5292	VFG001231(gb|NP_249104)	4195	4249	7419	94.545	55	3	0	3.05e-15	86.1	VFG001231(gb|NP_249104) (chpA) still frameshift probable component of chemotactic signal transduction system [Type IV pili (VF0082) - Adherence (VFC0001)] [Pseudomonas aeruginosa PAO1]
AFNF01000399.1	563	5292	5292	VFG019771(gb|WP_012613502)	1	4730	7419	99.577	4730	20	0	0.0	8624	VFG019771(gb|WP_012613502) (chpA) still frameshift probable component of chemotactic signal transduction system [Type IV pili (VF0082) - Adherence (VFC0001)] [Pseudomonas aeruginosa LESB58]
AFNF01000399.1	4757	4857	5292	VFG019771(gb|WP_012613502)	4675	4775	7419	90.099	101	10	0	3.86e-29	132	VFG019771(gb|WP_012613502) (chpA) still frameshift probable component of chemotactic signal transduction system [Type IV pili (VF0082) - Adherence (VFC0001)] [Pseudomonas aeruginosa LESB58]
AFNF01000399.1	5237	5291	5292	VFG019771(gb|WP_012613502)	4195	4249	7419	94.545	55	3	0	3.05e-15	86.1	VFG019771(gb|WP_012613502) (chpA) still frameshift probable component of chemotactic signal transduction system [Type IV pili (VF0082) - Adherence (VFC0001)] [Pseudomonas aeruginosa LESB58]
AFNF01000399.1	563	5292	5292	VFG014062(gb|WP_004365046)	1	4742	7431	98.189	4748	62	6	0.0	8270	VFG014062(gb|WP_004365046) (chpA) still frameshift probable component of chemotactic signal transduction system [Type IV pili (VF0082) - Adherence (VFC0001)] [Pseudomonas aeruginosa UCBPP-PA14]
AFNF01000399.1	4757	4857	5292	VFG014062(gb|WP_004365046)	4687	4787	7431	90.099	101	10	0	3.86e-29	132	VFG014062(gb|WP_004365046) (chpA) still frameshift probable component of chemotactic signal transduction system [Type IV pili (VF0082) - Adherence (VFC0001)] [Pseudomonas aeruginosa UCBPP-PA14]
AFNF01000399.1	2766	5291	5292	VFG014061(gb|WP_012074001)	2162	4687	7377	91.164	2535	206	10	0.0	3424	VFG014061(gb|WP_012074001) (chpA) still frameshift probable component of chemotactic signal transduction system [Type IV pili (VF0082) - Adherence (VFC0001)] [Pseudomonas aeruginosa PA7]
AFNF01000399.1	563	2732	5292	VFG014061(gb|WP_012074001)	1	2170	7377	94.064	2173	123	5	0.0	3293	VFG014061(gb|WP_012074001) (chpA) still frameshift probable component of chemotactic signal transduction system [Type IV pili (VF0082) - Adherence (VFC0001)] [Pseudomonas aeruginosa PA7]
AFNF01000399.1	4757	4854	5292	VFG014061(gb|WP_012074001)	4633	4730	7377	91.837	98	8	0	8.31e-31	137	VFG014061(gb|WP_012074001) (chpA) still frameshift probable component of chemotactic signal transduction system [Type IV pili (VF0082) - Adherence (VFC0001)] [Pseudomonas aeruginosa PA7]
AFNF01000399.1	563	2229	5292	VFG014071(gb|WP_041772785)	1	1667	7257	83.731	1678	251	21	0.0	1567	VFG014071(gb|WP_041772785) (chpA) still frameshift probable component of chemotactic signal transduction system [Type IV pili (VF0082) - Adherence (VFC0001)] [Pseudomonas mendocina ymp]
AFNF01000399.1	1	551	5292	VFG019770(gb|WP_003100938)	326	876	876	99.637	551	2	0	0.0	1007	VFG019770(gb|WP_003100938) (pilK) methyltransferase PilK [Type IV pili (VF0082) - Adherence (VFC0001)] [Pseudomonas aeruginosa LESB58]
AFNF01000399.1	1	551	5292	VFG014057(gb|WP_003084594)	326	876	876	99.274	551	4	0	0.0	996	VFG014057(gb|WP_003084594) (pilK) methyltransferase PilK [Type IV pili (VF0082) - Adherence (VFC0001)] [Pseudomonas aeruginosa UCBPP-PA14]
AFNF01000399.1	1	551	5292	VFG001229(gb|NP_249103)	326	876	876	99.274	551	4	0	0.0	996	VFG001229(gb|NP_249103) (pilK) methyltransferase PilK [Type IV pili (VF0082) - Adherence (VFC0001)] [Pseudomonas aeruginosa PAO1]
AFNF01000399.1	1	551	5292	VFG014056(gb|WP_003148852)	326	876	876	93.297	552	35	2	0.0	813	VFG014056(gb|WP_003148852) (pilK) methyltransferase PilK [Type IV pili (VF0082) - Adherence (VFC0001)] [Pseudomonas aeruginosa PA7]
AFNF01000405.1	1	2330	5265	VFG042740(gb|NP_252983)	440	2769	2769	99.270	2330	17	0	0.0	4209	VFG042740(gb|NP_252983) (pprA) two-component sensor PprA [Type IV pili (VF0928) - Adherence (VFC0001)] [Pseudomonas aeruginosa PAO1]
AFNF01000419.1	1535	3697	5128	VFG020096(gb|WP_003118950)	2163	1	2163	99.954	2163	1	0	0.0	3989	VFG020096(gb|WP_003118950) (fptA) Fe(III)-pyochelin receptor precursor [Pyochelin (VF0095) - Nutritional/Metabolic factor (VFC0272)] [Pseudomonas aeruginosa LESB58]
AFNF01000419.1	1535	3697	5128	VFG000164(gb|NP_252911)	2163	1	2163	99.723	2163	6	0	0.0	3962	VFG000164(gb|NP_252911) (fptA) Fe(III)-pyochelin receptor precursor [Pyochelin (VF0095) - Nutritional/Metabolic factor (VFC0272)] [Pseudomonas aeruginosa PAO1]
AFNF01000419.1	1535	3697	5128	VFG016153(gb|WP_003111969)	2163	1	2163	99.491	2163	11	0	0.0	3934	VFG016153(gb|WP_003111969) (fptA) Fe(III)-pyochelin receptor precursor [Pyochelin (VF0095) - Nutritional/Metabolic factor (VFC0272)] [Pseudomonas aeruginosa UCBPP-PA14]
AFNF01000419.1	1535	3697	5128	VFG016152(gb|WP_034000074)	2160	1	2160	92.471	2165	156	5	0.0	3088	VFG016152(gb|WP_034000074) (fptA) Fe(III)-pyochelin receptor precursor [Pyochelin (VF0095) - Nutritional/Metabolic factor (VFC0272)] [Pseudomonas aeruginosa PA7]
AFNF01000419.1	3789	5128	5128	VFG020086(gb|WP_012613545)	1725	386	1725	99.851	1340	2	0	0.0	2464	VFG020086(gb|WP_012613545) (pchI) ABC transporter ATP-binding protein [Pyochelin (VF0095) - Nutritional/Metabolic factor (VFC0272)] [Pseudomonas aeruginosa LESB58]
AFNF01000419.1	3789	5128	5128	VFG001266(gb|NP_252912)	1725	386	1725	99.627	1340	5	0	0.0	2447	VFG001266(gb|NP_252912) (pchI) ABC transporter ATP-binding protein [Pyochelin (VF0095) - Nutritional/Metabolic factor (VFC0272)] [Pseudomonas aeruginosa PAO1]
AFNF01000419.1	3789	5128	5128	VFG016107(gb|WP_003137474)	1725	386	1725	99.030	1340	13	0	0.0	2403	VFG016107(gb|WP_003137474) (pchI) ABC transporter ATP-binding protein [Pyochelin (VF0095) - Nutritional/Metabolic factor (VFC0272)] [Pseudomonas aeruginosa UCBPP-PA14]
AFNF01000419.1	1	1252	5128	VFG044097(gb|NP_252909)	1252	1	1506	99.361	1252	8	0	0.0	2268	VFG044097(gb|NP_252909) (PA4219) hypothetical protein [Pyochelin (VF0095) - Nutritional/Metabolic factor (VFC0272)] [Pseudomonas aeruginosa PAO1]
AFNF01000419.1	3789	5128	5128	VFG016106(gb|WP_012074240)	1725	386	1725	93.299	1343	84	6	0.0	1977	VFG016106(gb|WP_012074240) (pchI) ABC transporter ATP-binding protein [Pyochelin (VF0095) - Nutritional/Metabolic factor (VFC0272)] [Pseudomonas aeruginosa PA7]
AFNF01000419.1	1254	1535	5128	VFG044098(gb|NP_252910)	282	1	282	99.291	282	2	0	4.12e-143	510	VFG044098(gb|NP_252910) (PA4220) hypothetical protein [Pyochelin (VF0095) - Nutritional/Metabolic factor (VFC0272)] [Pseudomonas aeruginosa PAO1]
AFNF01000429.1	3745	3807	4997	VFG009930(gb|WP_011779804)	701	763	2367	83.077	65	7	4	2.26e-06	56.5	VFG009930(gb|WP_011779804) (relA) Probable GTP pyrophosphokinase RelA (ATP:GTP 3'-pyrophosphotransferase) (PPGPP synthetase I) ((P)PPGPP synthetase) (GTP diphosphokinase) [RelA (VF0287) - Regulation (VFC0301)] [Mycobacterium vanbaalenii PYR-1]
AFNF01000432.1	1438	2481	4992	VFG019873(gb|WP_003095673)	1044	1	1044	99.617	1044	4	0	0.0	1906	VFG019873(gb|WP_003095673) (motB) flagellar motor protein [Flagella (VF0273) - Motility (VFC0204)] [Pseudomonas aeruginosa LESB58]
AFNF01000432.1	1438	2481	4992	VFG014683(gb|WP_003095673)	1044	1	1044	99.521	1044	5	0	0.0	1901	VFG014683(gb|WP_003095673) (motB) flagellar motor protein [Flagella (VF0273) - Motility (VFC0204)] [Pseudomonas aeruginosa UCBPP-PA14]
AFNF01000432.1	1438	2481	4992	VFG014681(gb|NP_253640)	1044	1	1044	99.425	1044	6	0	0.0	1895	VFG014681(gb|NP_253640) (motB) flagellar motor protein [Flagella (VF0273) - Motility (VFC0204)] [Pseudomonas aeruginosa PAO1]
AFNF01000432.1	2501	3352	4992	VFG014694(gb|NP_253641)	852	1	852	100.000	852	0	0	0.0	1574	VFG014694(gb|NP_253641) (motA) flagellar motor protein [Flagella (VF0273) - Motility (VFC0204)] [Pseudomonas aeruginosa PAO1]
AFNF01000432.1	1444	2481	4992	VFG014682(gb|WP_012077641)	1023	1	1029	92.678	1038	61	9	0.0	1482	VFG014682(gb|WP_012077641) (motB) flagellar motor protein [Flagella (VF0273) - Motility (VFC0204)] [Pseudomonas aeruginosa PA7]
AFNF01000432.1	2501	3352	4992	VFG014696(gb|WP_003095674)	852	1	852	98.005	852	17	0	0.0	1480	VFG014696(gb|WP_003095674) (motA) flagellar motor protein [Flagella (VF0273) - Motility (VFC0204)] [Pseudomonas aeruginosa UCBPP-PA14]
AFNF01000432.1	2501	3352	4992	VFG014695(gb|WP_012077642)	852	1	852	92.840	852	61	0	0.0	1236	VFG014695(gb|WP_012077642) (motA) flagellar motor protein [Flagella (VF0273) - Motility (VFC0204)] [Pseudomonas aeruginosa PA7]
AFNF01000432.1	1645	2481	4992	VFG014689(gb|WP_011535959)	816	1	1026	83.075	839	117	16	0.0	739	VFG014689(gb|WP_011535959) (motB) flagellar motor protein [Flagella (VF0273) - Motility (VFC0204)] [Pseudomonas entomophila L48]
AFNF01000432.1	2503	3350	4992	VFG014706(gb|WP_011914805)	850	4	852	81.669	851	149	7	0.0	701	VFG014706(gb|WP_011914805) (motA) flagellar motor protein [Flagella (VF0273) - Motility (VFC0204)] [Pseudomonas stutzeri A1501]
AFNF01000432.1	2507	3350	4992	VFG014705(gb|WP_003246530)	846	4	852	81.647	850	143	12	0.0	693	VFG014705(gb|WP_003246530) (motA) flagellar motor protein [Flagella (VF0273) - Motility (VFC0204)] [Pseudomonas mendocina ymp]
AFNF01000445.1	363	1871	4896	VFG000182(gb|NP_251793)	1	1509	1509	99.337	1509	10	0	0.0	2732	VFG000182(gb|NP_251793) (xcpR) general secretion pathway protein E [Xcp secretion system (VF0084) - Effector delivery system (VFC0086)] [Pseudomonas aeruginosa PAO1]
AFNF01000445.1	1871	3088	4896	VFG000181(gb|NP_251792)	1	1218	1218	99.836	1218	2	0	0.0	2239	VFG000181(gb|NP_251792) (xcpS) general secretion pathway protein F [Xcp secretion system (VF0084) - Effector delivery system (VFC0086)] [Pseudomonas aeruginosa PAO1]
AFNF01000445.1	3546	4064	4896	VFG000179(gb|NP_251790)	1	519	519	99.422	519	3	0	0.0	942	VFG000179(gb|NP_251790) (xcpU) general secretion pathway protein H [Xcp secretion system (VF0084) - Effector delivery system (VFC0086)] [Pseudomonas aeruginosa PAO1]
AFNF01000445.1	3093	3539	4896	VFG000180(gb|NP_251791)	1	447	447	99.776	447	1	0	0.0	821	VFG000180(gb|NP_251791) (xcpT) general secretion pathway protein G [Xcp secretion system (VF0084) - Effector delivery system (VFC0086)] [Pseudomonas aeruginosa PAO1]
AFNF01000445.1	4447	4896	4896	VFG000177(gb|NP_251788)	1	450	714	99.556	450	2	0	0.0	821	VFG000177(gb|NP_251788) (xcpW) general secretion pathway protein J [Xcp secretion system (VF0084) - Effector delivery system (VFC0086)] [Pseudomonas aeruginosa PAO1]
AFNF01000445.1	4061	4450	4896	VFG000178(gb|NP_251789)	1	390	390	98.974	390	4	0	0.0	699	VFG000178(gb|NP_251789) (xcpV) general secretion pathway protein I [Xcp secretion system (VF0084) - Effector delivery system (VFC0086)] [Pseudomonas aeruginosa PAO1]
AFNF01000445.1	1	143	4896	VFG000183(gb|NP_251794)	143	1	708	100.000	143	0	0	3.38e-69	265	VFG000183(gb|NP_251794) (xcpP) secretion protein XcpP [Xcp secretion system (VF0084) - Effector delivery system (VFC0086)] [Pseudomonas aeruginosa PAO1]
AFNF01000448.1	2936	3985	4830	VFG019945(gb|WP_003103203)	1	1050	1050	100.000	1050	0	0	0.0	1940	VFG019945(gb|WP_003103203) (pscU) type III secretion system protein PscU [TTSS (VF0083) - Effector delivery system (VFC0086)] [Pseudomonas aeruginosa LESB58]
AFNF01000448.1	2936	3985	4830	VFG000185(gb|NP_250381)	1	1050	1050	99.524	1050	5	0	0.0	1912	VFG000185(gb|NP_250381) (pscU) type III secretion system protein PscU [TTSS (VF0083) - Effector delivery system (VFC0086)] [Pseudomonas aeruginosa PAO1]
AFNF01000448.1	2936	3985	4830	VFG015094(gb|WP_003087668)	1	1050	1050	98.762	1050	13	0	0.0	1868	VFG015094(gb|WP_003087668) (pscU) type III secretion system protein PscU [TTSS (VF0083) - Effector delivery system (VFC0086)] [Pseudomonas aeruginosa UCBPP-PA14]
AFNF01000448.1	306	1235	4830	VFG000189(gb|NP_250385)	1	930	930	99.462	930	5	0	0.0	1690	VFG000189(gb|NP_250385) (pscQ) type III secretion system protein PscQ [TTSS (VF0083) - Effector delivery system (VFC0086)] [Pseudomonas aeruginosa PAO1]
AFNF01000448.1	306	1235	4830	VFG015102(gb|WP_003140061)	1	930	930	99.247	930	7	0	0.0	1679	VFG015102(gb|WP_003140061) (pscQ) type III secretion system protein PscQ [TTSS (VF0083) - Effector delivery system (VFC0086)] [Pseudomonas aeruginosa UCBPP-PA14]
AFNF01000448.1	306	1235	4830	VFG019949(gb|WP_012614297)	1	930	930	98.710	930	12	0	0.0	1652	VFG019949(gb|WP_012614297) (pscQ) type III secretion system protein PscQ [TTSS (VF0083) - Effector delivery system (VFC0086)] [Pseudomonas aeruginosa LESB58]
AFNF01000448.1	2151	2939	4830	VFG019946(gb|WP_003103206)	1	789	789	99.747	789	2	0	0.0	1447	VFG019946(gb|WP_003103206) (pscT) type III secretion system protein PscT [TTSS (VF0083) - Effector delivery system (VFC0086)] [Pseudomonas aeruginosa LESB58]
AFNF01000448.1	2151	2939	4830	VFG015096(gb|WP_003132884)	1	789	789	99.240	789	6	0	0.0	1424	VFG015096(gb|WP_003132884) (pscT) type III secretion system protein PscT [TTSS (VF0083) - Effector delivery system (VFC0086)] [Pseudomonas aeruginosa UCBPP-PA14]
AFNF01000448.1	2151	2939	4830	VFG000186(gb|NP_250382)	1	789	789	99.240	789	6	0	0.0	1424	VFG000186(gb|NP_250382) (pscT) type III secretion system protein PscT [TTSS (VF0083) - Effector delivery system (VFC0086)] [Pseudomonas aeruginosa PAO1]
AFNF01000448.1	1232	1885	4830	VFG019948(gb|WP_012614298)	1	654	654	99.388	654	4	0	0.0	1186	VFG019948(gb|WP_012614298) (pscR) type III secretion system protein PscR [TTSS (VF0083) - Effector delivery system (VFC0086)] [Pseudomonas aeruginosa LESB58]
AFNF01000450.1	2503	3672	4812	VFG014984(gb|NP_253136)	1170	1	1170	99.829	1170	2	0	0.0	2150	VFG014984(gb|NP_253136) (algW) AlgW protein [Alginate (VF0091) - Biofilm (VFC0271)] [Pseudomonas aeruginosa PAO1]
AFNF01000450.1	2503	3672	4812	VFG019921(gb|WP_003145897)	1170	1	1170	99.573	1170	5	0	0.0	2134	VFG019921(gb|WP_003145897) (algW) AlgW protein [Alginate (VF0091) - Biofilm (VFC0271)] [Pseudomonas aeruginosa LESB58]
AFNF01000450.1	2503	3672	4812	VFG014986(gb|WP_003094320)	1170	1	1170	98.889	1170	13	0	0.0	2089	VFG014986(gb|WP_003094320) (algW) AlgW protein [Alginate (VF0091) - Biofilm (VFC0271)] [Pseudomonas aeruginosa UCBPP-PA14]
AFNF01000450.1	2505	3672	4812	VFG014985(gb|WP_012077206)	1168	1	1170	94.606	1168	63	0	0.0	1808	VFG014985(gb|WP_012077206) (algW) AlgW protein [Alginate (VF0091) - Biofilm (VFC0271)] [Pseudomonas aeruginosa PA7]
AFNF01000450.1	2557	3672	4812	VFG014995(gb|WP_011921011)	1116	1	1143	83.868	1122	169	11	0.0	1059	VFG014995(gb|WP_011921011) (algW) AlgW protein [Alginate (VF0091) - Biofilm (VFC0271)] [Pseudomonas mendocina ymp]
AFNF01000450.1	2535	3667	4812	VFG014992(gb|WP_011535570)	1138	6	1161	83.275	1142	173	17	0.0	1035	VFG014992(gb|WP_011535570) (algW) AlgW protein [Alginate (VF0091) - Biofilm (VFC0271)] [Pseudomonas entomophila L48]
AFNF01000450.1	2533	3667	4812	VFG014991(gb|WP_003251794)	1140	6	1161	80.560	1142	208	14	0.0	867	VFG014991(gb|WP_003251794) (algW) AlgW protein [Alginate (VF0091) - Biofilm (VFC0271)] [Pseudomonas putida F1]
AFNF01000450.1	2530	3667	4812	VFG015772(gb|WP_012274088)	1144	6	1161	80.226	1148	208	19	0.0	845	VFG015772(gb|WP_012274088) (algW) AlgW protein [Alginate (VF0091) - Biofilm (VFC0271)] [Pseudomonas putida GB-1]
AFNF01000450.1	2526	3667	4812	VFG014990(gb|WP_014592300)	1146	6	1161	80.174	1150	211	17	0.0	845	VFG014990(gb|WP_014592300) (algW) AlgW protein [Alginate (VF0091) - Biofilm (VFC0271)] [Pseudomonas putida KT2440]
AFNF01000453.1	3752	3991	4794	VFG016099(gb|WP_010954972)	1666	1905	2439	81.301	246	34	10	2.05e-46	189	VFG016099(gb|WP_010954972) (fpvA) ferripyoverdine receptor FpvA [Pyoverdine (VF0094) - Nutritional/Metabolic factor (VFC0272)] [Pseudomonas putida KT2440]
AFNF01000454.1	3968	4003	4788	VFG038916(gb|WP_011705263)	1803	1768	2088	100.000	36	0	0	1.00e-09	67.6	VFG038916(gb|WP_011705263) (rtxB) RTX toxin transporter, ATPase protein [RtxA (VF0482) - Exotoxin (VFC0235)] [Aeromonas hydrophila subsp. hydrophila ATCC 7966]
AFNF01000454.1	3910	3940	4788	VFG044100(gb|NP_253394)	511	481	768	100.000	31	0	0	6.02e-07	58.4	VFG044100(gb|NP_253394) (PA4706) hemin importer ATP-binding subunit [Direct heme uptake system (VF0941) - Nutritional/Metabolic factor (VFC0272)] [Pseudomonas aeruginosa PAO1]
AFNF01000464.1	1	289	4751	VFG040869(gb|NP_249368)	354	642	642	98.962	289	3	0	2.28e-145	518	VFG040869(gb|NP_249368) (PA0677) HxcW pseudopilin [Hxc (VF0945) - Effector delivery system (VFC0086)] [Pseudomonas aeruginosa PAO1]
AFNF01000479.1	1533	1892	4587	VFG043482(gb|WP_011060196)	619	978	978	80.769	364	62	6	4.06e-73	278	VFG043482(gb|WP_011060196) (PFL_RS09460) OmpA family protein [OprF (VF0931) - Adherence (VFC0001)] [Pseudomonas fluorescens Pf-5]
AFNF01000494.1	3401	4498	4498	VFG019841(gb|WP_003083038)	1284	187	1284	99.362	1098	7	0	0.0	1989	VFG019841(gb|WP_003083038) (fliK) flagellar hook-length control protein FliK [Flagella (VF0273) - Motility (VFC0204)] [Pseudomonas aeruginosa LESB58]
AFNF01000494.1	3401	4498	4498	VFG014473(gb|NP_250132)	1284	187	1284	99.180	1098	9	0	0.0	1978	VFG014473(gb|NP_250132) (fliK) flagellar hook-length control protein FliK [Flagella (VF0273) - Motility (VFC0204)] [Pseudomonas aeruginosa PAO1]
AFNF01000494.1	3401	4498	4498	VFG014475(gb|WP_003140280)	1284	187	1284	97.632	1098	26	0	0.0	1884	VFG014475(gb|WP_003140280) (fliK) flagellar hook-length control protein FliK [Flagella (VF0273) - Motility (VFC0204)] [Pseudomonas aeruginosa UCBPP-PA14]
AFNF01000494.1	1657	2628	4498	VFG014501(gb|WP_003083045)	972	1	972	100.000	972	0	0	0.0	1796	VFG014501(gb|WP_003083045) (fliM) flagellar motor switch protein FliM [Flagella (VF0273) - Motility (VFC0204)] [Pseudomonas aeruginosa UCBPP-PA14]
AFNF01000494.1	1657	2628	4498	VFG001256(gb|NP_250134)	972	1	972	99.897	972	1	0	0.0	1790	VFG001256(gb|NP_250134) (fliM) flagellar motor switch protein FliM [Flagella (VF0273) - Motility (VFC0204)] [Pseudomonas aeruginosa PAO1]
AFNF01000494.1	1657	2628	4498	VFG014500(gb|WP_012076412)	972	1	972	96.914	972	30	0	0.0	1629	VFG014500(gb|WP_012076412) (fliM) flagellar motor switch protein FliM [Flagella (VF0273) - Motility (VFC0204)] [Pseudomonas aeruginosa PA7]
AFNF01000494.1	3401	4498	4498	VFG014474(gb|WP_012076415)	1287	187	1287	91.916	1101	86	1	0.0	1537	VFG014474(gb|WP_012076415) (fliK) flagellar hook-length control protein FliK [Flagella (VF0273) - Motility (VFC0204)] [Pseudomonas aeruginosa PA7]
AFNF01000494.1	1	705	4498	VFG019851(gb|WP_003083052)	705	1	768	99.858	705	1	0	0.0	1297	VFG019851(gb|WP_003083052) (fliP) flagellar biosynthetic protein FliP [Flagella (VF0273) - Motility (VFC0204)] [Pseudomonas aeruginosa LESB58]
AFNF01000494.1	1	705	4498	VFG001259(gb|NP_250137)	705	1	768	99.858	705	1	0	0.0	1297	VFG001259(gb|NP_250137) (fliP) flagellar biosynthetic protein FliP [Flagella (VF0273) - Motility (VFC0204)] [Pseudomonas aeruginosa PAO1]
AFNF01000494.1	1	705	4498	VFG014540(gb|WP_003083052)	705	1	768	99.716	705	2	0	0.0	1291	VFG014540(gb|WP_003083052) (fliP) flagellar biosynthetic protein FliP [Flagella (VF0273) - Motility (VFC0204)] [Pseudomonas aeruginosa UCBPP-PA14]
AFNF01000506.1	203	1540	4445	VFG001214(gb|NP_253237)	1	1338	1338	99.925	1338	1	0	0.0	2466	VFG001214(gb|NP_253237) (pilR) two-component response regulator PilR [Type IV pili (VF0082) - Adherence (VFC0001)] [Pseudomonas aeruginosa PAO1]
AFNF01000506.1	203	1540	4445	VFG019759(gb|WP_003110427)	1	1338	1338	99.402	1338	8	0	0.0	2427	VFG019759(gb|WP_003110427) (pilR) two-component response regulator PilR [Type IV pili (VF0082) - Adherence (VFC0001)] [Pseudomonas aeruginosa LESB58]
AFNF01000506.1	203	1540	4445	VFG013986(gb|WP_003094694)	1	1338	1338	99.327	1338	9	0	0.0	2422	VFG013986(gb|WP_003094694) (pilR) two-component response regulator PilR [Type IV pili (VF0082) - Adherence (VFC0001)] [Pseudomonas aeruginosa UCBPP-PA14]
AFNF01000506.1	203	1540	4445	VFG013985(gb|WP_012077306)	1	1338	1338	92.980	1339	92	2	0.0	1951	VFG013985(gb|WP_012077306) (pilR) two-component response regulator PilR [Type IV pili (VF0082) - Adherence (VFC0001)] [Pseudomonas aeruginosa PA7]
AFNF01000506.1	203	1538	4445	VFG013992(gb|WP_011921055)	1	1339	1341	85.246	1342	189	7	0.0	1373	VFG013992(gb|WP_011921055) (pilR) two-component response regulator PilR [Type IV pili (VF0082) - Adherence (VFC0001)] [Pseudomonas mendocina ymp]
AFNF01000506.1	209	1540	4445	VFG013993(gb|WP_026006503)	10	1338	1338	81.967	1342	219	19	0.0	1116	VFG013993(gb|WP_026006503) (pilR) two-component response regulator PilR [Type IV pili (VF0082) - Adherence (VFC0001)] [Pseudomonas stutzeri A1501]
AFNF01000506.1	3927	4445	4445	VFG001207(gb|NP_253241)	1	519	558	100.000	519	0	0	0.0	959	VFG001207(gb|NP_253241) (pilV) type IV pilus biogenesis protein PilV [Type IV pili (VF0082) - Adherence (VFC0001)] [Pseudomonas aeruginosa PAO1]
AFNF01000506.1	3927	4445	4445	VFG019747(gb|WP_003119423)	1	519	558	99.615	519	2	0	0.0	948	VFG019747(gb|WP_003119423) (pilV) type IV pilus biogenesis protein PilV [Type IV pili (VF0082) - Adherence (VFC0001)] [Pseudomonas aeruginosa LESB58]
AFNF01000506.1	3430	3936	4445	VFG001216(gb|NP_253240)	1	507	507	99.803	507	1	0	0.0	931	VFG001216(gb|NP_253240) (fimU) type 4 fimbrial biogenesis protein FimU [Type IV pili (VF0082) - Adherence (VFC0001)] [Pseudomonas aeruginosa PAO1]
AFNF01000506.1	2815	3324	4445	VFG019756(gb|WP_003161431)	1	510	510	98.824	510	6	0	0.0	909	VFG019756(gb|WP_003161431) (fimT) type 4 fimbrial biogenesis protein FimT [Type IV pili (VF0082) - Adherence (VFC0001)] [Pseudomonas aeruginosa LESB58]
AFNF01000509.1	2	802	4418	VFG051596(gb|WP_003137141.1)	2260	3060	3060	99.875	801	1	0	0.0	1474	VFG051596(gb|WP_003137141.1) (vgrG2b) Type VI secretion system spike protein VgrG2b; metallopeptidase effector VgrG2b [HSI-2 T6SS secreted effectors (VF0915) - Effector delivery system (VFC0086)] [Pseudomonas aeruginosa UCBPP-PA14]
AFNF01000509.1	2	802	4418	VFG051593(gb|WP_012613476.1)	2260	3060	3060	99.001	801	8	0	0.0	1435	VFG051593(gb|WP_012613476.1) (vgrG2b) Type VI secretion system spike protein VgrG2b; metallopeptidase effector VgrG2b [HSI-2 T6SS secreted effectors (VF0915) - Effector delivery system (VFC0086)] [Pseudomonas aeruginosa LESB58]
AFNF01000509.1	2	802	4418	VFG051487(gb|NP_248953.1)	2260	3060	3060	98.876	801	9	0	0.0	1430	VFG051487(gb|NP_248953.1) (vgrG2b) Type VI secretion system spike protein VgrG2b; metallopeptidase effector VgrG2b [HSI-2 T6SS secreted effectors (VF0915) - Effector delivery system (VFC0086)] [Pseudomonas aeruginosa PAO1]
AFNF01000509.1	2	802	4418	VFG051594(gb|WP_012074520.1)	2260	3060	3060	98.002	801	16	0	0.0	1391	VFG051594(gb|WP_012074520.1) (vgrG2b) Type VI secretion system spike protein VgrG2b; metallopeptidase effector VgrG2b [HSI-2 T6SS secreted effectors (VF0915) - Effector delivery system (VFC0086)] [Pseudomonas aeruginosa PA7]
AFNF01000510.1	10	63	4402	VFG019942(gb|WP_012724914)	915	862	2754	94.444	54	3	0	9.12e-15	84.2	VFG019942(gb|WP_012724914) (gacS) response regulator [GacS/GacA two-component system (VF0908) - Regulation (VFC0301)] [Pseudomonas fluorescens SBW25]
AFNF01000510.1	10	63	4402	VFG015075(gb|WP_011532652)	918	865	2757	94.444	54	3	0	9.12e-15	84.2	VFG015075(gb|WP_011532652) (gacS) response regulator [GacS/GacA two-component system (VF0908) - Regulation (VFC0301)] [Pseudomonas entomophila L48]
AFNF01000510.1	10	63	4402	VFG015782(gb|WP_012270935)	918	865	2754	90.741	54	5	0	1.97e-11	73.1	VFG015782(gb|WP_012270935) (gacS) response regulator [GacS/GacA two-component system (VF0908) - Regulation (VFC0301)] [Pseudomonas putida GB-1]
AFNF01000510.1	19	63	4402	VFG015070(gb|WP_011103673)	906	862	2754	93.333	45	3	0	9.19e-10	67.6	VFG015070(gb|WP_011103673) (gacS) response regulator [GacS/GacA two-component system (VF0908) - Regulation (VFC0301)] [Pseudomonas syringae pv. tomato str. DC3000]
AFNF01000518.1	596	656	4334	VFG009424(gb|WP_011561489)	177	237	717	83.607	61	10	0	5.44e-07	58.4	VFG009424(gb|WP_011561489) (mgtC) Possible Mg2+ transport P-type ATPase C MgtC [MgtC (VF0289) - Nutritional/Metabolic factor (VFC0272)] [Mycobacterium sp. KMS]
AFNF01000518.1	596	656	4334	VFG009423(gb|WP_011856686)	177	237	717	83.607	61	10	0	5.44e-07	58.4	VFG009423(gb|WP_011856686) (mgtC) Possible Mg2+ transport P-type ATPase C MgtC [MgtC (VF0289) - Nutritional/Metabolic factor (VFC0272)] [Mycobacterium sp. JLS]
AFNF01000553.1	1729	3102	4081	VFG019979(gb|WP_012613430)	1374	1	1374	99.054	1374	13	0	0.0	2466	VFG019979(gb|WP_012613430) (exoT) type III secretion system effector ExoT, ADP ribosyltransferase activity and GTPase-activating protein activity [TTSS secreted effectors (VF0853) - Effector delivery system (VFC0086)] [Pseudomonas aeruginosa LESB58]
AFNF01000553.1	1729	3102	4081	VFG000148(gb|NP_248734)	1374	1	1374	98.981	1374	14	0	0.0	2460	VFG000148(gb|NP_248734) (exoT) type III secretion system effector ExoT, ADP ribosyltransferase activity and GTPase-activating protein activity [TTSS secreted effectors (VF0853) - Effector delivery system (VFC0086)] [Pseudomonas aeruginosa PAO1]
AFNF01000553.1	1777	3102	4081	VFG015168(gb|WP_003136948)	1326	1	1329	99.095	1326	12	0	0.0	2383	VFG015168(gb|WP_003136948) (exoT) type III secretion system effector ExoT, ADP ribosyltransferase activity and GTPase-activating protein activity [TTSS secreted effectors (VF0853) - Effector delivery system (VFC0086)] [Pseudomonas aeruginosa UCBPP-PA14]
AFNF01000557.1	592	2589	4068	VFG019790(gb|WP_003122257)	1998	1	1998	99.149	1998	17	0	0.0	3596	VFG019790(gb|WP_003122257) (PLES_RS09940) polysaccharide biosynthesis protein [LPS (VF0085) - Immune modulation (VFC0258)] [Pseudomonas aeruginosa LESB58]
AFNF01000557.1	592	2589	4068	VFG014117(gb|NP_251831)	1998	1	1998	96.550	2000	65	4	0.0	3308	VFG014117(gb|NP_251831) (wbpM) nucleotide sugar epimerase/dehydratase WbpM [LPS (VF0085) - Immune modulation (VFC0258)] [Pseudomonas aeruginosa PAO1]
AFNF01000557.1	592	2507	4068	VFG014147(gb|WP_003138484)	1998	83	1998	97.286	1916	52	0	0.0	3251	VFG014147(gb|WP_003138484) (PA14_RS09500) polysaccharide biosynthesis protein [LPS (VF0085) - Immune modulation (VFC0258)] [Pseudomonas aeruginosa UCBPP-PA14]
AFNF01000557.1	592	2507	4068	VFG014135(gb|WP_025297832)	1998	83	1998	90.136	1916	189	0	0.0	2492	VFG014135(gb|WP_025297832) (PSPA7_RS09495) polysaccharide biosynthesis protein [LPS (VF0085) - Immune modulation (VFC0258)] [Pseudomonas aeruginosa PA7]
AFNF01000557.1	2787	3824	4068	VFG019789(gb|WP_003452706)	1038	1	1038	99.807	1038	2	0	0.0	1906	VFG019789(gb|WP_003452706) (PLES_RS09935) glycosyltransferase family 4 protein [LPS (VF0085) - Immune modulation (VFC0258)] [Pseudomonas aeruginosa LESB58]
AFNF01000557.1	3824	4068	4068	VFG019788(gb|WP_016253165)	963	719	963	99.592	245	1	0	2.59e-124	448	VFG019788(gb|WP_016253165) (PLES_RS09930) SDR family oxidoreductase [LPS (VF0085) - Immune modulation (VFC0258)] [Pseudomonas aeruginosa LESB58]
AFNF01000560.1	1882	3033	4045	VFG019786(gb|WP_003122253)	1152	1	1152	99.740	1152	3	0	0.0	2111	VFG019786(gb|WP_003122253) (PLES_RS09920) glycosyltransferase [LPS (VF0085) - Immune modulation (VFC0258)] [Pseudomonas aeruginosa LESB58]
AFNF01000560.1	708	1838	4045	VFG019787(gb|WP_003122254)	1131	1	1131	99.469	1131	6	0	0.0	2056	VFG019787(gb|WP_003122254) (PLES_RS09925) glycosyltransferase family 4 protein [LPS (VF0085) - Immune modulation (VFC0258)] [Pseudomonas aeruginosa LESB58]
AFNF01000560.1	3030	4045	4045	VFG019785(gb|WP_012613869)	1884	869	1884	99.705	1016	3	0	0.0	1860	VFG019785(gb|WP_012613869) (asnB) asparagine synthase (glutamine-hydrolyzing) [LPS (VF0085) - Immune modulation (VFC0258)] [Pseudomonas aeruginosa LESB58]
AFNF01000560.1	1	711	4045	VFG019788(gb|WP_016253165)	711	1	963	99.719	711	2	0	0.0	1303	VFG019788(gb|WP_016253165) (PLES_RS09930) SDR family oxidoreductase [LPS (VF0085) - Immune modulation (VFC0258)] [Pseudomonas aeruginosa LESB58]
AFNF01000561.1	584	895	4038	VFG026971(gb|YP_007962576)	746	436	1134	82.484	314	50	5	5.98e-71	270	VFG026971(gb|YP_007962576) (sigA/rpoV) RNA polymerase sigma factor [SigA (VF0257) - Regulation (VFC0301)] [Mycobacterium tuberculosis CAS/NITR204]
AFNF01000561.1	584	917	4038	VFG022866(gb|WP_013829374)	1151	819	1539	80.597	335	62	3	1.67e-66	255	VFG022866(gb|WP_013829374) (sigA/rpoV) RNA polymerase sigma factor [SigA (VF0257) - Regulation (VFC0301)] [Mycobacterium sp. JDM601]
AFNF01000561.1	588	895	4038	VFG009721(gb|WP_083044596)	1058	751	1449	81.230	309	56	2	2.80e-64	248	VFG009721(gb|WP_083044596) (sigA/rpoV) RNA polymerase sigma factor [SigA (VF0257) - Regulation (VFC0301)] [Mycobacterium sp. JLS]
AFNF01000561.1	588	895	4038	VFG009722(gb|WP_083775447)	1058	751	1449	80.906	309	57	2	1.30e-62	243	VFG009722(gb|WP_083775447) (sigA/rpoV) RNA polymerase sigma factor [SigA (VF0257) - Regulation (VFC0301)] [Mycobacterium sp. KMS]
AFNF01000566.1	1	550	3969	VFG015852(gb|NP_252009)	550	1	2079	100.000	550	0	0	0.0	1016	VFG015852(gb|NP_252009) (plcN) non-hemolytic phospholipase C [Non-hemolytic phospholipase C (VF0913) - Exotoxin (VFC0235)] [Pseudomonas aeruginosa PAO1]
AFNF01000566.1	1	550	3969	VFG020045(gb|WP_012613840)	550	1	2079	99.636	550	2	0	0.0	1005	VFG020045(gb|WP_012613840) (plcN) phospholipase C, phosphocholine-specific [Non-hemolytic phospholipase C (VF0913) - Exotoxin (VFC0235)] [Pseudomonas aeruginosa LESB58]
AFNF01000566.1	1	550	3969	VFG015854(gb|WP_003138281)	550	1	2079	99.455	550	3	0	0.0	1000	VFG015854(gb|WP_003138281) (plcN) phospholipase C, phosphocholine-specific [Non-hemolytic phospholipase C (VF0913) - Exotoxin (VFC0235)] [Pseudomonas aeruginosa UCBPP-PA14]
AFNF01000566.1	1	550	3969	VFG015853(gb|WP_012074913)	550	1	2079	96.909	550	17	0	0.0	922	VFG015853(gb|WP_012074913) (plcN) phospholipase C, phosphocholine-specific [Non-hemolytic phospholipase C (VF0913) - Exotoxin (VFC0235)] [Pseudomonas aeruginosa PA7]
AFNF01000572.1	3035	3205	3938	VFG051555(gb|WP_162042907.1)	1927	2097	2625	81.287	171	32	0	1.72e-31	139	VFG051555(gb|WP_162042907.1) (tssH) type VI secretion system ATPase TssH [HSI-2 (VF0943) - Effector delivery system (VFC0086)] [Pseudomonas entomophila L48]
AFNF01000578.1	1217	2293	3908	VFG000120(gb|NP_253949)	1077	1	1077	99.907	1077	1	0	0.0	1984	VFG000120(gb|NP_253949) (algZ) sigma factor AlgU [Alginate (VF0091) - Biofilm (VFC0271)] [Pseudomonas aeruginosa PAO1]
AFNF01000578.1	1217	2293	3908	VFG014978(gb|WP_003096404)	1077	1	1077	99.721	1077	3	0	0.0	1973	VFG014978(gb|WP_003096404) (algZ) sigma factor AlgU [Alginate (VF0091) - Biofilm (VFC0271)] [Pseudomonas aeruginosa UCBPP-PA14]
AFNF01000578.1	1217	2293	3908	VFG014977(gb|WP_012077870)	1077	1	1077	95.265	1077	51	0	0.0	1707	VFG014977(gb|WP_012077870) (algZ) sigma factor AlgU [Alginate (VF0091) - Biofilm (VFC0271)] [Pseudomonas aeruginosa PA7]
AFNF01000578.1	466	1212	3908	VFG000119(gb|NP_253948)	747	1	747	99.866	747	1	0	0.0	1375	VFG000119(gb|NP_253948) (algR) alginate biosynthesis regulatory protein AlgR [Alginate (VF0091) - Biofilm (VFC0271)] [Pseudomonas aeruginosa PAO1]
AFNF01000578.1	466	1212	3908	VFG014965(gb|WP_003096397)	747	1	747	99.598	747	3	0	0.0	1363	VFG014965(gb|WP_003096397) (algR) alginate biosynthesis regulatory protein AlgR [Alginate (VF0091) - Biofilm (VFC0271)] [Pseudomonas aeruginosa UCBPP-PA14]
AFNF01000578.1	466	1212	3908	VFG014964(gb|WP_003157680)	747	1	747	95.315	747	35	0	0.0	1186	VFG014964(gb|WP_003157680) (algR) alginate biosynthesis regulatory protein AlgR [Alginate (VF0091) - Biofilm (VFC0271)] [Pseudomonas aeruginosa PA7]
AFNF01000578.1	494	1212	3908	VFG014975(gb|WP_013981629)	719	1	747	84.000	725	104	11	0.0	686	VFG014975(gb|WP_013981629) (algR) alginate biosynthesis regulatory protein AlgR [Alginate (VF0091) - Biofilm (VFC0271)] [Pseudomonas stutzeri A1501]
AFNF01000578.1	494	1212	3908	VFG014974(gb|WP_003242397)	719	1	747	83.356	721	116	4	0.0	664	VFG014974(gb|WP_003242397) (algR) alginate biosynthesis regulatory protein AlgR [Alginate (VF0091) - Biofilm (VFC0271)] [Pseudomonas mendocina ymp]
AFNF01000582.1	1644	3032	3885	VFG020043(gb|WP_003101348)	1389	1	1389	99.640	1389	5	0	0.0	2538	VFG020043(gb|WP_003101348) (prpL) protease IV [Protease IV (VF0912) - Exoenzyme (VFC0251)] [Pseudomonas aeruginosa LESB58]
AFNF01000582.1	1644	3032	3885	VFG015846(gb|NP_252864)	1389	1	1389	99.568	1389	6	0	0.0	2532	VFG015846(gb|NP_252864) (prpL) endopeptidase IV [Protease IV (VF0912) - Exoenzyme (VFC0251)] [Pseudomonas aeruginosa PAO1]
AFNF01000582.1	1644	3032	3885	VFG015848(gb|WP_003110541)	1389	1	1389	98.200	1389	25	0	0.0	2427	VFG015848(gb|WP_003110541) (prpL) protease IV [Protease IV (VF0912) - Exoenzyme (VFC0251)] [Pseudomonas aeruginosa UCBPP-PA14]
AFNF01000582.1	1644	3032	3885	VFG015847(gb|WP_012074275)	1389	1	1389	94.240	1389	80	0	0.0	2122	VFG015847(gb|WP_012074275) (prpL) protease IV [Protease IV (VF0912) - Exoenzyme (VFC0251)] [Pseudomonas aeruginosa PA7]
AFNF01000584.1	1205	2125	3871	VFG044084(gb|NP_251073)	1	921	921	99.566	921	4	0	0.0	1679	VFG044084(gb|NP_251073) (PA2383) transcriptional regulator [Pyoverdine (VF0094) - Nutritional/Metabolic factor (VFC0272)] [Pseudomonas aeruginosa PAO1]
AFNF01000584.1	1	659	3871	VFG020051(gb|WP_003103624)	1631	2289	2289	100.000	659	0	0	0.0	1218	VFG020051(gb|WP_003103624) (pvdQ) 3-oxo-C12-homoserine lactone acylase PvdQ [Pyoverdine (VF0094) - Nutritional/Metabolic factor (VFC0272)] [Pseudomonas aeruginosa LESB58]
AFNF01000584.1	1	659	3871	VFG015950(gb|NP_251075)	1631	2289	2289	99.393	659	4	0	0.0	1195	VFG015950(gb|NP_251075) (pvdQ) 3-oxo-C12-homoserine lactone acylase PvdQ [Pyoverdine (VF0094) - Nutritional/Metabolic factor (VFC0272)] [Pseudomonas aeruginosa PAO1]
AFNF01000584.1	1	659	3871	VFG015952(gb|WP_003139299)	1631	2289	2289	99.241	659	5	0	0.0	1190	VFG015952(gb|WP_003139299) (pvdQ) 3-oxo-C12-homoserine lactone acylase PvdQ [Pyoverdine (VF0094) - Nutritional/Metabolic factor (VFC0272)] [Pseudomonas aeruginosa UCBPP-PA14]
AFNF01000584.1	1	659	3871	VFG015951(gb|WP_041025346)	1631	2289	2289	86.556	662	83	5	0.0	725	VFG015951(gb|WP_041025346) (pvdQ) 3-oxo-C12-homoserine lactone acylase PvdQ [Pyoverdine (VF0094) - Nutritional/Metabolic factor (VFC0272)] [Pseudomonas aeruginosa PA7]
AFNF01000584.1	840	1163	3871	VFG044085(gb|NP_251074)	1	324	324	99.691	324	1	0	2.99e-168	593	VFG044085(gb|NP_251074) (PA2384) hypothetical protein [Pyoverdine (VF0094) - Nutritional/Metabolic factor (VFC0272)] [Pseudomonas aeruginosa PAO1]
AFNF01000595.1	791	3029	3830	VFG051488(gb|NP_253776.1)	1	2238	2238	99.151	2239	18	1	0.0	4028	VFG051488(gb|NP_253776.1) (pldB/tle5b) phospholipase D [HSI-3 T6SS secreted effectors (VF1350) - Effector delivery system (VFC0086)] [Pseudomonas aeruginosa PAO1]
AFNF01000595.1	791	3010	3830	VFG051661(gb|WP_012614635.1)	1	2219	2238	97.749	2221	47	3	0.0	3821	VFG051661(gb|WP_012614635.1) (pldB/tle5b) phospholipase D [HSI-3 T6SS secreted effectors (VF1350) - Effector delivery system (VFC0086)] [Pseudomonas aeruginosa LESB58]
AFNF01000595.1	791	3029	3830	VFG051663(gb|WP_003141825.1)	1	2238	2238	96.879	2243	61	8	0.0	3746	VFG051663(gb|WP_003141825.1) (pldB/tle5b) phospholipase D [HSI-3 T6SS secreted effectors (VF1350) - Effector delivery system (VFC0086)] [Pseudomonas aeruginosa UCBPP-PA14]
AFNF01000596.1	2834	3826	3826	VFG000157(gb|NP_249535)	1	993	2193	99.698	993	3	0	0.0	1818	VFG000157(gb|NP_249535) (plcH) hemolytic phospholipase C precursor [PLC (VF0092) - Exotoxin (VFC0235)] [Pseudomonas aeruginosa PAO1]
AFNF01000596.1	2834	3826	3826	VFG020044(gb|WP_012614438)	1	993	2193	99.597	993	4	0	0.0	1812	VFG020044(gb|WP_012614438) (plcH) hemolytic phospholipase C precursor [PLC (VF0092) - Exotoxin (VFC0235)] [Pseudomonas aeruginosa LESB58]
AFNF01000596.1	2834	3826	3826	VFG015851(gb|WP_003140852)	1	993	2193	99.496	993	5	0	0.0	1807	VFG015851(gb|WP_003140852) (plcH) hemolytic phospholipase C precursor [PLC (VF0092) - Exotoxin (VFC0235)] [Pseudomonas aeruginosa UCBPP-PA14]
AFNF01000596.1	2834	3826	3826	VFG015850(gb|WP_012076980)	1	993	2193	96.173	993	38	0	0.0	1624	VFG015850(gb|WP_012076980) (plcH) hemolytic phospholipase C precursor [PLC (VF0092) - Exotoxin (VFC0235)] [Pseudomonas aeruginosa PA7]
AFNF01000599.1	1	2761	3822	VFG015069(gb|WP_003102426)	18	2778	2778	99.529	2761	13	0	0.0	5027	VFG015069(gb|WP_003102426) (gacS) two-component system sensor histidine kinase GacS [GacS/GacA two-component system (VF0908) - Regulation (VFC0301)] [Pseudomonas aeruginosa UCBPP-PA14]
AFNF01000599.1	1	2761	3822	VFG015067(gb|NP_249619)	18	2778	2778	99.493	2761	14	0	0.0	5022	VFG015067(gb|NP_249619) (gacS) sensor/response regulator hybrid protein [GacS/GacA two-component system (VF0908) - Regulation (VFC0301)] [Pseudomonas aeruginosa PAO1]
AFNF01000599.1	1	2761	3822	VFG019941(gb|WP_003102426)	18	2778	2778	99.457	2761	15	0	0.0	5016	VFG019941(gb|WP_003102426) (gacS) two-component system sensor histidine kinase GacS [GacS/GacA two-component system (VF0908) - Regulation (VFC0301)] [Pseudomonas aeruginosa LESB58]
AFNF01000599.1	1	2761	3822	VFG015068(gb|WP_003156446)	18	2778	2778	91.959	2761	222	0	0.0	3869	VFG015068(gb|WP_003156446) (gacS) two-component system sensor histidine kinase GacS [GacS/GacA two-component system (VF0908) - Regulation (VFC0301)] [Pseudomonas aeruginosa PA7]
AFNF01000599.1	11	1503	3822	VFG015075(gb|WP_011532652)	28	1526	2757	80.211	1516	260	36	0.0	1101	VFG015075(gb|WP_011532652) (gacS) response regulator [GacS/GacA two-component system (VF0908) - Regulation (VFC0301)] [Pseudomonas entomophila L48]
AFNF01000599.1	415	1535	3822	VFG015783(gb|WP_012313127)	438	1558	2760	81.416	1130	192	14	0.0	907	VFG015783(gb|WP_012313127) (gacS) response regulator [GacS/GacA two-component system (VF0908) - Regulation (VFC0301)] [Pseudomonas putida W619]
AFNF01000612.1	3402	3742	3742	VFG042734(gb|NP_249343)	1	341	645	99.413	341	2	0	4.77e-176	619	VFG042734(gb|NP_249343) (vfr) cAMP-regulatory protein [Type IV pili (VF0082) - Adherence (VFC0001)] [Pseudomonas aeruginosa PAO1]
AFNF01000618.1	1	39	3726	VFG051496(gb|WP_003083317.1)	39	1	519	100.000	39	0	0	1.67e-11	73.1	VFG051496(gb|WP_003083317.1) (hcpA) Hcp family type VI secretion system effector [HSI-2 (VF0943) - Effector delivery system (VFC0086)] [Pseudomonas aeruginosa LESB58]
AFNF01000618.1	1	39	3726	VFG041013(gb|NP_250203)	39	1	519	100.000	39	0	0	1.67e-11	73.1	VFG041013(gb|NP_250203) (hcpA) Hcp family type VI secretion system effector [HSI-2 (VF0943) - Effector delivery system (VFC0086)] [Pseudomonas aeruginosa PAO1]
AFNF01000618.1	1	39	3726	VFG051499(gb|WP_003083317.1)	39	1	519	97.436	39	1	0	7.77e-10	67.6	VFG051499(gb|WP_003083317.1) (hcpA) Hcp family type VI secretion system effector [HSI-2 (VF0943) - Effector delivery system (VFC0086)] [Pseudomonas aeruginosa UCBPP-PA14]
AFNF01000618.1	1	39	3726	VFG051497(gb|WP_012074519.1)	39	1	519	97.436	39	1	0	7.77e-10	67.6	VFG051497(gb|WP_012074519.1) (hcpA) Hcp family type VI secretion system effector [HSI-2 (VF0943) - Effector delivery system (VFC0086)] [Pseudomonas aeruginosa PA7]
AFNF01000620.1	360	1784	3723	VFG019783(gb|WP_012613867)	1425	1	1425	100.000	1425	0	0	0.0	2632	VFG019783(gb|WP_012613867) (PLES_RS09905) oligosaccharide flippase family protein [LPS (VF0085) - Immune modulation (VFC0258)] [Pseudomonas aeruginosa LESB58]
AFNF01000620.1	1984	3006	3723	VFG019782(gb|WP_003163315)	1023	1	1023	99.902	1023	1	0	0.0	1884	VFG019782(gb|WP_003163315) (tviC) Vi polysaccharide biosynthesis UDP-N-acetylglucosaminuronic acid C-4 epimerase TviC [LPS (VF0085) - Immune modulation (VFC0258)] [Pseudomonas aeruginosa LESB58]
AFNF01000620.1	3047	3723	3723	VFG019781(gb|WP_012613866)	1269	593	1269	100.000	677	0	0	0.0	1251	VFG019781(gb|WP_012613866) (tviB) Vi polysaccharide biosynthesis UDP-N-acetylglucosamine C-6 dehydrogenase TviB [LPS (VF0085) - Immune modulation (VFC0258)] [Pseudomonas aeruginosa LESB58]
AFNF01000620.1	1	163	3723	VFG019784(gb|WP_172668778)	163	1	972	100.000	163	0	0	1.95e-80	302	VFG019784(gb|WP_172668778) (PLES_RS09910) glycosyltransferase family 4 protein [LPS (VF0085) - Immune modulation (VFC0258)] [Pseudomonas aeruginosa LESB58]
AFNF01000623.1	1039	1076	3719	VFG020077(gb|WP_015885148)	6953	6990	12891	97.368	38	1	0	2.79e-09	65.8	VFG020077(gb|WP_015885148) (pvdL) peptide synthase PvdL [Pyoverdine (VF0094) - Nutritional/Metabolic factor (VFC0272)] [Pseudomonas fluorescens SBW25]
AFNF01000623.1	1039	1076	3719	VFG020074(gb|WP_012614121)	7010	7047	13029	97.368	38	1	0	2.79e-09	65.8	VFG020074(gb|WP_012614121) (pvdL) peptide synthase PvdL [Pyoverdine (VF0094) - Nutritional/Metabolic factor (VFC0272)] [Pseudomonas aeruginosa LESB58]
AFNF01000623.1	1039	1076	3719	VFG016066(gb|WP_011533065)	6977	7014	12948	97.368	38	1	0	2.79e-09	65.8	VFG016066(gb|WP_011533065) (pvdL) peptide synthase PvdL [Pyoverdine (VF0094) - Nutritional/Metabolic factor (VFC0272)] [Pseudomonas entomophila L48]
AFNF01000623.1	1039	1076	3719	VFG016060(gb|WP_003139218)	7010	7047	13029	97.368	38	1	0	2.79e-09	65.8	VFG016060(gb|WP_003139218) (pvdL) peptide synthase PvdL [Pyoverdine (VF0094) - Nutritional/Metabolic factor (VFC0272)] [Pseudomonas aeruginosa UCBPP-PA14]
AFNF01000623.1	1039	1076	3719	VFG016058(gb|NP_251114)	7010	7047	13029	97.368	38	1	0	2.79e-09	65.8	VFG016058(gb|NP_251114) (pvdL) peptide synthase PvdL [Pyoverdine (VF0094) - Nutritional/Metabolic factor (VFC0272)] [Pseudomonas aeruginosa PAO1]
AFNF01000623.1	1039	1076	3719	VFG016044(gb|WP_011534374)	9683	9720	11796	97.368	38	1	0	2.79e-09	65.8	VFG016044(gb|WP_011534374) (pvdI) peptide synthase [Pyoverdine (VF0094) - Nutritional/Metabolic factor (VFC0272)] [Pseudomonas entomophila L48]
AFNF01000623.1	1039	1076	3719	VFG015826(gb|WP_012273396)	6983	7020	12954	97.368	38	1	0	2.79e-09	65.8	VFG015826(gb|WP_012273396) (pvdL) peptide synthase PvdL [Pyoverdine (VF0094) - Nutritional/Metabolic factor (VFC0272)] [Pseudomonas putida GB-1]
AFNF01000623.1	1036	1074	3719	VFG016043(gb|WP_011666644)	1973	2011	15450	94.872	39	2	0	3.61e-08	62.1	VFG016043(gb|WP_011666644) (pvdI) peptide synthase [Pyoverdine (VF0094) - Nutritional/Metabolic factor (VFC0272)] [Pseudomonas aeruginosa UCBPP-PA14]
AFNF01000623.1	1036	1074	3719	VFG016043(gb|WP_011666644)	9554	9592	15450	94.872	39	2	0	3.61e-08	62.1	VFG016043(gb|WP_011666644) (pvdI) peptide synthase [Pyoverdine (VF0094) - Nutritional/Metabolic factor (VFC0272)] [Pseudomonas aeruginosa UCBPP-PA14]
AFNF01000623.1	1039	1076	3719	VFG020073(gb|WP_043205221)	9548	9585	14040	94.737	38	2	0	1.30e-07	60.2	VFG020073(gb|WP_043205221) (pvdI) peptide synthase [Pyoverdine (VF0094) - Nutritional/Metabolic factor (VFC0272)] [Pseudomonas fluorescens SBW25]
AFNF01000623.1	1036	1076	3719	VFG016036(gb|WP_010954974)	8294	8334	10413	92.683	41	3	0	1.30e-07	60.2	VFG016036(gb|WP_010954974) (pvdD) pyoverdine synthetase D [Pyoverdine (VF0094) - Nutritional/Metabolic factor (VFC0272)] [Pseudomonas putida KT2440]
AFNF01000627.1	1378	2367	3704	VFG041029(gb|NP_250362)	990	1	990	99.495	990	5	0	0.0	1801	VFG041029(gb|NP_250362) (stk1) serine-threonine kinase Stk1 [HSI-2 (VF0943) - Effector delivery system (VFC0086)] [Pseudomonas aeruginosa PAO1]
AFNF01000627.1	2364	3092	3704	VFG041028(gb|NP_250361)	729	1	729	99.314	729	5	0	0.0	1319	VFG041028(gb|NP_250361) (stp1) serine/threonine phosphoprotein phosphatase Stp1 [HSI-2 (VF0943) - Effector delivery system (VFC0086)] [Pseudomonas aeruginosa PAO1]
AFNF01000627.1	3092	3704	3704	VFG051583(gb|WP_012614302.1)	3528	2916	3528	99.837	613	1	0	0.0	1127	VFG051583(gb|WP_012614302.1) (tssM) type VI secretion system membrane subunit TssM [HSI-2 (VF0943) - Effector delivery system (VFC0086)] [Pseudomonas aeruginosa LESB58]
AFNF01000627.1	3092	3704	3704	VFG041027(gb|NP_250360)	3528	2916	3528	99.674	613	2	0	0.0	1122	VFG041027(gb|NP_250360) (tssM) type VI secretion system membrane subunit TssM [HSI-2 (VF0943) - Effector delivery system (VFC0086)] [Pseudomonas aeruginosa PAO1]
AFNF01000627.1	3092	3704	3704	VFG051586(gb|WP_003140078.1)	3528	2916	3528	98.532	613	9	0	0.0	1083	VFG051586(gb|WP_003140078.1) (tssM) type VI secretion system membrane subunit TssM [HSI-2 (VF0943) - Effector delivery system (VFC0086)] [Pseudomonas aeruginosa UCBPP-PA14]
AFNF01000627.1	3092	3704	3704	VFG051584(gb|WP_012076236.1)	3528	2916	3528	97.879	613	13	0	0.0	1061	VFG051584(gb|WP_012076236.1) (tssM) type VI secretion system membrane subunit TssM [HSI-2 (VF0943) - Effector delivery system (VFC0086)] [Pseudomonas aeruginosa PA7]
AFNF01000630.1	1	1419	3691	VFG001213(gb|NP_253236)	1419	1	1593	99.718	1419	4	0	0.0	2599	VFG001213(gb|NP_253236) (pilS) two-component sensor PilS [Type IV pili (VF0082) - Adherence (VFC0001)] [Pseudomonas aeruginosa PAO1]
AFNF01000630.1	1	1419	3691	VFG013996(gb|WP_003094692)	1419	1	1593	99.648	1419	5	0	0.0	2593	VFG013996(gb|WP_003094692) (pilS) two-component sensor PilS [Type IV pili (VF0082) - Adherence (VFC0001)] [Pseudomonas aeruginosa UCBPP-PA14]
AFNF01000630.1	1	1419	3691	VFG019761(gb|WP_012614544)	1419	1	1593	99.366	1419	9	0	0.0	2571	VFG019761(gb|WP_012614544) (pilS) two-component sensor PilS [Type IV pili (VF0082) - Adherence (VFC0001)] [Pseudomonas aeruginosa LESB58]
AFNF01000630.1	2	1419	3691	VFG013995(gb|WP_003150028)	1418	1	1593	91.255	1418	124	0	0.0	1932	VFG013995(gb|WP_003150028) (pilS) two-component sensor PilS [Type IV pili (VF0082) - Adherence (VFC0001)] [Pseudomonas aeruginosa PA7]
AFNF01000636.1	2910	3425	3671	VFG044095(gb|NP_252100)	1	516	516	99.031	516	5	0	0.0	926	VFG044095(gb|NP_252100) (PA3410) ECF subfamily sigma-70 factor [HasA-type hemophore-mediated heme uptake system (VF0939) - Nutritional/Metabolic factor (VFC0272)] [Pseudomonas aeruginosa PAO1]
AFNF01000636.1	3490	3671	3671	VFG044094(gb|NP_252099)	1	182	987	99.451	182	1	0	2.46e-89	331	VFG044094(gb|NP_252099) (PA3409) transmembrane sensor [HasA-type hemophore-mediated heme uptake system (VF0939) - Nutritional/Metabolic factor (VFC0272)] [Pseudomonas aeruginosa PAO1]
AFNF01000643.1	1	481	3641	VFG000117(gb|NP_253940)	579	1059	1059	100.000	481	0	0	0.0	889	VFG000117(gb|NP_253940) (algP/algR3) alginate regulatory protein AlgP [Alginate (VF0091) - Biofilm (VFC0271)] [Pseudomonas aeruginosa PAO1]
AFNF01000643.1	1	348	3641	VFG000117(gb|NP_253940)	504	851	1059	91.667	348	29	0	6.36e-135	483	VFG000117(gb|NP_253940) (algP/algR3) alginate regulatory protein AlgP [Alginate (VF0091) - Biofilm (VFC0271)] [Pseudomonas aeruginosa PAO1]
AFNF01000643.1	6	360	3641	VFG000117(gb|NP_253940)	434	785	1059	89.296	355	35	1	1.08e-122	442	VFG000117(gb|NP_253940) (algP/algR3) alginate regulatory protein AlgP [Alginate (VF0091) - Biofilm (VFC0271)] [Pseudomonas aeruginosa PAO1]
AFNF01000643.1	1	273	3641	VFG000117(gb|NP_253940)	654	926	1059	91.575	273	23	0	3.09e-103	377	VFG000117(gb|NP_253940) (algP/algR3) alginate regulatory protein AlgP [Alginate (VF0091) - Biofilm (VFC0271)] [Pseudomonas aeruginosa PAO1]
AFNF01000643.1	45	351	3641	VFG000117(gb|NP_253940)	396	704	1059	87.055	309	38	2	2.42e-94	348	VFG000117(gb|NP_253940) (algP/algR3) alginate regulatory protein AlgP [Alginate (VF0091) - Biofilm (VFC0271)] [Pseudomonas aeruginosa PAO1]
AFNF01000643.1	1	207	3641	VFG000117(gb|NP_253940)	729	938	1059	90.000	210	18	1	1.94e-70	268	VFG000117(gb|NP_253940) (algP/algR3) alginate regulatory protein AlgP [Alginate (VF0091) - Biofilm (VFC0271)] [Pseudomonas aeruginosa PAO1]
AFNF01000643.1	1	126	3641	VFG000117(gb|NP_253940)	804	929	1059	91.270	126	11	0	1.56e-41	172	VFG000117(gb|NP_253940) (algP/algR3) alginate regulatory protein AlgP [Alginate (VF0091) - Biofilm (VFC0271)] [Pseudomonas aeruginosa PAO1]
AFNF01000643.1	215	390	3641	VFG000117(gb|NP_253940)	418	590	1059	82.486	177	26	4	7.32e-35	150	VFG000117(gb|NP_253940) (algP/algR3) alginate regulatory protein AlgP [Alginate (VF0091) - Biofilm (VFC0271)] [Pseudomonas aeruginosa PAO1]
AFNF01000643.1	1	481	3641	VFG019926(gb|WP_003099228)	579	1059	1059	99.376	481	3	0	0.0	872	VFG019926(gb|WP_003099228) (algP/algR3) alginate regulatory protein AlgP [Alginate (VF0091) - Biofilm (VFC0271)] [Pseudomonas aeruginosa LESB58]
AFNF01000643.1	1	348	3641	VFG019926(gb|WP_003099228)	504	851	1059	91.954	348	28	0	1.37e-136	488	VFG019926(gb|WP_003099228) (algP/algR3) alginate regulatory protein AlgP [Alginate (VF0091) - Biofilm (VFC0271)] [Pseudomonas aeruginosa LESB58]
AFNF01000643.1	6	360	3641	VFG019926(gb|WP_003099228)	434	785	1059	89.296	355	35	1	1.08e-122	442	VFG019926(gb|WP_003099228) (algP/algR3) alginate regulatory protein AlgP [Alginate (VF0091) - Biofilm (VFC0271)] [Pseudomonas aeruginosa LESB58]
AFNF01000643.1	1	282	3641	VFG019926(gb|WP_003099228)	654	938	1059	91.228	285	22	1	1.84e-105	385	VFG019926(gb|WP_003099228) (algP/algR3) alginate regulatory protein AlgP [Alginate (VF0091) - Biofilm (VFC0271)] [Pseudomonas aeruginosa LESB58]
AFNF01000643.1	45	351	3641	VFG019926(gb|WP_003099228)	396	704	1059	87.055	309	38	2	2.42e-94	348	VFG019926(gb|WP_003099228) (algP/algR3) alginate regulatory protein AlgP [Alginate (VF0091) - Biofilm (VFC0271)] [Pseudomonas aeruginosa LESB58]
AFNF01000643.1	1	207	3641	VFG019926(gb|WP_003099228)	729	938	1059	90.476	210	17	1	4.17e-72	274	VFG019926(gb|WP_003099228) (algP/algR3) alginate regulatory protein AlgP [Alginate (VF0091) - Biofilm (VFC0271)] [Pseudomonas aeruginosa LESB58]
AFNF01000643.1	1	126	3641	VFG019926(gb|WP_003099228)	804	929	1059	91.270	126	11	0	1.56e-41	172	VFG019926(gb|WP_003099228) (algP/algR3) alginate regulatory protein AlgP [Alginate (VF0091) - Biofilm (VFC0271)] [Pseudomonas aeruginosa LESB58]
AFNF01000643.1	215	390	3641	VFG019926(gb|WP_003099228)	418	590	1059	82.486	177	26	4	7.32e-35	150	VFG019926(gb|WP_003099228) (algP/algR3) alginate regulatory protein AlgP [Alginate (VF0091) - Biofilm (VFC0271)] [Pseudomonas aeruginosa LESB58]
AFNF01000643.1	1	481	3641	VFG015015(gb|WP_011666786)	579	1059	1059	97.089	481	14	0	0.0	811	VFG015015(gb|WP_011666786) (algP/algR3) alginate regulatory protein AlgP [Alginate (VF0091) - Biofilm (VFC0271)] [Pseudomonas aeruginosa UCBPP-PA14]
AFNF01000643.1	1	348	3641	VFG015015(gb|WP_011666786)	504	851	1059	93.103	348	24	0	2.92e-143	510	VFG015015(gb|WP_011666786) (algP/algR3) alginate regulatory protein AlgP [Alginate (VF0091) - Biofilm (VFC0271)] [Pseudomonas aeruginosa UCBPP-PA14]
AFNF01000643.1	6	360	3641	VFG015015(gb|WP_011666786)	434	785	1059	89.577	355	34	1	2.32e-124	448	VFG015015(gb|WP_011666786) (algP/algR3) alginate regulatory protein AlgP [Alginate (VF0091) - Biofilm (VFC0271)] [Pseudomonas aeruginosa UCBPP-PA14]
AFNF01000643.1	1	282	3641	VFG015015(gb|WP_011666786)	654	938	1059	92.281	285	19	1	1.83e-110	401	VFG015015(gb|WP_011666786) (algP/algR3) alginate regulatory protein AlgP [Alginate (VF0091) - Biofilm (VFC0271)] [Pseudomonas aeruginosa UCBPP-PA14]
AFNF01000643.1	1	207	3641	VFG015015(gb|WP_011666786)	729	938	1059	91.429	210	15	1	1.92e-75	285	VFG015015(gb|WP_011666786) (algP/algR3) alginate regulatory protein AlgP [Alginate (VF0091) - Biofilm (VFC0271)] [Pseudomonas aeruginosa UCBPP-PA14]
AFNF01000643.1	215	360	3641	VFG015015(gb|WP_011666786)	418	560	1059	82.877	146	22	1	3.43e-28	128	VFG015015(gb|WP_011666786) (algP/algR3) alginate regulatory protein AlgP [Alginate (VF0091) - Biofilm (VFC0271)] [Pseudomonas aeruginosa UCBPP-PA14]
AFNF01000643.1	2024	2067	3641	VFG026305(gb|WP_009889305)	101	144	654	90.909	44	4	0	1.27e-07	60.2	VFG026305(gb|WP_009889305) (BTH_RS19000) ABC transporter ATP-binding protein [Capsule I (VF0436) - Immune modulation (VFC0258)] [Burkholderia thailandensis E264]
AFNF01000650.1	388	1665	3613	VFG020059(gb|WP_012614137)	1	1278	1278	100.000	1278	0	0	0.0	2361	VFG020059(gb|WP_012614137) (pvdN) pyoverdine biosynthesis protein PvdN [Pyoverdine (VF0094) - Nutritional/Metabolic factor (VFC0272)] [Pseudomonas aeruginosa LESB58]
AFNF01000650.1	388	1665	3613	VFG015996(gb|WP_003122677)	1	1284	1284	94.712	1286	58	8	0.0	1989	VFG015996(gb|WP_003122677) (pvdN) pyoverdine biosynthesis protein PvdN [Pyoverdine (VF0094) - Nutritional/Metabolic factor (VFC0272)] [Pseudomonas aeruginosa UCBPP-PA14]
AFNF01000650.1	388	1665	3613	VFG015994(gb|NP_251084)	1	1284	1284	94.635	1286	59	8	0.0	1984	VFG015994(gb|NP_251084) (pvdN) pyoverdine biosynthesis protein PvdN [Pyoverdine (VF0094) - Nutritional/Metabolic factor (VFC0272)] [Pseudomonas aeruginosa PAO1]
AFNF01000650.1	388	1665	3613	VFG015995(gb|WP_003148549)	1	1284	1284	92.541	1287	84	9	0.0	1834	VFG015995(gb|WP_003148549) (pvdN) pyoverdine biosynthesis protein PvdN [Pyoverdine (VF0094) - Nutritional/Metabolic factor (VFC0272)] [Pseudomonas aeruginosa PA7]
AFNF01000650.1	1694	2548	3613	VFG020061(gb|WP_012614136)	1	855	855	99.532	855	4	0	0.0	1557	VFG020061(gb|WP_012614136) (pvdO) pyoverdine biosynthesis protein PvdO [Pyoverdine (VF0094) - Nutritional/Metabolic factor (VFC0272)] [Pseudomonas aeruginosa LESB58]
AFNF01000650.1	1694	2548	3613	VFG016007(gb|WP_003139292)	1	855	855	97.427	855	22	0	0.0	1458	VFG016007(gb|WP_003139292) (pvdO) pyoverdine biosynthesis protein PvdO [Pyoverdine (VF0094) - Nutritional/Metabolic factor (VFC0272)] [Pseudomonas aeruginosa UCBPP-PA14]
AFNF01000650.1	1694	2548	3613	VFG016005(gb|NP_251085)	1	855	855	97.427	855	22	0	0.0	1458	VFG016005(gb|NP_251085) (pvdO) pyoverdine biosynthesis protein PvdO [Pyoverdine (VF0094) - Nutritional/Metabolic factor (VFC0272)] [Pseudomonas aeruginosa PAO1]
AFNF01000650.1	1694	2548	3613	VFG016006(gb|WP_012075667)	1	852	852	95.906	855	32	1	0.0	1382	VFG016006(gb|WP_012075667) (pvdO) pyoverdine biosynthesis protein PvdO [Pyoverdine (VF0094) - Nutritional/Metabolic factor (VFC0272)] [Pseudomonas aeruginosa PA7]
AFNF01000650.1	2609	3436	3613	VFG020063(gb|WP_012614135)	828	1	828	96.135	828	32	0	0.0	1352	VFG020063(gb|WP_012614135) (pvdF) pyoverdine synthetase F [Pyoverdine (VF0094) - Nutritional/Metabolic factor (VFC0272)] [Pseudomonas aeruginosa LESB58]
AFNF01000650.1	2625	3436	3613	VFG016016(gb|NP_251086)	812	1	828	93.350	812	54	0	0.0	1201	VFG016016(gb|NP_251086) (pvdF) pyoverdine synthetase F [Pyoverdine (VF0094) - Nutritional/Metabolic factor (VFC0272)] [Pseudomonas aeruginosa PAO1]
AFNF01000652.1	2319	3605	3605	VFG042696(gb|NP_250821)	1362	76	1362	99.689	1287	4	0	0.0	2355	VFG042696(gb|NP_250821) (cupA4) fimbrial subunit CupA4 [CupA fimbriae (VF0924) - Biofilm (VFC0271)] [Pseudomonas aeruginosa PAO1]
AFNF01000652.1	1616	2329	3605	VFG042697(gb|NP_250822)	714	1	714	99.860	714	1	0	0.0	1314	VFG042697(gb|NP_250822) (cupA5) chaperone CupA5 [CupA fimbriae (VF0924) - Biofilm (VFC0271)] [Pseudomonas aeruginosa PAO1]
AFNF01000656.1	392	2440	3567	VFG019768(gb|WP_003100940)	2049	1	2049	99.707	2049	6	0	0.0	3751	VFG019768(gb|WP_003100940) (pilJ) twitching motility protein PilJ [Type IV pili (VF0082) - Adherence (VFC0001)] [Pseudomonas aeruginosa LESB58]
AFNF01000656.1	392	2440	3567	VFG001228(gb|NP_249102)	2049	1	2049	99.658	2049	7	0	0.0	3746	VFG001228(gb|NP_249102) (pilJ) twitching motility protein PilJ [Type IV pili (VF0082) - Adherence (VFC0001)] [Pseudomonas aeruginosa PAO1]
AFNF01000656.1	392	2440	3567	VFG014044(gb|WP_003084592)	2049	1	2049	99.512	2049	10	0	0.0	3729	VFG014044(gb|WP_003084592) (pilJ) twitching motility protein PilJ [Type IV pili (VF0082) - Adherence (VFC0001)] [Pseudomonas aeruginosa UCBPP-PA14]
AFNF01000656.1	392	2440	3567	VFG014043(gb|WP_012074000)	2049	1	2049	97.901	2049	43	0	0.0	3546	VFG014043(gb|WP_012074000) (pilJ) twitching motility protein PilJ [Type IV pili (VF0082) - Adherence (VFC0001)] [Pseudomonas aeruginosa PA7]
AFNF01000656.1	414	2440	3567	VFG014053(gb|WP_011920658)	2027	1	2037	84.487	2037	296	15	0.0	1993	VFG014053(gb|WP_011920658) (pilJ) twitching motility protein PilJ [Type IV pili (VF0082) - Adherence (VFC0001)] [Pseudomonas mendocina ymp]
AFNF01000656.1	392	2410	3567	VFG014054(gb|WP_011914956)	2049	32	2049	81.666	2029	351	20	0.0	1666	VFG014054(gb|WP_011914956) (pilJ) twitching motility protein PilJ [Type IV pili (VF0082) - Adherence (VFC0001)] [Pseudomonas stutzeri A1501]
AFNF01000656.1	412	2378	3567	VFG014051(gb|WP_011063998)	2029	63	2064	82.020	1980	330	23	0.0	1661	VFG014051(gb|WP_011063998) (pilJ) twitching motility protein PilJ [Type IV pili (VF0082) - Adherence (VFC0001)] [Pseudomonas fluorescens Pf-5]
AFNF01000656.1	414	2401	3567	VFG014050(gb|WP_086009465)	2003	16	2025	81.391	1999	350	22	0.0	1611	VFG014050(gb|WP_086009465) (pilJ) twitching motility protein PilJ [Type IV pili (VF0082) - Adherence (VFC0001)] [Pseudomonas entomophila L48]
AFNF01000656.1	421	2402	3567	VFG014052(gb|WP_011336363)	2020	39	2061	81.003	1995	353	22	0.0	1561	VFG014052(gb|WP_011336363) (pilJ) twitching motility protein PilJ [Type IV pili (VF0082) - Adherence (VFC0001)] [Pseudomonas fluorescens Pf0-1]
AFNF01000656.1	440	2402	3567	VFG019769(gb|WP_015886334)	2001	39	2052	80.182	1973	371	20	0.0	1459	VFG019769(gb|WP_015886334) (pilJ) twitching motility protein PilJ [Type IV pili (VF0082) - Adherence (VFC0001)] [Pseudomonas fluorescens SBW25]
AFNF01000659.1	2584	3540	3540	VFG015130(gb|WP_003087710)	1	957	1173	99.791	957	2	0	0.0	1757	VFG015130(gb|WP_003087710) (popB) type III secretion system hydrophobic translocator, pore protein PopB [TTSS (VF0083) - Effector delivery system (VFC0086)] [Pseudomonas aeruginosa UCBPP-PA14]
AFNF01000659.1	2584	3540	3540	VFG019961(gb|WP_004342870)	1	957	1173	99.582	957	4	0	0.0	1746	VFG019961(gb|WP_004342870) (popB) type III secretion system hydrophobic translocator, pore protein PopB [TTSS (VF0083) - Effector delivery system (VFC0086)] [Pseudomonas aeruginosa LESB58]
AFNF01000659.1	2584	3540	3540	VFG000203(gb|NP_250399)	1	957	1173	99.373	957	6	0	0.0	1735	VFG000203(gb|NP_250399) (popB) type III secretion system hydrophobic translocator, pore protein PopB [TTSS (VF0083) - Effector delivery system (VFC0086)] [Pseudomonas aeruginosa PAO1]
AFNF01000659.1	1204	2088	3540	VFG015126(gb|WP_003109502)	1	885	885	99.661	885	3	0	0.0	1618	VFG015126(gb|WP_003109502) (pcrV) type III secretion system hydrophilic translocator, needle tip protein PcrV [TTSS (VF0083) - Effector delivery system (VFC0086)] [Pseudomonas aeruginosa UCBPP-PA14]
AFNF01000659.1	1204	2088	3540	VFG000201(gb|NP_250397)	1	885	885	99.096	885	8	0	0.0	1591	VFG000201(gb|NP_250397) (pcrV) type III secretion system hydrophilic translocator, needle tip protein PcrV [TTSS (VF0083) - Effector delivery system (VFC0086)] [Pseudomonas aeruginosa PAO1]
AFNF01000659.1	2097	2603	3540	VFG015128(gb|WP_003087708)	1	507	507	99.803	507	1	0	0.0	931	VFG015128(gb|WP_003087708) (pcrH) type III secretion system regulatory protein PcrH [TTSS (VF0083) - Effector delivery system (VFC0086)] [Pseudomonas aeruginosa UCBPP-PA14]
AFNF01000659.1	2097	2603	3540	VFG000202(gb|NP_250398)	1	504	504	99.408	507	0	1	0.0	917	VFG000202(gb|NP_250398) (pcrH) type III secretion system regulatory protein PcrH [TTSS (VF0083) - Effector delivery system (VFC0086)] [Pseudomonas aeruginosa PAO1]
AFNF01000659.1	1	439	3540	VFG019957(gb|WP_003087696)	1683	2121	2121	99.772	439	1	0	0.0	806	VFG019957(gb|WP_003087696) (pcrD) type III secretion system protein PcrD [TTSS (VF0083) - Effector delivery system (VFC0086)] [Pseudomonas aeruginosa LESB58]
AFNF01000659.1	1	439	3540	VFG000198(gb|NP_250394)	1683	2121	2121	99.772	439	1	0	0.0	806	VFG000198(gb|NP_250394) (pcrD) type III secretion system protein PcrD [TTSS (VF0083) - Effector delivery system (VFC0086)] [Pseudomonas aeruginosa PAO1]
AFNF01000659.1	436	870	3540	VFG000199(gb|NP_250395)	1	435	435	100.000	435	0	0	0.0	804	VFG000199(gb|NP_250395) (pcrR) type III secretion system regulatory protein PcrR [TTSS (VF0083) - Effector delivery system (VFC0086)] [Pseudomonas aeruginosa PAO1]
AFNF01000662.1	6	650	3511	VFG000220(gb|NP_250416)	1	645	645	100.000	645	0	0	0.0	1192	VFG000220(gb|NP_250416) (pscL) type III secretion systemt protein PscL [TTSS (VF0083) - Effector delivery system (VFC0086)] [Pseudomonas aeruginosa PAO1]
AFNF01000662.1	6	650	3511	VFG015164(gb|WP_003087735)	1	645	645	98.760	645	8	0	0.0	1147	VFG015164(gb|WP_003087735) (pscL) type III secretion systemt protein PscL [TTSS (VF0083) - Effector delivery system (VFC0086)] [Pseudomonas aeruginosa UCBPP-PA14]
AFNF01000672.1	2092	3444	3444	VFG042735(gb|NP_250513)	1689	337	1689	100.000	1353	0	0	0.0	2499	VFG042735(gb|NP_250513) (fimL) hypothetical protein [Type IV pili (VF0082) - Adherence (VFC0001)] [Pseudomonas aeruginosa PAO1]
AFNF01000675.1	3139	3440	3440	VFG042734(gb|NP_249343)	645	344	645	100.000	302	0	0	9.70e-158	558	VFG042734(gb|NP_249343) (vfr) cAMP-regulatory protein [Type IV pili (VF0082) - Adherence (VFC0001)] [Pseudomonas aeruginosa PAO1]
AFNF01000693.1	1945	1977	3307	VFG044225(gb|WP_011533698)	97	129	783	100.000	33	0	0	3.20e-08	62.1	VFG044225(gb|WP_011533698) (PSEEN_RS11610) ATP-binding cassette domain-containing protein [Pseudomonine (VF0936) - Nutritional/Metabolic factor (VFC0272)] [Pseudomonas entomophila L48]
AFNF01000703.1	1	1012	3245	VFG000166(gb|NP_252916)	1012	1	4317	99.407	1012	6	0	0.0	1836	VFG000166(gb|NP_252916) (pchE) dihydroaeruginoic acid synthetase PchE [Pyochelin (VF0095) - Nutritional/Metabolic factor (VFC0272)] [Pseudomonas aeruginosa PAO1]
AFNF01000703.1	1	1012	3245	VFG016122(gb|WP_003137469)	1012	1	4317	99.209	1012	8	0	0.0	1825	VFG016122(gb|WP_003137469) (pchE) dihydroaeruginoic acid synthetase PchE [Pyochelin (VF0095) - Nutritional/Metabolic factor (VFC0272)] [Pseudomonas aeruginosa UCBPP-PA14]
AFNF01000703.1	1	1012	3245	VFG020090(gb|WP_012613542)	1012	1	4317	99.012	1012	10	0	0.0	1814	VFG020090(gb|WP_012613542) (pchE) dihydroaeruginoic acid synthetase PchE [Pyochelin (VF0095) - Nutritional/Metabolic factor (VFC0272)] [Pseudomonas aeruginosa LESB58]
AFNF01000703.1	2326	3245	3245	VFG000168(gb|NP_252918)	1	920	1644	99.565	920	4	0	0.0	1677	VFG000168(gb|NP_252918) (pchD) pyochelin biosynthesis protein PchD [Pyochelin (VF0095) - Nutritional/Metabolic factor (VFC0272)] [Pseudomonas aeruginosa PAO1]
AFNF01000703.1	2326	3245	3245	VFG020092(gb|WP_003118945)	1	920	1644	99.457	920	5	0	0.0	1672	VFG020092(gb|WP_003118945) (pchD) pyochelin biosynthesis protein PchD [Pyochelin (VF0095) - Nutritional/Metabolic factor (VFC0272)] [Pseudomonas aeruginosa LESB58]
AFNF01000703.1	2326	3245	3245	VFG016130(gb|WP_003137468)	1	920	1644	99.130	920	8	0	0.0	1655	VFG016130(gb|WP_003137468) (pchD) pyochelin biosynthesis protein PchD [Pyochelin (VF0095) - Nutritional/Metabolic factor (VFC0272)] [Pseudomonas aeruginosa UCBPP-PA14]
AFNF01000703.1	1206	2096	3245	VFG020091(gb|WP_003106955)	891	1	891	99.551	891	4	0	0.0	1624	VFG020091(gb|WP_003106955) (pchR) transcriptional regulator PchR [Pyochelin (VF0095) - Nutritional/Metabolic factor (VFC0272)] [Pseudomonas aeruginosa LESB58]
AFNF01000703.1	1206	2096	3245	VFG000167(gb|NP_252917)	891	1	891	99.439	891	5	0	0.0	1618	VFG000167(gb|NP_252917) (pchR) transcriptional regulator PchR [Pyochelin (VF0095) - Nutritional/Metabolic factor (VFC0272)] [Pseudomonas aeruginosa PAO1]
AFNF01000703.1	1206	2096	3245	VFG016126(gb|WP_003106955)	891	1	891	98.765	891	11	0	0.0	1585	VFG016126(gb|WP_003106955) (pchR) transcriptional regulator PchR [Pyochelin (VF0095) - Nutritional/Metabolic factor (VFC0272)] [Pseudomonas aeruginosa UCBPP-PA14]
AFNF01000703.1	1206	2096	3245	VFG016125(gb|WP_003157556)	888	1	888	91.919	891	69	1	0.0	1243	VFG016125(gb|WP_003157556) (pchR) transcriptional regulator PchR [Pyochelin (VF0095) - Nutritional/Metabolic factor (VFC0272)] [Pseudomonas aeruginosa PA7]
AFNF01000704.1	1168	2304	3245	VFG001262(gb|NP_250140)	1	1137	1137	100.000	1137	0	0	0.0	2100	VFG001262(gb|NP_250140) (flhB) flagellar biosynthetic protein FlhB [Flagella (VF0273) - Motility (VFC0204)] [Pseudomonas aeruginosa PAO1]
AFNF01000704.1	1168	2304	3245	VFG014579(gb|WP_003083056)	1	1137	1137	99.824	1137	2	0	0.0	2089	VFG014579(gb|WP_003083056) (flhB) flagellar biosynthetic protein FlhB [Flagella (VF0273) - Motility (VFC0204)] [Pseudomonas aeruginosa UCBPP-PA14]
AFNF01000704.1	1168	2304	3245	VFG014578(gb|WP_003155636)	1	1137	1137	95.075	1137	56	0	0.0	1790	VFG014578(gb|WP_003155636) (flhB) flagellar biosynthetic protein FlhB [Flagella (VF0273) - Motility (VFC0204)] [Pseudomonas aeruginosa PA7]
AFNF01000704.1	389	1165	3245	VFG001261(gb|NP_250139)	1	777	777	99.743	777	2	0	0.0	1424	VFG001261(gb|NP_250139) (fliR) flagellar biosynthetic protein FliR [Flagella (VF0273) - Motility (VFC0204)] [Pseudomonas aeruginosa PAO1]
AFNF01000704.1	389	1165	3245	VFG014566(gb|WP_003083054)	1	777	777	99.485	777	4	0	0.0	1413	VFG014566(gb|WP_003083054) (fliR) flagellar biosynthetic protein FliR [Flagella (VF0273) - Motility (VFC0204)] [Pseudomonas aeruginosa UCBPP-PA14]
AFNF01000704.1	389	1165	3245	VFG019855(gb|WP_003083054)	1	777	777	99.356	777	5	0	0.0	1408	VFG019855(gb|WP_003083054) (fliR) flagellar biosynthetic protein FliR [Flagella (VF0273) - Motility (VFC0204)] [Pseudomonas aeruginosa LESB58]
AFNF01000704.1	389	1160	3245	VFG014565(gb|WP_012076409)	1	772	777	95.207	772	37	0	0.0	1221	VFG014565(gb|WP_012076409) (fliR) flagellar biosynthetic protein FliR [Flagella (VF0273) - Motility (VFC0204)] [Pseudomonas aeruginosa PA7]
AFNF01000704.1	1468	2298	3245	VFG014588(gb|WP_012019016)	301	1131	1137	80.889	832	157	2	0.0	654	VFG014588(gb|WP_012019016) (flhB) flagellar biosynthetic protein FlhB [Flagella (VF0273) - Motility (VFC0204)] [Pseudomonas mendocina ymp]
AFNF01000704.1	390	1111	3245	VFG014576(gb|WP_011913686)	2	723	777	81.207	729	123	12	9.08e-163	575	VFG014576(gb|WP_011913686) (fliR) flagellar biosynthetic protein FliR [Flagella (VF0273) - Motility (VFC0204)] [Pseudomonas stutzeri A1501]
AFNF01000704.1	390	1158	3245	VFG014573(gb|WP_011059989)	8	776	783	80.207	773	145	8	3.27e-162	573	VFG014573(gb|WP_011059989) (fliR) flagellar biosynthetic protein FliR [Flagella (VF0273) - Motility (VFC0204)] [Pseudomonas fluorescens Pf-5]
AFNF01000710.1	811	2109	3213	VFG019969(gb|WP_012614294)	1	1299	1299	100.000	1299	0	0	0.0	2399	VFG019969(gb|WP_012614294) (pscD) type III secretion system basal body protein PscD [TTSS (VF0083) - Effector delivery system (VFC0086)] [Pseudomonas aeruginosa LESB58]
AFNF01000710.1	811	2109	3213	VFG000212(gb|NP_250408)	1	1299	1299	99.692	1299	4	0	0.0	2377	VFG000212(gb|NP_250408) (pscD) type III secretion system basal body protein PscD [TTSS (VF0083) - Effector delivery system (VFC0086)] [Pseudomonas aeruginosa PAO1]
AFNF01000710.1	811	2109	3213	VFG015148(gb|WP_003132859)	1	1299	1299	98.922	1299	14	0	0.0	2322	VFG015148(gb|WP_003132859) (pscD) type III secretion system basal body protein PscD [TTSS (VF0083) - Effector delivery system (VFC0086)] [Pseudomonas aeruginosa UCBPP-PA14]
AFNF01000710.1	1	809	3213	VFG019968(gb|WP_012614295)	995	1803	1803	99.011	809	8	0	0.0	1450	VFG019968(gb|WP_012614295) (pscC) type III secretion system secretin PscC [TTSS (VF0083) - Effector delivery system (VFC0086)] [Pseudomonas aeruginosa LESB58]
AFNF01000710.1	1	809	3213	VFG015146(gb|WP_003140040)	995	1803	1803	98.888	809	9	0	0.0	1445	VFG015146(gb|WP_003140040) (pscC) type III secretion system secretin PscC [TTSS (VF0083) - Effector delivery system (VFC0086)] [Pseudomonas aeruginosa UCBPP-PA14]
AFNF01000710.1	1	809	3213	VFG000211(gb|NP_250407)	995	1803	1803	98.764	809	10	0	0.0	1439	VFG000211(gb|NP_250407) (pscC) type III secretion system secretin PscC [TTSS (VF0083) - Effector delivery system (VFC0086)] [Pseudomonas aeruginosa PAO1]
AFNF01000710.1	2538	2885	3213	VFG000215(gb|NP_250411)	1	348	348	99.713	348	1	0	0.0	638	VFG000215(gb|NP_250411) (pscG) type III secretion system chaperone PscG for PscF [TTSS (VF0083) - Effector delivery system (VFC0086)] [Pseudomonas aeruginosa PAO1]
AFNF01000710.1	2538	2885	3213	VFG015154(gb|WP_003140037)	1	348	348	98.563	348	5	0	5.30e-175	616	VFG015154(gb|WP_003140037) (pscG) type III secretion system chaperone PscG for PscF [TTSS (VF0083) - Effector delivery system (VFC0086)] [Pseudomonas aeruginosa UCBPP-PA14]
AFNF01000710.1	2882	3213	3213	VFG019973(gb|WP_003122856)	1	332	432	99.699	332	1	0	8.86e-173	608	VFG019973(gb|WP_003122856) (pscH) type III secretion system protein PscH [TTSS (VF0083) - Effector delivery system (VFC0086)] [Pseudomonas aeruginosa LESB58]
AFNF01000710.1	2882	3213	3213	VFG000216(gb|NP_250412)	1	332	432	99.398	332	2	0	4.12e-171	603	VFG000216(gb|NP_250412) (pscH) type III secretion system protein PscH [TTSS (VF0083) - Effector delivery system (VFC0086)] [Pseudomonas aeruginosa PAO1]
AFNF01000727.1	243	1406	3137	VFG014292(gb|WP_012076715)	1	1164	1164	96.993	1164	35	0	0.0	1956	VFG014292(gb|WP_012076715) (fliC) B-type flagellin [Flagella (VF0273) - Motility (VFC0204)] [Pseudomonas aeruginosa PA7]
AFNF01000727.1	1965	3136	3137	VFG014318(gb|WP_012076713)	16	1187	1434	88.993	1172	129	0	0.0	1450	VFG014318(gb|WP_012076713) (fliD) flagellar capping protein FliD [Flagella (VF0273) - Motility (VFC0204)] [Pseudomonas aeruginosa PA7]
AFNF01000727.1	1486	1872	3137	VFG014305(gb|WP_012076714)	1	384	384	87.949	390	38	6	1.54e-125	451	VFG014305(gb|WP_012076714) (fleI/flaG) flagellar protein FlaG [Flagella (VF0273) - Motility (VFC0204)] [Pseudomonas aeruginosa PA7]
AFNF01000727.1	243	694	3137	VFG014293(gb|WP_003082185)	1	452	1467	83.260	454	72	4	2.02e-114	414	VFG014293(gb|WP_003082185) (fliC) B-type flagellin [Flagella (VF0273) - Motility (VFC0204)] [Pseudomonas aeruginosa UCBPP-PA14]
AFNF01000727.1	1172	1406	3137	VFG014293(gb|WP_003082185)	1233	1467	1467	85.593	236	32	2	7.81e-64	246	VFG014293(gb|WP_003082185) (fliC) B-type flagellin [Flagella (VF0273) - Motility (VFC0204)] [Pseudomonas aeruginosa UCBPP-PA14]
AFNF01000727.1	243	694	3137	VFG001246(gb|NP_249783)	1	452	1467	83.040	454	73	4	9.42e-113	409	VFG001246(gb|NP_249783) (fliC) B-type flagellin [Flagella (VF0273) - Motility (VFC0204)] [Pseudomonas aeruginosa PAO1]
AFNF01000739.1	829	3084	3084	VFG020317(gb|WP_012614130)	1	2256	11043	100.000	2256	0	0	0.0	4167	VFG020317(gb|WP_012614130) (pvdI) peptide synthase [Pyoverdine (VF0094) - Nutritional/Metabolic factor (VFC0272)] [Pseudomonas aeruginosa LESB58]
AFNF01000739.1	1930	2041	3084	VFG016036(gb|WP_010954974)	1081	1192	10413	81.579	114	17	4	3.81e-17	91.6	VFG016036(gb|WP_010954974) (pvdD) pyoverdine synthetase D [Pyoverdine (VF0094) - Nutritional/Metabolic factor (VFC0272)] [Pseudomonas putida KT2440]
AFNF01000741.1	482	2314	3080	VFG015551(gb|NP_248741)	1	1833	1833	99.727	1833	5	0	0.0	3358	VFG015551(gb|NP_248741) (phzH) phenazine-modifying enzyme [Pyocyanin (VF0100) - Nutritional/Metabolic factor (VFC0272)] [Pseudomonas aeruginosa PAO1]
AFNF01000741.1	482	2314	3080	VFG020038(gb|WP_012613433)	1	1833	1833	99.673	1833	6	0	0.0	3352	VFG020038(gb|WP_012613433) (phzH) phenazine-modifying enzyme [Pyocyanin (VF0100) - Nutritional/Metabolic factor (VFC0272)] [Pseudomonas aeruginosa LESB58]
AFNF01000741.1	482	2314	3080	VFG015552(gb|WP_003111526)	1	1833	1833	99.291	1833	13	0	0.0	3314	VFG015552(gb|WP_003111526) (phzH) phenazine-modifying enzyme [Pyocyanin (VF0100) - Nutritional/Metabolic factor (VFC0272)] [Pseudomonas aeruginosa UCBPP-PA14]
AFNF01000752.1	242	1486	3012	VFG044096(gb|NP_252908)	1	1245	1245	99.036	1245	12	0	0.0	2233	VFG044096(gb|NP_252908) (PA4218) transporter [Pyochelin (VF0095) - Nutritional/Metabolic factor (VFC0272)] [Pseudomonas aeruginosa PAO1]
AFNF01000752.1	1591	2799	3012	VFG000173(gb|NP_252907)	1209	1	1209	99.586	1209	5	0	0.0	2206	VFG000173(gb|NP_252907) (phzS) flavin dependent hydroxylase PhzS [Pyocyanin (VF0100) - Nutritional/Metabolic factor (VFC0272)] [Pseudomonas aeruginosa PAO1]
AFNF01000752.1	1591	2799	3012	VFG020037(gb|WP_003093633)	1209	1	1209	98.346	1209	20	0	0.0	2122	VFG020037(gb|WP_003093633) (phzS) flavin dependent hydroxylase PhzS [Pyocyanin (VF0100) - Nutritional/Metabolic factor (VFC0272)] [Pseudomonas aeruginosa LESB58]
AFNF01000752.1	1591	2799	3012	VFG015550(gb|WP_003093633)	1209	1	1209	98.015	1209	24	0	0.0	2100	VFG015550(gb|WP_003093633) (phzS) flavin dependent hydroxylase PhzS [Pyocyanin (VF0100) - Nutritional/Metabolic factor (VFC0272)] [Pseudomonas aeruginosa UCBPP-PA14]
AFNF01000752.1	1591	2799	3012	VFG015549(gb|WP_012074243)	1209	1	1209	96.443	1209	43	0	0.0	1995	VFG015549(gb|WP_012074243) (phzS) flavin dependent hydroxylase PhzS [Pyocyanin (VF0100) - Nutritional/Metabolic factor (VFC0272)] [Pseudomonas aeruginosa PA7]
AFNF01000752.1	1	249	3012	VFG044097(gb|NP_252909)	1258	1506	1506	99.598	249	1	0	1.14e-126	455	VFG044097(gb|NP_252909) (PA4219) hypothetical protein [Pyochelin (VF0095) - Nutritional/Metabolic factor (VFC0272)] [Pseudomonas aeruginosa PAO1]
AFNF01000772.1	2140	2178	2915	VFG044225(gb|WP_011533698)	126	88	783	94.872	39	2	0	2.82e-08	62.1	VFG044225(gb|WP_011533698) (PSEEN_RS11610) ATP-binding cassette domain-containing protein [Pseudomonine (VF0936) - Nutritional/Metabolic factor (VFC0272)] [Pseudomonas entomophila L48]
AFNF01000776.1	693	2024	2902	VFG051567(gb|WP_003097790.1)	1332	1	1332	99.625	1332	5	0	0.0	2433	VFG051567(gb|WP_003097790.1) (tssK) type VI secretion system baseplate subunit TssK [HSI-2 (VF0943) - Effector delivery system (VFC0086)] [Pseudomonas aeruginosa LESB58]
AFNF01000776.1	693	2024	2902	VFG041025(gb|NP_250358)	1332	1	1332	99.474	1332	7	0	0.0	2422	VFG041025(gb|NP_250358) (tssK) type VI secretion system baseplate subunit TssK [HSI-2 (VF0943) - Effector delivery system (VFC0086)] [Pseudomonas aeruginosa PAO1]
AFNF01000776.1	693	2024	2902	VFG051570(gb|WP_003087620.1)	1332	1	1332	99.099	1332	12	0	0.0	2394	VFG051570(gb|WP_003087620.1) (tssK) type VI secretion system baseplate subunit TssK [HSI-2 (VF0943) - Effector delivery system (VFC0086)] [Pseudomonas aeruginosa UCBPP-PA14]
AFNF01000776.1	693	2024	2902	VFG051568(gb|WP_012076237.1)	1332	1	1332	98.724	1332	17	0	0.0	2366	VFG051568(gb|WP_012076237.1) (tssK) type VI secretion system baseplate subunit TssK [HSI-2 (VF0943) - Effector delivery system (VFC0086)] [Pseudomonas aeruginosa PA7]
AFNF01000776.1	693	2012	2902	VFG051572(gb|WP_011336586.1)	1332	14	1332	84.266	1322	203	5	0.0	1284	VFG051572(gb|WP_011336586.1) (tssK) type VI secretion system baseplate subunit TssK [HSI-2 (VF0943) - Effector delivery system (VFC0086)] [Pseudomonas fluorescens Pf0-1]
AFNF01000776.1	1	690	2902	VFG051575(gb|WP_003087622.1)	690	1	870	100.000	690	0	0	0.0	1275	VFG051575(gb|WP_003087622.1) (icmH/tssL) type IVB secretion system protein IcmH/DotU [HSI-2 (VF0943) - Effector delivery system (VFC0086)] [Pseudomonas aeruginosa LESB58]
AFNF01000776.1	1	690	2902	VFG041026(gb|NP_250359)	690	1	870	99.855	690	1	0	0.0	1269	VFG041026(gb|NP_250359) (icmH/tssL) type IVB secretion system protein IcmH/DotU [HSI-2 (VF0943) - Effector delivery system (VFC0086)] [Pseudomonas aeruginosa PAO1]
AFNF01000776.1	1	690	2902	VFG051578(gb|WP_003120354.1)	690	1	870	99.710	690	2	0	0.0	1264	VFG051578(gb|WP_003120354.1) (icmH/tssL) type IVB secretion system protein IcmH/DotU [HSI-2 (VF0943) - Effector delivery system (VFC0086)] [Pseudomonas aeruginosa UCBPP-PA14]
AFNF01000776.1	1	690	2902	VFG051576(gb|WP_003087622.1)	690	1	870	99.275	690	5	0	0.0	1247	VFG051576(gb|WP_003087622.1) (icmH/tssL) type IVB secretion system protein IcmH/DotU [HSI-2 (VF0943) - Effector delivery system (VFC0086)] [Pseudomonas aeruginosa PA7]
AFNF01000776.1	693	2024	2902	VFG051571(gb|WP_011531915.1)	1332	1	1332	83.558	1338	208	11	0.0	1242	VFG051571(gb|WP_011531915.1) (tssK) type VI secretion system baseplate subunit TssK [HSI-2 (VF0943) - Effector delivery system (VFC0086)] [Pseudomonas entomophila L48]
AFNF01000786.1	875	2662	2830	VFG051538(gb|WP_003087605.1)	1788	1	1788	99.161	1788	15	0	0.0	3219	VFG051538(gb|WP_003087605.1) (tssF) type VI secretion system baseplate subunit TssF [HSI-2 (VF0943) - Effector delivery system (VFC0086)] [Pseudomonas aeruginosa UCBPP-PA14]
AFNF01000786.1	875	2662	2830	VFG051535(gb|WP_010794013.1)	1788	1	1788	99.105	1788	16	0	0.0	3214	VFG051535(gb|WP_010794013.1) (tssF) type VI secretion system baseplate subunit TssF [HSI-2 (VF0943) - Effector delivery system (VFC0086)] [Pseudomonas aeruginosa LESB58]
AFNF01000786.1	875	2455	2830	VFG041018(gb|NP_250351)	1581	1	1581	99.178	1581	13	0	0.0	2848	VFG041018(gb|NP_250351) (tssF) type VI secretion system baseplate subunit TssF [HSI-2 (VF0943) - Effector delivery system (VFC0086)] [Pseudomonas aeruginosa PAO1]
AFNF01000786.1	875	2661	2830	VFG051536(gb|WP_003154519.1)	1788	2	1788	89.653	1788	183	2	0.0	2276	VFG051536(gb|WP_003154519.1) (tssF) type VI secretion system baseplate subunit TssF [HSI-2 (VF0943) - Effector delivery system (VFC0086)] [Pseudomonas aeruginosa PA7]
AFNF01000786.1	875	2661	2830	VFG051539(gb|WP_011531908.1)	1788	2	1788	83.556	1800	270	21	0.0	1661	VFG051539(gb|WP_011531908.1) (tssF) type VI secretion system baseplate subunit TssF [HSI-2 (VF0943) - Effector delivery system (VFC0086)] [Pseudomonas entomophila L48]
AFNF01000786.1	1	911	2830	VFG051543(gb|WP_003097804.1)	911	1	1008	99.341	911	6	0	0.0	1650	VFG051543(gb|WP_003097804.1) (tssG) type VI secretion system baseplate subunit TssG [HSI-2 (VF0943) - Effector delivery system (VFC0086)] [Pseudomonas aeruginosa LESB58]
AFNF01000786.1	1	911	2830	VFG041019(gb|NP_250352)	911	1	1008	98.793	911	11	0	0.0	1622	VFG041019(gb|NP_250352) (tssG) type VI secretion system baseplate subunit TssG [HSI-2 (VF0943) - Effector delivery system (VFC0086)] [Pseudomonas aeruginosa PAO1]
AFNF01000786.1	1	911	2830	VFG051546(gb|WP_003140086.1)	911	1	1008	98.573	911	13	0	0.0	1611	VFG051546(gb|WP_003140086.1) (tssG) type VI secretion system baseplate subunit TssG [HSI-2 (VF0943) - Effector delivery system (VFC0086)] [Pseudomonas aeruginosa UCBPP-PA14]
AFNF01000786.1	875	2662	2830	VFG051540(gb|WP_011336593.1)	1788	1	1788	81.803	1797	309	17	0.0	1491	VFG051540(gb|WP_011336593.1) (tssF) type VI secretion system baseplate subunit TssF [HSI-2 (VF0943) - Effector delivery system (VFC0086)] [Pseudomonas fluorescens Pf0-1]
AFNF01000786.1	1	911	2830	VFG051544(gb|WP_012076241.1)	911	1	1008	92.426	911	69	0	0.0	1301	VFG051544(gb|WP_012076241.1) (tssG) type VI secretion system baseplate subunit TssG [HSI-2 (VF0943) - Effector delivery system (VFC0086)] [Pseudomonas aeruginosa PA7]
AFNF01000787.1	255	1766	2824	VFG041021(gb|NP_250354)	1	1512	1512	99.405	1512	9	0	0.0	2743	VFG041021(gb|NP_250354) (PA1663) transcriptional regulator [HSI-2 (VF0943) - Effector delivery system (VFC0086)] [Pseudomonas aeruginosa PAO1]
AFNF01000787.1	2013	2824	2824	VFG041023(gb|NP_250356)	1	812	1194	99.015	812	8	0	0.0	1456	VFG041023(gb|NP_250356) (PA1665) hypothetical protein [HSI-2 (VF0943) - Effector delivery system (VFC0086)] [Pseudomonas aeruginosa PAO1]
AFNF01000787.1	1	244	2824	VFG051551(gb|WP_012614304.1)	2391	2634	2634	100.000	244	0	0	1.39e-125	451	VFG051551(gb|WP_012614304.1) (tssH) type VI secretion system ATPase TssH [HSI-2 (VF0943) - Effector delivery system (VFC0086)] [Pseudomonas aeruginosa LESB58]
AFNF01000787.1	1	244	2824	VFG041020(gb|NP_250353)	2391	2634	2634	99.590	244	1	0	6.46e-124	446	VFG041020(gb|NP_250353) (tssH) type VI secretion system ATPase TssH [HSI-2 (VF0943) - Effector delivery system (VFC0086)] [Pseudomonas aeruginosa PAO1]
AFNF01000787.1	1	244	2824	VFG051554(gb|WP_003140083.1)	2391	2634	2634	99.180	244	2	0	3.00e-122	440	VFG051554(gb|WP_003140083.1) (tssH) type VI secretion system ATPase TssH [HSI-2 (VF0943) - Effector delivery system (VFC0086)] [Pseudomonas aeruginosa UCBPP-PA14]
AFNF01000787.1	1855	1995	2824	VFG041022(gb|NP_250355)	1	141	141	100.000	141	0	0	2.51e-68	261	VFG041022(gb|NP_250355) (PA1664) hypothetical protein [HSI-2 (VF0943) - Effector delivery system (VFC0086)] [Pseudomonas aeruginosa PAO1]
AFNF01000789.1	637	1785	2816	VFG000175(gb|NP_251786)	1149	1	1149	99.739	1149	3	0	0.0	2106	VFG000175(gb|NP_251786) (xcpY) general secretion pathway protein L [Xcp secretion system (VF0084) - Effector delivery system (VFC0086)] [Pseudomonas aeruginosa PAO1]
AFNF01000789.1	1782	2783	2816	VFG000176(gb|NP_251787)	1002	1	1002	99.501	1002	5	0	0.0	1823	VFG000176(gb|NP_251787) (xcpX) general secretion pathway protein K [Xcp secretion system (VF0084) - Effector delivery system (VFC0086)] [Pseudomonas aeruginosa PAO1]
AFNF01000789.1	111	635	2816	VFG000174(gb|NP_251785)	525	1	525	99.048	525	5	0	0.0	942	VFG000174(gb|NP_251785) (xcpZ) general secretion pathway protein M [Xcp secretion system (VF0084) - Effector delivery system (VFC0086)] [Pseudomonas aeruginosa PAO1]
AFNF01000789.1	2780	2816	2816	VFG000177(gb|NP_251788)	714	678	714	100.000	37	0	0	1.63e-10	69.4	VFG000177(gb|NP_251788) (xcpW) general secretion pathway protein J [Xcp secretion system (VF0084) - Effector delivery system (VFC0086)] [Pseudomonas aeruginosa PAO1]
AFNF01000791.1	1162	2307	2793	VFG042698(gb|NP_252770)	1146	1	1146	99.651	1146	4	0	0.0	2095	VFG042698(gb|NP_252770) (cupB6) fimbrial subunit CupB6 [CupB fimbriae (VF0925) - Biofilm (VFC0271)] [Pseudomonas aeruginosa PAO1]
AFNF01000791.1	2407	2793	2793	VFG042699(gb|NP_252771)	3057	2671	3057	99.225	387	3	0	0.0	699	VFG042699(gb|NP_252771) (cupB5) adhesive protein CupB5 [CupB fimbriae (VF0925) - Biofilm (VFC0271)] [Pseudomonas aeruginosa PAO1]
AFNF01000803.1	2075	2711	2711	VFG019926(gb|WP_003099228)	1	637	1059	99.843	637	1	0	0.0	1171	VFG019926(gb|WP_003099228) (algP/algR3) alginate regulatory protein AlgP [Alginate (VF0091) - Biofilm (VFC0271)] [Pseudomonas aeruginosa LESB58]
AFNF01000803.1	2492	2711	2711	VFG019926(gb|WP_003099228)	493	712	1059	90.909	220	20	0	6.60e-79	296	VFG019926(gb|WP_003099228) (algP/algR3) alginate regulatory protein AlgP [Alginate (VF0091) - Biofilm (VFC0271)] [Pseudomonas aeruginosa LESB58]
AFNF01000803.1	2492	2709	2711	VFG019926(gb|WP_003099228)	568	785	1059	90.826	218	20	0	8.54e-78	292	VFG019926(gb|WP_003099228) (algP/algR3) alginate regulatory protein AlgP [Alginate (VF0091) - Biofilm (VFC0271)] [Pseudomonas aeruginosa LESB58]
AFNF01000803.1	2567	2710	2711	VFG019926(gb|WP_003099228)	418	561	1059	89.583	144	15	0	5.36e-45	183	VFG019926(gb|WP_003099228) (algP/algR3) alginate regulatory protein AlgP [Alginate (VF0091) - Biofilm (VFC0271)] [Pseudomonas aeruginosa LESB58]
AFNF01000803.1	2492	2664	2711	VFG019926(gb|WP_003099228)	793	968	1059	83.051	177	25	4	1.17e-36	156	VFG019926(gb|WP_003099228) (algP/algR3) alginate regulatory protein AlgP [Alginate (VF0091) - Biofilm (VFC0271)] [Pseudomonas aeruginosa LESB58]
AFNF01000803.1	2075	2711	2711	VFG000117(gb|NP_253940)	1	637	1059	99.529	637	3	0	0.0	1160	VFG000117(gb|NP_253940) (algP/algR3) alginate regulatory protein AlgP [Alginate (VF0091) - Biofilm (VFC0271)] [Pseudomonas aeruginosa PAO1]
AFNF01000803.1	2492	2711	2711	VFG000117(gb|NP_253940)	493	712	1059	90.909	220	20	0	6.60e-79	296	VFG000117(gb|NP_253940) (algP/algR3) alginate regulatory protein AlgP [Alginate (VF0091) - Biofilm (VFC0271)] [Pseudomonas aeruginosa PAO1]
AFNF01000803.1	2492	2709	2711	VFG000117(gb|NP_253940)	568	785	1059	90.367	218	21	0	3.97e-76	287	VFG000117(gb|NP_253940) (algP/algR3) alginate regulatory protein AlgP [Alginate (VF0091) - Biofilm (VFC0271)] [Pseudomonas aeruginosa PAO1]
AFNF01000803.1	2567	2710	2711	VFG000117(gb|NP_253940)	418	561	1059	89.583	144	15	0	5.36e-45	183	VFG000117(gb|NP_253940) (algP/algR3) alginate regulatory protein AlgP [Alginate (VF0091) - Biofilm (VFC0271)] [Pseudomonas aeruginosa PAO1]
AFNF01000803.1	2492	2664	2711	VFG000117(gb|NP_253940)	793	968	1059	82.486	177	26	4	5.44e-35	150	VFG000117(gb|NP_253940) (algP/algR3) alginate regulatory protein AlgP [Alginate (VF0091) - Biofilm (VFC0271)] [Pseudomonas aeruginosa PAO1]
AFNF01000803.1	2075	2711	2711	VFG015015(gb|WP_011666786)	1	637	1059	98.744	637	8	0	0.0	1133	VFG015015(gb|WP_011666786) (algP/algR3) alginate regulatory protein AlgP [Alginate (VF0091) - Biofilm (VFC0271)] [Pseudomonas aeruginosa UCBPP-PA14]
AFNF01000803.1	2492	2711	2711	VFG015015(gb|WP_011666786)	493	712	1059	91.364	220	19	0	1.42e-80	302	VFG015015(gb|WP_011666786) (algP/algR3) alginate regulatory protein AlgP [Alginate (VF0091) - Biofilm (VFC0271)] [Pseudomonas aeruginosa UCBPP-PA14]
AFNF01000803.1	2492	2711	2711	VFG015015(gb|WP_011666786)	568	787	1059	90.000	220	22	0	1.43e-75	285	VFG015015(gb|WP_011666786) (algP/algR3) alginate regulatory protein AlgP [Alginate (VF0091) - Biofilm (VFC0271)] [Pseudomonas aeruginosa UCBPP-PA14]
AFNF01000803.1	776	1258	2711	VFG015028(gb|WP_003120370)	1	483	483	100.000	483	0	0	0.0	893	VFG015028(gb|WP_003120370) (algQ) Alginate regulatory protein AlgQ [Alginate (VF0091) - Biofilm (VFC0271)] [Pseudomonas aeruginosa UCBPP-PA14]
AFNF01000803.1	776	1258	2711	VFG019928(gb|WP_003120370)	1	483	483	99.379	483	3	0	0.0	876	VFG019928(gb|WP_003120370) (algQ) Alginate regulatory protein AlgQ [Alginate (VF0091) - Biofilm (VFC0271)] [Pseudomonas aeruginosa LESB58]
AFNF01000803.1	776	1258	2711	VFG000118(gb|NP_253942)	1	483	483	99.172	483	4	0	0.0	870	VFG000118(gb|NP_253942) (algQ) Alginate regulatory protein AlgQ [Alginate (VF0091) - Biofilm (VFC0271)] [Pseudomonas aeruginosa PAO1]
AFNF01000803.1	776	1258	2711	VFG015027(gb|WP_003154610)	1	483	483	93.375	483	32	0	0.0	715	VFG015027(gb|WP_003154610) (algQ) Alginate regulatory protein AlgQ [Alginate (VF0091) - Biofilm (VFC0271)] [Pseudomonas aeruginosa PA7]
AFNF01000803.1	2075	2709	2711	VFG015014(gb|WP_012077866)	1	662	1107	86.275	663	62	12	0.0	693	VFG015014(gb|WP_012077866) (algP/algR3) alginate regulatory protein AlgP [Alginate (VF0091) - Biofilm (VFC0271)] [Pseudomonas aeruginosa PA7]
AFNF01000828.1	356	706	2612	VFG042140(gb|NP_252531)	1	351	351	99.430	351	2	0	0.0	638	VFG042140(gb|NP_252531) (spcS) chaperone for exoS [TTSS (VF0083) - Effector delivery system (VFC0086)] [Pseudomonas aeruginosa PAO1]
AFNF01000828.1	1	168	2612	VFG000147(gb|NP_252530)	168	1	1362	100.000	168	0	0	2.27e-83	311	VFG000147(gb|NP_252530) (exoS) type III secretion system effector ExoS, ADP ribosyltransferase activity and GTPase-activating protein activity [TTSS secreted effectors (VF0853) - Effector delivery system (VFC0086)] [Pseudomonas aeruginosa PAO1]
AFNF01000828.1	1	168	2612	VFG019978(gb|WP_003113791)	168	1	1362	99.405	168	1	0	1.06e-81	305	VFG019978(gb|WP_003113791) (exoS) type III secretion system effector ExoS, ADP ribosyltransferase activity and GTPase-activating protein activity [TTSS secreted effectors (VF0853) - Effector delivery system (VFC0086)] [Pseudomonas aeruginosa LESB58]
AFNF01000847.1	833	1669	2502	VFG019965(gb|WP_003120334)	837	1	837	100.000	837	0	0	0.0	1546	VFG019965(gb|WP_003120334) (exsA) type III secretion system regulatory protein ExsA [TTSS (VF0083) - Effector delivery system (VFC0086)] [Pseudomonas aeruginosa LESB58]
AFNF01000847.1	833	1669	2502	VFG000208(gb|NP_250404)	837	1	837	99.881	837	1	0	0.0	1541	VFG000208(gb|NP_250404) (exsA) type III secretion system regulatory protein ExsA [TTSS (VF0083) - Effector delivery system (VFC0086)] [Pseudomonas aeruginosa PAO1]
AFNF01000847.1	833	1669	2502	VFG015140(gb|WP_003120334)	837	1	837	99.642	837	3	0	0.0	1530	VFG015140(gb|WP_003120334) (exsA) type III secretion system regulatory protein ExsA [TTSS (VF0083) - Effector delivery system (VFC0086)] [Pseudomonas aeruginosa UCBPP-PA14]
AFNF01000847.1	1	735	2502	VFG000209(gb|NP_250405)	735	1	831	100.000	735	0	0	0.0	1358	VFG000209(gb|NP_250405) (exsD) type III secretion system regulatory protein ExsD [TTSS (VF0083) - Effector delivery system (VFC0086)] [Pseudomonas aeruginosa PAO1]
AFNF01000847.1	1	735	2502	VFG019966(gb|WP_003100755)	735	1	831	99.864	735	1	0	0.0	1352	VFG019966(gb|WP_003100755) (exsD) type III secretion system regulatory protein ExsD [TTSS (VF0083) - Effector delivery system (VFC0086)] [Pseudomonas aeruginosa LESB58]
AFNF01000847.1	1	735	2502	VFG015142(gb|WP_003109509)	735	1	831	98.776	735	9	0	0.0	1308	VFG015142(gb|WP_003109509) (exsD) type III secretion system regulatory protein ExsD [TTSS (VF0083) - Effector delivery system (VFC0086)] [Pseudomonas aeruginosa UCBPP-PA14]
AFNF01000847.1	1967	2380	2502	VFG019964(gb|WP_003100765)	414	1	414	100.000	414	0	0	0.0	765	VFG019964(gb|WP_003100765) (exsB) type III secretion system pilotin ExsB [TTSS (VF0083) - Effector delivery system (VFC0086)] [Pseudomonas aeruginosa LESB58]
AFNF01000847.1	1967	2380	2502	VFG000207(gb|NP_250403)	414	1	414	99.758	414	1	0	0.0	760	VFG000207(gb|NP_250403) (exsB) type III secretion system pilotin ExsB [TTSS (VF0083) - Effector delivery system (VFC0086)] [Pseudomonas aeruginosa PAO1]
AFNF01000847.1	1967	2380	2502	VFG015138(gb|WP_003117721)	414	1	414	97.826	414	9	0	0.0	715	VFG015138(gb|WP_003117721) (exsB) type III secretion system pilotin ExsB [TTSS (VF0083) - Effector delivery system (VFC0086)] [Pseudomonas aeruginosa UCBPP-PA14]
AFNF01000847.1	2389	2502	2502	VFG000206(gb|NP_250402)	246	133	246	100.000	114	0	0	2.27e-53	211	VFG000206(gb|NP_250402) (exsE) type III secretion system regulatory protein ExsE [TTSS (VF0083) - Effector delivery system (VFC0086)] [Pseudomonas aeruginosa PAO1]
AFNF01000850.1	1	2488	2488	VFG020089(gb|WP_012613543)	4466	1979	5430	99.437	2488	14	0	0.0	4518	VFG020089(gb|WP_012613543) (pchF) pyochelin synthetase PchF [Pyochelin (VF0095) - Nutritional/Metabolic factor (VFC0272)] [Pseudomonas aeruginosa LESB58]
AFNF01000850.1	1	2488	2488	VFG000165(gb|NP_252915)	4466	1979	5430	99.437	2488	14	0	0.0	4518	VFG000165(gb|NP_252915) (pchF) pyochelin synthetase PchF [Pyochelin (VF0095) - Nutritional/Metabolic factor (VFC0272)] [Pseudomonas aeruginosa PAO1]
AFNF01000850.1	1	2488	2488	VFG016118(gb|WP_011666540)	4466	1979	5430	98.633	2488	34	0	0.0	4407	VFG016118(gb|WP_011666540) (pchF) pyochelin synthetase PchF [Pyochelin (VF0095) - Nutritional/Metabolic factor (VFC0272)] [Pseudomonas aeruginosa UCBPP-PA14]
AFNF01000850.1	1	2488	2488	VFG016117(gb|WP_012074237)	4466	1979	5430	96.463	2488	88	0	0.0	4108	VFG016117(gb|WP_012074237) (pchF) pyochelin synthetase PchF [Pyochelin (VF0095) - Nutritional/Metabolic factor (VFC0272)] [Pseudomonas aeruginosa PA7]
AFNF01000850.1	1702	1821	2488	VFG016123(gb|WP_011061773)	2906	2787	3471	80.165	121	22	2	1.10e-16	89.8	VFG016123(gb|WP_011061773) (pchE) dihydroaeruginoic acid synthetase PchE [Pyochelin (VF0095) - Nutritional/Metabolic factor (VFC0272)] [Pseudomonas fluorescens Pf-5]
AFNF01000855.1	1670	2471	2471	VFG015926(gb|NP_250885)	1254	453	1254	99.377	802	5	0	0.0	1454	VFG015926(gb|NP_250885) (hcnC) hydrogen cyanide synthase subunit HcnC [Hydrogen cyanide production (VF0920) - Antimicrobial activity/Competitive advantage (VFC0325)] [Pseudomonas aeruginosa PAO1]
AFNF01000855.1	1670	2471	2471	VFG015928(gb|WP_011666673)	1254	453	1254	97.506	802	20	0	0.0	1371	VFG015928(gb|WP_011666673) (hcnC) cyanide-forming glycine dehydrogenase subunit HcnC [Hydrogen cyanide production (VF0920) - Antimicrobial activity/Competitive advantage (VFC0325)] [Pseudomonas aeruginosa UCBPP-PA14]
AFNF01000855.1	1670	2470	2471	VFG015927(gb|WP_012075860)	1254	454	1254	92.519	802	58	2	0.0	1147	VFG015927(gb|WP_012075860) (hcnC) cyanide-forming glycine dehydrogenase subunit HcnC [Hydrogen cyanide production (VF0920) - Antimicrobial activity/Competitive advantage (VFC0325)] [Pseudomonas aeruginosa PA7]
AFNF01000855.1	1709	2465	2471	VFG015930(gb|WP_011060875)	1215	459	1254	81.937	764	124	14	1.12e-180	634	VFG015930(gb|WP_011060875) (hcnC) cyanide-forming glycine dehydrogenase subunit HcnC [Hydrogen cyanide production (VF0920) - Antimicrobial activity/Competitive advantage (VFC0325)] [Pseudomonas fluorescens Pf-5]
AFNF01000855.1	1725	2469	2471	VFG015931(gb|WP_011334877)	1199	455	1260	82.024	751	123	11	5.22e-179	628	VFG015931(gb|WP_011334877) (hcnC) cyanide-forming glycine dehydrogenase subunit HcnC [Hydrogen cyanide production (VF0920) - Antimicrobial activity/Competitive advantage (VFC0325)] [Pseudomonas fluorescens Pf0-1]
AFNF01000858.1	1	1002	2461	VFG042699(gb|NP_252771)	1003	1	3057	99.003	1003	9	1	0.0	1796	VFG042699(gb|NP_252771) (cupB5) adhesive protein CupB5 [CupB fimbriae (VF0925) - Biofilm (VFC0271)] [Pseudomonas aeruginosa PAO1]
AFNF01000858.1	1090	1830	2461	VFG042700(gb|NP_252772)	741	1	741	99.595	741	3	0	0.0	1352	VFG042700(gb|NP_252772) (cupB4) chaperone CupB4 [CupB fimbriae (VF0925) - Biofilm (VFC0271)] [Pseudomonas aeruginosa PAO1]
AFNF01000858.1	1827	2461	2461	VFG042701(gb|NP_252773)	2535	1901	2535	99.685	635	2	0	0.0	1162	VFG042701(gb|NP_252773) (cupB3) usher CupB3 [CupB fimbriae (VF0925) - Biofilm (VFC0271)] [Pseudomonas aeruginosa PAO1]
AFNF01000860.1	201	2458	2458	VFG041012(gb|NP_250202)	1	2258	2529	99.336	2258	15	0	0.0	4087	VFG041012(gb|NP_250202) (vgrG) type VI secretion system tip protein VgrG [HSI-2 (VF0943) - Effector delivery system (VFC0086)] [Pseudomonas aeruginosa PAO1]
AFNF01000860.1	201	2458	2458	VFG051596(gb|WP_003137141.1)	1	2258	3060	99.291	2258	16	0	0.0	4082	VFG051596(gb|WP_003137141.1) (vgrG2b) Type VI secretion system spike protein VgrG2b; metallopeptidase effector VgrG2b [HSI-2 T6SS secreted effectors (VF0915) - Effector delivery system (VFC0086)] [Pseudomonas aeruginosa UCBPP-PA14]
AFNF01000860.1	201	2458	2458	VFG051489(gb|WP_003083217.1)	1	2258	2529	99.159	2258	19	0	0.0	4065	VFG051489(gb|WP_003083217.1) (vgrG) type VI secretion system tip protein VgrG [HSI-2 (VF0943) - Effector delivery system (VFC0086)] [Pseudomonas aeruginosa LESB58]
AFNF01000860.1	201	2458	2458	VFG051593(gb|WP_012613476.1)	1	2258	3060	99.114	2258	20	0	0.0	4060	VFG051593(gb|WP_012613476.1) (vgrG2b) Type VI secretion system spike protein VgrG2b; metallopeptidase effector VgrG2b [HSI-2 T6SS secreted effectors (VF0915) - Effector delivery system (VFC0086)] [Pseudomonas aeruginosa LESB58]
AFNF01000860.1	201	2458	2458	VFG051487(gb|NP_248953.1)	1	2258	3060	98.981	2258	23	0	0.0	4043	VFG051487(gb|NP_248953.1) (vgrG2b) Type VI secretion system spike protein VgrG2b; metallopeptidase effector VgrG2b [HSI-2 T6SS secreted effectors (VF0915) - Effector delivery system (VFC0086)] [Pseudomonas aeruginosa PAO1]
AFNF01000860.1	201	2458	2458	VFG051491(gb|WP_011666716.1)	1	2258	2529	98.849	2258	26	0	0.0	4026	VFG051491(gb|WP_011666716.1) (vgrG) type VI secretion system tip protein VgrG [HSI-2 (VF0943) - Effector delivery system (VFC0086)] [Pseudomonas aeruginosa UCBPP-PA14]
AFNF01000860.1	201	2458	2458	VFG051594(gb|WP_012074520.1)	1	2258	3060	92.965	2260	155	4	0.0	3290	VFG051594(gb|WP_012074520.1) (vgrG2b) Type VI secretion system spike protein VgrG2b; metallopeptidase effector VgrG2b [HSI-2 T6SS secreted effectors (VF0915) - Effector delivery system (VFC0086)] [Pseudomonas aeruginosa PA7]
AFNF01000861.1	1	2455	2455	VFG020070(gb|WP_012614131)	446	2900	3372	99.430	2455	14	0	0.0	4457	VFG020070(gb|WP_012614131) (pvdJ) pyoverdine biosynthesis protein PvdJ [Pyoverdine (VF0094) - Nutritional/Metabolic factor (VFC0272)] [Pseudomonas aeruginosa LESB58]
AFNF01000861.1	1	2455	2455	VFG020069(gb|WP_148235954)	437	2891	13110	99.430	2455	14	0	0.0	4457	VFG020069(gb|WP_148235954) (pvdD) pyoverdine synthetase D [Pyoverdine (VF0094) - Nutritional/Metabolic factor (VFC0272)] [Pseudomonas aeruginosa LESB58]
AFNF01000861.1	2119	2454	2455	VFG020069(gb|WP_148235954)	7088	7423	13110	84.024	338	50	3	9.86e-87	322	VFG020069(gb|WP_148235954) (pvdD) pyoverdine synthetase D [Pyoverdine (VF0094) - Nutritional/Metabolic factor (VFC0272)] [Pseudomonas aeruginosa LESB58]
AFNF01000861.1	1	1331	2455	VFG020317(gb|WP_012614130)	8141	9477	11043	90.289	1349	101	27	0.0	1738	VFG020317(gb|WP_012614130) (pvdI) peptide synthase [Pyoverdine (VF0094) - Nutritional/Metabolic factor (VFC0272)] [Pseudomonas aeruginosa LESB58]
AFNF01000861.1	2119	2454	2455	VFG020317(gb|WP_012614130)	10265	10600	11043	84.320	338	49	3	2.12e-88	327	VFG020317(gb|WP_012614130) (pvdI) peptide synthase [Pyoverdine (VF0094) - Nutritional/Metabolic factor (VFC0272)] [Pseudomonas aeruginosa LESB58]
AFNF01000861.1	2142	2360	2455	VFG016044(gb|WP_011534374)	10311	10530	11796	80.269	223	37	7	2.28e-38	161	VFG016044(gb|WP_011534374) (pvdI) peptide synthase [Pyoverdine (VF0094) - Nutritional/Metabolic factor (VFC0272)] [Pseudomonas entomophila L48]
AFNF01000862.1	1	1010	2457	VFG019753(gb|WP_003123397)	1010	1	3492	100.000	1010	0	0	0.0	1866	VFG019753(gb|WP_003123397) (pilY1) type 4 fimbrial biogenesis protein PilY1 [Type IV pili (VF0082) - Adherence (VFC0001)] [Pseudomonas aeruginosa LESB58]
AFNF01000862.1	1606	2430	2457	VFG019749(gb|WP_003119422)	825	1	825	99.879	825	1	0	0.0	1519	VFG019749(gb|WP_003119422) (pilW) type IV fimbrial biogenesis protein PilW [Type IV pili (VF0082) - Adherence (VFC0001)] [Pseudomonas aeruginosa LESB58]
AFNF01000862.1	1606	2430	2457	VFG001208(gb|NP_253242)	825	1	825	99.758	825	2	0	0.0	1513	VFG001208(gb|NP_253242) (pilW) type IV fimbrial biogenesis protein PilW [Type IV pili (VF0082) - Adherence (VFC0001)] [Pseudomonas aeruginosa PAO1]
AFNF01000862.1	1022	1609	2457	VFG001209(gb|NP_253243)	588	1	588	100.000	588	0	0	0.0	1086	VFG001209(gb|NP_253243) (pilX) type 4 fimbrial biogenesis protein PilX [Type IV pili (VF0082) - Adherence (VFC0001)] [Pseudomonas aeruginosa PAO1]
AFNF01000862.1	1606	2430	2457	VFG013924(gb|WP_012077310)	825	1	825	88.136	826	96	2	0.0	981	VFG013924(gb|WP_012077310) (pilW) type IV fimbrial biogenesis protein PilW [Type IV pili (VF0082) - Adherence (VFC0001)] [Pseudomonas aeruginosa PA7]
AFNF01000862.1	1022	1588	2457	VFG013930(gb|WP_003150019)	588	22	588	90.653	567	53	0	0.0	754	VFG013930(gb|WP_003150019) (pilX) type 4 fimbrial biogenesis protein PilX [Type IV pili (VF0082) - Adherence (VFC0001)] [Pseudomonas aeruginosa PA7]
AFNF01000862.1	4	435	2457	VFG001210(gb|NP_253244)	1001	561	3486	84.685	444	53	6	5.65e-119	429	VFG001210(gb|NP_253244) (pilY1) type 4 fimbrial biogenesis protein PilY1 [Type IV pili (VF0082) - Adherence (VFC0001)] [Pseudomonas aeruginosa PAO1]
AFNF01000862.1	632	1010	2457	VFG001210(gb|NP_253244)	379	1	3486	85.455	385	44	10	2.67e-107	390	VFG001210(gb|NP_253244) (pilY1) type 4 fimbrial biogenesis protein PilY1 [Type IV pili (VF0082) - Adherence (VFC0001)] [Pseudomonas aeruginosa PAO1]
AFNF01000862.1	634	1010	2457	VFG013936(gb|WP_012077311)	377	1	3468	81.842	380	63	4	1.65e-84	315	VFG013936(gb|WP_012077311) (pilY1) type 4 fimbrial biogenesis protein PilY1 [Type IV pili (VF0082) - Adherence (VFC0001)] [Pseudomonas aeruginosa PA7]
AFNF01000862.1	2427	2457	2457	VFG019747(gb|WP_003119423)	558	528	558	100.000	31	0	0	3.07e-07	58.4	VFG019747(gb|WP_003119423) (pilV) type IV pilus biogenesis protein PilV [Type IV pili (VF0082) - Adherence (VFC0001)] [Pseudomonas aeruginosa LESB58]
AFNF01000862.1	2427	2457	2457	VFG001207(gb|NP_253241)	558	528	558	100.000	31	0	0	3.07e-07	58.4	VFG001207(gb|NP_253241) (pilV) type IV pilus biogenesis protein PilV [Type IV pili (VF0082) - Adherence (VFC0001)] [Pseudomonas aeruginosa PAO1]
AFNF01000864.1	1	2422	2446	VFG041033(gb|NP_251051)	2422	1	3816	99.628	2422	9	0	0.0	4423	VFG041033(gb|NP_251051) (tssM) type VI secretion system membrane subunit [HSI-3 (VF0944) - Effector delivery system (VFC0086)] [Pseudomonas aeruginosa PAO1]
AFNF01000864.1	1	2422	2446	VFG051606(gb|WP_012614151.1)	2422	1	3816	99.505	2422	12	0	0.0	4407	VFG051606(gb|WP_012614151.1) (tssM) type VI secretion system membrane subunit [HSI-3 (VF0944) - Effector delivery system (VFC0086)] [Pseudomonas aeruginosa LESB58]
AFNF01000864.1	1	2422	2446	VFG051607(gb|WP_012075692.1)	2422	1	3816	98.637	2422	33	0	0.0	4290	VFG051607(gb|WP_012075692.1) (tssM) type VI secretion system membrane subunit [HSI-3 (VF0944) - Effector delivery system (VFC0086)] [Pseudomonas aeruginosa PA7]
AFNF01000864.1	1	2422	2446	VFG051609(gb|WP_003139320.1)	2422	1	3816	96.780	2422	78	0	0.0	4041	VFG051609(gb|WP_003139320.1) (tssM) type VI secretion system membrane subunit [HSI-3 (VF0944) - Effector delivery system (VFC0086)] [Pseudomonas aeruginosa UCBPP-PA14]
AFNF01000865.1	652	2082	2439	VFG020095(gb|WP_012613541)	1	1431	1431	99.720	1431	4	0	0.0	2621	VFG020095(gb|WP_012613541) (pchA) salicylate biosynthesis isochorismate synthase PchA [Pyochelin (VF0095) - Nutritional/Metabolic factor (VFC0272)] [Pseudomonas aeruginosa LESB58]
AFNF01000865.1	652	2082	2439	VFG000171(gb|NP_252921)	1	1431	1431	99.651	1431	5	0	0.0	2615	VFG000171(gb|NP_252921) (pchA) salicylate biosynthesis isochorismate synthase PchA [Pyochelin (VF0095) - Nutritional/Metabolic factor (VFC0272)] [Pseudomonas aeruginosa PAO1]
AFNF01000865.1	652	2082	2439	VFG016146(gb|WP_003129314)	1	1431	1431	99.022	1431	14	0	0.0	2566	VFG016146(gb|WP_003129314) (pchA) salicylate biosynthesis isochorismate synthase PchA [Pyochelin (VF0095) - Nutritional/Metabolic factor (VFC0272)] [Pseudomonas aeruginosa UCBPP-PA14]
AFNF01000865.1	652	2082	2439	VFG016145(gb|WP_012074234)	1	1431	1431	88.186	1439	154	14	0.0	1701	VFG016145(gb|WP_012074234) (pchA) salicylate biosynthesis isochorismate synthase PchA [Pyochelin (VF0095) - Nutritional/Metabolic factor (VFC0272)] [Pseudomonas aeruginosa PA7]
AFNF01000865.1	1	350	2439	VFG016135(gb|WP_003137465)	407	756	756	99.429	350	2	0	0.0	636	VFG016135(gb|WP_003137465) (pchC) pyochelin biosynthetic protein PchC [Pyochelin (VF0095) - Nutritional/Metabolic factor (VFC0272)] [Pseudomonas aeruginosa UCBPP-PA14]
AFNF01000865.1	1	350	2439	VFG000169(gb|NP_252919)	407	756	756	99.429	350	2	0	0.0	636	VFG000169(gb|NP_252919) (pchC) pyochelin biosynthetic protein PchC [Pyochelin (VF0095) - Nutritional/Metabolic factor (VFC0272)] [Pseudomonas aeruginosa PAO1]
AFNF01000865.1	1	350	2439	VFG020093(gb|WP_003106952)	407	756	756	99.143	350	3	0	1.43e-179	630	VFG020093(gb|WP_003106952) (pchC) pyochelin biosynthetic protein PchC [Pyochelin (VF0095) - Nutritional/Metabolic factor (VFC0272)] [Pseudomonas aeruginosa LESB58]
AFNF01000865.1	350	655	2439	VFG000170(gb|NP_252920)	1	306	306	99.673	306	1	0	1.91e-158	560	VFG000170(gb|NP_252920) (pchB) salicylate biosynthesis protein PchB [Pyochelin (VF0095) - Nutritional/Metabolic factor (VFC0272)] [Pseudomonas aeruginosa PAO1]
AFNF01000865.1	350	655	2439	VFG020094(gb|WP_003106950)	1	306	306	99.346	306	2	0	8.88e-157	555	VFG020094(gb|WP_003106950) (pchB) salicylate biosynthesis protein PchB [Pyochelin (VF0095) - Nutritional/Metabolic factor (VFC0272)] [Pseudomonas aeruginosa LESB58]
AFNF01000865.1	350	655	2439	VFG016139(gb|WP_003137464)	1	306	306	99.020	306	3	0	4.13e-155	549	VFG016139(gb|WP_003137464) (pchB) salicylate biosynthesis protein PchB [Pyochelin (VF0095) - Nutritional/Metabolic factor (VFC0272)] [Pseudomonas aeruginosa UCBPP-PA14]
AFNF01000868.1	1	2428	2428	VFG020317(gb|WP_012614130)	4859	2432	11043	99.959	2428	1	0	0.0	4479	VFG020317(gb|WP_012614130) (pvdI) peptide synthase [Pyoverdine (VF0094) - Nutritional/Metabolic factor (VFC0272)] [Pseudomonas aeruginosa LESB58]
AFNF01000869.1	1	754	2425	VFG042752(gb|NP_252995)	754	1	912	99.735	754	2	0	0.0	1382	VFG042752(gb|NP_252995) (rcpC) hypothetical protein [Type IV pili (VF0928) - Adherence (VFC0001)] [Pseudomonas aeruginosa PAO1]
AFNF01000869.1	1163	1381	2425	VFG042753(gb|NP_252996)	1	219	219	97.717	219	5	0	2.05e-103	377	VFG042753(gb|NP_252996) (flp) type IVb pilin Flp [Type IV pili (VF0928) - Adherence (VFC0001)] [Pseudomonas aeruginosa PAO1]
AFNF01000893.1	1	2148	2341	VFG041027(gb|NP_250360)	2148	1	3528	99.255	2148	16	0	0.0	3879	VFG041027(gb|NP_250360) (tssM) type VI secretion system membrane subunit TssM [HSI-2 (VF0943) - Effector delivery system (VFC0086)] [Pseudomonas aeruginosa PAO1]
AFNF01000893.1	1	2148	2341	VFG051586(gb|WP_003140078.1)	2148	1	3528	99.162	2148	18	0	0.0	3868	VFG051586(gb|WP_003140078.1) (tssM) type VI secretion system membrane subunit TssM [HSI-2 (VF0943) - Effector delivery system (VFC0086)] [Pseudomonas aeruginosa UCBPP-PA14]
AFNF01000893.1	1	2148	2341	VFG051583(gb|WP_012614302.1)	2148	1	3528	98.883	2148	24	0	0.0	3834	VFG051583(gb|WP_012614302.1) (tssM) type VI secretion system membrane subunit TssM [HSI-2 (VF0943) - Effector delivery system (VFC0086)] [Pseudomonas aeruginosa LESB58]
AFNF01000893.1	1	2148	2341	VFG051584(gb|WP_012076236.1)	2148	1	3528	98.603	2148	30	0	0.0	3801	VFG051584(gb|WP_012076236.1) (tssM) type VI secretion system membrane subunit TssM [HSI-2 (VF0943) - Effector delivery system (VFC0086)] [Pseudomonas aeruginosa PA7]
AFNF01000893.1	2164	2341	2341	VFG051575(gb|WP_003087622.1)	870	693	870	100.000	178	0	0	5.62e-89	329	VFG051575(gb|WP_003087622.1) (icmH/tssL) type IVB secretion system protein IcmH/DotU [HSI-2 (VF0943) - Effector delivery system (VFC0086)] [Pseudomonas aeruginosa LESB58]
AFNF01000893.1	2164	2341	2341	VFG041026(gb|NP_250359)	870	693	870	100.000	178	0	0	5.62e-89	329	VFG041026(gb|NP_250359) (icmH/tssL) type IVB secretion system protein IcmH/DotU [HSI-2 (VF0943) - Effector delivery system (VFC0086)] [Pseudomonas aeruginosa PAO1]
AFNF01000893.1	2164	2341	2341	VFG051578(gb|WP_003120354.1)	870	693	870	99.438	178	1	0	2.61e-87	324	VFG051578(gb|WP_003120354.1) (icmH/tssL) type IVB secretion system protein IcmH/DotU [HSI-2 (VF0943) - Effector delivery system (VFC0086)] [Pseudomonas aeruginosa UCBPP-PA14]
AFNF01000893.1	2164	2341	2341	VFG051576(gb|WP_003087622.1)	870	693	870	98.315	178	3	0	5.66e-84	313	VFG051576(gb|WP_003087622.1) (icmH/tssL) type IVB secretion system protein IcmH/DotU [HSI-2 (VF0943) - Effector delivery system (VFC0086)] [Pseudomonas aeruginosa PA7]
AFNF01000899.1	1160	2307	2307	VFG019807(gb|WP_003116316)	1	1149	1203	99.739	1149	2	1	0.0	2104	VFG019807(gb|WP_003116316) (flgJ) flagellar rod assembly protein/muramidase FlgJ [Flagella (VF0273) - Motility (VFC0204)] [Pseudomonas aeruginosa LESB58]
AFNF01000899.1	1160	2307	2307	VFG001243(gb|NP_249776)	1	1149	1203	99.565	1149	4	1	0.0	2093	VFG001243(gb|NP_249776) (flgJ) flagellar rod assembly protein/muramidase FlgJ [Flagella (VF0273) - Motility (VFC0204)] [Pseudomonas aeruginosa PAO1]
AFNF01000899.1	1160	2307	2307	VFG014254(gb|WP_003116316)	1	1149	1203	99.478	1149	5	1	0.0	2087	VFG014254(gb|WP_003116316) (flgJ) flagellar rod assembly protein/muramidase FlgJ [Flagella (VF0273) - Motility (VFC0204)] [Pseudomonas aeruginosa UCBPP-PA14]
AFNF01000899.1	40	1149	2307	VFG019805(gb|WP_003082169)	1	1110	1110	99.550	1110	5	0	0.0	2023	VFG019805(gb|WP_003082169) (flgI) flagellar P-ring protein precursor FlgI [Flagella (VF0273) - Motility (VFC0204)] [Pseudomonas aeruginosa LESB58]
AFNF01000899.1	40	1149	2307	VFG001242(gb|NP_249775)	1	1110	1110	99.459	1110	6	0	0.0	2017	VFG001242(gb|NP_249775) (flgI) flagellar P-ring protein precursor FlgI [Flagella (VF0273) - Motility (VFC0204)] [Pseudomonas aeruginosa PAO1]
AFNF01000899.1	40	1149	2307	VFG014241(gb|WP_003082169)	1	1110	1110	99.189	1110	9	0	0.0	2001	VFG014241(gb|WP_003082169) (flgI) flagellar P-ring protein precursor FlgI [Flagella (VF0273) - Motility (VFC0204)] [Pseudomonas aeruginosa UCBPP-PA14]
AFNF01000899.1	40	1149	2307	VFG014240(gb|WP_003082169)	1	1110	1110	96.216	1110	42	0	0.0	1818	VFG014240(gb|WP_003082169) (flgI) flagellar P-ring protein precursor FlgI [Flagella (VF0273) - Motility (VFC0204)] [Pseudomonas aeruginosa PA7]
AFNF01000899.1	1160	2307	2307	VFG014253(gb|WP_012076724)	1	1149	1203	94.430	1149	63	1	0.0	1766	VFG014253(gb|WP_012076724) (flgJ) flagellar rod assembly protein/muramidase FlgJ [Flagella (VF0273) - Motility (VFC0204)] [Pseudomonas aeruginosa PA7]
AFNF01000899.1	97	1149	2307	VFG014247(gb|WP_162042924)	64	1116	1116	88.626	1055	116	4	0.0	1280	VFG014247(gb|WP_162042924) (flgI) flagellar P-ring protein precursor FlgI [Flagella (VF0273) - Motility (VFC0204)] [Pseudomonas entomophila L48]
AFNF01000899.1	97	1149	2307	VFG015659(gb|WP_012315554)	58	1110	1110	86.528	1054	140	2	0.0	1158	VFG015659(gb|WP_012315554) (flgI) flagellar P-ring protein precursor FlgI [Flagella (VF0273) - Motility (VFC0204)] [Pseudomonas putida W619]
AFNF01000907.1	816	1865	2278	VFG020088(gb|WP_003115080)	1	1050	1050	99.333	1050	7	0	0.0	1901	VFG020088(gb|WP_003115080) (pchG) pyochelin biosynthetic protein PchG [Pyochelin (VF0095) - Nutritional/Metabolic factor (VFC0272)] [Pseudomonas aeruginosa LESB58]
AFNF01000907.1	816	1865	2278	VFG001268(gb|NP_252914)	1	1050	1050	99.333	1050	7	0	0.0	1901	VFG001268(gb|NP_252914) (pchG) pyochelin biosynthetic protein PchG [Pyochelin (VF0095) - Nutritional/Metabolic factor (VFC0272)] [Pseudomonas aeruginosa PAO1]
AFNF01000907.1	816	1865	2278	VFG016115(gb|WP_003137472)	1	1050	1050	99.048	1050	10	0	0.0	1884	VFG016115(gb|WP_003137472) (pchG) pyochelin biosynthetic protein PchG [Pyochelin (VF0095) - Nutritional/Metabolic factor (VFC0272)] [Pseudomonas aeruginosa UCBPP-PA14]
AFNF01000907.1	816	1865	2278	VFG016114(gb|WP_012074238)	1	1050	1050	96.762	1050	34	0	0.0	1751	VFG016114(gb|WP_012074238) (pchG) pyochelin biosynthetic protein PchG [Pyochelin (VF0095) - Nutritional/Metabolic factor (VFC0272)] [Pseudomonas aeruginosa PA7]
AFNF01000907.1	1	819	2278	VFG020089(gb|WP_012613543)	4612	5430	5430	98.901	819	9	0	0.0	1463	VFG020089(gb|WP_012613543) (pchF) pyochelin synthetase PchF [Pyochelin (VF0095) - Nutritional/Metabolic factor (VFC0272)] [Pseudomonas aeruginosa LESB58]
AFNF01000907.1	1	819	2278	VFG000165(gb|NP_252915)	4612	5430	5430	98.901	819	9	0	0.0	1463	VFG000165(gb|NP_252915) (pchF) pyochelin synthetase PchF [Pyochelin (VF0095) - Nutritional/Metabolic factor (VFC0272)] [Pseudomonas aeruginosa PAO1]
AFNF01000907.1	1	819	2278	VFG016118(gb|WP_011666540)	4612	5430	5430	97.924	819	17	0	0.0	1419	VFG016118(gb|WP_011666540) (pchF) pyochelin synthetase PchF [Pyochelin (VF0095) - Nutritional/Metabolic factor (VFC0272)] [Pseudomonas aeruginosa UCBPP-PA14]
AFNF01000907.1	1	819	2278	VFG016117(gb|WP_012074237)	4612	5430	5430	95.604	819	36	0	0.0	1314	VFG016117(gb|WP_012074237) (pchF) pyochelin synthetase PchF [Pyochelin (VF0095) - Nutritional/Metabolic factor (VFC0272)] [Pseudomonas aeruginosa PA7]
AFNF01000907.1	1862	2278	2278	VFG001267(gb|NP_252913)	1	417	1713	100.000	417	0	0	0.0	771	VFG001267(gb|NP_252913) (pchH) ABC transporter ATP-binding protein [Pyochelin (VF0095) - Nutritional/Metabolic factor (VFC0272)] [Pseudomonas aeruginosa PAO1]
AFNF01000907.1	1862	2278	2278	VFG020087(gb|WP_012613544)	1	417	1713	99.760	417	1	0	0.0	765	VFG020087(gb|WP_012613544) (pchH) ABC transporter ATP-binding protein [Pyochelin (VF0095) - Nutritional/Metabolic factor (VFC0272)] [Pseudomonas aeruginosa LESB58]
AFNF01000908.1	1612	2274	2274	VFG042743(gb|NP_252986)	1	663	828	99.095	663	6	0	0.0	1192	VFG042743(gb|NP_252986) (pprB) two-component response regulator PprB [Type IV pili (VF0928) - Adherence (VFC0001)] [Pseudomonas aeruginosa PAO1]
AFNF01000908.1	438	944	2274	VFG042741(gb|NP_252984)	507	1	507	99.408	507	3	0	0.0	920	VFG042741(gb|NP_252984) (PA4294) hypothetical protein [Type IV pili (VF0928) - Adherence (VFC0001)] [Pseudomonas aeruginosa PAO1]
AFNF01000908.1	1008	1490	2274	VFG042742(gb|NP_252985)	1	483	483	99.172	483	4	0	0.0	870	VFG042742(gb|NP_252985) (fppA) Flp prepilin peptidase FppA [Type IV pili (VF0928) - Adherence (VFC0001)] [Pseudomonas aeruginosa PAO1]
AFNF01000908.1	1	428	2274	VFG042740(gb|NP_252983)	428	1	2769	99.065	428	4	0	0.0	769	VFG042740(gb|NP_252983) (pprA) two-component sensor PprA [Type IV pili (VF0928) - Adherence (VFC0001)] [Pseudomonas aeruginosa PAO1]
AFNF01000921.1	1	2235	2235	VFG020069(gb|WP_148235954)	9909	7675	13110	99.955	2235	1	0	0.0	4122	VFG020069(gb|WP_148235954) (pvdD) pyoverdine synthetase D [Pyoverdine (VF0094) - Nutritional/Metabolic factor (VFC0272)] [Pseudomonas aeruginosa LESB58]
AFNF01000921.1	219	304	2235	VFG016043(gb|WP_011666644)	5098	5013	15450	82.558	86	15	0	7.71e-13	76.8	VFG016043(gb|WP_011666644) (pvdI) peptide synthase [Pyoverdine (VF0094) - Nutritional/Metabolic factor (VFC0272)] [Pseudomonas aeruginosa UCBPP-PA14]
AFNF01000921.1	219	304	2235	VFG016041(gb|NP_251092)	5098	5013	15450	82.558	86	15	0	7.71e-13	76.8	VFG016041(gb|NP_251092) (pvdI) peptide synthase [Pyoverdine (VF0094) - Nutritional/Metabolic factor (VFC0272)] [Pseudomonas aeruginosa PAO1]
AFNF01000923.1	1	2227	2227	VFG020069(gb|WP_148235954)	3144	5370	13110	99.910	2227	2	0	0.0	4102	VFG020069(gb|WP_148235954) (pvdD) pyoverdine synthetase D [Pyoverdine (VF0094) - Nutritional/Metabolic factor (VFC0272)] [Pseudomonas aeruginosa LESB58]
AFNF01000924.1	1	800	2226	VFG019957(gb|WP_003087696)	800	1	2121	99.875	800	1	0	0.0	1472	VFG019957(gb|WP_003087696) (pcrD) type III secretion system protein PcrD [TTSS (VF0083) - Effector delivery system (VFC0086)] [Pseudomonas aeruginosa LESB58]
AFNF01000924.1	1	800	2226	VFG000198(gb|NP_250394)	800	1	2121	99.750	800	2	0	0.0	1467	VFG000198(gb|NP_250394) (pcrD) type III secretion system protein PcrD [TTSS (VF0083) - Effector delivery system (VFC0086)] [Pseudomonas aeruginosa PAO1]
AFNF01000924.1	1	800	2226	VFG015120(gb|WP_003087696)	800	1	2121	99.250	800	6	0	0.0	1445	VFG015120(gb|WP_003087696) (pcrD) type III secretion system protein PcrD [TTSS (VF0083) - Effector delivery system (VFC0086)] [Pseudomonas aeruginosa UCBPP-PA14]
AFNF01000924.1	1493	1864	2226	VFG015114(gb|WP_003087694)	372	1	372	100.000	372	0	0	0.0	688	VFG015114(gb|WP_003087694) (pcr2) type III secretion system protein Pcr2 [TTSS (VF0083) - Effector delivery system (VFC0086)] [Pseudomonas aeruginosa UCBPP-PA14]
AFNF01000924.1	1493	1864	2226	VFG000195(gb|NP_250391)	372	1	372	99.462	372	2	0	0.0	676	VFG000195(gb|NP_250391) (pcr2) type III secretion system protein Pcr2 [TTSS (VF0083) - Effector delivery system (VFC0086)] [Pseudomonas aeruginosa PAO1]
AFNF01000924.1	1493	1864	2226	VFG019954(gb|WP_003087694)	372	1	372	99.194	372	3	0	0.0	671	VFG019954(gb|WP_003087694) (pcr2) type III secretion system protein Pcr2 [TTSS (VF0083) - Effector delivery system (VFC0086)] [Pseudomonas aeruginosa LESB58]
AFNF01000924.1	1131	1496	2226	VFG000196(gb|NP_250392)	366	1	366	99.727	366	1	0	0.0	671	VFG000196(gb|NP_250392) (pcr3) type III secretion system protein Pcr3 [TTSS (VF0083) - Effector delivery system (VFC0086)] [Pseudomonas aeruginosa PAO1]
AFNF01000924.1	1131	1496	2226	VFG015116(gb|WP_003140044)	366	1	366	98.087	366	7	0	0.0	638	VFG015116(gb|WP_003140044) (pcr3) type III secretion system protein Pcr3 [TTSS (VF0083) - Effector delivery system (VFC0086)] [Pseudomonas aeruginosa UCBPP-PA14]
AFNF01000924.1	797	1126	2226	VFG000197(gb|NP_250393)	330	1	330	100.000	330	0	0	1.70e-173	610	VFG000197(gb|NP_250393) (pcr4) type III secretion system protein Pcr4 [TTSS (VF0083) - Effector delivery system (VFC0086)] [Pseudomonas aeruginosa PAO1]
AFNF01000924.1	797	1126	2226	VFG019956(gb|WP_003087695)	330	1	330	99.697	330	1	0	7.92e-172	604	VFG019956(gb|WP_003087695) (pcr4) type III secretion system protein Pcr4 [TTSS (VF0083) - Effector delivery system (VFC0086)] [Pseudomonas aeruginosa LESB58]
AFNF01000925.1	1	2225	2225	VFG000166(gb|NP_252916)	1038	3262	4317	99.281	2225	16	0	0.0	4021	VFG000166(gb|NP_252916) (pchE) dihydroaeruginoic acid synthetase PchE [Pyochelin (VF0095) - Nutritional/Metabolic factor (VFC0272)] [Pseudomonas aeruginosa PAO1]
AFNF01000925.1	1	2225	2225	VFG020090(gb|WP_012613542)	1038	3262	4317	99.191	2225	18	0	0.0	4010	VFG020090(gb|WP_012613542) (pchE) dihydroaeruginoic acid synthetase PchE [Pyochelin (VF0095) - Nutritional/Metabolic factor (VFC0272)] [Pseudomonas aeruginosa LESB58]
AFNF01000925.1	1	2225	2225	VFG016122(gb|WP_003137469)	1038	3262	4317	98.921	2225	24	0	0.0	3976	VFG016122(gb|WP_003137469) (pchE) dihydroaeruginoic acid synthetase PchE [Pyochelin (VF0095) - Nutritional/Metabolic factor (VFC0272)] [Pseudomonas aeruginosa UCBPP-PA14]
AFNF01000925.1	1	2225	2225	VFG016121(gb|WP_012074236)	1032	3256	4311	95.691	2228	90	4	0.0	3578	VFG016121(gb|WP_012074236) (pchE) dihydroaeruginoic acid synthetase PchE [Pyochelin (VF0095) - Nutritional/Metabolic factor (VFC0272)] [Pseudomonas aeruginosa PA7]
AFNF01000925.1	1037	1068	2225	VFG020071(gb|WP_012723748)	9694	9725	11850	100.000	32	0	0	7.73e-08	60.2	VFG020071(gb|WP_012723748) (pvdJ) pyoverdine biosynthesis protein PvdJ [Pyoverdine (VF0094) - Nutritional/Metabolic factor (VFC0272)] [Pseudomonas fluorescens SBW25]
AFNF01000925.1	1037	1101	2225	VFG015908(gb|WP_164920478)	8380	8445	28374	82.090	67	9	3	3.60e-06	54.7	VFG015908(gb|WP_164920478) (syrE) non-ribosomal peptide synthetase [Phytotoxin syringomycin (VF0919) - Exotoxin (VFC0235)] [Pseudomonas syringae pv. syringae B728a]
AFNF01000925.1	1037	1101	2225	VFG015908(gb|WP_164920478)	11641	11706	28374	82.090	67	9	3	3.60e-06	54.7	VFG015908(gb|WP_164920478) (syrE) non-ribosomal peptide synthetase [Phytotoxin syringomycin (VF0919) - Exotoxin (VFC0235)] [Pseudomonas syringae pv. syringae B728a]
AFNF01000928.1	1	1162	2207	VFG040879(gb|NP_249378)	54	1215	1215	99.656	1162	4	0	0.0	2124	VFG040879(gb|NP_249378) (PA0687) type II secretion system protein [Hxc (VF0945) - Effector delivery system (VFC0086)] [Pseudomonas aeruginosa PAO1]
AFNF01000931.1	1998	2201	2201	VFG019841(gb|WP_003083038)	1	204	1284	100.000	204	0	0	1.86e-103	377	VFG019841(gb|WP_003083038) (fliK) flagellar hook-length control protein FliK [Flagella (VF0273) - Motility (VFC0204)] [Pseudomonas aeruginosa LESB58]
AFNF01000931.1	1998	2201	2201	VFG014475(gb|WP_003140280)	1	204	1284	99.510	204	1	0	8.65e-102	372	VFG014475(gb|WP_003140280) (fliK) flagellar hook-length control protein FliK [Flagella (VF0273) - Motility (VFC0204)] [Pseudomonas aeruginosa UCBPP-PA14]
AFNF01000931.1	1998	2201	2201	VFG014473(gb|NP_250132)	1	204	1284	99.510	204	1	0	8.65e-102	372	VFG014473(gb|NP_250132) (fliK) flagellar hook-length control protein FliK [Flagella (VF0273) - Motility (VFC0204)] [Pseudomonas aeruginosa PAO1]
AFNF01000931.1	1998	2201	2201	VFG014474(gb|WP_012076415)	1	204	1287	92.195	205	14	2	8.96e-77	289	VFG014474(gb|WP_012076415) (fliK) flagellar hook-length control protein FliK [Flagella (VF0273) - Motility (VFC0204)] [Pseudomonas aeruginosa PA7]
AFNF01000946.1	1	29	2144	VFG019941(gb|WP_003102426)	29	1	2778	100.000	29	0	0	3.46e-06	54.7	VFG019941(gb|WP_003102426) (gacS) two-component system sensor histidine kinase GacS [GacS/GacA two-component system (VF0908) - Regulation (VFC0301)] [Pseudomonas aeruginosa LESB58]
AFNF01000946.1	1	29	2144	VFG015069(gb|WP_003102426)	29	1	2778	100.000	29	0	0	3.46e-06	54.7	VFG015069(gb|WP_003102426) (gacS) two-component system sensor histidine kinase GacS [GacS/GacA two-component system (VF0908) - Regulation (VFC0301)] [Pseudomonas aeruginosa UCBPP-PA14]
AFNF01000946.1	1	29	2144	VFG015068(gb|WP_003156446)	29	1	2778	100.000	29	0	0	3.46e-06	54.7	VFG015068(gb|WP_003156446) (gacS) two-component system sensor histidine kinase GacS [GacS/GacA two-component system (VF0908) - Regulation (VFC0301)] [Pseudomonas aeruginosa PA7]
AFNF01000946.1	1	29	2144	VFG015067(gb|NP_249619)	29	1	2778	100.000	29	0	0	3.46e-06	54.7	VFG015067(gb|NP_249619) (gacS) sensor/response regulator hybrid protein [GacS/GacA two-component system (VF0908) - Regulation (VFC0301)] [Pseudomonas aeruginosa PAO1]
AFNF01000949.1	1	113	2131	VFG041031(gb|NP_251049)	325	437	1086	80.870	115	18	4	3.39e-16	87.9	VFG041031(gb|NP_251049) (PA2359) transcriptional regulator [HSI-3 (VF0944) - Effector delivery system (VFC0086)] [Pseudomonas aeruginosa PAO1]
AFNF01000949.1	1	92	2131	VFG019823(gb|WP_003086448)	700	791	1473	84.043	94	11	4	3.39e-16	87.9	VFG019823(gb|WP_003086448) (fleQ) transcriptional regulator FleQ [Flagella (VF0273) - Motility (VFC0204)] [Pseudomonas aeruginosa LESB58]
AFNF01000949.1	1	89	2131	VFG015676(gb|WP_012273513)	700	788	1476	84.783	92	8	5	3.39e-16	87.9	VFG015676(gb|WP_012273513) (fleQ) transcriptional regulator FleQ [Flagella (VF0273) - Motility (VFC0204)] [Pseudomonas putida GB-1]
AFNF01000949.1	1	92	2131	VFG014358(gb|WP_003086448)	700	791	1473	84.043	94	11	4	3.39e-16	87.9	VFG014358(gb|WP_003086448) (fleQ) transcriptional regulator FleQ [Flagella (VF0273) - Motility (VFC0204)] [Pseudomonas aeruginosa UCBPP-PA14]
AFNF01000949.1	1	92	2131	VFG001248(gb|NP_249788)	700	791	1473	84.043	94	11	4	3.39e-16	87.9	VFG001248(gb|NP_249788) (fleQ) transcriptional regulator FleQ [Flagella (VF0273) - Motility (VFC0204)] [Pseudomonas aeruginosa PAO1]
AFNF01000964.1	224	1003	2095	VFG042739(gb|NP_254019)	1	780	780	99.872	780	1	0	0.0	1435	VFG042739(gb|NP_254019) (crc) catabolite repression control protein [Type IV pili (VF0082) - Adherence (VFC0001)] [Pseudomonas aeruginosa PAO1]
AFNF01000971.1	1	1112	2073	VFG020051(gb|WP_003103624)	1112	1	2289	99.640	1112	4	0	0.0	2032	VFG020051(gb|WP_003103624) (pvdQ) 3-oxo-C12-homoserine lactone acylase PvdQ [Pyoverdine (VF0094) - Nutritional/Metabolic factor (VFC0272)] [Pseudomonas aeruginosa LESB58]
AFNF01000971.1	1	1112	2073	VFG015950(gb|NP_251075)	1112	1	2289	99.640	1112	4	0	0.0	2032	VFG015950(gb|NP_251075) (pvdQ) 3-oxo-C12-homoserine lactone acylase PvdQ [Pyoverdine (VF0094) - Nutritional/Metabolic factor (VFC0272)] [Pseudomonas aeruginosa PAO1]
AFNF01000971.1	1	1112	2073	VFG015952(gb|WP_003139299)	1112	1	2289	99.011	1112	11	0	0.0	1993	VFG015952(gb|WP_003139299) (pvdQ) 3-oxo-C12-homoserine lactone acylase PvdQ [Pyoverdine (VF0094) - Nutritional/Metabolic factor (VFC0272)] [Pseudomonas aeruginosa UCBPP-PA14]
AFNF01000971.1	1	1112	2073	VFG015951(gb|WP_041025346)	1112	1	2289	95.504	1112	50	0	0.0	1777	VFG015951(gb|WP_041025346) (pvdQ) 3-oxo-C12-homoserine lactone acylase PvdQ [Pyoverdine (VF0094) - Nutritional/Metabolic factor (VFC0272)] [Pseudomonas aeruginosa PA7]
AFNF01000971.1	1235	2073	2073	VFG000159(gb|NP_251076)	1332	494	1332	99.881	839	1	0	0.0	1544	VFG000159(gb|NP_251076) (pvdA) L-ornithine N5-oxygenase PvdA [Pyoverdine (VF0094) - Nutritional/Metabolic factor (VFC0272)] [Pseudomonas aeruginosa PAO1]
AFNF01000971.1	1235	2073	2073	VFG020053(gb|WP_003103622)	1332	494	1332	99.404	839	5	0	0.0	1522	VFG020053(gb|WP_003103622) (pvdA) L-ornithine N5-oxygenase PvdA [Pyoverdine (VF0094) - Nutritional/Metabolic factor (VFC0272)] [Pseudomonas aeruginosa LESB58]
AFNF01000971.1	1235	2073	2073	VFG015963(gb|WP_003114509)	1332	494	1332	99.404	839	5	0	0.0	1522	VFG015963(gb|WP_003114509) (pvdA) L-ornithine N5-oxygenase PvdA [Pyoverdine (VF0094) - Nutritional/Metabolic factor (VFC0272)] [Pseudomonas aeruginosa UCBPP-PA14]
AFNF01000971.1	1235	2073	2073	VFG015962(gb|WP_012075675)	1332	494	1332	82.598	839	146	0	0.0	741	VFG015962(gb|WP_012075675) (pvdA) L-ornithine N5-oxygenase PvdA [Pyoverdine (VF0094) - Nutritional/Metabolic factor (VFC0272)] [Pseudomonas aeruginosa PA7]
AFNF01000971.1	1314	2073	2073	VFG015970(gb|WP_011062360)	1253	494	1338	80.628	764	140	8	9.60e-166	584	VFG015970(gb|WP_011062360) (pvdA) L-ornithine N5-oxygenase PvdA [Pyoverdine (VF0094) - Nutritional/Metabolic factor (VFC0272)] [Pseudomonas fluorescens Pf-5]
AFNF01000985.1	1	851	2020	VFG002067(gb|NP_248771)	853	1	1494	99.766	853	0	1	0.0	1563	VFG002067(gb|NP_248771) (fha1) type VI secretion system forkhead-associated protein Fha1 [HSI-1 (VF0334) - Effector delivery system (VFC0086)] [Pseudomonas aeruginosa PAO1]
AFNF01000985.1	5	851	2020	VFG020001(gb|WP_012613438)	849	1	1488	99.764	849	0	1	0.0	1555	VFG020001(gb|WP_012613438) (fha1) type VI secretion system forkhead-associated protein Fha1 [HSI-1 (VF0334) - Effector delivery system (VFC0086)] [Pseudomonas aeruginosa LESB58]
AFNF01000985.1	1	851	2020	VFG015433	853	1	1499	98.828	853	8	1	0.0	1519	VFG015433 (fha1) type VI secretion system forkhead-associated protein Fha1 [HSI-1 (VF0334) - Effector delivery system (VFC0086)] [Pseudomonas aeruginosa UCBPP-PA14]
AFNF01000985.1	1219	2020	2020	VFG020003(gb|WP_003104975)	1	802	1035	99.626	802	3	0	0.0	1465	VFG020003(gb|WP_003104975) (hsiA1) type VI secretion system hcp secretion island protein HsiA1 [HSI-1 (VF0334) - Effector delivery system (VFC0086)] [Pseudomonas aeruginosa LESB58]
AFNF01000985.1	1219	2020	2020	VFG002068(gb|NP_248772)	1	802	1035	99.002	802	8	0	0.0	1437	VFG002068(gb|NP_248772) (hsiA1) type VI secretion system hcp secretion island protein HsiA1 [HSI-1 (VF0334) - Effector delivery system (VFC0086)] [Pseudomonas aeruginosa PAO1]
AFNF01000985.1	1219	2020	2020	VFG015438(gb|WP_003111627)	1	802	1035	98.753	802	10	0	0.0	1426	VFG015438(gb|WP_003111627) (hsiA1) type VI secretion system hcp secretion island protein HsiA1 [HSI-1 (VF0334) - Effector delivery system (VFC0086)] [Pseudomonas aeruginosa UCBPP-PA14]
AFNF01000985.1	1219	2020	2020	VFG015437(gb|WP_011979133)	1	802	1032	94.015	802	48	0	0.0	1216	VFG015437(gb|WP_011979133) (hsiA1) type VI secretion system hcp secretion island protein HsiA1 [HSI-1 (VF0334) - Effector delivery system (VFC0086)] [Pseudomonas aeruginosa PA7]
AFNF01000985.1	1	851	2020	VFG015432(gb|WP_011979131)	862	1	1527	92.352	863	53	7	0.0	1216	VFG015432(gb|WP_011979131) (fha1) type VI secretion system forkhead-associated protein Fha1 [HSI-1 (VF0334) - Effector delivery system (VFC0086)] [Pseudomonas aeruginosa PA7]
AFNF01000989.1	1	2000	2000	VFG020069(gb|WP_148235954)	5425	7424	13110	99.750	2000	5	0	0.0	3666	VFG020069(gb|WP_148235954) (pvdD) pyoverdine synthetase D [Pyoverdine (VF0094) - Nutritional/Metabolic factor (VFC0272)] [Pseudomonas aeruginosa LESB58]
AFNF01000989.1	1664	1999	2000	VFG020069(gb|WP_148235954)	2555	2890	13110	84.320	338	49	3	1.72e-88	327	VFG020069(gb|WP_148235954) (pvdD) pyoverdine synthetase D [Pyoverdine (VF0094) - Nutritional/Metabolic factor (VFC0272)] [Pseudomonas aeruginosa LESB58]
AFNF01000989.1	446	2000	2000	VFG020317(gb|WP_012614130)	9046	10601	11043	98.137	1557	26	3	0.0	2712	VFG020317(gb|WP_012614130) (pvdI) peptide synthase [Pyoverdine (VF0094) - Nutritional/Metabolic factor (VFC0272)] [Pseudomonas aeruginosa LESB58]
AFNF01000989.1	1664	1999	2000	VFG020070(gb|WP_012614131)	2564	2899	3372	84.024	338	50	3	8.02e-87	322	VFG020070(gb|WP_012614131) (pvdJ) pyoverdine biosynthesis protein PvdJ [Pyoverdine (VF0094) - Nutritional/Metabolic factor (VFC0272)] [Pseudomonas aeruginosa LESB58]
AFNF01000989.1	1040	1091	2000	VFG015906(gb|WP_011267825)	15014	15065	40614	96.154	52	2	0	1.14e-15	86.1	VFG015906(gb|WP_011267825) (sypC) syringopeptin non-ribosomal peptide synthetase SypC [Phytotoxin syringopeptin (VF0918) - Exotoxin (VFC0235)] [Pseudomonas syringae pv. syringae B728a]
AFNF01000989.1	1036	1093	2000	VFG015826(gb|WP_012273396)	3799	3856	12954	93.103	58	4	0	1.14e-15	86.1	VFG015826(gb|WP_012273396) (pvdL) peptide synthase PvdL [Pyoverdine (VF0094) - Nutritional/Metabolic factor (VFC0272)] [Pseudomonas putida GB-1]
AFNF01000989.1	1036	1089	2000	VFG016037(gb|WP_011062375)	1954	2007	6582	92.593	54	4	0	1.92e-13	78.7	VFG016037(gb|WP_011062375) (pvdD) pyoverdine synthetase D [Pyoverdine (VF0094) - Nutritional/Metabolic factor (VFC0272)] [Pseudomonas fluorescens Pf-5]
AFNF01000989.1	1040	1092	2000	VFG015905(gb|WP_164920559)	11753	11805	16368	92.453	53	4	0	6.89e-13	76.8	VFG015905(gb|WP_164920559) (sypB) syringopeptin non-ribosomal peptide synthetase SypB [Phytotoxin syringopeptin (VF0918) - Exotoxin (VFC0235)] [Pseudomonas syringae pv. syringae B728a]
AFNF01000989.1	1035	1092	2000	VFG020073(gb|WP_043205221)	9528	9585	14040	89.655	58	6	0	2.48e-12	75.0	VFG020073(gb|WP_043205221) (pvdI) peptide synthase [Pyoverdine (VF0094) - Nutritional/Metabolic factor (VFC0272)] [Pseudomonas fluorescens SBW25]
AFNF01000998.1	1	1964	1964	VFG020317(gb|WP_012614130)	7836	5873	11043	99.949	1964	1	0	0.0	3622	VFG020317(gb|WP_012614130) (pvdI) peptide synthase [Pyoverdine (VF0094) - Nutritional/Metabolic factor (VFC0272)] [Pseudomonas aeruginosa LESB58]
AFNF01001003.1	1	1018	1949	VFG051629(gb|WP_003139317.1)	468	1485	1485	99.607	1018	4	0	0.0	1858	VFG051629(gb|WP_003139317.1) (tssC) type VI secretion system contractile sheath large subunit [HSI-3 (VF0944) - Effector delivery system (VFC0086)] [Pseudomonas aeruginosa UCBPP-PA14]
AFNF01001003.1	1	1018	1949	VFG041038(gb|NP_251056)	468	1485	1485	99.509	1018	5	0	0.0	1853	VFG041038(gb|NP_251056) (tssC) type VI secretion system contractile sheath large subunit [HSI-3 (VF0944) - Effector delivery system (VFC0086)] [Pseudomonas aeruginosa PAO1]
AFNF01001003.1	1	1018	1949	VFG051626(gb|WP_003089494.1)	468	1485	1485	99.018	1018	10	0	0.0	1825	VFG051626(gb|WP_003089494.1) (tssC) type VI secretion system contractile sheath large subunit [HSI-3 (VF0944) - Effector delivery system (VFC0086)] [Pseudomonas aeruginosa LESB58]
AFNF01001003.1	1	1018	1949	VFG051627(gb|WP_003089494.1)	468	1485	1485	98.723	1018	13	0	0.0	1808	VFG051627(gb|WP_003089494.1) (tssC) type VI secretion system contractile sheath large subunit [HSI-3 (VF0944) - Effector delivery system (VFC0086)] [Pseudomonas aeruginosa PA7]
AFNF01001003.1	2	1018	1949	VFG051630(gb|WP_007958864.1)	469	1485	1485	89.391	1018	106	2	0.0	1280	VFG051630(gb|WP_007958864.1) (tssC) type VI secretion system contractile sheath large subunit [HSI-3 (VF0944) - Effector delivery system (VFC0086)] [Pseudomonas fluorescens Pf0-1]
AFNF01001003.1	1092	1589	1949	VFG051632(gb|WP_003089495.1)	1	498	498	99.398	498	3	0	0.0	904	VFG051632(gb|WP_003089495.1) (hcp/tssD) Hcp family type VI secretion system effector [HSI-3 (VF0944) - Effector delivery system (VFC0086)] [Pseudomonas aeruginosa PA7]
AFNF01001003.1	1092	1589	1949	VFG041039(gb|NP_251057)	1	498	498	99.398	498	3	0	0.0	904	VFG041039(gb|NP_251057) (hcp/tssD) Hcp family type VI secretion system effector [HSI-3 (VF0944) - Effector delivery system (VFC0086)] [Pseudomonas aeruginosa PAO1]
AFNF01001003.1	1092	1589	1949	VFG051634(gb|WP_003089495.1)	1	498	498	99.197	498	4	0	0.0	898	VFG051634(gb|WP_003089495.1) (hcp/tssD) Hcp family type VI secretion system effector [HSI-3 (VF0944) - Effector delivery system (VFC0086)] [Pseudomonas aeruginosa UCBPP-PA14]
AFNF01001003.1	1092	1589	1949	VFG051631(gb|WP_003089495.1)	1	498	498	99.197	498	4	0	0.0	898	VFG051631(gb|WP_003089495.1) (hcp/tssD) Hcp family type VI secretion system effector [HSI-3 (VF0944) - Effector delivery system (VFC0086)] [Pseudomonas aeruginosa LESB58]
AFNF01001003.1	1602	1949	1949	VFG051637(gb|WP_012075688.1)	1	348	426	99.138	348	3	0	1.48e-178	627	VFG051637(gb|WP_012075688.1) (tssE) type VI secretion system baseplate subunit TssE [HSI-3 (VF0944) - Effector delivery system (VFC0086)] [Pseudomonas aeruginosa PA7]
AFNF01001012.1	1	232	1911	VFG014358(gb|WP_003086448)	232	1	1473	99.569	232	1	0	2.04e-117	424	VFG014358(gb|WP_003086448) (fleQ) transcriptional regulator FleQ [Flagella (VF0273) - Motility (VFC0204)] [Pseudomonas aeruginosa UCBPP-PA14]
AFNF01001012.1	1	232	1911	VFG019823(gb|WP_003086448)	232	1	1473	99.138	232	2	0	9.49e-116	418	VFG019823(gb|WP_003086448) (fleQ) transcriptional regulator FleQ [Flagella (VF0273) - Motility (VFC0204)] [Pseudomonas aeruginosa LESB58]
AFNF01001012.1	1	232	1911	VFG001248(gb|NP_249788)	232	1	1473	99.138	232	2	0	9.49e-116	418	VFG001248(gb|NP_249788) (fleQ) transcriptional regulator FleQ [Flagella (VF0273) - Motility (VFC0204)] [Pseudomonas aeruginosa PAO1]
AFNF01001012.1	1	232	1911	VFG014357(gb|WP_003152329)	232	1	1473	93.966	232	14	0	9.76e-96	351	VFG014357(gb|WP_003152329) (fleQ) transcriptional regulator FleQ [Flagella (VF0273) - Motility (VFC0204)] [Pseudomonas aeruginosa PA7]
AFNF01001012.1	518	807	1911	VFG014344(gb|WP_003152328)	290	1	294	88.316	291	32	2	1.26e-94	348	VFG014344(gb|WP_003152328) (fleP/fliT) flagellar protein FliT [Flagella (VF0273) - Motility (VFC0204)] [Pseudomonas aeruginosa PA7]
AFNF01001012.1	1676	1911	1911	VFG014318(gb|WP_012076713)	1430	1196	1434	89.831	236	23	1	9.97e-81	302	VFG014318(gb|WP_012076713) (fliD) flagellar capping protein FliD [Flagella (VF0273) - Motility (VFC0204)] [Pseudomonas aeruginosa PA7]
AFNF01001012.1	514	545	1911	VFG014345(gb|WP_003082194)	297	266	297	100.000	32	0	0	6.63e-08	60.2	VFG014345(gb|WP_003082194) (fleP/fliT) flagellar protein FliT [Flagella (VF0273) - Motility (VFC0204)] [Pseudomonas aeruginosa UCBPP-PA14]
AFNF01001012.1	514	545	1911	VFG014343(gb|NP_249787)	297	266	297	100.000	32	0	0	6.63e-08	60.2	VFG014343(gb|NP_249787) (fleP/fliT) flagellar protein FliT [Flagella (VF0273) - Motility (VFC0204)] [Pseudomonas aeruginosa PAO1]
AFNF01001019.1	1	1892	1892	VFG051551(gb|WP_012614304.1)	2387	496	2634	99.894	1892	2	0	0.0	3483	VFG051551(gb|WP_012614304.1) (tssH) type VI secretion system ATPase TssH [HSI-2 (VF0943) - Effector delivery system (VFC0086)] [Pseudomonas aeruginosa LESB58]
AFNF01001019.1	1	1892	1892	VFG041020(gb|NP_250353)	2387	496	2634	99.471	1892	10	0	0.0	3439	VFG041020(gb|NP_250353) (tssH) type VI secretion system ATPase TssH [HSI-2 (VF0943) - Effector delivery system (VFC0086)] [Pseudomonas aeruginosa PAO1]
AFNF01001019.1	3	1892	1892	VFG051554(gb|WP_003140083.1)	2385	496	2634	99.471	1890	10	0	0.0	3435	VFG051554(gb|WP_003140083.1) (tssH) type VI secretion system ATPase TssH [HSI-2 (VF0943) - Effector delivery system (VFC0086)] [Pseudomonas aeruginosa UCBPP-PA14]
AFNF01001019.1	3	1892	1892	VFG051552(gb|WP_079262185.1)	2385	496	2634	94.815	1890	98	0	0.0	2948	VFG051552(gb|WP_079262185.1) (tssH) type VI secretion system ATPase TssH [HSI-2 (VF0943) - Effector delivery system (VFC0086)] [Pseudomonas aeruginosa PA7]
AFNF01001019.1	3	1888	1892	VFG051555(gb|WP_162042907.1)	2376	500	2625	83.536	1895	285	23	0.0	1746	VFG051555(gb|WP_162042907.1) (tssH) type VI secretion system ATPase TssH [HSI-2 (VF0943) - Effector delivery system (VFC0086)] [Pseudomonas entomophila L48]
AFNF01001019.1	910	1892	1892	VFG051556(gb|WP_011336591.1)	1475	493	2658	82.419	984	171	2	0.0	857	VFG051556(gb|WP_011336591.1) (tssH) type VI secretion system ATPase TssH [HSI-2 (VF0943) - Effector delivery system (VFC0086)] [Pseudomonas fluorescens Pf0-1]
AFNF01001019.1	4	814	1892	VFG051556(gb|WP_011336591.1)	2408	1598	2658	84.889	814	117	6	0.0	817	VFG051556(gb|WP_011336591.1) (tssH) type VI secretion system ATPase TssH [HSI-2 (VF0943) - Effector delivery system (VFC0086)] [Pseudomonas fluorescens Pf0-1]
AFNF01001019.1	1364	1820	1892	VFG051652(gb|WP_012075685.1)	1054	598	2550	82.391	460	75	6	4.40e-109	396	VFG051652(gb|WP_012075685.1) (tssH) type VI secretion system ATPase TssH [HSI-3 (VF0944) - Effector delivery system (VFC0086)] [Pseudomonas aeruginosa PA7]
AFNF01001019.1	1366	1820	1892	VFG051654(gb|WP_003139311.1)	1052	598	2550	82.353	459	73	8	5.69e-108	392	VFG051654(gb|WP_003139311.1) (tssH) type VI secretion system ATPase TssH [HSI-3 (VF0944) - Effector delivery system (VFC0086)] [Pseudomonas aeruginosa UCBPP-PA14]
AFNF01001019.1	1364	1820	1892	VFG041043(gb|NP_251061)	1054	598	2550	82.174	460	76	6	2.05e-107	390	VFG041043(gb|NP_251061) (tssH) type VI secretion system ATPase TssH [HSI-3 (VF0944) - Effector delivery system (VFC0086)] [Pseudomonas aeruginosa PAO1]
AFNF01001019.1	1365	1869	1892	VFG015495(gb|WP_049586082)	1068	564	2598	80.739	514	81	18	9.53e-106	385	VFG015495(gb|WP_049586082) (tssH/clpV1) type VI secretion system ATPase TssH [Putida K1-T6SS (VF1351) - Effector delivery system (VFC0086)] [Pseudomonas putida KT2440]
AFNF01001024.1	1	740	1881	VFG043013(gb|NP_250148)	740	1	789	99.865	740	1	0	0.0	1362	VFG043013(gb|NP_250148) (cheZ) protein phosphatase CheZ [Flagella (VF0273) - Motility (VFC0204)] [Pseudomonas aeruginosa PAO1]
AFNF01001024.1	1236	1881	1881	VFG014629(gb|NP_250146)	744	99	744	99.845	646	1	0	0.0	1188	VFG014629(gb|NP_250146) (fliA) flagellar biosynthesis sigma factor FliA [Flagella (VF0273) - Motility (VFC0204)] [Pseudomonas aeruginosa PAO1]
AFNF01001024.1	1236	1881	1881	VFG019865(gb|WP_003083070)	744	99	744	99.536	646	3	0	0.0	1177	VFG019865(gb|WP_003083070) (fliA) flagellar biosynthesis sigma factor FliA [Flagella (VF0273) - Motility (VFC0204)] [Pseudomonas aeruginosa LESB58]
AFNF01001024.1	1236	1881	1881	VFG014631(gb|WP_003083070)	744	99	744	99.381	646	4	0	0.0	1171	VFG014631(gb|WP_003083070) (fliA) flagellar biosynthesis sigma factor FliA [Flagella (VF0273) - Motility (VFC0204)] [Pseudomonas aeruginosa UCBPP-PA14]
AFNF01001024.1	1236	1881	1881	VFG014630(gb|WP_003083070)	744	99	744	96.904	646	20	0	0.0	1083	VFG014630(gb|WP_003083070) (fliA) flagellar biosynthesis sigma factor FliA [Flagella (VF0273) - Motility (VFC0204)] [Pseudomonas aeruginosa PA7]
AFNF01001024.1	760	1134	1881	VFG043012(gb|NP_250147)	375	1	375	100.000	375	0	0	0.0	693	VFG043012(gb|NP_250147) (cheY) chemotaxis protein CheY [Flagella (VF0273) - Motility (VFC0204)] [Pseudomonas aeruginosa PAO1]
AFNF01001024.1	1266	1880	1881	VFG015719(gb|WP_012315498)	711	94	741	84.135	624	84	13	1.87e-167	590	VFG015719(gb|WP_012315498) (fliA) flagellar biosynthesis sigma factor FliA [Flagella (VF0273) - Motility (VFC0204)] [Pseudomonas putida W619]
AFNF01001024.1	1246	1880	1881	VFG014640(gb|WP_003243225)	737	100	747	83.178	642	97	9	1.46e-163	577	VFG014640(gb|WP_003243225) (fliA) flagellar biosynthesis sigma factor FliA [Flagella (VF0273) - Motility (VFC0204)] [Pseudomonas mendocina ymp]
AFNF01001024.1	1245	1881	1881	VFG015718(gb|WP_012273491)	732	93	741	83.022	642	102	5	5.24e-163	575	VFG015718(gb|WP_012273491) (fliA) flagellar biosynthesis sigma factor FliA [Flagella (VF0273) - Motility (VFC0204)] [Pseudomonas putida GB-1]
AFNF01001024.1	1245	1881	1881	VFG014636(gb|WP_003254406)	732	93	741	82.399	642	106	5	2.45e-156	553	VFG014636(gb|WP_003254406) (fliA) flagellar biosynthesis sigma factor FliA [Flagella (VF0273) - Motility (VFC0204)] [Pseudomonas putida F1]
AFNF01001041.1	1308	1807	1807	VFG051496(gb|WP_003083317.1)	1	500	519	99.600	500	2	0	0.0	913	VFG051496(gb|WP_003083317.1) (hcpA) Hcp family type VI secretion system effector [HSI-2 (VF0943) - Effector delivery system (VFC0086)] [Pseudomonas aeruginosa LESB58]
AFNF01001041.1	1308	1807	1807	VFG041013(gb|NP_250203)	1	500	519	99.600	500	2	0	0.0	913	VFG041013(gb|NP_250203) (hcpA) Hcp family type VI secretion system effector [HSI-2 (VF0943) - Effector delivery system (VFC0086)] [Pseudomonas aeruginosa PAO1]
AFNF01001041.1	1308	1807	1807	VFG051499(gb|WP_003083317.1)	1	500	519	99.200	500	4	0	0.0	902	VFG051499(gb|WP_003083317.1) (hcpA) Hcp family type VI secretion system effector [HSI-2 (VF0943) - Effector delivery system (VFC0086)] [Pseudomonas aeruginosa UCBPP-PA14]
AFNF01001041.1	1308	1807	1807	VFG051497(gb|WP_012074519.1)	1	500	519	96.000	500	20	0	0.0	813	VFG051497(gb|WP_012074519.1) (hcpA) Hcp family type VI secretion system effector [HSI-2 (VF0943) - Effector delivery system (VFC0086)] [Pseudomonas aeruginosa PA7]
AFNF01001041.1	1308	1807	1807	VFG051500(gb|WP_011536257.1)	1	500	519	92.600	500	37	0	0.0	719	VFG051500(gb|WP_011536257.1) (hcpA) Hcp family type VI secretion system effector [HSI-2 (VF0943) - Effector delivery system (VFC0086)] [Pseudomonas entomophila L48]
AFNF01001042.1	714	845	1807	VFG019769(gb|WP_015886334)	1642	1511	2052	81.343	134	21	4	7.93e-22	106	VFG019769(gb|WP_015886334) (pilJ) twitching motility protein PilJ [Type IV pili (VF0082) - Adherence (VFC0001)] [Pseudomonas fluorescens SBW25]
AFNF01001043.1	1	804	1806	VFG014279(gb|WP_012076722)	499	1302	1302	92.786	804	58	0	0.0	1164	VFG014279(gb|WP_012076722) (flgL) flagellar hook-associated protein 3 FlgL [Flagella (VF0273) - Motility (VFC0204)] [Pseudomonas aeruginosa PA7]
AFNF01001044.1	1	1095	1804	VFG020074(gb|WP_012614121)	11935	13029	13029	99.178	1095	9	0	0.0	1973	VFG020074(gb|WP_012614121) (pvdL) peptide synthase PvdL [Pyoverdine (VF0094) - Nutritional/Metabolic factor (VFC0272)] [Pseudomonas aeruginosa LESB58]
AFNF01001044.1	1	1095	1804	VFG016060(gb|WP_003139218)	11935	13029	13029	98.904	1095	12	0	0.0	1956	VFG016060(gb|WP_003139218) (pvdL) peptide synthase PvdL [Pyoverdine (VF0094) - Nutritional/Metabolic factor (VFC0272)] [Pseudomonas aeruginosa UCBPP-PA14]
AFNF01001044.1	1	1095	1804	VFG016058(gb|NP_251114)	11935	13029	13029	98.904	1095	12	0	0.0	1956	VFG016058(gb|NP_251114) (pvdL) peptide synthase PvdL [Pyoverdine (VF0094) - Nutritional/Metabolic factor (VFC0272)] [Pseudomonas aeruginosa PAO1]
AFNF01001044.1	1	1095	1804	VFG016059(gb|WP_012075639)	11935	13029	13029	98.447	1095	17	0	0.0	1929	VFG016059(gb|WP_012075639) (pvdL) peptide synthase PvdL [Pyoverdine (VF0094) - Nutritional/Metabolic factor (VFC0272)] [Pseudomonas aeruginosa PA7]
AFNF01001044.1	1	569	1804	VFG016066(gb|WP_011533065)	11899	12455	12948	82.692	572	81	14	5.20e-138	492	VFG016066(gb|WP_011533065) (pvdL) peptide synthase PvdL [Pyoverdine (VF0094) - Nutritional/Metabolic factor (VFC0272)] [Pseudomonas entomophila L48]
AFNF01001044.1	638	1004	1804	VFG016066(gb|WP_011533065)	12491	12857	12948	83.646	373	49	7	1.99e-92	340	VFG016066(gb|WP_011533065) (pvdL) peptide synthase PvdL [Pyoverdine (VF0094) - Nutritional/Metabolic factor (VFC0272)] [Pseudomonas entomophila L48]
AFNF01001044.1	1	569	1804	VFG015827(gb|WP_012315395)	11905	12461	12954	82.487	571	84	12	2.42e-136	486	VFG015827(gb|WP_012315395) (pvdL) peptide synthase PvdL [Pyoverdine (VF0094) - Nutritional/Metabolic factor (VFC0272)] [Pseudomonas putida W619]
AFNF01001044.1	630	1004	1804	VFG015827(gb|WP_012315395)	12489	12863	12954	80.105	382	62	9	7.38e-72	272	VFG015827(gb|WP_012315395) (pvdL) peptide synthase PvdL [Pyoverdine (VF0094) - Nutritional/Metabolic factor (VFC0272)] [Pseudomonas putida W619]
AFNF01001044.1	1	569	1804	VFG016068(gb|WP_011335255)	11950	12506	12999	80.385	571	96	8	2.49e-116	420	VFG016068(gb|WP_011335255) (pvdL) peptide synthase PvdL [Pyoverdine (VF0094) - Nutritional/Metabolic factor (VFC0272)] [Pseudomonas fluorescens Pf0-1]
AFNF01001044.1	640	1085	1804	VFG016067(gb|WP_011062464)	12574	13019	13029	83.814	451	63	8	2.49e-116	420	VFG016067(gb|WP_011062464) (pvdL) peptide synthase PvdL [Pyoverdine (VF0094) - Nutritional/Metabolic factor (VFC0272)] [Pseudomonas fluorescens Pf-5]
AFNF01001044.1	1	479	1804	VFG016063(gb|WP_166486371)	11968	12434	13014	82.231	484	64	15	1.17e-109	398	VFG016063(gb|WP_166486371) (pvdL) peptide synthase PvdL [Pyoverdine (VF0094) - Nutritional/Metabolic factor (VFC0272)] [Pseudomonas syringae pv. phaseolicola 1448A]
AFNF01001044.1	640	1005	1804	VFG016064(gb|WP_010954996)	12499	12864	12954	80.323	371	63	5	7.38e-72	272	VFG016064(gb|WP_010954996) (pvdL) peptide synthase PvdL [Pyoverdine (VF0094) - Nutritional/Metabolic factor (VFC0272)] [Pseudomonas putida KT2440]
AFNF01001052.1	428	1174	1773	VFG000218(gb|NP_250414)	1	747	747	100.000	747	0	0	0.0	1380	VFG000218(gb|NP_250414) (pscJ) type III secretion system inner MS ring protein [TTSS (VF0083) - Effector delivery system (VFC0086)] [Pseudomonas aeruginosa PAO1]
AFNF01001052.1	428	1174	1773	VFG015160(gb|WP_003120329)	1	747	747	99.598	747	3	0	0.0	1363	VFG015160(gb|WP_003120329) (pscJ) type III secretion system inner MS ring protein [TTSS (VF0083) - Effector delivery system (VFC0086)] [Pseudomonas aeruginosa UCBPP-PA14]
AFNF01001052.1	428	1174	1773	VFG019975(gb|WP_004342903)	1	747	747	99.331	747	5	0	0.0	1352	VFG019975(gb|WP_004342903) (pscJ) type III secretion system inner MS ring protein [TTSS (VF0083) - Effector delivery system (VFC0086)] [Pseudomonas aeruginosa LESB58]
AFNF01001052.1	1183	1773	1773	VFG019976(gb|WP_003087734)	1	591	621	99.323	591	4	0	0.0	1070	VFG019976(gb|WP_003087734) (pscK) type III secretion system protein PscK [TTSS (VF0083) - Effector delivery system (VFC0086)] [Pseudomonas aeruginosa LESB58]
AFNF01001052.1	1183	1773	1773	VFG015162(gb|WP_003087734)	1	591	621	99.154	591	5	0	0.0	1064	VFG015162(gb|WP_003087734) (pscK) type III secretion system protein PscK [TTSS (VF0083) - Effector delivery system (VFC0086)] [Pseudomonas aeruginosa UCBPP-PA14]
AFNF01001052.1	1183	1773	1773	VFG000219(gb|NP_250415)	1	597	627	98.492	597	3	1	0.0	1048	VFG000219(gb|NP_250415) (pscK) type III secretion system protein PscK [TTSS (VF0083) - Effector delivery system (VFC0086)] [Pseudomonas aeruginosa PAO1]
AFNF01001052.1	93	431	1773	VFG015158(gb|WP_003120330)	1	339	339	100.000	339	0	0	1.34e-178	627	VFG015158(gb|WP_003120330) (pscI) type III secretion system inner rod protein PscI [TTSS (VF0083) - Effector delivery system (VFC0086)] [Pseudomonas aeruginosa UCBPP-PA14]
AFNF01001052.1	93	431	1773	VFG000217(gb|NP_250413)	1	339	339	99.705	339	1	0	6.25e-177	621	VFG000217(gb|NP_250413) (pscI) type III secretion system inner rod protein PscI [TTSS (VF0083) - Effector delivery system (VFC0086)] [Pseudomonas aeruginosa PAO1]
AFNF01001052.1	1	93	1773	VFG019973(gb|WP_003122856)	340	432	432	100.000	93	0	0	7.56e-42	172	VFG019973(gb|WP_003122856) (pscH) type III secretion system protein PscH [TTSS (VF0083) - Effector delivery system (VFC0086)] [Pseudomonas aeruginosa LESB58]
AFNF01001052.1	1	93	1773	VFG000216(gb|NP_250412)	340	432	432	100.000	93	0	0	7.56e-42	172	VFG000216(gb|NP_250412) (pscH) type III secretion system protein PscH [TTSS (VF0083) - Effector delivery system (VFC0086)] [Pseudomonas aeruginosa PAO1]
AFNF01001063.1	1	787	1720	VFG042701(gb|NP_252773)	789	3	2535	99.492	787	4	0	0.0	1432	VFG042701(gb|NP_252773) (cupB3) usher CupB3 [CupB fimbriae (VF0925) - Biofilm (VFC0271)] [Pseudomonas aeruginosa PAO1]
AFNF01001063.1	1111	1720	1720	VFG042702(gb|NP_252774)	747	138	747	99.344	610	4	0	0.0	1105	VFG042702(gb|NP_252774) (cupB2) chaperone CupB2 [CupB fimbriae (VF0925) - Biofilm (VFC0271)] [Pseudomonas aeruginosa PAO1]
AFNF01001068.1	679	1704	1704	VFG020090(gb|WP_012613542)	4317	3292	4317	99.415	1026	6	0	0.0	1862	VFG020090(gb|WP_012613542) (pchE) dihydroaeruginoic acid synthetase PchE [Pyochelin (VF0095) - Nutritional/Metabolic factor (VFC0272)] [Pseudomonas aeruginosa LESB58]
AFNF01001068.1	679	1704	1704	VFG000166(gb|NP_252916)	4317	3292	4317	99.318	1026	7	0	0.0	1857	VFG000166(gb|NP_252916) (pchE) dihydroaeruginoic acid synthetase PchE [Pyochelin (VF0095) - Nutritional/Metabolic factor (VFC0272)] [Pseudomonas aeruginosa PAO1]
AFNF01001068.1	679	1704	1704	VFG016122(gb|WP_003137469)	4317	3292	4317	98.441	1026	16	0	0.0	1807	VFG016122(gb|WP_003137469) (pchE) dihydroaeruginoic acid synthetase PchE [Pyochelin (VF0095) - Nutritional/Metabolic factor (VFC0272)] [Pseudomonas aeruginosa UCBPP-PA14]
AFNF01001068.1	679	1704	1704	VFG016121(gb|WP_012074236)	4311	3286	4311	95.809	1026	43	0	0.0	1657	VFG016121(gb|WP_012074236) (pchE) dihydroaeruginoic acid synthetase PchE [Pyochelin (VF0095) - Nutritional/Metabolic factor (VFC0272)] [Pseudomonas aeruginosa PA7]
AFNF01001068.1	1	682	1704	VFG020089(gb|WP_012613543)	682	1	5430	99.853	682	1	0	0.0	1254	VFG020089(gb|WP_012613543) (pchF) pyochelin synthetase PchF [Pyochelin (VF0095) - Nutritional/Metabolic factor (VFC0272)] [Pseudomonas aeruginosa LESB58]
AFNF01001068.1	1	682	1704	VFG000165(gb|NP_252915)	682	1	5430	99.707	682	2	0	0.0	1249	VFG000165(gb|NP_252915) (pchF) pyochelin synthetase PchF [Pyochelin (VF0095) - Nutritional/Metabolic factor (VFC0272)] [Pseudomonas aeruginosa PAO1]
AFNF01001068.1	1	682	1704	VFG016118(gb|WP_011666540)	682	1	5430	99.560	682	3	0	0.0	1243	VFG016118(gb|WP_011666540) (pchF) pyochelin synthetase PchF [Pyochelin (VF0095) - Nutritional/Metabolic factor (VFC0272)] [Pseudomonas aeruginosa UCBPP-PA14]
AFNF01001068.1	1	682	1704	VFG016117(gb|WP_012074237)	682	1	5430	97.361	682	18	0	0.0	1160	VFG016117(gb|WP_012074237) (pchF) pyochelin synthetase PchF [Pyochelin (VF0095) - Nutritional/Metabolic factor (VFC0272)] [Pseudomonas aeruginosa PA7]
AFNF01001091.1	961	1625	1625	VFG051834(gb|WP_003104959.1)	1	665	1293	100.000	665	0	0	0.0	1229	VFG051834(gb|WP_003104959.1) (tse6) NAD(P)(+) glycohydrolase toxin Tse6 [HSI-1 T6SS secreted effectors (VF1194) - Effector delivery system (VFC0086)] [Pseudomonas aeruginosa LESB58]
AFNF01001091.1	961	1625	1625	VFG051837(gb|WP_003083691.1)	1	665	1383	98.797	665	8	0	0.0	1184	VFG051837(gb|WP_003083691.1) (tse6) NAD(P)(+) glycohydrolase toxin Tse6 [HSI-1 T6SS secreted effectors (VF1194) - Effector delivery system (VFC0086)] [Pseudomonas aeruginosa UCBPP-PA14]
AFNF01001091.1	961	1625	1625	VFG051485(gb|NP_248783.1)	1	665	1293	98.496	665	10	0	0.0	1173	VFG051485(gb|NP_248783.1) (tse6) NAD(P)(+) glycohydrolase toxin Tse6 [HSI-1 T6SS secreted effectors (VF1194) - Effector delivery system (VFC0086)] [Pseudomonas aeruginosa PAO1]
AFNF01001091.1	961	1625	1625	VFG051835(gb|WP_011979143.1)	1	665	1305	96.842	665	21	0	0.0	1112	VFG051835(gb|WP_011979143.1) (tse6) NAD(P)(+) glycohydrolase toxin Tse6 [HSI-1 T6SS secreted effectors (VF1194) - Effector delivery system (VFC0086)] [Pseudomonas aeruginosa PA7]
AFNF01001091.1	1	257	1625	VFG041011(gb|NP_248785)	257	1	2226	100.000	257	0	0	4.71e-133	475	VFG041011(gb|NP_248785) (vgrG1b) type VI secretion system substrate VgrG1b [HSI-1 (VF0334) - Effector delivery system (VFC0086)] [Pseudomonas aeruginosa PAO1]
AFNF01001091.1	1	257	1625	VFG051804(gb|WP_011979145.1)	257	1	2226	94.163	257	15	0	4.88e-108	392	VFG051804(gb|WP_011979145.1) (vgrG1a) type VI secretion system substrate VgrG1 [HSI-1 (VF0334) - Effector delivery system (VFC0086)] [Pseudomonas aeruginosa PA7]
AFNF01001112.1	1	813	1562	VFG020055(gb|WP_024082546)	826	1638	1638	99.262	813	6	0	0.0	1469	VFG020055(gb|WP_024082546) (pvdP) tyrosinase required for pyoverdine maturation  [Pyoverdine (VF0094) - Nutritional/Metabolic factor (VFC0272)] [Pseudomonas aeruginosa LESB58]
AFNF01001112.1	1	813	1562	VFG015975(gb|WP_003139293)	823	1635	1635	86.470	813	110	0	0.0	893	VFG015975(gb|WP_003139293) (pvdP) tyrosinase required for pyoverdine maturation  [Pyoverdine (VF0094) - Nutritional/Metabolic factor (VFC0272)] [Pseudomonas aeruginosa UCBPP-PA14]
AFNF01001112.1	1	813	1562	VFG015973(gb|NP_251082)	823	1635	1635	86.470	813	110	0	0.0	893	VFG015973(gb|NP_251082) (pvdP) tyrosinase required for pyoverdine maturation  [Pyoverdine (VF0094) - Nutritional/Metabolic factor (VFC0272)] [Pseudomonas aeruginosa PAO1]
AFNF01001112.1	1	813	1562	VFG015974(gb|WP_041025344)	835	1647	1647	85.995	814	112	2	0.0	870	VFG015974(gb|WP_041025344) (pvdP) tyrosinase required for pyoverdine maturation  [Pyoverdine (VF0094) - Nutritional/Metabolic factor (VFC0272)] [Pseudomonas aeruginosa PA7]
AFNF01001118.1	363	393	1551	VFG009819(gb|WP_041799901)	1265	1295	1527	100.000	31	0	0	1.93e-07	58.4	VFG009819(gb|WP_041799901) (phoR) Possible two component system response sensor kinase membrane associated PhoR [PhoP (VF0286) - Regulation (VFC0301)] [Mycobacterium gilvum PYR-GCK]
AFNF01001118.1	365	393	1551	VFG024169(gb|WP_099961986)	1348	1376	1611	100.000	29	0	0	2.49e-06	54.7	VFG024169(gb|WP_099961986) (phoR) Possible two component system response sensor kinase membrane associated PhoR [PhoP (VF0286) - Regulation (VFC0301)] [Mycobacterium gilvum Spyr1]
AFNF01001121.1	1362	1478	1533	VFG016066(gb|WP_011533065)	12363	12247	12948	83.051	118	18	2	6.71e-22	106	VFG016066(gb|WP_011533065) (pvdL) peptide synthase PvdL [Pyoverdine (VF0094) - Nutritional/Metabolic factor (VFC0272)] [Pseudomonas entomophila L48]
AFNF01001125.1	1	1522	1522	VFG042695(gb|NP_250820)	1004	2525	2619	100.000	1522	0	0	0.0	2811	VFG042695(gb|NP_250820) (cupA3) usher CupA3 [CupA fimbriae (VF0924) - Biofilm (VFC0271)] [Pseudomonas aeruginosa PAO1]
AFNF01001130.1	1	558	1512	VFG042736(gb|NP_253152)	558	1	1494	99.821	558	1	0	0.0	1026	VFG042736(gb|NP_253152) (rpoN) RNA polymerase factor sigma-54 [Type IV pili (VF0082) - Adherence (VFC0001)] [Pseudomonas aeruginosa PAO1]
AFNF01001132.1	1	580	1505	VFG051656(gb|WP_012614145.1)	1428	2007	2007	99.828	580	1	0	0.0	1066	VFG051656(gb|WP_012614145.1) (tssI) type VI secretion system tip protein VgrG [HSI-3 (VF0944) - Effector delivery system (VFC0086)] [Pseudomonas aeruginosa LESB58]
AFNF01001132.1	1	580	1505	VFG041045(gb|NP_251063)	1428	2007	2007	99.828	580	1	0	0.0	1066	VFG041045(gb|NP_251063) (tssI) type VI secretion system tip protein VgrG [HSI-3 (VF0944) - Effector delivery system (VFC0086)] [Pseudomonas aeruginosa PAO1]
AFNF01001132.1	1	580	1505	VFG051659(gb|WP_003139309.1)	1428	2007	2007	99.138	580	5	0	0.0	1044	VFG051659(gb|WP_003139309.1) (tssI) type VI secretion system tip protein VgrG [HSI-3 (VF0944) - Effector delivery system (VFC0086)] [Pseudomonas aeruginosa UCBPP-PA14]
AFNF01001132.1	1	580	1505	VFG051657(gb|WP_012075684.1)	1428	2007	2007	98.103	580	11	0	0.0	1011	VFG051657(gb|WP_012075684.1) (tssI) type VI secretion system tip protein VgrG [HSI-3 (VF0944) - Effector delivery system (VFC0086)] [Pseudomonas aeruginosa PA7]
AFNF01001132.1	1	580	1505	VFG051660(gb|WP_011334785.1)	1431	2010	2010	83.162	582	94	4	3.30e-149	529	VFG051660(gb|WP_011334785.1) (tssI) type VI secretion system tip protein VgrG [HSI-3 (VF0944) - Effector delivery system (VFC0086)] [Pseudomonas fluorescens Pf0-1]
AFNF01001143.1	1	1466	1466	VFG016058(gb|NP_251114)	9825	11290	13029	99.250	1466	11	0	0.0	2647	VFG016058(gb|NP_251114) (pvdL) peptide synthase PvdL [Pyoverdine (VF0094) - Nutritional/Metabolic factor (VFC0272)] [Pseudomonas aeruginosa PAO1]
AFNF01001143.1	1	1466	1466	VFG020074(gb|WP_012614121)	9825	11290	13029	99.045	1466	14	0	0.0	2630	VFG020074(gb|WP_012614121) (pvdL) peptide synthase PvdL [Pyoverdine (VF0094) - Nutritional/Metabolic factor (VFC0272)] [Pseudomonas aeruginosa LESB58]
AFNF01001143.1	1	1466	1466	VFG016060(gb|WP_003139218)	9825	11290	13029	98.363	1466	24	0	0.0	2575	VFG016060(gb|WP_003139218) (pvdL) peptide synthase PvdL [Pyoverdine (VF0094) - Nutritional/Metabolic factor (VFC0272)] [Pseudomonas aeruginosa UCBPP-PA14]
AFNF01001143.1	1	1466	1466	VFG016059(gb|WP_012075639)	9825	11290	13029	97.271	1466	40	0	0.0	2486	VFG016059(gb|WP_012075639) (pvdL) peptide synthase PvdL [Pyoverdine (VF0094) - Nutritional/Metabolic factor (VFC0272)] [Pseudomonas aeruginosa PA7]
AFNF01001143.1	1	1441	1466	VFG016067(gb|WP_011062464)	9870	11310	13029	82.377	1447	243	12	0.0	1249	VFG016067(gb|WP_011062464) (pvdL) peptide synthase PvdL [Pyoverdine (VF0094) - Nutritional/Metabolic factor (VFC0272)] [Pseudomonas fluorescens Pf-5]
AFNF01001143.1	1	1441	1466	VFG016066(gb|WP_011533065)	9795	11229	12948	80.495	1456	248	30	0.0	1083	VFG016066(gb|WP_011533065) (pvdL) peptide synthase PvdL [Pyoverdine (VF0094) - Nutritional/Metabolic factor (VFC0272)] [Pseudomonas entomophila L48]
AFNF01001143.1	1	1464	1466	VFG020077(gb|WP_015885148)	9753	11216	12891	80.014	1476	271	19	0.0	1070	VFG020077(gb|WP_015885148) (pvdL) peptide synthase PvdL [Pyoverdine (VF0094) - Nutritional/Metabolic factor (VFC0272)] [Pseudomonas fluorescens SBW25]
AFNF01001143.1	1	1452	1466	VFG016068(gb|WP_011335255)	9840	11291	12999	80.000	1460	276	14	0.0	1064	VFG016068(gb|WP_011335255) (pvdL) peptide synthase PvdL [Pyoverdine (VF0094) - Nutritional/Metabolic factor (VFC0272)] [Pseudomonas fluorescens Pf0-1]
AFNF01001143.1	1386	1441	1466	VFG016043(gb|WP_011666644)	9185	9240	15450	91.379	58	1	4	5.03e-13	76.8	VFG016043(gb|WP_011666644) (pvdI) peptide synthase [Pyoverdine (VF0094) - Nutritional/Metabolic factor (VFC0272)] [Pseudomonas aeruginosa UCBPP-PA14]
AFNF01001143.1	1386	1438	1466	VFG016043(gb|WP_011666644)	1604	1656	15450	90.909	55	1	4	2.34e-11	71.3	VFG016043(gb|WP_011666644) (pvdI) peptide synthase [Pyoverdine (VF0094) - Nutritional/Metabolic factor (VFC0272)] [Pseudomonas aeruginosa UCBPP-PA14]
AFNF01001143.1	1386	1441	1466	VFG016041(gb|NP_251092)	1604	1659	15450	91.379	58	1	4	5.03e-13	76.8	VFG016041(gb|NP_251092) (pvdI) peptide synthase [Pyoverdine (VF0094) - Nutritional/Metabolic factor (VFC0272)] [Pseudomonas aeruginosa PAO1]
AFNF01001143.1	1381	1441	1466	VFG016041(gb|NP_251092)	9183	9240	15450	90.323	62	1	5	5.03e-13	76.8	VFG016041(gb|NP_251092) (pvdI) peptide synthase [Pyoverdine (VF0094) - Nutritional/Metabolic factor (VFC0272)] [Pseudomonas aeruginosa PAO1]
AFNF01001144.1	538	1463	1463	VFG041014(gb|NP_250347)	1557	632	1557	99.892	926	1	0	0.0	1705	VFG041014(gb|NP_250347) (tssA) type VI secretion system protein TssA [HSI-2 (VF0943) - Effector delivery system (VFC0086)] [Pseudomonas aeruginosa PAO1]
AFNF01001144.1	538	1463	1463	VFG051507(gb|WP_003140090.1)	1557	632	1557	99.676	926	3	0	0.0	1694	VFG051507(gb|WP_003140090.1) (tssA) type VI secretion system protein TssA [HSI-2 (VF0943) - Effector delivery system (VFC0086)] [Pseudomonas aeruginosa UCBPP-PA14]
AFNF01001144.1	538	1463	1463	VFG051504(gb|WP_003097814.1)	1557	632	1557	99.460	926	5	0	0.0	1683	VFG051504(gb|WP_003097814.1) (tssA) type VI secretion system protein TssA [HSI-2 (VF0943) - Effector delivery system (VFC0086)] [Pseudomonas aeruginosa LESB58]
AFNF01001144.1	538	1463	1463	VFG051505(gb|WP_012076244.1)	1557	632	1557	86.516	927	123	2	0.0	1018	VFG051505(gb|WP_012076244.1) (tssA) type VI secretion system protein TssA [HSI-2 (VF0943) - Effector delivery system (VFC0086)] [Pseudomonas aeruginosa PA7]
AFNF01001144.1	1	502	1463	VFG041015(gb|NP_250348)	502	1	507	99.602	502	2	0	0.0	917	VFG041015(gb|NP_250348) (tssB) type VI secretion system contractile sheath small subunit [HSI-2 (VF0943) - Effector delivery system (VFC0086)] [Pseudomonas aeruginosa PAO1]
AFNF01001144.1	1	502	1463	VFG051511(gb|WP_003097811.1)	502	1	507	99.402	502	3	0	0.0	911	VFG051511(gb|WP_003097811.1) (tssB) type VI secretion system contractile sheath small subunit [HSI-2 (VF0943) - Effector delivery system (VFC0086)] [Pseudomonas aeruginosa LESB58]
AFNF01001144.1	1	502	1463	VFG051514(gb|WP_003087592.1)	502	1	507	99.004	502	5	0	0.0	900	VFG051514(gb|WP_003087592.1) (tssB) type VI secretion system contractile sheath small subunit [HSI-2 (VF0943) - Effector delivery system (VFC0086)] [Pseudomonas aeruginosa UCBPP-PA14]
AFNF01001144.1	1	502	1463	VFG051512(gb|WP_012076243.1)	502	1	507	88.645	502	57	0	3.09e-174	612	VFG051512(gb|WP_012076243.1) (tssB) type VI secretion system contractile sheath small subunit [HSI-2 (VF0943) - Effector delivery system (VFC0086)] [Pseudomonas aeruginosa PA7]
AFNF01001144.1	15	502	1463	VFG051515(gb|WP_011531905.1)	488	1	501	85.743	491	64	5	8.97e-145	514	VFG051515(gb|WP_011531905.1) (tssB) type VI secretion system contractile sheath small subunit [HSI-2 (VF0943) - Effector delivery system (VFC0086)] [Pseudomonas entomophila L48]
AFNF01001146.1	985	1449	1459	VFG041030(gb|NP_250535)	465	1	465	100.000	465	0	0	0.0	859	VFG041030(gb|NP_250535) (tse1) type VI secretion system effector Tse1, peptidoglycanhydrolase [HSI-1 T6SS secreted effectors (VF1194) - Effector delivery system (VFC0086)] [Pseudomonas aeruginosa PAO1]
AFNF01001146.1	985	1449	1459	VFG051810(gb|WP_003088027.1)	465	1	465	99.785	465	1	0	0.0	854	VFG051810(gb|WP_003088027.1) (tse1) type VI secretion system effector Tse1, peptidoglycanhydrolase [HSI-1 T6SS secreted effectors (VF1194) - Effector delivery system (VFC0086)] [Pseudomonas aeruginosa LESB58]
AFNF01001146.1	985	1449	1459	VFG051811(gb|WP_003154271.1)	471	1	471	93.418	471	25	2	0.0	693	VFG051811(gb|WP_003154271.1) (tse1) type VI secretion system effector Tse1, peptidoglycanhydrolase [HSI-1 T6SS secreted effectors (VF1194) - Effector delivery system (VFC0086)] [Pseudomonas aeruginosa PA7]
AFNF01001150.1	841	1452	1452	VFG051834(gb|WP_003104959.1)	1293	682	1293	100.000	612	0	0	0.0	1131	VFG051834(gb|WP_003104959.1) (tse6) NAD(P)(+) glycohydrolase toxin Tse6 [HSI-1 T6SS secreted effectors (VF1194) - Effector delivery system (VFC0086)] [Pseudomonas aeruginosa LESB58]
AFNF01001150.1	841	1452	1452	VFG051485(gb|NP_248783.1)	1293	682	1293	100.000	612	0	0	0.0	1131	VFG051485(gb|NP_248783.1) (tse6) NAD(P)(+) glycohydrolase toxin Tse6 [HSI-1 T6SS secreted effectors (VF1194) - Effector delivery system (VFC0086)] [Pseudomonas aeruginosa PAO1]
AFNF01001150.1	1	445	1452	VFG020020(gb|WP_003142374)	1488	1932	1932	100.000	445	0	0	0.0	822	VFG020020(gb|WP_003142374) (vgrG1a) type VI secretion system substrate VgrG1 [HSI-1 (VF0334) - Effector delivery system (VFC0086)] [Pseudomonas aeruginosa LESB58]
AFNF01001150.1	1	445	1452	VFG002077(gb|NP_248781)	1488	1932	1932	99.775	445	1	0	0.0	817	VFG002077(gb|NP_248781) (vgrG1a) type VI secretion system substrate VgrG1 [HSI-1 (VF0334) - Effector delivery system (VFC0086)] [Pseudomonas aeruginosa PAO1]
AFNF01001150.1	2	445	1452	VFG015501(gb|WP_011666527)	1489	1932	1932	99.099	444	4	0	0.0	798	VFG015501(gb|WP_011666527) (vgrG1a) type VI secretion system substrate VgrG1 [HSI-1 (VF0334) - Effector delivery system (VFC0086)] [Pseudomonas aeruginosa UCBPP-PA14]
AFNF01001150.1	2	445	1452	VFG015500(gb|WP_079262221)	1489	1932	1932	95.955	445	16	2	0.0	721	VFG015500(gb|WP_079262221) (vgrG1a) type VI secretion system substrate VgrG1 [HSI-1 (VF0334) - Effector delivery system (VFC0086)] [Pseudomonas aeruginosa PA7]
AFNF01001150.1	1385	1452	1452	VFG051835(gb|WP_011979143.1)	749	682	1305	97.059	68	2	0	1.05e-24	115	VFG051835(gb|WP_011979143.1) (tse6) NAD(P)(+) glycohydrolase toxin Tse6 [HSI-1 T6SS secreted effectors (VF1194) - Effector delivery system (VFC0086)] [Pseudomonas aeruginosa PA7]
AFNF01001150.1	1385	1452	1452	VFG051837(gb|WP_003083691.1)	749	682	1383	92.647	68	5	0	1.06e-19	99.0	VFG051837(gb|WP_003083691.1) (tse6) NAD(P)(+) glycohydrolase toxin Tse6 [HSI-1 T6SS secreted effectors (VF1194) - Effector delivery system (VFC0086)] [Pseudomonas aeruginosa UCBPP-PA14]
AFNF01001153.1	543	579	1443	VFG038916(gb|WP_011705263)	1802	1766	2088	94.595	37	2	0	1.79e-07	58.4	VFG038916(gb|WP_011705263) (rtxB) RTX toxin transporter, ATPase protein [RtxA (VF0482) - Exotoxin (VFC0235)] [Aeromonas hydrophila subsp. hydrophila ATCC 7966]
AFNF01001155.1	1	1437	1437	VFG042699(gb|NP_252771)	1229	2665	3057	99.374	1437	9	0	0.0	2604	VFG042699(gb|NP_252771) (cupB5) adhesive protein CupB5 [CupB fimbriae (VF0925) - Biofilm (VFC0271)] [Pseudomonas aeruginosa PAO1]
AFNF01001160.1	1	953	1431	VFG015108(gb|WP_003100796)	953	1	1323	99.790	953	2	0	0.0	1749	VFG015108(gb|WP_003100796) (pscN) type III secretion system ATPase PscN [TTSS (VF0083) - Effector delivery system (VFC0086)] [Pseudomonas aeruginosa UCBPP-PA14]
AFNF01001160.1	1	953	1431	VFG000192(gb|NP_250388)	953	1	1323	99.370	953	6	0	0.0	1727	VFG000192(gb|NP_250388) (pscN) type III secretion system ATPase PscN [TTSS (VF0083) - Effector delivery system (VFC0086)] [Pseudomonas aeruginosa PAO1]
AFNF01001160.1	1	953	1431	VFG019951(gb|WP_012614296)	953	1	1323	98.636	953	13	0	0.0	1688	VFG019951(gb|WP_012614296) (pscN) type III secretion system ATPase PscN [TTSS (VF0083) - Effector delivery system (VFC0086)] [Pseudomonas aeruginosa LESB58]
AFNF01001160.1	1144	1431	1431	VFG000193(gb|NP_250389)	1	288	867	100.000	288	0	0	2.42e-150	532	VFG000193(gb|NP_250389) (popN) type III secretion system outer membrane protein PopN [TTSS (VF0083) - Effector delivery system (VFC0086)] [Pseudomonas aeruginosa PAO1]
AFNF01001160.1	1144	1431	1431	VFG019952(gb|WP_003087692)	1	288	867	99.653	288	1	0	1.13e-148	527	VFG019952(gb|WP_003087692) (popN) type III secretion system outer membrane protein PopN [TTSS (VF0083) - Effector delivery system (VFC0086)] [Pseudomonas aeruginosa LESB58]
AFNF01001160.1	1144	1431	1431	VFG015110(gb|WP_003087692)	1	288	867	99.653	288	1	0	1.13e-148	527	VFG015110(gb|WP_003087692) (popN) type III secretion system outer membrane protein PopN [TTSS (VF0083) - Effector delivery system (VFC0086)] [Pseudomonas aeruginosa UCBPP-PA14]
AFNF01001169.1	1	739	1399	VFG000141(gb|NP_253675)	739	1	1278	99.729	739	2	0	0.0	1354	VFG000141(gb|NP_253675) (waaA) lipopolysaccharide core biosynthesis protein WaaP [LPS (VF0085) - Immune modulation (VFC0258)] [Pseudomonas aeruginosa PAO1]
AFNF01001205.1	1	722	1291	VFG051522(gb|WP_003087596.1)	755	1476	1476	99.723	722	2	0	0.0	1323	VFG051522(gb|WP_003087596.1) (tssC) type VI secretion system contractile sheath large subunit [HSI-2 (VF0943) - Effector delivery system (VFC0086)] [Pseudomonas aeruginosa UCBPP-PA14]
AFNF01001205.1	1	722	1291	VFG051519(gb|WP_003087596.1)	755	1476	1476	99.723	722	2	0	0.0	1323	VFG051519(gb|WP_003087596.1) (tssC) type VI secretion system contractile sheath large subunit [HSI-2 (VF0943) - Effector delivery system (VFC0086)] [Pseudomonas aeruginosa LESB58]
AFNF01001205.1	1	722	1291	VFG041016(gb|NP_250349)	755	1476	1476	99.584	722	3	0	0.0	1317	VFG041016(gb|NP_250349) (tssC) type VI secretion system contractile sheath large subunit [HSI-2 (VF0943) - Effector delivery system (VFC0086)] [Pseudomonas aeruginosa PAO1]
AFNF01001205.1	3	722	1291	VFG051520(gb|WP_012076242.1)	757	1476	1476	91.944	720	58	0	0.0	1009	VFG051520(gb|WP_012076242.1) (tssC) type VI secretion system contractile sheath large subunit [HSI-2 (VF0943) - Effector delivery system (VFC0086)] [Pseudomonas aeruginosa PA7]
AFNF01001205.1	1	722	1291	VFG051523(gb|WP_011531906.1)	752	1473	1473	90.582	722	68	0	0.0	957	VFG051523(gb|WP_011531906.1) (tssC) type VI secretion system contractile sheath large subunit [HSI-2 (VF0943) - Effector delivery system (VFC0086)] [Pseudomonas entomophila L48]
AFNF01001205.1	3	722	1291	VFG051524(gb|WP_011336600.1)	757	1476	1476	90.417	720	69	0	0.0	948	VFG051524(gb|WP_011336600.1) (tssC) type VI secretion system contractile sheath large subunit [HSI-2 (VF0943) - Effector delivery system (VFC0086)] [Pseudomonas fluorescens Pf0-1]
AFNF01001205.1	3	722	1291	VFG051525(gb|WP_011105492.1)	760	1479	1479	89.444	720	76	0	0.0	909	VFG051525(gb|WP_011105492.1) (tssC) type VI secretion system contractile sheath large subunit [HSI-2 (VF0943) - Effector delivery system (VFC0086)] [Pseudomonas syringae pv. tomato str. DC3000]
AFNF01001205.1	735	1142	1291	VFG051530(gb|WP_003140089.1)	1	408	408	99.755	408	1	0	0.0	749	VFG051530(gb|WP_003140089.1) (tssE) type VI secretion system baseplate subunit TssE [HSI-2 (VF0943) - Effector delivery system (VFC0086)] [Pseudomonas aeruginosa UCBPP-PA14]
AFNF01001205.1	735	1142	1291	VFG041017(gb|NP_250350)	1	408	408	99.020	408	4	0	0.0	732	VFG041017(gb|NP_250350) (tssE) type VI secretion system baseplate subunit TssE [HSI-2 (VF0943) - Effector delivery system (VFC0086)] [Pseudomonas aeruginosa PAO1]
AFNF01001205.1	735	1142	1291	VFG051527(gb|WP_003120359.1)	1	408	408	98.529	408	6	0	0.0	721	VFG051527(gb|WP_003120359.1) (tssE) type VI secretion system baseplate subunit TssE [HSI-2 (VF0943) - Effector delivery system (VFC0086)] [Pseudomonas aeruginosa LESB58]
AFNF01001209.1	1	1087	1282	VFG051616(gb|WP_003122697.1)	1087	1	1332	99.724	1087	3	0	0.0	1991	VFG051616(gb|WP_003122697.1) (tssK) type VI secretion system baseplate subunit TssK [HSI-3 (VF0944) - Effector delivery system (VFC0086)] [Pseudomonas aeruginosa LESB58]
AFNF01001209.1	1	1087	1282	VFG041035(gb|NP_251053)	1087	1	1332	99.632	1087	4	0	0.0	1986	VFG041035(gb|NP_251053) (tssK) type VI secretion system baseplate subunit TssK [HSI-3 (VF0944) - Effector delivery system (VFC0086)] [Pseudomonas aeruginosa PAO1]
AFNF01001209.1	1	1087	1282	VFG051617(gb|WP_041025349.1)	1087	1	1332	98.712	1087	14	0	0.0	1930	VFG051617(gb|WP_041025349.1) (tssK) type VI secretion system baseplate subunit TssK [HSI-3 (VF0944) - Effector delivery system (VFC0086)] [Pseudomonas aeruginosa PA7]
AFNF01001209.1	1	1087	1282	VFG051619(gb|WP_003139318.1)	1087	1	1332	98.068	1087	21	0	0.0	1892	VFG051619(gb|WP_003139318.1) (tssK) type VI secretion system baseplate subunit TssK [HSI-3 (VF0944) - Effector delivery system (VFC0086)] [Pseudomonas aeruginosa UCBPP-PA14]
AFNF01001209.1	1147	1282	1282	VFG041036(gb|NP_251054)	477	342	477	100.000	136	0	0	6.79e-66	252	VFG041036(gb|NP_251054) (PA2364) hypothetical protein [HSI-3 (VF0944) - Effector delivery system (VFC0086)] [Pseudomonas aeruginosa PAO1]
AFNF01001212.1	1	1273	1273	VFG000165(gb|NP_252915)	1996	724	5430	99.764	1273	3	0	0.0	2335	VFG000165(gb|NP_252915) (pchF) pyochelin synthetase PchF [Pyochelin (VF0095) - Nutritional/Metabolic factor (VFC0272)] [Pseudomonas aeruginosa PAO1]
AFNF01001212.1	1	1273	1273	VFG020089(gb|WP_012613543)	1996	724	5430	99.607	1273	5	0	0.0	2324	VFG020089(gb|WP_012613543) (pchF) pyochelin synthetase PchF [Pyochelin (VF0095) - Nutritional/Metabolic factor (VFC0272)] [Pseudomonas aeruginosa LESB58]
AFNF01001212.1	1	1273	1273	VFG016118(gb|WP_011666540)	1996	724	5430	98.273	1274	20	2	0.0	2230	VFG016118(gb|WP_011666540) (pchF) pyochelin synthetase PchF [Pyochelin (VF0095) - Nutritional/Metabolic factor (VFC0272)] [Pseudomonas aeruginosa UCBPP-PA14]
AFNF01001212.1	1	1273	1273	VFG016117(gb|WP_012074237)	1996	724	5430	97.093	1273	37	0	0.0	2146	VFG016117(gb|WP_012074237) (pchF) pyochelin synthetase PchF [Pyochelin (VF0095) - Nutritional/Metabolic factor (VFC0272)] [Pseudomonas aeruginosa PA7]
AFNF01001212.1	1	72	1273	VFG020071(gb|WP_012723748)	5167	5094	11850	85.333	75	7	3	1.57e-12	75.0	VFG020071(gb|WP_012723748) (pvdJ) pyoverdine biosynthesis protein PvdJ [Pyoverdine (VF0094) - Nutritional/Metabolic factor (VFC0272)] [Pseudomonas fluorescens SBW25]
AFNF01001212.1	2	39	1273	VFG020077(gb|WP_015885148)	3813	3776	12891	100.000	38	0	0	2.03e-11	71.3	VFG020077(gb|WP_015885148) (pvdL) peptide synthase PvdL [Pyoverdine (VF0094) - Nutritional/Metabolic factor (VFC0272)] [Pseudomonas fluorescens SBW25]
AFNF01001212.1	3	39	1273	VFG020074(gb|WP_012614121)	11624	11588	13029	100.000	37	0	0	7.28e-11	69.4	VFG020074(gb|WP_012614121) (pvdL) peptide synthase PvdL [Pyoverdine (VF0094) - Nutritional/Metabolic factor (VFC0272)] [Pseudomonas aeruginosa LESB58]
AFNF01001212.1	3	39	1273	VFG016060(gb|WP_003139218)	11624	11588	13029	100.000	37	0	0	7.28e-11	69.4	VFG016060(gb|WP_003139218) (pvdL) peptide synthase PvdL [Pyoverdine (VF0094) - Nutritional/Metabolic factor (VFC0272)] [Pseudomonas aeruginosa UCBPP-PA14]
AFNF01001212.1	3	39	1273	VFG016059(gb|WP_012075639)	11624	11588	13029	100.000	37	0	0	7.28e-11	69.4	VFG016059(gb|WP_012075639) (pvdL) peptide synthase PvdL [Pyoverdine (VF0094) - Nutritional/Metabolic factor (VFC0272)] [Pseudomonas aeruginosa PA7]
AFNF01001212.1	3	39	1273	VFG016058(gb|NP_251114)	11624	11588	13029	100.000	37	0	0	7.28e-11	69.4	VFG016058(gb|NP_251114) (pvdL) peptide synthase PvdL [Pyoverdine (VF0094) - Nutritional/Metabolic factor (VFC0272)] [Pseudomonas aeruginosa PAO1]
AFNF01001224.1	1	1248	1248	VFG019771(gb|WP_012613502)	4697	5944	7419	99.760	1248	3	0	0.0	2289	VFG019771(gb|WP_012613502) (chpA) still frameshift probable component of chemotactic signal transduction system [Type IV pili (VF0082) - Adherence (VFC0001)] [Pseudomonas aeruginosa LESB58]
AFNF01001224.1	1	1248	1248	VFG001231(gb|NP_249104)	4697	5944	7419	99.679	1248	4	0	0.0	2283	VFG001231(gb|NP_249104) (chpA) still frameshift probable component of chemotactic signal transduction system [Type IV pili (VF0082) - Adherence (VFC0001)] [Pseudomonas aeruginosa PAO1]
AFNF01001224.1	1	1248	1248	VFG014062(gb|WP_004365046)	4709	5956	7431	99.279	1248	9	0	0.0	2255	VFG014062(gb|WP_004365046) (chpA) still frameshift probable component of chemotactic signal transduction system [Type IV pili (VF0082) - Adherence (VFC0001)] [Pseudomonas aeruginosa UCBPP-PA14]
AFNF01001224.1	1	1248	1248	VFG014061(gb|WP_012074001)	4655	5902	7377	96.314	1248	46	0	0.0	2050	VFG014061(gb|WP_012074001) (chpA) still frameshift probable component of chemotactic signal transduction system [Type IV pili (VF0082) - Adherence (VFC0001)] [Pseudomonas aeruginosa PA7]
AFNF01001224.1	795	1248	1248	VFG014071(gb|WP_041772785)	5341	5794	7257	84.902	457	63	5	1.30e-127	457	VFG014071(gb|WP_041772785) (chpA) still frameshift probable component of chemotactic signal transduction system [Type IV pili (VF0082) - Adherence (VFC0001)] [Pseudomonas mendocina ymp]
AFNF01001224.1	1	80	1248	VFG014063(gb|WP_011105280)	3374	3453	5964	82.500	80	14	0	1.98e-11	71.3	VFG014063(gb|WP_011105280) (chpA) still frameshift probable component of chemotactic signal transduction system [Type IV pili (VF0082) - Adherence (VFC0001)] [Pseudomonas syringae pv. tomato str. DC3000]
AFNF01001224.1	422	465	1248	VFG014069(gb|WP_011063997)	3735	3778	5910	93.333	45	1	2	9.23e-10	65.8	VFG014069(gb|WP_011063997) (chpA) still frameshift probable component of chemotactic signal transduction system [Type IV pili (VF0082) - Adherence (VFC0001)] [Pseudomonas fluorescens Pf-5]
AFNF01001228.1	480	1029	1235	VFG014115(gb|YP_008719764)	543	1	543	86.545	550	67	5	2.03e-170	599	VFG014115(gb|YP_008719764) (PA3143) hypothetical protein [LPS (VF0085) - Immune modulation (VFC0258)] [Pseudomonas aeruginosa PAO1]
AFNF01001228.1	234	544	1235	VFG014116(gb|NP_251832)	300	1	306	88.103	311	26	2	3.74e-98	359	VFG014116(gb|NP_251832) (PA3142) hypothetical protein [LPS (VF0085) - Immune modulation (VFC0258)] [Pseudomonas aeruginosa PAO1]
AFNF01001234.1	1	580	1226	VFG041011(gb|NP_248785)	1647	2226	2226	99.828	580	1	0	0.0	1066	VFG041011(gb|NP_248785) (vgrG1b) type VI secretion system substrate VgrG1b [HSI-1 (VF0334) - Effector delivery system (VFC0086)] [Pseudomonas aeruginosa PAO1]
AFNF01001234.1	4	203	1226	VFG041011(gb|NP_248785)	1746	1945	2226	84.500	200	31	0	8.57e-50	198	VFG041011(gb|NP_248785) (vgrG1b) type VI secretion system substrate VgrG1b [HSI-1 (VF0334) - Effector delivery system (VFC0086)] [Pseudomonas aeruginosa PAO1]
AFNF01001234.1	2	580	1226	VFG051804(gb|WP_011979145.1)	1648	2226	2226	96.200	579	22	0	0.0	948	VFG051804(gb|WP_011979145.1) (vgrG1a) type VI secretion system substrate VgrG1 [HSI-1 (VF0334) - Effector delivery system (VFC0086)] [Pseudomonas aeruginosa PA7]
AFNF01001234.1	4	157	1226	VFG051804(gb|WP_011979145.1)	1746	1899	2226	88.961	154	17	0	1.43e-47	191	VFG051804(gb|WP_011979145.1) (vgrG1a) type VI secretion system substrate VgrG1 [HSI-1 (VF0334) - Effector delivery system (VFC0086)] [Pseudomonas aeruginosa PA7]
AFNF01001234.1	2	578	1226	VFG051809(gb|WP_003244989.1)	1648	2224	2226	82.069	580	98	6	1.26e-137	490	VFG051809(gb|WP_003244989.1) (vgrG1a) type VI secretion system substrate VgrG1 [HSI-1 (VF0334) - Effector delivery system (VFC0086)] [Pseudomonas mendocina ymp]
AFNF01001234.1	2	250	1226	VFG051809(gb|WP_003244989.1)	1696	1944	2226	87.649	251	27	4	4.94e-77	289	VFG051809(gb|WP_003244989.1) (vgrG1a) type VI secretion system substrate VgrG1 [HSI-1 (VF0334) - Effector delivery system (VFC0086)] [Pseudomonas mendocina ymp]
AFNF01001234.1	13	330	1226	VFG051809(gb|WP_003244989.1)	1611	1928	2226	80.878	319	59	2	2.33e-65	250	VFG051809(gb|WP_003244989.1) (vgrG1a) type VI secretion system substrate VgrG1 [HSI-1 (VF0334) - Effector delivery system (VFC0086)] [Pseudomonas mendocina ymp]
AFNF01001240.1	362	838	1218	VFG019950(gb|WP_003109497)	477	1	477	99.371	477	3	0	0.0	865	VFG019950(gb|WP_003109497) (pscO) type III secretion system protein PscO [TTSS (VF0083) - Effector delivery system (VFC0086)] [Pseudomonas aeruginosa LESB58]
AFNF01001240.1	362	838	1218	VFG015106(gb|WP_003140046)	477	1	477	99.371	477	3	0	0.0	865	VFG015106(gb|WP_003140046) (pscO) type III secretion system protein PscO [TTSS (VF0083) - Effector delivery system (VFC0086)] [Pseudomonas aeruginosa UCBPP-PA14]
AFNF01001240.1	362	838	1218	VFG000191(gb|NP_250387)	477	1	477	99.161	477	4	0	0.0	859	VFG000191(gb|NP_250387) (pscO) type III secretion system protein PscO [TTSS (VF0083) - Effector delivery system (VFC0086)] [Pseudomonas aeruginosa PAO1]
AFNF01001240.1	835	1218	1218	VFG019951(gb|WP_012614296)	1323	940	1323	99.740	384	1	0	0.0	704	VFG019951(gb|WP_012614296) (pscN) type III secretion system ATPase PscN [TTSS (VF0083) - Effector delivery system (VFC0086)] [Pseudomonas aeruginosa LESB58]
AFNF01001240.1	835	1218	1218	VFG015108(gb|WP_003100796)	1323	940	1323	99.740	384	1	0	0.0	704	VFG015108(gb|WP_003100796) (pscN) type III secretion system ATPase PscN [TTSS (VF0083) - Effector delivery system (VFC0086)] [Pseudomonas aeruginosa UCBPP-PA14]
AFNF01001240.1	835	1218	1218	VFG000192(gb|NP_250388)	1323	940	1323	99.219	384	3	0	0.0	693	VFG000192(gb|NP_250388) (pscN) type III secretion system ATPase PscN [TTSS (VF0083) - Effector delivery system (VFC0086)] [Pseudomonas aeruginosa PAO1]
AFNF01001240.1	16	374	1218	VFG015104(gb|WP_011666708)	359	1	1119	99.443	359	2	0	0.0	652	VFG015104(gb|WP_011666708) (pscP) type III secretion system protein PscP [TTSS (VF0083) - Effector delivery system (VFC0086)] [Pseudomonas aeruginosa UCBPP-PA14]
AFNF01001240.1	16	374	1218	VFG000190(gb|NP_250386)	350	1	1110	95.822	359	6	6	4.35e-162	571	VFG000190(gb|NP_250386) (pscP) type III secretion system protein PscP [TTSS (VF0083) - Effector delivery system (VFC0086)] [Pseudomonas aeruginosa PAO1]
AFNF01001255.1	931	1183	1183	VFG019758(gb|WP_012613878)	1	253	2760	100.000	253	0	0	5.70e-131	468	VFG019758(gb|WP_012613878) (fimV) a polar peptidoglycan-binding protein involved in type IV pilus assembly [Type IV pili (VF0082) - Adherence (VFC0001)] [Pseudomonas aeruginosa LESB58]
AFNF01001255.1	931	1183	1183	VFG013973(gb|WP_003138501)	1	253	2775	100.000	253	0	0	5.70e-131	468	VFG013973(gb|WP_003138501) (fimV) a polar peptidoglycan-binding protein involved in type IV pilus assembly [Type IV pili (VF0082) - Adherence (VFC0001)] [Pseudomonas aeruginosa UCBPP-PA14]
AFNF01001255.1	931	1183	1183	VFG001230(gb|NP_251805)	1	253	2760	100.000	253	0	0	5.70e-131	468	VFG001230(gb|NP_251805) (fimV) a polar peptidoglycan-binding protein involved in type IV pilus assembly [Type IV pili (VF0082) - Adherence (VFC0001)] [Pseudomonas aeruginosa PAO1]
AFNF01001255.1	931	1181	1183	VFG013972(gb|WP_034028141)	1	251	2745	94.422	251	14	0	1.64e-106	387	VFG013972(gb|WP_034028141) (fimV) a polar peptidoglycan-binding protein involved in type IV pilus assembly [Type IV pili (VF0082) - Adherence (VFC0001)] [Pseudomonas aeruginosa PA7]
AFNF01001257.1	177	1177	1177	VFG019968(gb|WP_012614295)	1	1001	1803	99.800	1001	2	0	0.0	1838	VFG019968(gb|WP_012614295) (pscC) type III secretion system secretin PscC [TTSS (VF0083) - Effector delivery system (VFC0086)] [Pseudomonas aeruginosa LESB58]
AFNF01001257.1	177	1177	1177	VFG015146(gb|WP_003140040)	1	1001	1803	99.600	1001	4	0	0.0	1827	VFG015146(gb|WP_003140040) (pscC) type III secretion system secretin PscC [TTSS (VF0083) - Effector delivery system (VFC0086)] [Pseudomonas aeruginosa UCBPP-PA14]
AFNF01001257.1	177	1177	1177	VFG000211(gb|NP_250407)	1	1001	1803	99.301	1001	7	0	0.0	1810	VFG000211(gb|NP_250407) (pscC) type III secretion system secretin PscC [TTSS (VF0083) - Effector delivery system (VFC0086)] [Pseudomonas aeruginosa PAO1]
AFNF01001257.1	1	177	1177	VFG015144(gb|WP_003109510)	247	423	423	99.435	177	1	0	4.67e-87	322	VFG015144(gb|WP_003109510) (pscB) type III secretion system protein PscB [TTSS (VF0083) - Effector delivery system (VFC0086)] [Pseudomonas aeruginosa UCBPP-PA14]
AFNF01001257.1	1	177	1177	VFG000210(gb|NP_250406)	247	423	423	98.870	177	2	0	2.17e-85	316	VFG000210(gb|NP_250406) (pscB) type III secretion system protein PscB [TTSS (VF0083) - Effector delivery system (VFC0086)] [Pseudomonas aeruginosa PAO1]
AFNF01001257.1	1	177	1177	VFG019967(gb|WP_003120332)	247	423	423	98.305	177	3	0	1.01e-83	311	VFG019967(gb|WP_003120332) (pscB) type III secretion system protein PscB [TTSS (VF0083) - Effector delivery system (VFC0086)] [Pseudomonas aeruginosa LESB58]
AFNF01001269.1	426	1148	1148	VFG020092(gb|WP_003118945)	1644	922	1644	100.000	723	0	0	0.0	1336	VFG020092(gb|WP_003118945) (pchD) pyochelin biosynthesis protein PchD [Pyochelin (VF0095) - Nutritional/Metabolic factor (VFC0272)] [Pseudomonas aeruginosa LESB58]
AFNF01001269.1	426	1148	1148	VFG000168(gb|NP_252918)	1644	922	1644	99.723	723	2	0	0.0	1325	VFG000168(gb|NP_252918) (pchD) pyochelin biosynthesis protein PchD [Pyochelin (VF0095) - Nutritional/Metabolic factor (VFC0272)] [Pseudomonas aeruginosa PAO1]
AFNF01001269.1	426	1148	1148	VFG016130(gb|WP_003137468)	1644	922	1644	98.617	723	10	0	0.0	1280	VFG016130(gb|WP_003137468) (pchD) pyochelin biosynthesis protein PchD [Pyochelin (VF0095) - Nutritional/Metabolic factor (VFC0272)] [Pseudomonas aeruginosa UCBPP-PA14]
AFNF01001269.1	426	1148	1148	VFG016129(gb|WP_003157555)	1644	922	1644	94.882	723	37	0	0.0	1131	VFG016129(gb|WP_003157555) (pchD) pyochelin biosynthesis protein PchD [Pyochelin (VF0095) - Nutritional/Metabolic factor (VFC0272)] [Pseudomonas aeruginosa PA7]
AFNF01001269.1	1	429	1148	VFG000169(gb|NP_252919)	429	1	756	99.767	429	1	0	0.0	787	VFG000169(gb|NP_252919) (pchC) pyochelin biosynthetic protein PchC [Pyochelin (VF0095) - Nutritional/Metabolic factor (VFC0272)] [Pseudomonas aeruginosa PAO1]
AFNF01001269.1	1	429	1148	VFG020093(gb|WP_003106952)	429	1	756	99.301	429	3	0	0.0	776	VFG020093(gb|WP_003106952) (pchC) pyochelin biosynthetic protein PchC [Pyochelin (VF0095) - Nutritional/Metabolic factor (VFC0272)] [Pseudomonas aeruginosa LESB58]
AFNF01001269.1	1	429	1148	VFG016135(gb|WP_003137465)	429	1	756	98.368	429	7	0	0.0	754	VFG016135(gb|WP_003137465) (pchC) pyochelin biosynthetic protein PchC [Pyochelin (VF0095) - Nutritional/Metabolic factor (VFC0272)] [Pseudomonas aeruginosa UCBPP-PA14]
AFNF01001269.1	1	429	1148	VFG016134(gb|WP_003157554)	429	1	756	90.909	429	39	0	8.81e-164	577	VFG016134(gb|WP_003157554) (pchC) pyochelin biosynthetic protein PchC [Pyochelin (VF0095) - Nutritional/Metabolic factor (VFC0272)] [Pseudomonas aeruginosa PA7]
AFNF01001289.1	789	1111	1111	VFG042735(gb|NP_250513)	1	323	1689	100.000	323	0	0	6.55e-170	597	VFG042735(gb|NP_250513) (fimL) hypothetical protein [Type IV pili (VF0082) - Adherence (VFC0001)] [Pseudomonas aeruginosa PAO1]
AFNF01001293.1	1	1100	1100	VFG042701(gb|NP_252773)	797	1896	2535	99.273	1100	8	0	0.0	1988	VFG042701(gb|NP_252773) (cupB3) usher CupB3 [CupB fimbriae (VF0925) - Biofilm (VFC0271)] [Pseudomonas aeruginosa PAO1]
AFNF01001303.1	231	1078	1078	VFG019785(gb|WP_012613869)	1	848	1884	99.528	848	4	0	0.0	1544	VFG019785(gb|WP_012613869) (asnB) asparagine synthase (glutamine-hydrolyzing) [LPS (VF0085) - Immune modulation (VFC0258)] [Pseudomonas aeruginosa LESB58]
AFNF01001303.1	1	226	1078	VFG019784(gb|WP_172668778)	747	972	972	100.000	226	0	0	5.31e-116	418	VFG019784(gb|WP_172668778) (PLES_RS09910) glycosyltransferase family 4 protein [LPS (VF0085) - Immune modulation (VFC0258)] [Pseudomonas aeruginosa LESB58]
AFNF01001312.1	1	1048	1048	VFG019987(gb|WP_004351957)	1057	2104	3099	99.619	1049	2	2	0.0	1914	VFG019987(gb|WP_004351957) (ppkA) serine/threonine protein kinase PpkA [HSI-1 (VF0334) - Effector delivery system (VFC0086)] [Pseudomonas aeruginosa LESB58]
AFNF01001312.1	1	1048	1048	VFG002060(gb|NP_248764)	1057	2104	3099	99.333	1049	5	2	0.0	1897	VFG002060(gb|NP_248764) (ppkA) serine/threonine protein kinase PpkA [HSI-1 (VF0334) - Effector delivery system (VFC0086)] [Pseudomonas aeruginosa PAO1]
AFNF01001312.1	1	1048	1048	VFG015387(gb|WP_003136961)	1057	2104	3099	97.998	1049	19	2	0.0	1820	VFG015387(gb|WP_003136961) (ppkA) serine/threonine protein kinase PpkA [HSI-1 (VF0334) - Effector delivery system (VFC0086)] [Pseudomonas aeruginosa UCBPP-PA14]
AFNF01001312.1	1	1048	1048	VFG015386(gb|WP_011979125)	1057	2104	3099	97.807	1049	21	2	0.0	1808	VFG015386(gb|WP_011979125) (ppkA) serine/threonine protein kinase PpkA [HSI-1 (VF0334) - Effector delivery system (VFC0086)] [Pseudomonas aeruginosa PA7]
AFNF01001315.1	1	1043	1043	VFG020065(gb|WP_012614134)	339	1381	1653	100.000	1043	0	0	0.0	1927	VFG020065(gb|WP_012614134) (pvdE) pyoverdine biosynthesis protein PvdE [Pyoverdine (VF0094) - Nutritional/Metabolic factor (VFC0272)] [Pseudomonas aeruginosa LESB58]
AFNF01001328.1	464	1016	1016	VFG020049(gb|WP_003113685)	1395	843	1395	100.000	553	0	0	0.0	1022	VFG020049(gb|WP_003113685) (hcnB) cyanide-forming glycine dehydrogenase subunit HcnB [Hydrogen cyanide production (VF0920) - Antimicrobial activity/Competitive advantage (VFC0325)] [Pseudomonas aeruginosa LESB58]
AFNF01001328.1	464	1016	1016	VFG015920(gb|NP_250884)	1395	843	1395	99.819	553	1	0	0.0	1016	VFG015920(gb|NP_250884) (hcnB) hydrogen cyanide synthase subunit HcnB [Hydrogen cyanide production (VF0920) - Antimicrobial activity/Competitive advantage (VFC0325)] [Pseudomonas aeruginosa PAO1]
AFNF01001328.1	464	1016	1016	VFG015922(gb|WP_009315733)	1395	843	1395	99.277	553	4	0	0.0	1000	VFG015922(gb|WP_009315733) (hcnB) cyanide-forming glycine dehydrogenase subunit HcnB [Hydrogen cyanide production (VF0920) - Antimicrobial activity/Competitive advantage (VFC0325)] [Pseudomonas aeruginosa UCBPP-PA14]
AFNF01001328.1	1	461	1016	VFG015926(gb|NP_250885)	461	1	1254	99.783	461	1	0	0.0	846	VFG015926(gb|NP_250885) (hcnC) hydrogen cyanide synthase subunit HcnC [Hydrogen cyanide production (VF0920) - Antimicrobial activity/Competitive advantage (VFC0325)] [Pseudomonas aeruginosa PAO1]
AFNF01001328.1	1	461	1016	VFG015928(gb|WP_011666673)	461	1	1254	99.349	461	3	0	0.0	835	VFG015928(gb|WP_011666673) (hcnC) cyanide-forming glycine dehydrogenase subunit HcnC [Hydrogen cyanide production (VF0920) - Antimicrobial activity/Competitive advantage (VFC0325)] [Pseudomonas aeruginosa UCBPP-PA14]
AFNF01001328.1	464	1016	1016	VFG015921(gb|WP_012075861)	1395	843	1395	91.863	553	45	0	0.0	773	VFG015921(gb|WP_012075861) (hcnB) cyanide-forming glycine dehydrogenase subunit HcnB [Hydrogen cyanide production (VF0920) - Antimicrobial activity/Competitive advantage (VFC0325)] [Pseudomonas aeruginosa PA7]
AFNF01001328.1	1	461	1016	VFG015927(gb|WP_012075860)	461	1	1254	93.275	461	31	0	0.0	680	VFG015927(gb|WP_012075860) (hcnC) cyanide-forming glycine dehydrogenase subunit HcnC [Hydrogen cyanide production (VF0920) - Antimicrobial activity/Competitive advantage (VFC0325)] [Pseudomonas aeruginosa PA7]
AFNF01001328.1	4	461	1016	VFG015929(gb|WP_011536481)	458	1	1251	83.696	460	71	4	6.41e-120	431	VFG015929(gb|WP_011536481) (hcnC) cyanide-forming glycine dehydrogenase subunit HcnC [Hydrogen cyanide production (VF0920) - Antimicrobial activity/Competitive advantage (VFC0325)] [Pseudomonas entomophila L48]
AFNF01001328.1	25	450	1016	VFG015931(gb|WP_011334877)	437	12	1260	81.030	427	79	2	4.00e-92	339	VFG015931(gb|WP_011334877) (hcnC) cyanide-forming glycine dehydrogenase subunit HcnC [Hydrogen cyanide production (VF0920) - Antimicrobial activity/Competitive advantage (VFC0325)] [Pseudomonas fluorescens Pf0-1]
AFNF01001329.1	816	903	1015	VFG009864(gb|WP_041787729)	267	354	690	80.220	91	12	6	2.69e-09	63.9	VFG009864(gb|WP_041787729) (mprA) response regulator transcription factor [MprAB (VF0298) - Regulation (VFC0301)] [Mycobacterium gilvum PYR-GCK]
AFNF01001329.1	828	857	1015	VFG022941(gb|WP_013827874)	285	314	693	100.000	30	0	0	4.51e-07	56.5	VFG022941(gb|WP_013827874) (mprA) response regulator transcription factor [MprAB (VF0298) - Regulation (VFC0301)] [Mycobacterium sp. JDM601]
AFNF01001331.1	1	1014	1014	VFG014266(gb|WP_012076723)	1632	619	2049	90.533	1014	96	0	0.0	1341	VFG014266(gb|WP_012076723) (flgK) flagellar hook-associated protein 1 FlgK [Flagella (VF0273) - Motility (VFC0204)] [Pseudomonas aeruginosa PA7]
AFNF01001331.1	1	1014	1014	VFG014267(gb|WP_003140599)	1632	619	2052	87.119	1017	125	6	0.0	1147	VFG014267(gb|WP_003140599) (flgK) flagellar hook-associated protein 1 FlgK [Flagella (VF0273) - Motility (VFC0204)] [Pseudomonas aeruginosa UCBPP-PA14]
AFNF01001331.1	1	1014	1014	VFG001244(gb|NP_249777)	1632	619	2052	87.033	1018	124	7	0.0	1142	VFG001244(gb|NP_249777) (flgK) flagellar hook-associated protein 1 FlgK [Flagella (VF0273) - Motility (VFC0204)] [Pseudomonas aeruginosa PAO1]
AFNF01001331.1	1	1014	1014	VFG019809(gb|WP_003112507)	1632	619	2052	86.922	1017	127	6	0.0	1136	VFG019809(gb|WP_003112507) (flgK) flagellar hook-associated protein 1 FlgK [Flagella (VF0273) - Motility (VFC0204)] [Pseudomonas aeruginosa LESB58]
AFNF01001333.1	408	1008	1008	VFG019781(gb|WP_012613866)	1	601	1269	100.000	601	0	0	0.0	1110	VFG019781(gb|WP_012613866) (tviB) Vi polysaccharide biosynthesis UDP-N-acetylglucosamine C-6 dehydrogenase TviB [LPS (VF0085) - Immune modulation (VFC0258)] [Pseudomonas aeruginosa LESB58]
AFNF01001333.1	1	298	1008	VFG019780(gb|WP_014602695)	768	1065	1065	100.000	298	0	0	4.68e-156	551	VFG019780(gb|WP_014602695) (PLES_RS09885) LPS O-antigen chain length determinant protein WzzB [LPS (VF0085) - Immune modulation (VFC0258)] [Pseudomonas aeruginosa LESB58]
AFNF01001334.1	1	1009	1009	VFG020317(gb|WP_012614130)	5864	4856	11043	100.000	1009	0	0	0.0	1864	VFG020317(gb|WP_012614130) (pvdI) peptide synthase [Pyoverdine (VF0094) - Nutritional/Metabolic factor (VFC0272)] [Pseudomonas aeruginosa LESB58]
AFNF01001334.1	750	866	1009	VFG016062(gb|WP_165446461)	10236	10120	13014	81.818	121	14	6	9.49e-19	95.3	VFG016062(gb|WP_165446461) (pvdL) peptide synthase PvdL [Pyoverdine (VF0094) - Nutritional/Metabolic factor (VFC0272)] [Pseudomonas syringae pv. syringae B728a]
AFNF01001334.1	750	827	1009	VFG015826(gb|WP_012273396)	10179	10102	12954	87.179	78	10	0	4.42e-17	89.8	VFG015826(gb|WP_012273396) (pvdL) peptide synthase PvdL [Pyoverdine (VF0094) - Nutritional/Metabolic factor (VFC0272)] [Pseudomonas putida GB-1]
AFNF01001337.1	1	732	1006	VFG043014(gb|NP_250149)	732	1	2262	99.863	732	1	0	0.0	1347	VFG043014(gb|NP_250149) (PA1458) two-component sensor [Flagella (VF0273) - Motility (VFC0204)] [Pseudomonas aeruginosa PAO1]
AFNF01001337.1	933	1006	1006	VFG043013(gb|NP_250148)	789	716	789	100.000	74	0	0	1.55e-31	137	VFG043013(gb|NP_250148) (cheZ) protein phosphatase CheZ [Flagella (VF0273) - Motility (VFC0204)] [Pseudomonas aeruginosa PAO1]
AFNF01001352.1	1	726	977	VFG051611(gb|WP_003104706.1)	726	1	759	99.725	726	2	0	0.0	1330	VFG051611(gb|WP_003104706.1) (icmH/tssL) DotU/TssL family secretion system protein [HSI-3 (VF0944) - Effector delivery system (VFC0086)] [Pseudomonas aeruginosa LESB58]
AFNF01001352.1	1	726	977	VFG041034(gb|NP_251052)	726	1	759	99.725	726	2	0	0.0	1330	VFG041034(gb|NP_251052) (icmH/tssL) DotU/TssL family secretion system protein [HSI-3 (VF0944) - Effector delivery system (VFC0086)] [Pseudomonas aeruginosa PAO1]
AFNF01001352.1	1	726	977	VFG051612(gb|WP_012075691.1)	726	1	759	98.485	726	11	0	0.0	1280	VFG051612(gb|WP_012075691.1) (icmH/tssL) DotU/TssL family secretion system protein [HSI-3 (VF0944) - Effector delivery system (VFC0086)] [Pseudomonas aeruginosa PA7]
AFNF01001352.1	1	726	977	VFG051614(gb|WP_003131567.1)	726	1	759	98.209	726	13	0	0.0	1269	VFG051614(gb|WP_003131567.1) (icmH/tssL) DotU/TssL family secretion system protein [HSI-3 (VF0944) - Effector delivery system (VFC0086)] [Pseudomonas aeruginosa UCBPP-PA14]
AFNF01001352.1	744	977	977	VFG051616(gb|WP_003122697.1)	1332	1099	1332	99.145	234	2	0	3.71e-117	422	VFG051616(gb|WP_003122697.1) (tssK) type VI secretion system baseplate subunit TssK [HSI-3 (VF0944) - Effector delivery system (VFC0086)] [Pseudomonas aeruginosa LESB58]
AFNF01001352.1	744	977	977	VFG041035(gb|NP_251053)	1332	1099	1332	99.145	234	2	0	3.71e-117	422	VFG041035(gb|NP_251053) (tssK) type VI secretion system baseplate subunit TssK [HSI-3 (VF0944) - Effector delivery system (VFC0086)] [Pseudomonas aeruginosa PAO1]
AFNF01001352.1	744	977	977	VFG051619(gb|WP_003139318.1)	1332	1099	1332	98.291	234	4	0	8.03e-114	411	VFG051619(gb|WP_003139318.1) (tssK) type VI secretion system baseplate subunit TssK [HSI-3 (VF0944) - Effector delivery system (VFC0086)] [Pseudomonas aeruginosa UCBPP-PA14]
AFNF01001352.1	744	977	977	VFG051617(gb|WP_041025349.1)	1332	1099	1332	98.291	234	4	0	8.03e-114	411	VFG051617(gb|WP_041025349.1) (tssK) type VI secretion system baseplate subunit TssK [HSI-3 (VF0944) - Effector delivery system (VFC0086)] [Pseudomonas aeruginosa PA7]
AFNF01001353.1	1	790	975	VFG020055(gb|WP_024082546)	790	1	1638	99.873	790	1	0	0.0	1454	VFG020055(gb|WP_024082546) (pvdP) tyrosinase required for pyoverdine maturation  [Pyoverdine (VF0094) - Nutritional/Metabolic factor (VFC0272)] [Pseudomonas aeruginosa LESB58]
AFNF01001356.1	470	968	968	VFG014279(gb|WP_012076722)	1	499	1302	92.786	499	36	0	0.0	723	VFG014279(gb|WP_012076722) (flgL) flagellar hook-associated protein 3 FlgL [Flagella (VF0273) - Motility (VFC0204)] [Pseudomonas aeruginosa PA7]
AFNF01001356.1	3	431	968	VFG014266(gb|WP_012076723)	1621	2049	2049	93.939	429	26	0	0.0	649	VFG014266(gb|WP_012076723) (flgK) flagellar hook-associated protein 1 FlgK [Flagella (VF0273) - Motility (VFC0204)] [Pseudomonas aeruginosa PA7]
AFNF01001356.1	53	431	968	VFG019809(gb|WP_003112507)	1674	2052	2052	85.789	380	52	2	4.79e-111	401	VFG019809(gb|WP_003112507) (flgK) flagellar hook-associated protein 1 FlgK [Flagella (VF0273) - Motility (VFC0204)] [Pseudomonas aeruginosa LESB58]
AFNF01001356.1	53	431	968	VFG001244(gb|NP_249777)	1674	2052	2052	85.789	380	52	2	4.79e-111	401	VFG001244(gb|NP_249777) (flgK) flagellar hook-associated protein 1 FlgK [Flagella (VF0273) - Motility (VFC0204)] [Pseudomonas aeruginosa PAO1]
AFNF01001356.1	53	431	968	VFG014267(gb|WP_003140599)	1674	2052	2052	85.564	381	51	4	2.23e-109	396	VFG014267(gb|WP_003140599) (flgK) flagellar hook-associated protein 1 FlgK [Flagella (VF0273) - Motility (VFC0204)] [Pseudomonas aeruginosa UCBPP-PA14]
AFNF01001357.1	1	632	964	VFG019962(gb|WP_003113550)	257	888	888	99.684	632	2	0	0.0	1157	VFG019962(gb|WP_003113550) (popD) type III secretion system hydrophobic translocator, pore protein PopD [TTSS (VF0083) - Effector delivery system (VFC0086)] [Pseudomonas aeruginosa LESB58]
AFNF01001357.1	1	632	964	VFG000204(gb|NP_250400)	257	888	888	99.684	632	2	0	0.0	1157	VFG000204(gb|NP_250400) (popD) type III secretion system hydrophobic translocator, pore protein PopD [TTSS (VF0083) - Effector delivery system (VFC0086)] [Pseudomonas aeruginosa PAO1]
AFNF01001357.1	3	632	964	VFG015132(gb|WP_003109504)	259	888	888	97.778	630	14	0	0.0	1086	VFG015132(gb|WP_003109504) (popD) type III secretion system hydrophobic translocator, pore protein PopD [TTSS (VF0083) - Effector delivery system (VFC0086)] [Pseudomonas aeruginosa UCBPP-PA14]
AFNF01001357.1	758	964	964	VFG019963(gb|WP_003100769)	1	207	438	100.000	207	0	0	1.73e-105	383	VFG019963(gb|WP_003100769) (exsC) type III secretion system regulatory protein ExsC [TTSS (VF0083) - Effector delivery system (VFC0086)] [Pseudomonas aeruginosa LESB58]
AFNF01001357.1	758	964	964	VFG000205(gb|NP_250401)	1	207	438	100.000	207	0	0	1.73e-105	383	VFG000205(gb|NP_250401) (exsC) type III secretion system regulatory protein ExsC [TTSS (VF0083) - Effector delivery system (VFC0086)] [Pseudomonas aeruginosa PAO1]
AFNF01001357.1	758	964	964	VFG015134(gb|WP_003109505)	1	207	438	99.034	207	2	0	3.74e-102	372	VFG015134(gb|WP_003109505) (exsC) type III secretion system regulatory protein ExsC [TTSS (VF0083) - Effector delivery system (VFC0086)] [Pseudomonas aeruginosa UCBPP-PA14]
AFNF01001368.1	702	749	933	VFG019823(gb|WP_003086448)	765	718	1473	89.583	48	5	0	8.88e-09	62.1	VFG019823(gb|WP_003086448) (fleQ) transcriptional regulator FleQ [Flagella (VF0273) - Motility (VFC0204)] [Pseudomonas aeruginosa LESB58]
AFNF01001368.1	702	749	933	VFG014358(gb|WP_003086448)	765	718	1473	89.583	48	5	0	8.88e-09	62.1	VFG014358(gb|WP_003086448) (fleQ) transcriptional regulator FleQ [Flagella (VF0273) - Motility (VFC0204)] [Pseudomonas aeruginosa UCBPP-PA14]
AFNF01001368.1	702	749	933	VFG001248(gb|NP_249788)	765	718	1473	89.583	48	5	0	8.88e-09	62.1	VFG001248(gb|NP_249788) (fleQ) transcriptional regulator FleQ [Flagella (VF0273) - Motility (VFC0204)] [Pseudomonas aeruginosa PAO1]
AFNF01001368.1	702	749	933	VFG014357(gb|WP_003152329)	765	718	1473	87.500	48	6	0	4.13e-07	56.5	VFG014357(gb|WP_003152329) (fleQ) transcriptional regulator FleQ [Flagella (VF0273) - Motility (VFC0204)] [Pseudomonas aeruginosa PA7]
AFNF01001381.1	1	889	889	VFG019978(gb|WP_003113791)	1023	135	1362	99.775	889	2	0	0.0	1631	VFG019978(gb|WP_003113791) (exoS) type III secretion system effector ExoS, ADP ribosyltransferase activity and GTPase-activating protein activity [TTSS secreted effectors (VF0853) - Effector delivery system (VFC0086)] [Pseudomonas aeruginosa LESB58]
AFNF01001381.1	1	889	889	VFG000147(gb|NP_252530)	1023	135	1362	99.325	889	6	0	0.0	1609	VFG000147(gb|NP_252530) (exoS) type III secretion system effector ExoS, ADP ribosyltransferase activity and GTPase-activating protein activity [TTSS secreted effectors (VF0853) - Effector delivery system (VFC0086)] [Pseudomonas aeruginosa PAO1]
AFNF01001388.1	419	497	878	VFG014357(gb|WP_003152329)	708	786	1473	82.278	79	14	0	4.99e-11	69.4	VFG014357(gb|WP_003152329) (fleQ) transcriptional regulator FleQ [Flagella (VF0273) - Motility (VFC0204)] [Pseudomonas aeruginosa PA7]
AFNF01001389.1	305	875	875	VFG000144(gb|NP_249940)	1440	870	1440	99.475	571	3	0	0.0	1038	VFG000144(gb|NP_249940) (aprA) alkaline metalloproteinase precursor [Alkaline protease (VF0090) - Exoenzyme (VFC0251)] [Pseudomonas aeruginosa PAO1]
AFNF01001389.1	305	875	875	VFG020041(gb|WP_003159842)	1440	870	1440	99.299	571	4	0	0.0	1033	VFG020041(gb|WP_003159842) (aprA) alkaline metalloproteinase precursor [Alkaline protease (VF0090) - Exoenzyme (VFC0251)] [Pseudomonas aeruginosa LESB58]
AFNF01001389.1	305	875	875	VFG015561(gb|WP_003086731)	1440	870	1440	99.299	571	4	0	0.0	1033	VFG015561(gb|WP_003086731) (aprA) alkaline metalloproteinase precursor [Alkaline protease (VF0090) - Exoenzyme (VFC0251)] [Pseudomonas aeruginosa UCBPP-PA14]
AFNF01001389.1	305	875	875	VFG015560(gb|WP_012076619)	1440	870	1440	92.995	571	40	0	0.0	833	VFG015560(gb|WP_012076619) (aprA) alkaline metalloproteinase precursor [Alkaline protease (VF0090) - Exoenzyme (VFC0251)] [Pseudomonas aeruginosa PA7]
AFNF01001389.1	591	875	875	VFG020042(gb|WP_012724321)	1160	876	1434	80.139	287	53	4	7.80e-54	211	VFG020042(gb|WP_012724321) (aprA) alkaline metalloproteinase precursor [Alkaline protease (VF0090) - Exoenzyme (VFC0251)] [Pseudomonas fluorescens SBW25]
AFNF01001391.1	1	544	871	VFG016111(gb|WP_003137473)	1170	1713	1713	99.449	544	3	0	0.0	989	VFG016111(gb|WP_003137473) (pchH) ABC transporter ATP-binding protein [Pyochelin (VF0095) - Nutritional/Metabolic factor (VFC0272)] [Pseudomonas aeruginosa UCBPP-PA14]
AFNF01001391.1	1	544	871	VFG020087(gb|WP_012613544)	1170	1713	1713	99.265	544	4	0	0.0	983	VFG020087(gb|WP_012613544) (pchH) ABC transporter ATP-binding protein [Pyochelin (VF0095) - Nutritional/Metabolic factor (VFC0272)] [Pseudomonas aeruginosa LESB58]
AFNF01001391.1	1	544	871	VFG001267(gb|NP_252913)	1170	1713	1713	99.265	544	4	0	0.0	983	VFG001267(gb|NP_252913) (pchH) ABC transporter ATP-binding protein [Pyochelin (VF0095) - Nutritional/Metabolic factor (VFC0272)] [Pseudomonas aeruginosa PAO1]
AFNF01001391.1	3	544	871	VFG016110(gb|WP_012074239)	1172	1713	1713	93.358	542	36	0	0.0	802	VFG016110(gb|WP_012074239) (pchH) ABC transporter ATP-binding protein [Pyochelin (VF0095) - Nutritional/Metabolic factor (VFC0272)] [Pseudomonas aeruginosa PA7]
AFNF01001391.1	541	871	871	VFG001266(gb|NP_252912)	1	331	1725	100.000	331	0	0	1.82e-174	612	VFG001266(gb|NP_252912) (pchI) ABC transporter ATP-binding protein [Pyochelin (VF0095) - Nutritional/Metabolic factor (VFC0272)] [Pseudomonas aeruginosa PAO1]
AFNF01001391.1	541	871	871	VFG016107(gb|WP_003137474)	1	331	1725	99.698	331	1	0	8.48e-173	606	VFG016107(gb|WP_003137474) (pchI) ABC transporter ATP-binding protein [Pyochelin (VF0095) - Nutritional/Metabolic factor (VFC0272)] [Pseudomonas aeruginosa UCBPP-PA14]
AFNF01001391.1	541	871	871	VFG020086(gb|WP_012613545)	1	331	1725	99.396	331	2	0	3.94e-171	601	VFG020086(gb|WP_012613545) (pchI) ABC transporter ATP-binding protein [Pyochelin (VF0095) - Nutritional/Metabolic factor (VFC0272)] [Pseudomonas aeruginosa LESB58]
AFNF01001391.1	541	871	871	VFG016106(gb|WP_012074240)	1	331	1725	96.375	331	12	0	1.87e-154	545	VFG016106(gb|WP_012074240) (pchI) ABC transporter ATP-binding protein [Pyochelin (VF0095) - Nutritional/Metabolic factor (VFC0272)] [Pseudomonas aeruginosa PA7]
AFNF01001395.1	1	857	857	VFG000198(gb|NP_250394)	1669	813	2121	99.417	857	5	0	0.0	1555	VFG000198(gb|NP_250394) (pcrD) type III secretion system protein PcrD [TTSS (VF0083) - Effector delivery system (VFC0086)] [Pseudomonas aeruginosa PAO1]
AFNF01001395.1	1	857	857	VFG019957(gb|WP_003087696)	1669	813	2121	98.833	857	10	0	0.0	1528	VFG019957(gb|WP_003087696) (pcrD) type III secretion system protein PcrD [TTSS (VF0083) - Effector delivery system (VFC0086)] [Pseudomonas aeruginosa LESB58]
AFNF01001395.1	1	857	857	VFG015120(gb|WP_003087696)	1669	813	2121	98.716	857	11	0	0.0	1522	VFG015120(gb|WP_003087696) (pcrD) type III secretion system protein PcrD [TTSS (VF0083) - Effector delivery system (VFC0086)] [Pseudomonas aeruginosa UCBPP-PA14]
AFNF01001402.1	19	838	838	VFG020057(gb|WP_012614138)	1	820	1359	100.000	820	0	0	0.0	1515	VFG020057(gb|WP_012614138) (pvdM) dipeptidase precursor [Pyoverdine (VF0094) - Nutritional/Metabolic factor (VFC0272)] [Pseudomonas aeruginosa LESB58]
AFNF01001407.1	487	827	827	VFG041036(gb|NP_251054)	1	341	477	100.000	341	0	0	4.77e-180	630	VFG041036(gb|NP_251054) (PA2364) hypothetical protein [HSI-3 (VF0944) - Effector delivery system (VFC0086)] [Pseudomonas aeruginosa PAO1]
AFNF01001407.1	1	279	827	VFG041037(gb|NP_251055)	279	1	546	100.000	279	0	0	1.39e-145	516	VFG041037(gb|NP_251055) (tssB) type VI secretion system contractile sheath small subunit [HSI-3 (VF0944) - Effector delivery system (VFC0086)] [Pseudomonas aeruginosa PAO1]
AFNF01001407.1	1	279	827	VFG051625(gb|WP_011334778.1)	279	1	543	85.816	282	34	3	7.11e-79	294	VFG051625(gb|WP_011334778.1) (tssB) type VI secretion system contractile sheath small subunit [HSI-3 (VF0944) - Effector delivery system (VFC0086)] [Pseudomonas fluorescens Pf0-1]
AFNF01001431.1	14	87	784	VFG041045(gb|NP_251063)	74	1	2007	100.000	74	0	0	1.20e-31	137	VFG041045(gb|NP_251063) (tssI) type VI secretion system tip protein VgrG [HSI-3 (VF0944) - Effector delivery system (VFC0086)] [Pseudomonas aeruginosa PAO1]
AFNF01001434.1	1	781	781	VFG051586(gb|WP_003140078.1)	2906	2126	3528	100.000	781	0	0	0.0	1443	VFG051586(gb|WP_003140078.1) (tssM) type VI secretion system membrane subunit TssM [HSI-2 (VF0943) - Effector delivery system (VFC0086)] [Pseudomonas aeruginosa UCBPP-PA14]
AFNF01001434.1	1	781	781	VFG041027(gb|NP_250360)	2906	2126	3528	99.872	781	1	0	0.0	1437	VFG041027(gb|NP_250360) (tssM) type VI secretion system membrane subunit TssM [HSI-2 (VF0943) - Effector delivery system (VFC0086)] [Pseudomonas aeruginosa PAO1]
AFNF01001434.1	1	781	781	VFG051583(gb|WP_012614302.1)	2906	2126	3528	99.744	781	2	0	0.0	1432	VFG051583(gb|WP_012614302.1) (tssM) type VI secretion system membrane subunit TssM [HSI-2 (VF0943) - Effector delivery system (VFC0086)] [Pseudomonas aeruginosa LESB58]
AFNF01001434.1	1	781	781	VFG051584(gb|WP_012076236.1)	2906	2126	3528	98.848	781	9	0	0.0	1393	VFG051584(gb|WP_012076236.1) (tssM) type VI secretion system membrane subunit TssM [HSI-2 (VF0943) - Effector delivery system (VFC0086)] [Pseudomonas aeruginosa PA7]
AFNF01001443.1	1	657	761	VFG044449(gb|NP_253342)	292	948	948	100.000	657	0	0	0.0	1214	VFG044449(gb|NP_253342) (PA4653) hypothetical protein [CupE fimbriae (VF0934) - Biofilm (VFC0271)] [Pseudomonas aeruginosa PAO1]
AFNF01001445.1	242	747	747	VFG051627(gb|WP_003089494.1)	1	506	1485	100.000	506	0	0	0.0	935	VFG051627(gb|WP_003089494.1) (tssC) type VI secretion system contractile sheath large subunit [HSI-3 (VF0944) - Effector delivery system (VFC0086)] [Pseudomonas aeruginosa PA7]
AFNF01001445.1	242	747	747	VFG051629(gb|WP_003139317.1)	1	506	1485	99.802	506	1	0	0.0	929	VFG051629(gb|WP_003139317.1) (tssC) type VI secretion system contractile sheath large subunit [HSI-3 (VF0944) - Effector delivery system (VFC0086)] [Pseudomonas aeruginosa UCBPP-PA14]
AFNF01001445.1	242	747	747	VFG051626(gb|WP_003089494.1)	1	506	1485	99.802	506	1	0	0.0	929	VFG051626(gb|WP_003089494.1) (tssC) type VI secretion system contractile sheath large subunit [HSI-3 (VF0944) - Effector delivery system (VFC0086)] [Pseudomonas aeruginosa LESB58]
AFNF01001445.1	242	747	747	VFG041038(gb|NP_251056)	1	506	1485	99.802	506	1	0	0.0	929	VFG041038(gb|NP_251056) (tssC) type VI secretion system contractile sheath large subunit [HSI-3 (VF0944) - Effector delivery system (VFC0086)] [Pseudomonas aeruginosa PAO1]
AFNF01001445.1	296	747	747	VFG051630(gb|WP_007958864.1)	55	506	1485	86.784	454	56	4	9.76e-142	503	VFG051630(gb|WP_007958864.1) (tssC) type VI secretion system contractile sheath large subunit [HSI-3 (VF0944) - Effector delivery system (VFC0086)] [Pseudomonas fluorescens Pf0-1]
AFNF01001445.1	1	219	747	VFG041037(gb|NP_251055)	328	546	546	99.543	219	1	0	1.32e-110	399	VFG041037(gb|NP_251055) (tssB) type VI secretion system contractile sheath small subunit [HSI-3 (VF0944) - Effector delivery system (VFC0086)] [Pseudomonas aeruginosa PAO1]
AFNF01001445.1	22	219	747	VFG051625(gb|WP_011334778.1)	349	543	543	81.313	198	34	1	8.76e-38	158	VFG051625(gb|WP_011334778.1) (tssB) type VI secretion system contractile sheath small subunit [HSI-3 (VF0944) - Effector delivery system (VFC0086)] [Pseudomonas fluorescens Pf0-1]
AFNF01001458.1	179	717	717	VFG042751(gb|NP_252994)	1	539	1251	99.814	539	1	0	0.0	990	VFG042751(gb|NP_252994) (rcpA) type II/III secretion system protein [Type IV pili (VF0928) - Adherence (VFC0001)] [Pseudomonas aeruginosa PAO1]
AFNF01001458.1	1	165	717	VFG042752(gb|NP_252995)	748	912	912	99.394	165	1	0	1.32e-80	300	VFG042752(gb|NP_252995) (rcpC) hypothetical protein [Type IV pili (VF0928) - Adherence (VFC0001)] [Pseudomonas aeruginosa PAO1]
AFNF01001470.1	70	697	697	VFG014266(gb|WP_012076723)	1	628	2049	91.083	628	56	0	0.0	850	VFG014266(gb|WP_012076723) (flgK) flagellar hook-associated protein 1 FlgK [Flagella (VF0273) - Motility (VFC0204)] [Pseudomonas aeruginosa PA7]
AFNF01001470.1	70	697	697	VFG014267(gb|WP_003140599)	1	628	2052	89.666	629	63	2	0.0	800	VFG014267(gb|WP_003140599) (flgK) flagellar hook-associated protein 1 FlgK [Flagella (VF0273) - Motility (VFC0204)] [Pseudomonas aeruginosa UCBPP-PA14]
AFNF01001470.1	70	697	697	VFG019809(gb|WP_003112507)	1	628	2052	88.871	629	68	2	0.0	773	VFG019809(gb|WP_003112507) (flgK) flagellar hook-associated protein 1 FlgK [Flagella (VF0273) - Motility (VFC0204)] [Pseudomonas aeruginosa LESB58]
AFNF01001470.1	70	697	697	VFG001244(gb|NP_249777)	1	628	2052	88.871	629	68	2	0.0	773	VFG001244(gb|NP_249777) (flgK) flagellar hook-associated protein 1 FlgK [Flagella (VF0273) - Motility (VFC0204)] [Pseudomonas aeruginosa PAO1]
AFNF01001470.1	1	51	697	VFG019807(gb|WP_003116316)	1153	1203	1203	100.000	51	0	0	6.48e-19	95.3	VFG019807(gb|WP_003116316) (flgJ) flagellar rod assembly protein/muramidase FlgJ [Flagella (VF0273) - Motility (VFC0204)] [Pseudomonas aeruginosa LESB58]
AFNF01001470.1	1	51	697	VFG014254(gb|WP_003116316)	1153	1203	1203	100.000	51	0	0	6.48e-19	95.3	VFG014254(gb|WP_003116316) (flgJ) flagellar rod assembly protein/muramidase FlgJ [Flagella (VF0273) - Motility (VFC0204)] [Pseudomonas aeruginosa UCBPP-PA14]
AFNF01001470.1	1	51	697	VFG001243(gb|NP_249776)	1153	1203	1203	100.000	51	0	0	6.48e-19	95.3	VFG001243(gb|NP_249776) (flgJ) flagellar rod assembly protein/muramidase FlgJ [Flagella (VF0273) - Motility (VFC0204)] [Pseudomonas aeruginosa PAO1]
AFNF01001470.1	1	51	697	VFG014253(gb|WP_012076724)	1153	1203	1203	98.039	51	1	0	3.02e-17	89.8	VFG014253(gb|WP_012076724) (flgJ) flagellar rod assembly protein/muramidase FlgJ [Flagella (VF0273) - Motility (VFC0204)] [Pseudomonas aeruginosa PA7]
AFNF01001483.1	227	661	661	VFG020069(gb|WP_148235954)	1	435	13110	100.000	435	0	0	0.0	804	VFG020069(gb|WP_148235954) (pvdD) pyoverdine synthetase D [Pyoverdine (VF0094) - Nutritional/Metabolic factor (VFC0272)] [Pseudomonas aeruginosa LESB58]
AFNF01001483.1	1	220	661	VFG020070(gb|WP_012614131)	3153	3372	3372	100.000	220	0	0	6.94e-113	407	VFG020070(gb|WP_012614131) (pvdJ) pyoverdine biosynthesis protein PvdJ [Pyoverdine (VF0094) - Nutritional/Metabolic factor (VFC0272)] [Pseudomonas aeruginosa LESB58]
AFNF01001488.1	1	648	648	VFG051656(gb|WP_012614145.1)	929	282	2007	99.228	648	5	0	0.0	1170	VFG051656(gb|WP_012614145.1) (tssI) type VI secretion system tip protein VgrG [HSI-3 (VF0944) - Effector delivery system (VFC0086)] [Pseudomonas aeruginosa LESB58]
AFNF01001488.1	1	648	648	VFG041045(gb|NP_251063)	929	282	2007	99.228	648	5	0	0.0	1170	VFG041045(gb|NP_251063) (tssI) type VI secretion system tip protein VgrG [HSI-3 (VF0944) - Effector delivery system (VFC0086)] [Pseudomonas aeruginosa PAO1]
AFNF01001488.1	1	648	648	VFG051659(gb|WP_003139309.1)	929	282	2007	98.920	648	7	0	0.0	1158	VFG051659(gb|WP_003139309.1) (tssI) type VI secretion system tip protein VgrG [HSI-3 (VF0944) - Effector delivery system (VFC0086)] [Pseudomonas aeruginosa UCBPP-PA14]
AFNF01001489.1	1	647	648	VFG020020(gb|WP_003142374)	460	1106	1932	96.291	647	24	0	0.0	1062	VFG020020(gb|WP_003142374) (vgrG1a) type VI secretion system substrate VgrG1 [HSI-1 (VF0334) - Effector delivery system (VFC0086)] [Pseudomonas aeruginosa LESB58]
AFNF01001489.1	1	647	648	VFG015501(gb|WP_011666527)	460	1106	1932	96.136	647	25	0	0.0	1057	VFG015501(gb|WP_011666527) (vgrG1a) type VI secretion system substrate VgrG1 [HSI-1 (VF0334) - Effector delivery system (VFC0086)] [Pseudomonas aeruginosa UCBPP-PA14]
AFNF01001489.1	1	647	648	VFG002077(gb|NP_248781)	460	1106	1932	96.136	647	25	0	0.0	1057	VFG002077(gb|NP_248781) (vgrG1a) type VI secretion system substrate VgrG1 [HSI-1 (VF0334) - Effector delivery system (VFC0086)] [Pseudomonas aeruginosa PAO1]
AFNF01001489.1	1	647	648	VFG015500(gb|WP_079262221)	460	1106	1932	95.209	647	31	0	0.0	1024	VFG015500(gb|WP_079262221) (vgrG1a) type VI secretion system substrate VgrG1 [HSI-1 (VF0334) - Effector delivery system (VFC0086)] [Pseudomonas aeruginosa PA7]
AFNF01001489.1	1	648	648	VFG041011(gb|NP_248785)	469	1116	2226	90.462	650	58	4	0.0	854	VFG041011(gb|NP_248785) (vgrG1b) type VI secretion system substrate VgrG1b [HSI-1 (VF0334) - Effector delivery system (VFC0086)] [Pseudomonas aeruginosa PAO1]
AFNF01001489.1	1	647	648	VFG051804(gb|WP_011979145.1)	469	1115	2226	89.368	649	65	4	0.0	813	VFG051804(gb|WP_011979145.1) (vgrG1a) type VI secretion system substrate VgrG1 [HSI-1 (VF0334) - Effector delivery system (VFC0086)] [Pseudomonas aeruginosa PA7]
AFNF01001492.1	1	445	638	VFG020070(gb|WP_012614131)	445	1	3372	99.775	445	1	0	0.0	817	VFG020070(gb|WP_012614131) (pvdJ) pyoverdine biosynthesis protein PvdJ [Pyoverdine (VF0094) - Nutritional/Metabolic factor (VFC0272)] [Pseudomonas aeruginosa LESB58]
AFNF01001492.1	1	305	638	VFG020317(gb|WP_012614130)	8140	7833	11043	97.727	308	4	3	4.92e-149	527	VFG020317(gb|WP_012614130) (pvdI) peptide synthase [Pyoverdine (VF0094) - Nutritional/Metabolic factor (VFC0272)] [Pseudomonas aeruginosa LESB58]
AFNF01001492.1	447	638	638	VFG020317(gb|WP_012614130)	11043	10852	11043	100.000	192	0	0	2.46e-97	355	VFG020317(gb|WP_012614130) (pvdI) peptide synthase [Pyoverdine (VF0094) - Nutritional/Metabolic factor (VFC0272)] [Pseudomonas aeruginosa LESB58]
AFNF01001492.1	93	309	638	VFG016037(gb|WP_011062375)	353	136	6582	80.090	221	37	6	7.43e-38	158	VFG016037(gb|WP_011062375) (pvdD) pyoverdine synthetase D [Pyoverdine (VF0094) - Nutritional/Metabolic factor (VFC0272)] [Pseudomonas fluorescens Pf-5]
AFNF01001497.1	81	630	630	VFG001265(gb|NP_250145)	843	294	843	100.000	550	0	0	0.0	1016	VFG001265(gb|NP_250145) (fleN) flagellar synthesis regulator FleN [Flagella (VF0273) - Motility (VFC0204)] [Pseudomonas aeruginosa PAO1]
AFNF01001497.1	81	630	630	VFG014618(gb|WP_003083064)	843	294	843	99.455	550	3	0	0.0	1000	VFG014618(gb|WP_003083064) (fleN) flagellar synthesis regulator FleN [Flagella (VF0273) - Motility (VFC0204)] [Pseudomonas aeruginosa UCBPP-PA14]
AFNF01001497.1	81	630	630	VFG014617(gb|WP_003083064)	843	294	843	96.182	550	21	0	0.0	900	VFG014617(gb|WP_003083064) (fleN) flagellar synthesis regulator FleN [Flagella (VF0273) - Motility (VFC0204)] [Pseudomonas aeruginosa PA7]
AFNF01001497.1	115	630	630	VFG014620(gb|WP_003412391)	800	285	834	85.714	518	70	4	4.82e-154	544	VFG014620(gb|WP_003412391) (fleN) flagellar synthesis regulator FleN [Flagella (VF0273) - Motility (VFC0204)] [Pseudomonas syringae pv. syringae B728a]
AFNF01001497.1	107	630	630	VFG015716(gb|WP_012273492)	808	285	834	85.143	525	76	2	8.07e-152	536	VFG015716(gb|WP_012273492) (fleN) flagellar synthesis regulator FleN [Flagella (VF0273) - Motility (VFC0204)] [Pseudomonas putida GB-1]
AFNF01001497.1	115	630	630	VFG014621(gb|WP_003412391)	800	285	834	84.913	517	76	2	2.26e-147	521	VFG014621(gb|WP_003412391) (fleN) flagellar synthesis regulator FleN [Flagella (VF0273) - Motility (VFC0204)] [Pseudomonas syringae pv. phaseolicola 1448A]
AFNF01001497.1	114	630	630	VFG014628(gb|WP_011913681)	798	282	828	83.977	518	81	2	1.37e-139	496	VFG014628(gb|WP_011913681) (fleN) flagellar synthesis regulator FleN [Flagella (VF0273) - Motility (VFC0204)] [Pseudomonas stutzeri A1501]
AFNF01001497.1	115	630	630	VFG014619(gb|WP_003412391)	800	285	834	83.946	517	81	2	4.92e-139	494	VFG014619(gb|WP_003412391) (fleN) flagellar synthesis regulator FleN [Flagella (VF0273) - Motility (VFC0204)] [Pseudomonas syringae pv. tomato str. DC3000]
AFNF01001497.1	121	608	630	VFG014626(gb|WP_003222917)	794	307	831	83.673	490	76	4	1.80e-128	459	VFG014626(gb|WP_003222917) (fleN) flagellar synthesis regulator FleN [Flagella (VF0273) - Motility (VFC0204)] [Pseudomonas fluorescens Pf0-1]
AFNF01001497.1	1	84	630	VFG019865(gb|WP_003083070)	84	1	744	100.000	84	0	0	2.64e-37	156	VFG019865(gb|WP_003083070) (fliA) flagellar biosynthesis sigma factor FliA [Flagella (VF0273) - Motility (VFC0204)] [Pseudomonas aeruginosa LESB58]
AFNF01001498.1	1	427	629	VFG040870(gb|NP_249369)	24	450	450	100.000	427	0	0	0.0	789	VFG040870(gb|NP_249369) (PA0678) HxcU pseudopilin [Hxc (VF0945) - Effector delivery system (VFC0086)] [Pseudomonas aeruginosa PAO1]
AFNF01001498.1	411	629	629	VFG040869(gb|NP_249368)	1	219	642	100.000	219	0	0	2.37e-112	405	VFG040869(gb|NP_249368) (PA0677) HxcW pseudopilin [Hxc (VF0945) - Effector delivery system (VFC0086)] [Pseudomonas aeruginosa PAO1]
AFNF01001509.1	1	607	607	VFG020074(gb|WP_012614121)	11291	11897	13029	100.000	607	0	0	0.0	1122	VFG020074(gb|WP_012614121) (pvdL) peptide synthase PvdL [Pyoverdine (VF0094) - Nutritional/Metabolic factor (VFC0272)] [Pseudomonas aeruginosa LESB58]
AFNF01001509.1	1	607	607	VFG016060(gb|WP_003139218)	11291	11897	13029	99.341	607	4	0	0.0	1099	VFG016060(gb|WP_003139218) (pvdL) peptide synthase PvdL [Pyoverdine (VF0094) - Nutritional/Metabolic factor (VFC0272)] [Pseudomonas aeruginosa UCBPP-PA14]
AFNF01001509.1	1	607	607	VFG016058(gb|NP_251114)	11291	11897	13029	99.341	607	4	0	0.0	1099	VFG016058(gb|NP_251114) (pvdL) peptide synthase PvdL [Pyoverdine (VF0094) - Nutritional/Metabolic factor (VFC0272)] [Pseudomonas aeruginosa PAO1]
AFNF01001509.1	1	607	607	VFG016059(gb|WP_012075639)	11291	11897	13029	99.012	607	6	0	0.0	1088	VFG016059(gb|WP_012075639) (pvdL) peptide synthase PvdL [Pyoverdine (VF0094) - Nutritional/Metabolic factor (VFC0272)] [Pseudomonas aeruginosa PA7]
AFNF01001509.1	1	607	607	VFG016066(gb|WP_011533065)	11255	11861	12948	82.927	615	89	15	6.00e-153	540	VFG016066(gb|WP_011533065) (pvdL) peptide synthase PvdL [Pyoverdine (VF0094) - Nutritional/Metabolic factor (VFC0272)] [Pseudomonas entomophila L48]
AFNF01001509.1	297	349	607	VFG016066(gb|WP_011533065)	3796	3848	12948	92.453	53	4	0	2.03e-13	76.8	VFG016066(gb|WP_011533065) (pvdL) peptide synthase PvdL [Pyoverdine (VF0094) - Nutritional/Metabolic factor (VFC0272)] [Pseudomonas entomophila L48]
AFNF01001509.1	3	607	607	VFG016068(gb|WP_011335255)	11308	11912	12999	82.787	610	95	8	7.76e-152	536	VFG016068(gb|WP_011335255) (pvdL) peptide synthase PvdL [Pyoverdine (VF0094) - Nutritional/Metabolic factor (VFC0272)] [Pseudomonas fluorescens Pf0-1]
AFNF01001509.1	1	607	607	VFG015827(gb|WP_012315395)	11261	11867	12954	82.686	618	85	18	1.30e-149	529	VFG015827(gb|WP_012315395) (pvdL) peptide synthase PvdL [Pyoverdine (VF0094) - Nutritional/Metabolic factor (VFC0272)] [Pseudomonas putida W619]
AFNF01001509.1	1	607	607	VFG015826(gb|WP_012273396)	11261	11867	12954	81.260	619	92	21	1.33e-134	479	VFG015826(gb|WP_012273396) (pvdL) peptide synthase PvdL [Pyoverdine (VF0094) - Nutritional/Metabolic factor (VFC0272)] [Pseudomonas putida GB-1]
AFNF01001509.1	297	350	607	VFG015826(gb|WP_012273396)	3802	3855	12954	92.593	54	4	0	5.65e-14	78.7	VFG015826(gb|WP_012273396) (pvdL) peptide synthase PvdL [Pyoverdine (VF0094) - Nutritional/Metabolic factor (VFC0272)] [Pseudomonas putida GB-1]
AFNF01001509.1	1	607	607	VFG016065(gb|WP_012051699)	11261	11867	12954	80.937	619	94	20	2.87e-131	468	VFG016065(gb|WP_012051699) (pvdL) peptide synthase PvdL [Pyoverdine (VF0094) - Nutritional/Metabolic factor (VFC0272)] [Pseudomonas putida F1]
AFNF01001509.1	1	607	607	VFG016064(gb|WP_010954996)	11261	11867	12954	80.906	618	96	19	2.87e-131	468	VFG016064(gb|WP_010954996) (pvdL) peptide synthase PvdL [Pyoverdine (VF0094) - Nutritional/Metabolic factor (VFC0272)] [Pseudomonas putida KT2440]
AFNF01001525.1	1	558	558	VFG019784(gb|WP_172668778)	727	170	972	99.821	558	1	0	0.0	1026	VFG019784(gb|WP_172668778) (PLES_RS09910) glycosyltransferase family 4 protein [LPS (VF0085) - Immune modulation (VFC0258)] [Pseudomonas aeruginosa LESB58]
AFNF01001549.1	4	521	521	VFG015104(gb|WP_011666708)	287	803	1119	99.614	518	1	1	0.0	944	VFG015104(gb|WP_011666708) (pscP) type III secretion system protein PscP [TTSS (VF0083) - Effector delivery system (VFC0086)] [Pseudomonas aeruginosa UCBPP-PA14]
AFNF01001549.1	4	521	521	VFG000190(gb|NP_250386)	278	794	1110	99.035	518	4	1	0.0	928	VFG000190(gb|NP_250386) (pscP) type III secretion system protein PscP [TTSS (VF0083) - Effector delivery system (VFC0086)] [Pseudomonas aeruginosa PAO1]
AFNF01001571.1	1	489	489	VFG051656(gb|WP_012614145.1)	1449	961	2007	100.000	489	0	0	0.0	904	VFG051656(gb|WP_012614145.1) (tssI) type VI secretion system tip protein VgrG [HSI-3 (VF0944) - Effector delivery system (VFC0086)] [Pseudomonas aeruginosa LESB58]
AFNF01001571.1	1	489	489	VFG041045(gb|NP_251063)	1449	961	2007	100.000	489	0	0	0.0	904	VFG041045(gb|NP_251063) (tssI) type VI secretion system tip protein VgrG [HSI-3 (VF0944) - Effector delivery system (VFC0086)] [Pseudomonas aeruginosa PAO1]
AFNF01001571.1	1	489	489	VFG051659(gb|WP_003139309.1)	1449	961	2007	99.796	489	1	0	0.0	898	VFG051659(gb|WP_003139309.1) (tssI) type VI secretion system tip protein VgrG [HSI-3 (VF0944) - Effector delivery system (VFC0086)] [Pseudomonas aeruginosa UCBPP-PA14]
AFNF01001571.1	1	483	489	VFG051657(gb|WP_012075684.1)	1449	967	2007	95.238	483	23	0	0.0	765	VFG051657(gb|WP_012075684.1) (tssI) type VI secretion system tip protein VgrG [HSI-3 (VF0944) - Effector delivery system (VFC0086)] [Pseudomonas aeruginosa PA7]
AFNF01001571.1	1	475	489	VFG051660(gb|WP_011334785.1)	1452	978	2010	87.866	478	52	6	4.76e-158	556	VFG051660(gb|WP_011334785.1) (tssI) type VI secretion system tip protein VgrG [HSI-3 (VF0944) - Effector delivery system (VFC0086)] [Pseudomonas fluorescens Pf0-1]
AFNF01001578.1	1	469	469	VFG041011(gb|NP_248785)	937	469	2226	99.147	469	4	0	0.0	845	VFG041011(gb|NP_248785) (vgrG1b) type VI secretion system substrate VgrG1b [HSI-1 (VF0334) - Effector delivery system (VFC0086)] [Pseudomonas aeruginosa PAO1]
AFNF01001578.1	1	469	469	VFG051804(gb|WP_011979145.1)	937	469	2226	94.243	469	27	0	0.0	717	VFG051804(gb|WP_011979145.1) (vgrG1a) type VI secretion system substrate VgrG1 [HSI-1 (VF0334) - Effector delivery system (VFC0086)] [Pseudomonas aeruginosa PA7]
AFNF01001578.1	3	469	469	VFG002077(gb|NP_248781)	926	460	1932	86.752	468	60	2	5.98e-147	520	VFG002077(gb|NP_248781) (vgrG1a) type VI secretion system substrate VgrG1 [HSI-1 (VF0334) - Effector delivery system (VFC0086)] [Pseudomonas aeruginosa PAO1]
AFNF01001578.1	3	469	469	VFG020020(gb|WP_003142374)	926	460	1932	86.538	468	61	2	2.78e-145	514	VFG020020(gb|WP_003142374) (vgrG1a) type VI secretion system substrate VgrG1 [HSI-1 (VF0334) - Effector delivery system (VFC0086)] [Pseudomonas aeruginosa LESB58]
AFNF01001578.1	3	469	469	VFG015501(gb|WP_011666527)	926	460	1932	86.538	468	61	2	2.78e-145	514	VFG015501(gb|WP_011666527) (vgrG1a) type VI secretion system substrate VgrG1 [HSI-1 (VF0334) - Effector delivery system (VFC0086)] [Pseudomonas aeruginosa UCBPP-PA14]
AFNF01001578.1	3	469	469	VFG015500(gb|WP_079262221)	926	460	1932	86.538	468	61	2	2.78e-145	514	VFG015500(gb|WP_079262221) (vgrG1a) type VI secretion system substrate VgrG1 [HSI-1 (VF0334) - Effector delivery system (VFC0086)] [Pseudomonas aeruginosa PA7]
AFNF01001580.1	1	472	472	VFG020051(gb|WP_003103624)	1135	1606	2289	100.000	472	0	0	0.0	872	VFG020051(gb|WP_003103624) (pvdQ) 3-oxo-C12-homoserine lactone acylase PvdQ [Pyoverdine (VF0094) - Nutritional/Metabolic factor (VFC0272)] [Pseudomonas aeruginosa LESB58]
AFNF01001580.1	1	472	472	VFG015950(gb|NP_251075)	1135	1606	2289	99.576	472	2	0	0.0	861	VFG015950(gb|NP_251075) (pvdQ) 3-oxo-C12-homoserine lactone acylase PvdQ [Pyoverdine (VF0094) - Nutritional/Metabolic factor (VFC0272)] [Pseudomonas aeruginosa PAO1]
AFNF01001580.1	1	472	472	VFG015952(gb|WP_003139299)	1135	1606	2289	99.153	472	4	0	0.0	850	VFG015952(gb|WP_003139299) (pvdQ) 3-oxo-C12-homoserine lactone acylase PvdQ [Pyoverdine (VF0094) - Nutritional/Metabolic factor (VFC0272)] [Pseudomonas aeruginosa UCBPP-PA14]
AFNF01001580.1	1	472	472	VFG015951(gb|WP_041025346)	1135	1606	2289	95.127	472	23	0	0.0	745	VFG015951(gb|WP_041025346) (pvdQ) 3-oxo-C12-homoserine lactone acylase PvdQ [Pyoverdine (VF0094) - Nutritional/Metabolic factor (VFC0272)] [Pseudomonas aeruginosa PA7]
AFNF01001581.1	1	470	470	VFG015387(gb|WP_003136961)	2112	2581	3099	100.000	470	0	0	0.0	869	VFG015387(gb|WP_003136961) (ppkA) serine/threonine protein kinase PpkA [HSI-1 (VF0334) - Effector delivery system (VFC0086)] [Pseudomonas aeruginosa UCBPP-PA14]
AFNF01001581.1	1	470	470	VFG002060(gb|NP_248764)	2112	2581	3099	100.000	470	0	0	0.0	869	VFG002060(gb|NP_248764) (ppkA) serine/threonine protein kinase PpkA [HSI-1 (VF0334) - Effector delivery system (VFC0086)] [Pseudomonas aeruginosa PAO1]
AFNF01001581.1	1	470	470	VFG019987(gb|WP_004351957)	2112	2581	3099	99.787	470	1	0	0.0	863	VFG019987(gb|WP_004351957) (ppkA) serine/threonine protein kinase PpkA [HSI-1 (VF0334) - Effector delivery system (VFC0086)] [Pseudomonas aeruginosa LESB58]
AFNF01001581.1	1	470	470	VFG015386(gb|WP_011979125)	2112	2581	3099	98.936	470	5	0	0.0	841	VFG015386(gb|WP_011979125) (ppkA) serine/threonine protein kinase PpkA [HSI-1 (VF0334) - Effector delivery system (VFC0086)] [Pseudomonas aeruginosa PA7]
AFNF01001592.1	1	450	450	VFG001267(gb|NP_252913)	875	426	1713	98.000	450	9	0	0.0	782	VFG001267(gb|NP_252913) (pchH) ABC transporter ATP-binding protein [Pyochelin (VF0095) - Nutritional/Metabolic factor (VFC0272)] [Pseudomonas aeruginosa PAO1]
AFNF01001592.1	1	449	450	VFG020087(gb|WP_012613544)	875	427	1713	97.773	449	10	0	0.0	774	VFG020087(gb|WP_012613544) (pchH) ABC transporter ATP-binding protein [Pyochelin (VF0095) - Nutritional/Metabolic factor (VFC0272)] [Pseudomonas aeruginosa LESB58]
AFNF01001592.1	1	450	450	VFG016111(gb|WP_003137473)	875	426	1713	97.556	450	11	0	0.0	771	VFG016111(gb|WP_003137473) (pchH) ABC transporter ATP-binding protein [Pyochelin (VF0095) - Nutritional/Metabolic factor (VFC0272)] [Pseudomonas aeruginosa UCBPP-PA14]
AFNF01001592.1	1	448	450	VFG016110(gb|WP_012074239)	875	428	1713	90.402	448	43	0	4.30e-168	590	VFG016110(gb|WP_012074239) (pchH) ABC transporter ATP-binding protein [Pyochelin (VF0095) - Nutritional/Metabolic factor (VFC0272)] [Pseudomonas aeruginosa PA7]
AFNF01001613.1	1	327	428	VFG051554(gb|WP_003140083.1)	327	1	2634	100.000	327	0	0	1.46e-172	604	VFG051554(gb|WP_003140083.1) (tssH) type VI secretion system ATPase TssH [HSI-2 (VF0943) - Effector delivery system (VFC0086)] [Pseudomonas aeruginosa UCBPP-PA14]
AFNF01001613.1	1	327	428	VFG051551(gb|WP_012614304.1)	327	1	2634	100.000	327	0	0	1.46e-172	604	VFG051551(gb|WP_012614304.1) (tssH) type VI secretion system ATPase TssH [HSI-2 (VF0943) - Effector delivery system (VFC0086)] [Pseudomonas aeruginosa LESB58]
AFNF01001613.1	1	327	428	VFG041020(gb|NP_250353)	327	1	2634	99.694	327	1	0	6.78e-171	599	VFG041020(gb|NP_250353) (tssH) type VI secretion system ATPase TssH [HSI-2 (VF0943) - Effector delivery system (VFC0086)] [Pseudomonas aeruginosa PAO1]
AFNF01001613.1	1	327	428	VFG051552(gb|WP_079262185.1)	327	1	2634	96.942	327	10	0	6.92e-156	549	VFG051552(gb|WP_079262185.1) (tssH) type VI secretion system ATPase TssH [HSI-2 (VF0943) - Effector delivery system (VFC0086)] [Pseudomonas aeruginosa PA7]
AFNF01001613.1	334	428	428	VFG051543(gb|WP_003097804.1)	1008	914	1008	100.000	95	0	0	1.35e-43	176	VFG051543(gb|WP_003097804.1) (tssG) type VI secretion system baseplate subunit TssG [HSI-2 (VF0943) - Effector delivery system (VFC0086)] [Pseudomonas aeruginosa LESB58]
AFNF01001613.1	334	428	428	VFG041019(gb|NP_250352)	1008	914	1008	98.947	95	1	0	6.30e-42	171	VFG041019(gb|NP_250352) (tssG) type VI secretion system baseplate subunit TssG [HSI-2 (VF0943) - Effector delivery system (VFC0086)] [Pseudomonas aeruginosa PAO1]
AFNF01001613.1	334	428	428	VFG051546(gb|WP_003140086.1)	1008	914	1008	96.842	95	3	0	1.36e-38	159	VFG051546(gb|WP_003140086.1) (tssG) type VI secretion system baseplate subunit TssG [HSI-2 (VF0943) - Effector delivery system (VFC0086)] [Pseudomonas aeruginosa UCBPP-PA14]
AFNF01001613.1	334	428	428	VFG051544(gb|WP_012076241.1)	1008	914	1008	94.737	95	5	0	2.95e-35	148	VFG051544(gb|WP_012076241.1) (tssG) type VI secretion system baseplate subunit TssG [HSI-2 (VF0943) - Effector delivery system (VFC0086)] [Pseudomonas aeruginosa PA7]
AFNF01001620.1	1	419	419	VFG019952(gb|WP_003087692)	351	769	867	100.000	419	0	0	0.0	774	VFG019952(gb|WP_003087692) (popN) type III secretion system outer membrane protein PopN [TTSS (VF0083) - Effector delivery system (VFC0086)] [Pseudomonas aeruginosa LESB58]
AFNF01001620.1	1	419	419	VFG015110(gb|WP_003087692)	351	769	867	100.000	419	0	0	0.0	774	VFG015110(gb|WP_003087692) (popN) type III secretion system outer membrane protein PopN [TTSS (VF0083) - Effector delivery system (VFC0086)] [Pseudomonas aeruginosa UCBPP-PA14]
AFNF01001620.1	1	419	419	VFG000193(gb|NP_250389)	351	769	867	99.761	419	1	0	0.0	769	VFG000193(gb|NP_250389) (popN) type III secretion system outer membrane protein PopN [TTSS (VF0083) - Effector delivery system (VFC0086)] [Pseudomonas aeruginosa PAO1]
AFNF01001625.1	1	59	410	VFG051817(gb|WP_003090565.1)	59	1	477	100.000	59	0	0	1.33e-23	110	VFG051817(gb|WP_003090565.1) (tse2) type VI secretion system effector Tse2 [HSI-1 T6SS secreted effectors (VF1194) - Effector delivery system (VFC0086)] [Pseudomonas aeruginosa UCBPP-PA14]
AFNF01001625.1	1	59	410	VFG051814(gb|WP_003119469.1)	59	1	477	100.000	59	0	0	1.33e-23	110	VFG051814(gb|WP_003119469.1) (tse2) type VI secretion system effector Tse2 [HSI-1 T6SS secreted effectors (VF1194) - Effector delivery system (VFC0086)] [Pseudomonas aeruginosa LESB58]
AFNF01001625.1	1	59	410	VFG041046(gb|NP_251392)	59	1	477	100.000	59	0	0	1.33e-23	110	VFG041046(gb|NP_251392) (tse2) type VI secretion system effector Tse2 [HSI-1 T6SS secreted effectors (VF1194) - Effector delivery system (VFC0086)] [Pseudomonas aeruginosa PAO1]
AFNF01001635.1	158	391	391	VFG019963(gb|WP_003100769)	438	205	438	100.000	234	0	0	6.61e-121	433	VFG019963(gb|WP_003100769) (exsC) type III secretion system regulatory protein ExsC [TTSS (VF0083) - Effector delivery system (VFC0086)] [Pseudomonas aeruginosa LESB58]
AFNF01001635.1	158	391	391	VFG000205(gb|NP_250401)	438	205	438	99.573	234	1	0	3.07e-119	427	VFG000205(gb|NP_250401) (exsC) type III secretion system regulatory protein ExsC [TTSS (VF0083) - Effector delivery system (VFC0086)] [Pseudomonas aeruginosa PAO1]
AFNF01001635.1	158	391	391	VFG015134(gb|WP_003109505)	438	205	438	97.863	234	5	0	1.44e-112	405	VFG015134(gb|WP_003109505) (exsC) type III secretion system regulatory protein ExsC [TTSS (VF0083) - Effector delivery system (VFC0086)] [Pseudomonas aeruginosa UCBPP-PA14]
AFNF01001635.1	1	149	391	VFG000206(gb|NP_250402)	149	1	246	100.000	149	0	0	1.18e-73	276	VFG000206(gb|NP_250402) (exsE) type III secretion system regulatory protein ExsE [TTSS (VF0083) - Effector delivery system (VFC0086)] [Pseudomonas aeruginosa PAO1]
AFNF01001635.1	1	149	391	VFG015136(gb|WP_003109506)	149	1	246	97.987	149	3	0	1.19e-68	259	VFG015136(gb|WP_003109506) (exsE) type III secretion system regulatory protein ExsE [TTSS (VF0083) - Effector delivery system (VFC0086)] [Pseudomonas aeruginosa UCBPP-PA14]
AFNF01001638.1	1	312	392	VFG015527(gb|NP_250591)	178	489	489	100.000	312	0	0	2.89e-164	577	VFG015527(gb|NP_250591) (phzB2) phenazine biosynthesis protein PhzB [Pyocyanin (VF0100) - Nutritional/Metabolic factor (VFC0272)] [Pseudomonas aeruginosa PAO1]
AFNF01001638.1	1	312	392	VFG015529(gb|WP_003115119)	178	489	489	99.359	312	2	0	6.26e-161	566	VFG015529(gb|WP_003115119) (phzB2) phenazine biosynthesis protein PhzB [Pyocyanin (VF0100) - Nutritional/Metabolic factor (VFC0272)] [Pseudomonas aeruginosa UCBPP-PA14]
AFNF01001638.1	1	312	392	VFG015528(gb|WP_012076100)	178	489	489	97.756	312	7	0	1.37e-152	538	VFG015528(gb|WP_012076100) (phzB2) phenazine biosynthesis protein PhzB [Pyocyanin (VF0100) - Nutritional/Metabolic factor (VFC0272)] [Pseudomonas aeruginosa PA7]
AFNF01001638.1	1	312	392	VFG015506(gb|NP_252900)	178	489	489	88.782	312	35	0	6.77e-106	383	VFG015506(gb|NP_252900) (phzB1) phenazine biosynthesis protein PhzB [Pyocyanin (VF0100) - Nutritional/Metabolic factor (VFC0272)] [Pseudomonas aeruginosa PAO1]
AFNF01001638.1	1	312	392	VFG015508(gb|WP_003123955)	178	489	489	87.500	312	39	0	3.17e-99	361	VFG015508(gb|WP_003123955) (phzB1) phenazine biosynthesis protein PhzB [Pyocyanin (VF0100) - Nutritional/Metabolic factor (VFC0272)] [Pseudomonas aeruginosa UCBPP-PA14]
AFNF01001638.1	1	312	392	VFG020023(gb|WP_003123955)	178	489	489	87.179	312	40	0	1.48e-97	355	VFG020023(gb|WP_003123955) (phzB1) phenazine biosynthesis protein PhzB [Pyocyanin (VF0100) - Nutritional/Metabolic factor (VFC0272)] [Pseudomonas aeruginosa LESB58]
AFNF01001638.1	336	392	392	VFG020024(gb|WP_003093621)	1	57	1218	100.000	57	0	0	1.64e-22	106	VFG020024(gb|WP_003093621) (phzC1) phenazine biosynthesis protein PhzC [Pyocyanin (VF0100) - Nutritional/Metabolic factor (VFC0272)] [Pseudomonas aeruginosa LESB58]
AFNF01001638.1	336	392	392	VFG015532(gb|WP_011666699)	1	57	1218	100.000	57	0	0	1.64e-22	106	VFG015532(gb|WP_011666699) (phzC2) phenazine biosynthesis protein PhzC [Pyocyanin (VF0100) - Nutritional/Metabolic factor (VFC0272)] [Pseudomonas aeruginosa UCBPP-PA14]
AFNF01001638.1	336	392	392	VFG015530(gb|NP_250592)	1	57	1218	100.000	57	0	0	1.64e-22	106	VFG015530(gb|NP_250592) (phzC2) phenazine biosynthesis protein PhzC [Pyocyanin (VF0100) - Nutritional/Metabolic factor (VFC0272)] [Pseudomonas aeruginosa PAO1]
AFNF01001638.1	336	392	392	VFG015511(gb|WP_011666542)	1	57	1218	100.000	57	0	0	1.64e-22	106	VFG015511(gb|WP_011666542) (phzC1) phenazine biosynthesis protein PhzC [Pyocyanin (VF0100) - Nutritional/Metabolic factor (VFC0272)] [Pseudomonas aeruginosa UCBPP-PA14]
AFNF01001644.1	16	386	387	VFG041011(gb|NP_248785)	745	1115	2226	83.288	371	62	0	1.13e-93	342	VFG041011(gb|NP_248785) (vgrG1b) type VI secretion system substrate VgrG1b [HSI-1 (VF0334) - Effector delivery system (VFC0086)] [Pseudomonas aeruginosa PAO1]
AFNF01001649.1	1	380	380	VFG051804(gb|WP_011979145.1)	1117	1496	2226	96.579	380	13	0	2.12e-180	630	VFG051804(gb|WP_011979145.1) (vgrG1a) type VI secretion system substrate VgrG1 [HSI-1 (VF0334) - Effector delivery system (VFC0086)] [Pseudomonas aeruginosa PA7]
AFNF01001649.1	1	380	380	VFG041011(gb|NP_248785)	1117	1496	2226	96.579	380	13	0	2.12e-180	630	VFG041011(gb|NP_248785) (vgrG1b) type VI secretion system substrate VgrG1b [HSI-1 (VF0334) - Effector delivery system (VFC0086)] [Pseudomonas aeruginosa PAO1]
AFNF01001649.1	1	380	380	VFG015500(gb|WP_079262221)	1108	1487	1932	96.579	380	13	0	2.12e-180	630	VFG015500(gb|WP_079262221) (vgrG1a) type VI secretion system substrate VgrG1 [HSI-1 (VF0334) - Effector delivery system (VFC0086)] [Pseudomonas aeruginosa PA7]
AFNF01001649.1	1	380	380	VFG020020(gb|WP_003142374)	1108	1487	1932	96.316	380	14	0	9.85e-179	625	VFG020020(gb|WP_003142374) (vgrG1a) type VI secretion system substrate VgrG1 [HSI-1 (VF0334) - Effector delivery system (VFC0086)] [Pseudomonas aeruginosa LESB58]
AFNF01001649.1	1	380	380	VFG015501(gb|WP_011666527)	1108	1487	1932	96.316	380	14	0	9.85e-179	625	VFG015501(gb|WP_011666527) (vgrG1a) type VI secretion system substrate VgrG1 [HSI-1 (VF0334) - Effector delivery system (VFC0086)] [Pseudomonas aeruginosa UCBPP-PA14]
AFNF01001649.1	1	380	380	VFG002077(gb|NP_248781)	1108	1487	1932	96.316	380	14	0	9.85e-179	625	VFG002077(gb|NP_248781) (vgrG1a) type VI secretion system substrate VgrG1 [HSI-1 (VF0334) - Effector delivery system (VFC0086)] [Pseudomonas aeruginosa PAO1]
AFNF01001649.1	5	378	380	VFG051809(gb|WP_003244989.1)	1121	1494	2226	91.711	374	31	0	4.78e-147	520	VFG051809(gb|WP_003244989.1) (vgrG1a) type VI secretion system substrate VgrG1 [HSI-1 (VF0334) - Effector delivery system (VFC0086)] [Pseudomonas mendocina ymp]
AFNF01001649.1	1	368	380	VFG020021(gb|WP_015886562)	1117	1484	1941	91.304	368	32	0	4.82e-142	503	VFG020021(gb|WP_015886562) (vgrG1a) type VI secretion system substrate VgrG1 [HSI-1 (VF0334) - Effector delivery system (VFC0086)] [Pseudomonas fluorescens SBW25]
AFNF01001649.1	21	378	380	VFG015502(gb|WP_011064262)	1138	1494	1938	90.782	358	32	1	2.92e-134	477	VFG015502(gb|WP_011064262) (vgrG1a) type VI secretion system substrate VgrG1 [HSI-1 (VF0334) - Effector delivery system (VFC0086)] [Pseudomonas fluorescens Pf-5]
AFNF01001650.1	72	378	378	VFG040878(gb|NP_249377)	1410	1104	1410	100.000	307	0	0	1.67e-161	568	VFG040878(gb|NP_249377) (PA0686) type II secretion system protein HxcR [Hxc (VF0945) - Effector delivery system (VFC0086)] [Pseudomonas aeruginosa PAO1]
AFNF01001650.1	1	72	378	VFG040879(gb|NP_249378)	72	1	1215	100.000	72	0	0	7.24e-31	134	VFG040879(gb|NP_249378) (PA0687) type II secretion system protein [Hxc (VF0945) - Effector delivery system (VFC0086)] [Pseudomonas aeruginosa PAO1]
AFNF01001658.1	1	244	367	VFG015144(gb|WP_003109510)	244	1	423	99.590	244	1	0	7.93e-125	446	VFG015144(gb|WP_003109510) (pscB) type III secretion system protein PscB [TTSS (VF0083) - Effector delivery system (VFC0086)] [Pseudomonas aeruginosa UCBPP-PA14]
AFNF01001658.1	1	244	367	VFG000210(gb|NP_250406)	244	1	423	99.590	244	1	0	7.93e-125	446	VFG000210(gb|NP_250406) (pscB) type III secretion system protein PscB [TTSS (VF0083) - Effector delivery system (VFC0086)] [Pseudomonas aeruginosa PAO1]
AFNF01001658.1	1	244	367	VFG019967(gb|WP_003120332)	244	1	423	98.770	244	3	0	1.72e-121	435	VFG019967(gb|WP_003120332) (pscB) type III secretion system protein PscB [TTSS (VF0083) - Effector delivery system (VFC0086)] [Pseudomonas aeruginosa LESB58]
AFNF01001658.1	278	367	367	VFG019966(gb|WP_003100755)	831	742	831	100.000	90	0	0	6.92e-41	167	VFG019966(gb|WP_003100755) (exsD) type III secretion system regulatory protein ExsD [TTSS (VF0083) - Effector delivery system (VFC0086)] [Pseudomonas aeruginosa LESB58]
AFNF01001658.1	278	367	367	VFG015142(gb|WP_003109509)	831	742	831	100.000	90	0	0	6.92e-41	167	VFG015142(gb|WP_003109509) (exsD) type III secretion system regulatory protein ExsD [TTSS (VF0083) - Effector delivery system (VFC0086)] [Pseudomonas aeruginosa UCBPP-PA14]
AFNF01001658.1	278	367	367	VFG000209(gb|NP_250405)	831	742	831	100.000	90	0	0	6.92e-41	167	VFG000209(gb|NP_250405) (exsD) type III secretion system regulatory protein ExsD [TTSS (VF0083) - Effector delivery system (VFC0086)] [Pseudomonas aeruginosa PAO1]
AFNF01001659.1	1	367	367	VFG051522(gb|WP_003087596.1)	737	371	1476	99.455	367	2	0	0.0	667	VFG051522(gb|WP_003087596.1) (tssC) type VI secretion system contractile sheath large subunit [HSI-2 (VF0943) - Effector delivery system (VFC0086)] [Pseudomonas aeruginosa UCBPP-PA14]
AFNF01001659.1	1	367	367	VFG051519(gb|WP_003087596.1)	737	371	1476	99.183	367	3	0	0.0	662	VFG051519(gb|WP_003087596.1) (tssC) type VI secretion system contractile sheath large subunit [HSI-2 (VF0943) - Effector delivery system (VFC0086)] [Pseudomonas aeruginosa LESB58]
AFNF01001659.1	1	367	367	VFG041016(gb|NP_250349)	737	371	1476	99.183	367	3	0	0.0	662	VFG041016(gb|NP_250349) (tssC) type VI secretion system contractile sheath large subunit [HSI-2 (VF0943) - Effector delivery system (VFC0086)] [Pseudomonas aeruginosa PAO1]
AFNF01001659.1	1	367	367	VFG051520(gb|WP_012076242.1)	737	371	1476	92.098	367	29	0	1.66e-146	518	VFG051520(gb|WP_012076242.1) (tssC) type VI secretion system contractile sheath large subunit [HSI-2 (VF0943) - Effector delivery system (VFC0086)] [Pseudomonas aeruginosa PA7]
AFNF01001659.1	2	367	367	VFG051523(gb|WP_011531906.1)	733	368	1473	89.918	367	35	2	1.31e-132	472	VFG051523(gb|WP_011531906.1) (tssC) type VI secretion system contractile sheath large subunit [HSI-2 (VF0943) - Effector delivery system (VFC0086)] [Pseudomonas entomophila L48]
AFNF01001659.1	4	367	367	VFG051524(gb|WP_011336600.1)	734	371	1476	88.767	365	39	2	7.93e-125	446	VFG051524(gb|WP_011336600.1) (tssC) type VI secretion system contractile sheath large subunit [HSI-2 (VF0943) - Effector delivery system (VFC0086)] [Pseudomonas fluorescens Pf0-1]
AFNF01001663.1	1	362	362	VFG051814(gb|WP_003119469.1)	434	74	477	99.724	362	0	1	0.0	662	VFG051814(gb|WP_003119469.1) (tse2) type VI secretion system effector Tse2 [HSI-1 T6SS secreted effectors (VF1194) - Effector delivery system (VFC0086)] [Pseudomonas aeruginosa LESB58]
AFNF01001663.1	1	362	362	VFG041046(gb|NP_251392)	434	74	477	99.448	362	1	1	0.0	656	VFG041046(gb|NP_251392) (tse2) type VI secretion system effector Tse2 [HSI-1 T6SS secreted effectors (VF1194) - Effector delivery system (VFC0086)] [Pseudomonas aeruginosa PAO1]
AFNF01001663.1	1	362	362	VFG051817(gb|WP_003090565.1)	434	74	477	98.895	362	3	1	0.0	645	VFG051817(gb|WP_003090565.1) (tse2) type VI secretion system effector Tse2 [HSI-1 T6SS secreted effectors (VF1194) - Effector delivery system (VFC0086)] [Pseudomonas aeruginosa UCBPP-PA14]
AFNF01001663.1	1	362	362	VFG051815(gb|WP_012076490.1)	434	74	477	97.790	362	7	1	3.37e-178	623	VFG051815(gb|WP_012076490.1) (tse2) type VI secretion system effector Tse2 [HSI-1 T6SS secreted effectors (VF1194) - Effector delivery system (VFC0086)] [Pseudomonas aeruginosa PA7]
AFNF01001675.1	310	340	340	VFG051817(gb|WP_003090565.1)	477	447	477	100.000	31	0	0	4.00e-08	58.4	VFG051817(gb|WP_003090565.1) (tse2) type VI secretion system effector Tse2 [HSI-1 T6SS secreted effectors (VF1194) - Effector delivery system (VFC0086)] [Pseudomonas aeruginosa UCBPP-PA14]
AFNF01001675.1	310	340	340	VFG051814(gb|WP_003119469.1)	477	447	477	100.000	31	0	0	4.00e-08	58.4	VFG051814(gb|WP_003119469.1) (tse2) type VI secretion system effector Tse2 [HSI-1 T6SS secreted effectors (VF1194) - Effector delivery system (VFC0086)] [Pseudomonas aeruginosa LESB58]
AFNF01001675.1	310	340	340	VFG041046(gb|NP_251392)	477	447	477	100.000	31	0	0	4.00e-08	58.4	VFG041046(gb|NP_251392) (tse2) type VI secretion system effector Tse2 [HSI-1 T6SS secreted effectors (VF1194) - Effector delivery system (VFC0086)] [Pseudomonas aeruginosa PAO1]
AFNF01001675.1	310	339	340	VFG051815(gb|WP_012076490.1)	477	448	477	100.000	30	0	0	1.44e-07	56.5	VFG051815(gb|WP_012076490.1) (tse2) type VI secretion system effector Tse2 [HSI-1 T6SS secreted effectors (VF1194) - Effector delivery system (VFC0086)] [Pseudomonas aeruginosa PA7]
AFNF01001695.1	1	318	318	VFG020020(gb|WP_003142374)	958	1275	1932	100.000	318	0	0	1.07e-167	588	VFG020020(gb|WP_003142374) (vgrG1a) type VI secretion system substrate VgrG1 [HSI-1 (VF0334) - Effector delivery system (VFC0086)] [Pseudomonas aeruginosa LESB58]
AFNF01001695.1	1	318	318	VFG002077(gb|NP_248781)	958	1275	1932	100.000	318	0	0	1.07e-167	588	VFG002077(gb|NP_248781) (vgrG1a) type VI secretion system substrate VgrG1 [HSI-1 (VF0334) - Effector delivery system (VFC0086)] [Pseudomonas aeruginosa PAO1]
AFNF01001695.1	1	318	318	VFG015501(gb|WP_011666527)	958	1275	1932	98.113	318	6	0	1.08e-157	555	VFG015501(gb|WP_011666527) (vgrG1a) type VI secretion system substrate VgrG1 [HSI-1 (VF0334) - Effector delivery system (VFC0086)] [Pseudomonas aeruginosa UCBPP-PA14]
AFNF01001695.1	1	318	318	VFG015500(gb|WP_079262221)	958	1275	1932	98.113	318	6	0	1.08e-157	555	VFG015500(gb|WP_079262221) (vgrG1a) type VI secretion system substrate VgrG1 [HSI-1 (VF0334) - Effector delivery system (VFC0086)] [Pseudomonas aeruginosa PA7]
AFNF01001695.1	1	318	318	VFG041011(gb|NP_248785)	967	1284	2226	91.824	318	26	0	2.45e-124	444	VFG041011(gb|NP_248785) (vgrG1b) type VI secretion system substrate VgrG1b [HSI-1 (VF0334) - Effector delivery system (VFC0086)] [Pseudomonas aeruginosa PAO1]
AFNF01001695.1	1	318	318	VFG051804(gb|WP_011979145.1)	967	1284	2226	88.994	318	35	0	2.50e-109	394	VFG051804(gb|WP_011979145.1) (vgrG1a) type VI secretion system substrate VgrG1 [HSI-1 (VF0334) - Effector delivery system (VFC0086)] [Pseudomonas aeruginosa PA7]
AFNF01001695.1	57	318	318	VFG051809(gb|WP_003244989.1)	1023	1284	2226	86.641	262	35	0	3.37e-78	291	VFG051809(gb|WP_003244989.1) (vgrG1a) type VI secretion system substrate VgrG1 [HSI-1 (VF0334) - Effector delivery system (VFC0086)] [Pseudomonas mendocina ymp]
AFNF01001695.1	14	318	318	VFG015502(gb|WP_011064262)	980	1284	1938	82.748	313	38	15	2.04e-70	265	VFG015502(gb|WP_011064262) (vgrG1a) type VI secretion system substrate VgrG1 [HSI-1 (VF0334) - Effector delivery system (VFC0086)] [Pseudomonas fluorescens Pf-5]
AFNF01001695.1	145	273	318	VFG051659(gb|WP_003139309.1)	1057	1185	2007	80.303	132	20	5	2.84e-19	95.3	VFG051659(gb|WP_003139309.1) (tssI) type VI secretion system tip protein VgrG [HSI-3 (VF0944) - Effector delivery system (VFC0086)] [Pseudomonas aeruginosa UCBPP-PA14]
AFNF01001695.1	145	273	318	VFG051656(gb|WP_012614145.1)	1057	1185	2007	80.303	132	20	5	2.84e-19	95.3	VFG051656(gb|WP_012614145.1) (tssI) type VI secretion system tip protein VgrG [HSI-3 (VF0944) - Effector delivery system (VFC0086)] [Pseudomonas aeruginosa LESB58]
AFNF01001702.1	1	309	309	VFG051522(gb|WP_003087596.1)	3	311	1476	100.000	309	0	0	1.04e-162	571	VFG051522(gb|WP_003087596.1) (tssC) type VI secretion system contractile sheath large subunit [HSI-2 (VF0943) - Effector delivery system (VFC0086)] [Pseudomonas aeruginosa UCBPP-PA14]
AFNF01001702.1	1	309	309	VFG051519(gb|WP_003087596.1)	3	311	1476	99.353	309	2	0	2.26e-159	560	VFG051519(gb|WP_003087596.1) (tssC) type VI secretion system contractile sheath large subunit [HSI-2 (VF0943) - Effector delivery system (VFC0086)] [Pseudomonas aeruginosa LESB58]
AFNF01001702.1	1	309	309	VFG041016(gb|NP_250349)	3	311	1476	99.353	309	2	0	2.26e-159	560	VFG041016(gb|NP_250349) (tssC) type VI secretion system contractile sheath large subunit [HSI-2 (VF0943) - Effector delivery system (VFC0086)] [Pseudomonas aeruginosa PAO1]
AFNF01001702.1	1	309	309	VFG051520(gb|WP_012076242.1)	3	311	1476	90.291	309	30	0	1.12e-112	405	VFG051520(gb|WP_012076242.1) (tssC) type VI secretion system contractile sheath large subunit [HSI-2 (VF0943) - Effector delivery system (VFC0086)] [Pseudomonas aeruginosa PA7]
AFNF01001702.1	33	306	309	VFG051523(gb|WP_011531906.1)	32	305	1473	90.182	275	25	2	3.18e-98	357	VFG051523(gb|WP_011531906.1) (tssC) type VI secretion system contractile sheath large subunit [HSI-2 (VF0943) - Effector delivery system (VFC0086)] [Pseudomonas entomophila L48]
AFNF01001702.1	35	309	309	VFG051524(gb|WP_011336600.1)	37	311	1476	87.319	276	33	2	1.94e-85	315	VFG051524(gb|WP_011336600.1) (tssC) type VI secretion system contractile sheath large subunit [HSI-2 (VF0943) - Effector delivery system (VFC0086)] [Pseudomonas fluorescens Pf0-1]
AFNF01001702.1	39	306	309	VFG051525(gb|WP_011105492.1)	44	311	1479	84.444	270	38	4	7.13e-70	263	VFG051525(gb|WP_011105492.1) (tssC) type VI secretion system contractile sheath large subunit [HSI-2 (VF0943) - Effector delivery system (VFC0086)] [Pseudomonas syringae pv. tomato str. DC3000]
AFNF01001740.1	1	256	256	VFG000204(gb|NP_250400)	269	14	888	100.000	256	0	0	2.46e-133	473	VFG000204(gb|NP_250400) (popD) type III secretion system hydrophobic translocator, pore protein PopD [TTSS (VF0083) - Effector delivery system (VFC0086)] [Pseudomonas aeruginosa PAO1]
AFNF01001740.1	1	256	256	VFG019962(gb|WP_003113550)	269	14	888	99.609	256	1	0	1.15e-131	468	VFG019962(gb|WP_003113550) (popD) type III secretion system hydrophobic translocator, pore protein PopD [TTSS (VF0083) - Effector delivery system (VFC0086)] [Pseudomonas aeruginosa LESB58]
AFNF01001740.1	1	256	256	VFG015132(gb|WP_003109504)	269	14	888	99.219	256	2	0	5.33e-130	462	VFG015132(gb|WP_003109504) (popD) type III secretion system hydrophobic translocator, pore protein PopD [TTSS (VF0083) - Effector delivery system (VFC0086)] [Pseudomonas aeruginosa UCBPP-PA14]
AFNF01001750.1	1	233	233	VFG020065(gb|WP_012614134)	284	52	1653	99.571	233	1	0	6.30e-119	425	VFG020065(gb|WP_012614134) (pvdE) pyoverdine biosynthesis protein PvdE [Pyoverdine (VF0094) - Nutritional/Metabolic factor (VFC0272)] [Pseudomonas aeruginosa LESB58]
AFNF01001757.1	1	227	227	VFG042699(gb|NP_252771)	1250	1024	3057	99.559	227	1	0	1.32e-115	414	VFG042699(gb|NP_252771) (cupB5) adhesive protein CupB5 [CupB fimbriae (VF0925) - Biofilm (VFC0271)] [Pseudomonas aeruginosa PAO1]
AFNF01001760.1	167	223	223	VFG020065(gb|WP_012614134)	1	57	1653	100.000	57	0	0	8.92e-23	106	VFG020065(gb|WP_012614134) (pvdE) pyoverdine biosynthesis protein PvdE [Pyoverdine (VF0094) - Nutritional/Metabolic factor (VFC0272)] [Pseudomonas aeruginosa LESB58]
AFNF01001762.1	23	222	222	VFG019961(gb|WP_004342870)	1173	974	1173	100.000	200	0	0	2.85e-102	370	VFG019961(gb|WP_004342870) (popB) type III secretion system hydrophobic translocator, pore protein PopB [TTSS (VF0083) - Effector delivery system (VFC0086)] [Pseudomonas aeruginosa LESB58]
AFNF01001762.1	23	222	222	VFG015130(gb|WP_003087710)	1173	974	1173	100.000	200	0	0	2.85e-102	370	VFG015130(gb|WP_003087710) (popB) type III secretion system hydrophobic translocator, pore protein PopB [TTSS (VF0083) - Effector delivery system (VFC0086)] [Pseudomonas aeruginosa UCBPP-PA14]
AFNF01001762.1	23	222	222	VFG000203(gb|NP_250399)	1173	974	1173	100.000	200	0	0	2.85e-102	370	VFG000203(gb|NP_250399) (popB) type III secretion system hydrophobic translocator, pore protein PopB [TTSS (VF0083) - Effector delivery system (VFC0086)] [Pseudomonas aeruginosa PAO1]
AFNF01001765.1	1	220	220	VFG041045(gb|NP_251063)	71	290	2007	99.091	220	2	0	4.66e-110	396	VFG041045(gb|NP_251063) (tssI) type VI secretion system tip protein VgrG [HSI-3 (VF0944) - Effector delivery system (VFC0086)] [Pseudomonas aeruginosa PAO1]
AFNF01001765.1	93	220	220	VFG051659(gb|WP_003139309.1)	163	290	2007	99.219	128	1	0	1.39e-60	231	VFG051659(gb|WP_003139309.1) (tssI) type VI secretion system tip protein VgrG [HSI-3 (VF0944) - Effector delivery system (VFC0086)] [Pseudomonas aeruginosa UCBPP-PA14]
AFNF01001765.1	93	220	220	VFG051656(gb|WP_012614145.1)	163	290	2007	99.219	128	1	0	1.39e-60	231	VFG051656(gb|WP_012614145.1) (tssI) type VI secretion system tip protein VgrG [HSI-3 (VF0944) - Effector delivery system (VFC0086)] [Pseudomonas aeruginosa LESB58]
AFNF01001770.1	1	209	209	VFG000177(gb|NP_251788)	447	655	714	99.522	209	1	0	1.23e-105	381	VFG000177(gb|NP_251788) (xcpW) general secretion pathway protein J [Xcp secretion system (VF0084) - Effector delivery system (VFC0086)] [Pseudomonas aeruginosa PAO1]
AFNF01001771.1	1	206	207	VFG042695(gb|NP_250820)	1016	811	2619	100.000	206	0	0	1.22e-105	381	VFG042695(gb|NP_250820) (cupA3) usher CupA3 [CupA fimbriae (VF0924) - Biofilm (VFC0271)] [Pseudomonas aeruginosa PAO1]
